1000
1000037
1000038
1000385
1000546
1000878
1000880
1000976
1000977
1001
1001077
1001649
1001651
1001654
1001655
1001688
1001689
1001692
1001706
1001707
1001708
1001709
1001710
1001711
1001713
1001714
1001716
1001717
1001718
1001719
1001720
1001721
1001722
1001723
1001725
1001726
1001727
1001728
1001734
1001739
1001755
1001758
1001760
1001770
1001969
1001971
1002
1002121
1002123
1002311
1002312
1002791
1003
100351
100352
100353
100354
1003546
1003549
100355
1003550
1003551
1003552
1003838
1003839
1004
100473
100479
100488
1005
1005264
1005604
1005632
1005665
1005853
100604
100605
1006711
1007
100729
1007511
1007553
100795
100796
1008
100806
100818
1008477
100881
100882
1008824
100883
100884
100885
100893
100896
1009
100904
100909
100911
100912
100913
100914
100915
100916
100918
100921
100922
100931
100933
100936
100939
100940
100952
1009578
1009580
1009646
1009647
1009745
100987
100988
101
1010
101000
101012
101013
101016
1010162
1010163
1010164
1010165
101017
101018
101020
101026
101045
1010522
1010532
101058
1011
101148
101149
101151
101154
1011979
1011984
1012
1012113
1012120
101241
101242
101243
101261
101266
101267
1013
1013108
1013110
1013111
1013112
101345
1013470
1013530
1013531
1013532
1013533
1013534
1013538
1013540
101395
1014
1014130
1014396
1014398
101448
101471
101475
101493
1015
101504
1015322
1015968
1015970
1016
1016050
1016051
101606
1016230
1016231
1016232
101687
1016919
1016920
1016922
1016923
1016924
1017
1017390
1017672
101773
101776
101780
1017859
101789
101797
1018234
1018235
1018237
1018238
1018240
1018242
1018253
1018254
1018618
1018628
1019
1019037
1019157
1019258
1019288
1019289
1019290
1019293
1019317
1019342
1019351
1019366
1019479
1019481
1019493
1019494
1019495
1019830
1019832
1019833
1019834
1019835
1019836
1019942
1019943
1019945
102
1020
1020007
102009
1020094
1020095
1020096
1020097
102010
102012
102013
102014
102019
102022
102025
102029
102036
1020845
1020846
1020847
1020850
102092
1021
1021434
1021435
1021443
1021489
1021490
1021501
1021523
1021538
1021539
1021540
1021541
1021542
1021543
1021544
1021545
1021546
1021547
1021548
1021549
1021550
1021551
1021552
1021553
1021554
1021555
1021556
1021557
102170
1022
1022279
1022342
1023
1023008
1023029
1023068
1023074
1023106
1023154
1023187
1023401
1023402
1023438
102355
102356
102358
102359
102360
102361
102362
102363
102364
102365
102366
102367
102368
102369
102370
102371
102372
102373
102374
102375
102390
1024
1024426
1024428
1024437
1024438
1024440
1024441
1024442
1024443
102462
102464
102466
102467
102470
102472
102474
1024755
102476
102477
102479
102482
102483
102485
102486
102487
102489
102490
102491
102493
102495
1025
1025241
1025242
1025259
102555
1025573
1025647
1025727
1025728
1025731
1025735
1025851
1025854
1025857
1025865
1025868
1025872
1025874
1025880
1025882
1025884
1025886
1025954
1026
1026830
1026831
1027
1027171
1027690
1028
102849
102850
102851
102852
102853
102854
102855
102856
102857
102858
102859
102860
102861
102862
102863
102864
102884
102885
102886
102887
102889
102890
1029
102924
102957
102959
1029972
103
1030
1030680
1030681
1030683
1030684
1031
1031337
1031338
1031340
1031341
1031342
1031343
1031344
1031346
1031348
1031349
1031350
1031352
1031354
1031355
1031356
1031358
1031359
1031361
1031370
1031608
1031609
1031610
1031611
1031612
1031613
1031614
1031615
1031616
1031617
1031618
1031621
1031624
1031625
1031626
1031627
1031628
1031629
1031630
1031631
1031632
1031633
1031634
1031635
1031636
1031637
1031638
1031639
1031640
1031641
1031642
1032
1032033
1032034
1032036
1032037
1032039
1032040
1032130
1032132
1032135
1032153
1032154
1032178
1032763
1032764
1032765
1032766
1032767
103278
1032788
103279
103282
103283
103284
103285
103286
103287
1033
1033001
1033005
1033006
1033050
1033052
1033053
1033054
1033057
1033059
1033061
1033062
1033064
1033065
1033067
1033068
1033069
1033070
1033072
1033073
1033074
1033076
1033077
1033078
1033079
1033082
1033083
1033084
1033085
1033086
1033088
1033089
1033090
1033093
1033094
1033096
1033097
1033098
1033100
1033102
1033104
1033105
1033106
1033107
1033108
1033231
1034
1034576
1035
1035133
1035522
1035525
1036
1036725
1036756
1036809
1036810
1036811
1036885
1037
1037019
1037208
1037565
1037835
1037837
1037838
1037839
1037840
1037841
1037842
1037843
1037844
1037845
1037846
1037847
1037848
103795
1038
1038147
1038148
1038223
1038224
1039
1039597
1039598
1039599
1039601
1039602
1039603
1039604
1039605
1039606
1039607
1039820
1039821
1039828
1039868
104
1040610
1041
1042
1042718
1042787
1042889
1042894
1043
1043249
1043250
1043251
1043253
1043255
1043256
1043257
1043259
1043260
1043263
1043264
1043265
1043270
1043271
1043274
1043277
1043278
1043283
104359
104360
104361
104362
104363
104386
104388
104395
104396
1044
1044066
1044287
1045
1045068
1046
104648
104650
104651
104653
1047
104749
104750
104775
104776
104868
104870
104872
104873
104874
104884
104885
104887
1049
104975
104978
104979
104982
104988
104997
104999
105
1050
105000
1050042
105013
105023
105026
105030
1051
105174
105175
105176
105177
105178
105181
105187
105188
1052
1053
1054
1055
1056
105611
105612
105613
105707
1058
105898
1059
105989
105990
105991
105992
105993
105994
105995
105996
105997
105998
105999
1060
106000
106001
106027
106028
106029
106052
106053
106054
106063
106071
106072
1061
106190
1062
1063
106363
106371
1064
106447
1065
106578
106580
106583
1066
106691
106694
106696
106730
106745
106746
106747
106748
106749
106755
106756
106757
106780
106781
1068
106805
106808
106809
106811
106812
106813
106814
106815
106816
106817
106818
106844
106849
106857
106858
106881
1069
1070
1071
1072
107201
107203
107205
107206
107208
107210
107212
107214
107216
107218
107220
107222
107224
107226
107228
107230
107232
107234
107236
107238
107240
107242
107256
107280
107283
107285
107287
107289
107291
107293
107296
107298
1073
107301
107303
107305
107307
107309
107311
107313
107314
107319
107320
107321
107322
107323
107324
107325
107326
107327
107328
107329
107330
107331
107332
107333
107334
107335
107336
107337
107338
107339
107340
107341
107342
107343
107344
107345
107346
107347
107348
107349
107350
107351
107352
107353
107354
107356
107358
107359
107360
107361
107362
107363
107364
107365
107366
107367
107368
107369
107370
1074
1076
107673
107674
107675
107676
107678
107679
107680
107681
107683
1077
1078
1079
1080
1081
1082
1083
108351
1084
1085
108510
108514
108517
108522
108524
108526
108531
108538
108542
108545
108546
108547
108567
108569
108571
108574
108576
108578
1086
1087
1088
108891
108893
108896
108898
1089
108905
108907
108909
108911
108913
108917
108918
108919
108921
108923
108925
108926
108928
108930
108932
108934
108936
108938
108940
108942
108944
108950
108952
108954
108955
108979
108981
108983
108985
108986
108988
108990
108993
108995
108997
1090
109001
109003
109005
109007
109009
109011
109013
109015
109017
109019
109021
109023
109025
109027
109029
109031
109034
109035
109037
109038
109040
109041
109042
109043
109044
1091
109103
109105
109106
109108
109113
109114
109116
109118
109120
109121
109122
109123
109132
109133
109177
109178
109179
109180
109188
109189
109190
109191
109192
109206
109210
109211
109212
109282
109283
109284
109285
109286
1093
109301
109303
109305
1094
10946180
1095
1096
1096alt
1097
1098
1099
1100
11000034
11000270
11000272
1100092
11001505
1100184
1100239
11006875
11008495
11009229
11009767
1100983
1101
1101024
1101033
11010795
11010799
1101131
1101151
1101422
1101431
1101439
1101480
1101511
1101549
1101573
1101590
1101637
1101786
1101812
1101813
1101892
1101894
1101899
1101921
1101953
1101999
1102
1102012
1102137
1102188
11021902
1102232
1102236
11023202
1102332
1102343
1102349
1102389
1102421
1102427
1102443
1102513
1102531
1102540
11025585
1102673
11026756
11026915
1102731
11027495
11027508
1102772
1102804
1102824
1102980
1103
1103052
1103079
1103127
1103165
1103240
1103311
1103356
1103369
1103388
1103407
11035411
1103549
11035510
1103572
11035740
1103600
1103710
1103726
1103728
1103742
1103767
1103824
1103833
1103842
1103878
1103884
1103887
1103912
1104
1104040
1104112
1104133
1104147
1104149
1104207
1104350
1104598
1104625
1104627
1104651
1104706
1104719
1104774
1104913
1104931
1104937
1104996
1105
1105064
1105098
1105105
1105117
1105157
1105244
1105266
1105308
1105335
1105345
1105354
1105362
1105366
1105379
1105397
1105413
1105424
1105433
1105437
1105458
1105592
1105594
1105602
1105607
1105634
1105664
1105722
1105784
1105814
1105822
1105977
1106
1106011
1106067
1106081
1106111
1106125
1106158
1106253
1106320
1106360
1106374
1106461
1106484
1106506
1106520
1106544
1106553
1106571
1106587
1106631
1106672
1106709
1106756
1106809
1106844
1106859
1106884
1107
1108
1109
1110
1111
1112
1113
1114
1115
1116
1117
1118
1119
1120
112031
1121
1122
1123
1124
1125
1126
112604
1127
1128
1129
1130
1131
1132
1133
1134
1135
113522
1136
1138
1139
1140
1141
1142
1143
1144
1145
114576
114579
114582
1146
1147
1148
114803
114804
114809
114819
114821
114836
1149
114946
114947
114948
114951
114952
1150
115000
115001
115039
1151
1151974
1152
115257
1153
1154
1156
1157
115711
115755
1158
1159
115940
115942
115943
115944
115945
115946
115988
1160
1161
116138
116140
116144
116145
116150
116152
116156
116164
116192
1161920
116194
1162
116204
116288
1163
116303
116309
116315
116331
116334
116347
116384
1164
116403
1165
1166
1167
1167322
1167323
1167324
1167325
1167326
1167327
1167328
1167329
1167360
1167402
1167675
1167721
1167827
1167963
1167965
1168
1168078
1169
1170
117033
1171
117183
117199
1173
117327
1174
1175
1176
117669
1177
117754
1178
117830
1179
1181
1183
1184
1185
1186
1187
1188
1189
1190
1191
1192
1193
1194
1195
1196
1197
119741
1198
1199
1200
12000468
12000469
12000470
12000471
1200094
1200101
12001163
12001268
12001269
12001270
12001271
12001272
12001841
1200249
1200440
12004622
12004623
12004624
12004626
12004627
12004628
12004629
12004630
12004632
12004633
12004634
12004635
12004636
12004637
12004638
12004639
12004640
12004641
12004651
12004712
1200476
12005102
12005103
12005104
12005105
12005106
12005107
12005108
12005109
12005231
12005251
12005252
12005614
12005667
12005676
12005677
12005678
12005679
12005868
12005880
12005881
12005882
12005883
1200599
1200609
1200616
120063
12006375
120064
120065
1200656
12006572
12006592
120066
12006721
12006854
1200689
12007032
12007033
12007035
12007036
12007037
12007092
12007203
12007204
12007205
12007534
12007624
12007760
12008339
12008341
12008342
12008343
12008344
12008345
12008346
12008557
12008848
1200885
12009061
12009419
12009714
12009820
1201001
1201011
12010113
12010927
12011356
12011357
12011482
12011523
12011524
12011525
12011585
12011586
12011625
12011626
12011627
12011628
12011629
12011845
12011869
12011870
12011880
12011884
12011885
12011886
12011887
12011890
12011891
12012002
12012003
12012004
12012005
12012006
12012007
12012009
12012364
12012365
12012366
12012510
12012616
12012617
12012618
12012639
12012653
12012764
12012766
12012767
12012768
12012769
12012770
12012771
12012772
12012773
12012774
12012775
12012776
12012783
12012784
12012785
12012786
12012787
12012788
12014065
12014066
12014067
12014318
12014368
12014642
12014796
12014851
12015135
12015153
12015355
12015392
12015559
12015749
12015752
12015859
12015860
12015861
12015862
12015950
12015951
12015975
12015976
12015977
12015978
12015981
12015982
12016099
12016100
12016101
12016105
12016107
12016108
12016125
12016127
12016128
12016130
12016132
12016133
12016134
12016135
12016136
12019347
12019348
12019349
12019350
12019351
12019352
12019353
12019354
12019355
12019356
12019357
12019358
12019499
12019504
12019506
12019507
12019907
12019924
12019925
12019926
12019927
12019929
12019930
12020021
12020022
12021580
12021581
12021583
12021584
12021626
12021627
12021630
12021631
12021633
12021634
12021635
12021636
12025691
12025693
12025694
12026355
12026356
12026357
12026358
12026359
12026360
12026362
12026363
12026364
120271
120286
120288
12028870
12028912
12028914
12028915
12028916
12028918
12028922
12029488
12031123
12031124
12031141
12031142
12031143
12031144
12031145
12031146
12031147
12031148
12031149
12031152
12031153
12031155
12031156
12031157
12031158
12031159
12031160
12031161
12033106
12033282
12034498
12034499
12034501
12034502
12034505
12034512
12034599
12036054
12036057
12036058
12036059
12036061
12036062
12036898
12037032
12037033
12037494
12037556
12037655
12037919
12037923
12037945
120386
12038685
12038805
12038806
1204
12040882
12040883
12040884
12040885
12040886
12040887
12040888
12040889
12040890
12040891
12040892
12040893
12040894
12040895
12040896
12040897
12040898
12040899
12040900
12040901
12040902
12040903
12041492
12041506
12041513
12041520
12041532
12041533
12041537
12041545
120533
120546
120559
12057969
12059622
1206
12061999
12062016
12062020
12062025
12062028
12062031
12064528
12064533
12064536
12064540
12064543
12064546
12064551
12064558
12064561
12064566
12064569
12064572
12064575
12064580
12064583
12064586
12064591
12065912
12065914
12065958
12065961
12065964
1207
12074360
12075826
12075830
12075835
12076339
12076506
12076507
12076508
12076509
12076510
12076511
12076512
12076513
12076514
12076588
12076590
12076710
12076738
12076739
120779
12078139
12078181
12078182
120782
12078226
12078227
12078264
120783
12078313
12078363
12078385
12078386
12078387
12078388
12078389
12078390
12078391
12078407
12078410
12078496
12078509
12078795
12078796
12078799
12078800
12078801
12078872
12078942
12078985
12079046
12079047
12079048
12079049
12079050
12079051
12079052
12079053
12079054
12079055
12079056
12079057
12079058
12079059
12079060
12079061
12079062
12079064
12079065
12079066
12079067
12079068
12079070
12079071
12079072
12079073
12079074
12079075
12079076
12079077
12079078
12079214
12079215
12079216
12079217
12079218
12079219
12079256
12079257
12079258
12079259
12079260
12079261
12079262
12079263
12079264
12079310
12079378
1208
12080799
12080801
12081263
12081424
12081425
12081426
12081779
12082027
12082541
12082649
12082734
12083293
12083321
12083325
12083327
12083328
12083536
12084259
12084261
12084275
12084276
12084277
12084360
12084361
12084362
12084363
12084364
12084365
12084366
12084367
12084368
12084369
12085352
12087362
12090062
12091470
12091475
12091617
12091759
12091761
12091763
120921
120924
12092812
12092883
12092884
12092955
12092956
12092974
12092975
120929975
12093086
12093100
12093140
12093144
12093149
12093150
12093237
12093367
120936
12093788
12093802
12093880
120939
120942
12094323
12094324
12094325
12094326
12094329
12094330
12094331
12094332
12094365
120946
12094652
120955
120966
120974
120979
120991
120994
120998
1210
121002
1211
121106
121135
121170
121171
121172
121173
121174
121175
121179
121181
121182
121183
121184
121185
121186
121187
121188
121189
121190
121191
121192
121196
121197
121198
1212
121200
121201
121202
121203
121204
121205
121206
121207
121208
121209
121212
121214
121215
121216
121218
121219
121220
121262
121265
121267
1213
1215
1216
1218
1219
1220
1221
1222
1223
1224
1225
1226
1226979
1227
1228
1228135
1228138
1228140
1229
1229524
122985
122986
122988
122990
122992
122993
122994
122995
122997
122999
1230
123001
123004
123005
123007
123009
1231
1232
1233
1235
1236
1237
1238
1239
1240
1241
1242
1243
1244
1245
1246
1247
1248
1249
1250
1251
1252
1253
1254
1255
1257
1258
1259
1260
1261
1262
126302
1264
126415
126416
126417
126419
126421
126422
126423
126424
126426
126427
1265
1266
1267
1268
1272
1273
127397
1274
1275
1276
1277
127742
127787
1278
1279
127969
127999
1280
128000
128051
1281
128172
1282
128271
128273
12828
128290
1283
1284
128495
1285
128553
128554
128650
128652
128654
128656
1287
1288
1289
1290
1291
129129
129132
129135
129138
129140
129143
129146
129149
129152
129153
129156
129159
129162
129165
129166
129167
129168
129169
129170
129171
129172
129173
129174
129175
129176
129177
129178
129179
129180
129181
129182
129183
129184
129185
129186
129187
129188
129189
129190
129191
129192
129193
129194
129195
129196
129197
129198
129199
1292
129200
129201
129202
129203
129204
129205
129206
129208
129209
129210
129211
129212
1293
129380
129384
129389
129390
129391
129392
129393
129394
129395
129396
129397
129398
129399
1294
129400
129401
129402
129403
129404
129405
129406
129407
129408
129409
129410
129411
129412
129413
129414
129415
129416
129417
129418
129419
129420
129421
129422
129423
129424
129425
129426
129427
129428
129429
129430
129431
129432
129433
129434
129435
129483
1295
129504
129563
129564
129565
129567
129568
129569
129570
129571
129572
129573
129575
129577
129580
129583
129584
129585
1296
129653
129656
129657
129658
129659
129660
129661
129662
129663
129664
129665
129666
129667
129668
129682
129683
129685
129686
129687
129688
129689
129690
129691
129692
129693
129694
129695
129696
129697
129698
129699
1297
129700
129701
129702
129703
129704
129705
129706
129707
129708
129709
129735
129738
129739
129740
129741
1298
129824
129825
129826
129827
129828
129829
129830
129831
129832
129833
129834
129835
129836
129837
129838
129839
129840
129841
129842
129843
129844
129845
129846
129847
129848
129849
129850
129851
129852
129853
129854
129855
129856
129857
129858
129859
129860
129861
129862
129863
129864
129865
129866
129867
129868
129869
129870
129871
129872
129873
129874
129875
129876
129877
129878
129879
129880
129881
129882
129883
129884
129885
129886
129887
129888
129889
129890
129891
129892
129893
129894
129895
129896
1299
1300
1300027
1300034
1300036
1300042
1300059
1300061
1300062
1300063
1300065
1300066
1300086
1300097
1300111
1300113
1300116
1300119
1300123
1300125
1300127
1300130
1300132
1300134
1300143
1300145
1300147
1300149
1300151
1300152
1300153
1300155
1300156
1300158
1300160
1300161
1300162
1300163
1300165
1300167
1300195
1300197
1300199
1300201
1300203
1300205
1300241
1300243
1300245
1300266
1300268
1300269
1300271
1300301
1300303
1300305
1300307
1300309
130031
130032
1300342
1300343
1300345
1300347
1300349
130035
1300351
130036
130037
1300376
1300378
130038
130041
130042
130043
130044
130045
130046
130047
130048
1300489
130049
1300490
1300491
130050
1300502
1300504
1300505
130051
1300512
1300514
1300516
1300518
130052
1300520
1300522
1300524
1300526
1300528
130053
1300530
130054
130055
1300559
130056
1300561
1300563
1300565
1300567
130057
130058
130059
1300595
1300599
130060
130061
1300611
1300612
1300613
1300614
1300615
1300616
1300617
1300618
1300619
130062
1300620
130063
130064
1300640
1300641
130065
130066
1300665
1300669
130067
1300671
1300723
1300725
1300727
1300729
1300731
1300733
1300734
1300736
1300738
1300740
1300742
1300743
1300764
1300766
1300768
1300770
1300786
1300787
1300807
1300808
1300810
1300812
1300816
1300818
1300819
1300821
1300822
1300824
1300826
1300828
1300877
1300879
1300881
1300885
1300887
1300891
1300893
1300916
1300918
1300920
1300922
1300954
1300956
1300958
1300960
1300962
1300964
1300975
1300977
1300979
1300981
1300983
1300985
1300987
1300989
1300991
1301
13010252
1301102
1301104
1301106
1301108
1301121
1301123
1301125
1301127
1301129
1301131
1301133
1301135
1301137
1301139
1301141
1301142
1301169
1301171
1301173
1301175
1301197
1301252
1301254
1301256
1301257
130127
1301293
1301295
1301338
1301340
1301342
1301344
1301345
1301368
1301372
1301374
1301377
1301379
1301381
1301383
130153
1301557
1301558
1301559
1301560
1301561
1301562
130158
130159
130160
130161
130162
130163
130164
130165
130166
130167
130168
130169
130170
130171
130172
130173
13017338
130174
130175
130176
130177
130193
130194
130196
130199
1302
130202
130204
130209
130211
130212
1302171
130218
130219
130220
130229
1302339
130239
130241
130260
130261
130262
130263
130266
130270
130274
130276
130277
130284
130286
130287
130288
130289
130290
130292
130293
130296
130297
130298
130299
1303
130300
130304
130337
130338
130339
130340
130341
130342
130343
130344
130345
130346
130347
130348
130349
130350
130351
130352
130353
130354
130355
130356
130357
130358
130359
130360
130361
130362
130363
130364
130365
130366
130367
130368
130369
130370
130371
130372
130373
130374
130375
130376
130377
130378
130379
130380
130381
130382
130388
1304
130488
130489
130490
130491
130495
130496
130497
130498
130499
1305
130500
130501
130502
130503
130504
130505
130506
130507
130508
130509
130510
130511
130512
130513
130514
130515
130516
130517
130518
130519
130520
130521
130522
130523
130524
130525
130526
130527
130528
130529
130530
130531
130532
130534
130535
130536
130537
130538
130539
130540
130541
130542
130543
130544
130545
130546
130547
130548
130549
130550
130551
130552
130553
130554
130555
130556
130557
130558
130559
130560
130561
130562
130563
130591
130592
130593
130594
130595
1306
130637
1307
130762
130763
130764
130765
130766
130767
130768
130769
130770
130771
130772
130773
130774
130775
130776
130777
130778
130779
130780
130781
130782
130783
130784
130785
130786
130787
130788
130789
130790
130791
130792
130793
130794
130795
130796
130797
130798
130799
1308
130800
130801
130802
130803
130804
130805
130808
130809
130810
130811
130812
130814
130815
130816
130817
130820
130821
130822
130823
130824
130825
130826
130827
130828
130832
130834
130835
130836
130837
130838
130839
130840
130844
130845
130846
130847
130848
130849
130850
130851
130852
130853
130854
130855
130856
130857
130859
130861
130862
130863
130864
130865
130866
130868
130869
130870
130871
130872
130873
130874
130875
130877
130879
130881
130882
1309
130920
130939
130941
130943
1310
13100000
13100001
13100021
13100022
13100024
13100025
13100026
13100027
13100041
13100051
13100053
13100077
13100080
13100089
13100094
13100095
13100098
13100100
13100101
13100104
13100105
13100106
13100107
13100108
13100109
13100110
13100111
13100113
13100114
13100115
13100186
13100187
13100188
13100189
13100190
13100191
13100192
13100193
13100194
13100196
13100197
13100333
13100335
13100447
13100469
13100473
13100474
13100475
13100477
13100478
13100479
13100516
13100518
13100520
13100521
13100573
13100614
13100667
13100683
13100686
13100687
13100697
13100698
13100699
13100722
13100878
13100909
13100984
13100985
13100986
13100987
13100988
13101088
13101178
13101237
13101238
13101239
13101240
13101241
13101243
13101245
13101246
13101247
13101248
13101249
13101251
13101252
13101259
13101260
13101261
13101263
13101265
13101266
13101272
13101273
13101275
13101276
13101277
13101278
13101279
13101280
13101281
13101282
13101283
13101284
13101285
13101286
13101288
13101289
13101290
13101317
13101318
13101320
13101351
13101499
13101503
13101613
13101852
13101889
13101990
13101994
13101999
13102000
13102042
13102043
13102044
13102045
13102097
13102199
13102211
13102247
13102248
13102250
13102253
13102259
13102260
13102352
13102444
13102896
13102954
13103046
13103050
13103052
13103054
13103055
13103058
13103059
13103060
13103061
13103062
13103065
13103078
13103512
13103517
13103518
13103519
13103582
13103742
13103745
13103746
13103748
13103749
13104053
13104062
13104138
13104139
13104140
13104205
13104247
13104248
13104249
13104397
13104398
13104399
13104401
13104422
13104455
13104456
13104518
13104543
13104762
13104763
13104765
13104767
13104768
13104769
13104771
13104772
13104773
13104823
13104854
13105031
13105132
13105133
13105134
13105135
13105139
13105142
13105143
13105226
13105227
13105238
13105239
13105277
13105283
13105438
13105444
13105538
13105617
13105658
13105699
13105882
13105923
13105929
13105938
13106078
13106189
13106310
13106353
13106360
13106361
13106397
13106460
13106461
13106462
13106465
13106466
13106467
13106468
13106470
13106471
13106475
13106478
13106479
13106483
13106485
13106486
13106488
13106490
13106492
13106495
13106496
13106497
13106498
13106500
13106502
13106503
13106508
13106673
13106674
13106687
13106689
13106691
13106692
13106693
13106695
13106698
13106699
13106700
13106706
13106713
13106725
13106731
13106744
13106875
13106876
13107099
13107100
13107101
13107102
13107103
13107126
13107329
13107401
13107409
13107466
13107524
13108026
13108080
13108082
13108084
13108085
13108126
13108130
13108198
13108243
13109660
13109662
13109663
13109664
13109705
13109755
13109849
13109994
13109995
1311
13110088
13110144
13110225
13110226
13110397
13110398
13110400
13110404
131108
13110850
13110851
13111008
13111036
13111057
131111
13111122
13111125
13111237
13111281
13111284
13111421
13111481
13111492
13111497
131120
131125
13112598
13112625
13112670
131127
13112748
13112751
13112823
13112824
13112869
13112897
13112898
13112899
131129
13112900
13113009
13113035
13113121
13113142
13113160
13113210
131135
13113579
131137
13113759
131140
131142
131147
13114765
13114767
13114815
13114983
13114984
13114989
13115013
13115060
13115062
13115063
13115089
13115090
13115101
131152
13115345
131154
131155
13115562
13115569
13115770
13115771
13115772
13115773
13115774
13115775
13115776
13115777
131158
131159
13115909
131162
131166
13116748
13116778
1311684
131169
13116923
13116966
13116981
13116986
13117092
13117238
13117239
13117241
13117242
13117243
13117246
13117249
13117250
13117252
13117258
13117259
13117264
13117332
13117333
13117335
13117343
13117367
13117396
13117534
13117535
13117536
13117595
13117599
13117619
13117620
13117621
13117623
13117662
13117682
13117684
13117685
13117686
13117687
13117689
13117691
13117693
13117694
13117711
13117712
13117713
13117715
13117716
13117717
13117788
131178
13117834
13117837
13117913
13118064
13118143
13118154
13118155
13118156
13118159
13118161
13118165
13118167
13118169
13118171
13118174
131183
131190
131195
131197
131199
1312
131200
131205
131209
131210
131212
131217
131219
131222
131225
131229
131240
131246
131250
131252
131255
131256
131258
131261
131264
131266
131267
131270
13127932
13127933
13127935
131280
13128381
13128383
13128384
13128457
13128471
13128477
13128478
13128479
13128480
13128481
13128482
13128483
13128484
13128486
13128777
13128778
13128779
13128780
1312879
13128798
131289
13128949
13129049
13129066
13129092
13129481
13129491
13129492
13129493
13129496
13129497
13129513
13129514
13129515
13129516
13129517
13129518
13129519
13129520
13129650
13129738
13129761
13129762
13129767
13129820
13129908
13129910
13129911
13129912
13129915
1313
13130182
13130400
13130466
13131027
13131438
13131439
13131460
13131463
13131629
13131732
13132453
13132539
13132937
13132962
13132968
13133267
13133268
13133269
13133303
13133355
13133376
13133683
13133703
13133728
13134033
13134263
13134308
13134381
13134414
13134526
13135015
13135379
13135383
13135384
13135386
13135389
13135391
13135403
13135407
13136460
13136599
13136605
13136607
13136609
13137121
13137343
13137345
13138910
13139101
13139370
1314
13145144
13145191
13145296
13145304
13145305
13145370
13145376
13145423
13145850
13146201
13146391
13146393
13146505
13146574
13146622
13146702
13146703
13146730
13146741
13146742
13146743
13146752
13146753
13146759
13146766
13146767
13146768
13146804
13146805
13146808
13146856
13146859
13147130
13147132
131472
13147249
13147665
13147756
13147980
13148132
13148136
13148209
13148480
13148482
13148483
13148484
13148485
13148487
13148488
13148489
1315
13150942
13153509
13153514
13153571
13153573
13153575
13153576
13153579
13153580
13153581
13153582
13153586
13153587
13153588
13153590
13153591
13153592
13153593
13153594
13153596
13153599
13153600
13153602
13153603
13153604
13153606
13153607
13153608
13153609
13153610
13153611
13153612
13153613
13153618
13153620
13153621
13153622
13153623
13153624
13153626
13153627
13153628
13153630
13153631
13153632
13153633
13153635
13153636
13153637
13153638
13153641
13153642
13153669
13153670
13156590
13156593
13156595
13156596
13157081
13157082
13157157
13157160
13157161
13157210
13157211
13157213
13157252
13157254
13158191
13158192
13158193
13158197
13158198
13158201
13158232
13158238
13158240
13158241
13158242
13158244
13158247
13158248
13158249
13158292
13158368
13158460
13158465
13158474
13158494
13158495
13158496
13158510
13158511
13158512
13158513
13158514
13158516
13158517
13158520
13158521
13158523
13158524
13158560
13158561
13158562
13158563
13158620
13158638
13158679
13158680
13158685
13158696
13159085
13159094
13159098
13159100
13159529
13159536
13159552
13159556
13159557
13159558
13159559
13159560
13159562
13159563
13159564
13159565
13159566
13159567
1316
13160633
13160634
13160635
13160636
13160637
13160675
13160697
13160775
13160776
13161724
13161726
13161728
13161771
13161772
13161889
13161916
13161939
13161940
13162028
13162029
13162030
13162031
13162036
13162040
13162042
13162304
13162355
13162376
13162571
13162587
13162589
13162590
13162592
13162689
13162757
13165025
13165027
13165028
13165030
13165068
13165069
13165070
13165071
13165072
13165073
13165074
13165075
13165076
13165077
13165078
13165079
13165080
13165082
13165084
13165085
13165086
13165088
13165089
13165090
13165091
13165097
13165098
13165099
13165101
13165102
13165764
13165765
13167184
13167186
13167210
13167211
13167212
13167213
13167214
13167215
13167216
13167403
13167410
13167411
13167412
13167639
13167650
13167651
13167700
13167815
13169769
13169770
13169817
1317
13170097
13170335
13170336
13170337
13170338
13170340
13170341
13170342
13170343
13170344
13170345
13170398
13170443
13170526
13170546
13170549
13170552
13170554
13171574
13171598
13171599
13171600
13171601
13171602
13171603
13171604
13171605
13171606
13171607
13171608
13171609
13171610
13171611
13171612
13171634
13171640
13171642
13171643
13172350
13172351
13172353
13172356
13172357
13173044
13173118
13173120
13173126
13173127
13173128
13173333
13173364
13173365
13173913
13173914
13173925
13173935
13173957
13174363
13174384
13174385
13174981
13175038
13175039
13175043
13175347
13175358
13175360
13175985
13175986
13175987
13175988
13175989
13175995
13175996
13175997
13175998
13176175
13176180
13176183
13176185
13176186
13176187
13176189
13176218
13176222
13176223
13176225
13176229
13176230
13176232
13176302
13176386
13176504
13176511
13176557
13176558
13176576
13176631
13176632
13176662
13176663
13176664
13176665
13176706
13177528
13177709
13177715
13177717
13177718
13177719
13177720
13177721
13177722
13177758
13177759
13177761
13177762
13177763
13177764
13177798
13177831
13177832
13177833
13177848
13177849
1318
13182317
13182323
13182331
13182942
13182943
13182957
13182990
13183429
13183430
13183431
13183503
13183572
13183903
13183941
13183942
13183943
13183944
13184437
13184481
13184482
13184483
13184484
13184485
13184486
13184487
13184503
13184504
13184505
13184506
13184507
13184509
13184510
13184511
13184512
13184513
13184514
13184515
13184516
13184517
13184518
13184519
13184520
13184521
13184522
13184523
13184524
13184526
13184527
13184530
13184531
13184532
13184533
13184534
13184535
13185353
13185415
13185587
13185634
13186034
13186054
13186088
13186139
13186802
13186804
13186806
13186807
13186809
13186810
13186811
13186812
13186813
13186819
13186820
13186821
13186822
13186823
13186824
13186825
13186829
13186830
13186831
13186832
13186833
13186834
13186835
13186836
13186837
13186838
13186839
13186840
13186841
13186842
13186843
13186845
13186846
13186847
13186848
13186849
13186850
13186851
13186852
13186855
13186857
13186858
13186859
13186863
13186864
13186865
13186867
13186868
13186869
13186870
13186871
13186873
13186874
13186876
13186877
13186878
13186879
13186880
13186882
13186885
13186886
13186991
13186992
13187004
13187028
13187034
13187232
13187238
13187320
13187321
13187322
13187323
13187324
13187325
13187326
13187327
13187352
13187451
13188888
13188906
13188999
13189000
1319
13190073
13190081
13190082
13190083
13190103
13190104
13190105
13190106
13190107
13190108
13190109
13190110
13190111
13190112
13190113
13190114
13190115
13190117
13190118
13190119
13190120
13190132
13190133
13190134
13190135
13190137
13190138
13190226
13190698
13190701
13190702
13190703
13190704
13190705
13190707
13190708
13190709
13190710
13190712
13190714
13190716
13190717
13190719
13190720
13190722
13190723
13190736
13190751
13190755
13190758
13190761
13190847
13191060
13191064
13191326
13191370
13191423
13191466
13191467
13191497
13191501
13191564
13191566
13191567
13191568
13191572
13191650
13191652
13191653
13191923
13192062
13192063
13192064
13192067
13192071
13192175
13192177
13192178
13192189
13192190
13192939
13192940
13192942
13192943
13192944
13192945
13192946
13192949
13192953
13193814
13193815
13193816
13193838
13193839
13193868
13193874
13194024
13194025
13194026
13194027
13194029
13194033
13194035
13194036
13194037
13194038
13194039
13194042
13194043
13194240
13194266
13194291
13194682
13194687
13194725
13194727
13194728
13194740
13194760
13194766
13194800
13194826
13194827
13194828
13194831
13194833
13194834
13194836
13194837
13194838
13194841
13194842
13194843
13194844
13194845
13194847
13194848
13194852
13194854
13194856
13194860
1319498
13195108
13195115
13196187
13196529
13196996
13197359
13197362
13197368
13197369
13197371
13197373
13197374
13197376
13197382
13197383
13197384
13197399
13197400
13197401
13197437
13197583
13197952
13198424
13198549
13198551
13198650
13198683
13198685
13198791
13198796
13198804
13198806
13198807
13198808
13198810
13198812
13198814
13198815
13198819
13198821
13198825
13198827
13198831
13198835
13198838
13198839
13198840
13199900
13199901
13199902
13199903
13199904
13199905
13199906
13199907
13199908
13199909
13199911
13199912
13199914
13199915
13199916
13199917
13199918
13199919
13199920
13199921
13199922
13199923
13199924
13199925
13199932
13199934
13199935
13199936
13199937
13199938
13199939
13199940
13199941
13199942
13199943
13199944
1320
13200582
13200593
13200594
13200595
13200596
13200597
13200598
13200599
13200600
13200601
13200602
13200603
13200605
13200606
13200638
13200684
13200685
13200686
13200687
13200689
13200694
13200775
13200777
13200789
13200807
13201032
13201193
13201697
13201698
13201699
13201700
13201701
13201702
13201704
13201855
13201941
13201942
13201943
13201944
13201945
13202818
13202819
13202820
13202906
13202932
13203185
13203186
13203187
13203190
13203195
13203196
13203298
13203322
13203663
13203956
13204
13204264
13204265
13204399
13204400
13204401
13204518
13204643
13204702
13204703
13204704
13204705
13204706
13204707
13204708
13204709
13204718
13204720
13204721
13204722
13204725
13204726
13204727
13204730
13204855
13204865
13205544
13205546
13205550
13205555
13205556
13205561
13205567
13205571
13205572
13205576
13205577
13205578
13205579
13205580
13205581
13205582
13205583
13205584
13205585
13205586
13205587
13205588
13205590
13205591
13205592
13205593
13205596
13205597
13205600
13205604
13205605
13205608
13205609
13205610
13205611
13205612
13205613
13205614
13205615
13205616
13205617
13205619
13205620
13205621
13205622
13205623
13205624
13205625
13205626
13205629
13205630
13205631
13205632
13205633
13205634
13205635
13205636
13205637
13205638
13205641
13205642
13205643
13205644
13205645
13205646
13205647
13205648
13205649
13205659
13205660
13205661
13205787
13205789
13205790
13205793
13205794
13205795
13205796
13205797
13205807
13205808
13205809
13205866
13205978
13205979
13205980
13205981
13205982
13205983
13205984
13205985
13205986
13205987
13205988
13205989
13206033
13206034
13206181
13206619
13206992
13206995
13206998
13207248
13207592
13208139
13208824
13208880
13208920
13209079
13209414
13209449
13209762
13209862
13209863
13210723
13210724
13210726
13210727
13210728
13210729
13210811
13210812
13210813
13210814
13210815
13210816
13210817
13210818
13210819
13210820
13210821
13210822
13210823
13210824
13210825
13210826
13210827
13210894
13210922
13211068
13211209
13211210
13211211
13211213
13211214
13211465
13211466
13211467
13211784
13211841
13211987
13211988
13211989
13211994
13212020
13212182
13212273
13212480
13212481
13212562
13212564
13212624
13212847
13213121
13213122
13213702
13213840
13214145
13214222
13214384
13214394
13214395
13214560
13214561
13214851
13214926
13214927
13214974
13215452
13215483
13215484
13215507
13215511
13215512
13215517
13215529
13215530
13215531
13215532
13215533
13215534
13215536
13215537
13215538
13215539
13215540
13215541
13215542
13215543
13215588
13216404
13216961
13217382
13217540
13217542
13217543
13217544
13217545
13217547
13217708
13217709
13217710
13217721
13217725
13217731
13217734
13217735
13217736
13217737
13217742
13217744
13217760
13217770
13217771
13217772
13217773
13217774
13217775
13217779
13217780
13217781
13217782
13217783
13217784
13217808
13217810
13217812
13217813
13217816
13217817
13217818
13217820
13217829
13217830
13217831
13217832
13217833
13217841
13217842
13217843
13217846
13217847
13217848
13217849
13217899
13217900
13217901
13217903
13219236
13219626
13219657
13219660
13219710
13219836
13219844
13219845
13219939
1322
13220172
13220177
13220511
13220514
13220516
13220517
13220536
13220537
13220724
13220725
13220886
13220898
13220999
13221124
13221302
13221304
13221308
13221309
13221322
13221324
13221353
13221368
13221369
13221370
13221376
13221698
13221934
13222234
13223146
13224534
13224537
13224550
13224551
13224552
13224553
13224554
13224555
13224556
13224557
13224858
13224865
13225237
13225839
13225840
13225890
13225893
13225924
13225926
13226318
13226873
13226874
13226884
13227215
13227343
13227344
13227345
13227390
13227391
13227393
13227494
13227495
13227757
13227776
13227812
13227883
13227884
13227885
13228059
13228120
13228124
13228197
13228198
13228585
13228586
13228843
13228845
13228930
13228950
13229069
13229072
13229239
13229246
13229278
13229543
13229586
13229939
13229942
1323
13230219
13230347
13230400
13230401
13230978
13231009
13231055
13231237
13231313
13231315
13231316
13231317
13231318
13231387
13231388
13231389
13231698
13231704
13231835
13231939
13231992
13232159
13232582
13233741
1324
1325
1326
1327
1328
1330
1331
133178
133179
1332
133235
1333
1334
133463
1335
1336
133669
133670
133671
133672
133673
133674
133675
133676
133677
133678
133679
133680
133681
1337
133765
1338
1339
1340
1341
1343
1344
134636
134637
1347
134732
1348
134886
134887
134888
134889
134890
134891
134892
134893
134894
134896
134898
1349
134900
134901
134903
134904
134906
134908
134910
134913
134916
134919
134920
134923
1350
1351
135139
135214
135215
135216
135217
135245
135246
135247
135248
135249
135250
135251
135252
135253
135254
135255
135256
135257
135258
135292
135297
1353
135301
135303
135304
135305
135306
135308
135311
135312
135313
135315
135316
135317
135318
135325
135326
135327
135328
135329
135331
135332
135333
135336
135337
135338
135339
135340
135342
135345
135346
135347
135348
135349
135351
135353
135356
135359
135362
135365
135368
135371
135372
135377
135382
135388
135389
135390
135391
135392
135393
135394
135395
135396
135397
135399
135400
135401
135402
135403
135404
135405
135406
135407
135408
135409
135410
135411
135413
135423
135424
135425
135426
135427
135428
135430
135432
135433
135434
135435
135436
135439
135442
135443
135448
135449
135450
135452
135453
135454
135455
135467
135468
135469
135470
135471
135472
135473
135474
1354742
135475
135476
135477
135478
135479
135480
135481
135482
135485
135488
135491
135494
135497
1355
135500
135503
135506
135509
135512
135515
135518
135521
135523
135526
135527
135528
135531
135534
135535
135540
1355424
1355464
1355517
1355531
1355652
1355956
1355977
1356
1356785
1357
1357074
1357242
1357447
1357448
1357450
1357456
1357461
1357462
1357467
1357477
1357502
1357512
1358
135853
1359
135943
135944
135945
135946
1360
136007
136008
136009
136010
136011
136012
136013
136014
136015
136016
136017
136018
136019
136020
136021
136022
136023
136024
1361
136150
136151
136152
136153
136154
136155
136156
136157
136158
136159
136160
136161
136174
136175
136176
136177
136178
136179
136180
136181
136182
136183
136184
136185
136186
136187
136188
136189
136190
136196
136197
136198
136199
136200
136201
136202
136203
136204
136205
136206
136207
136208
136209
136210
136211
136212
136227
136228
136229
136230
136231
136232
136233
136234
136235
136236
136237
136238
136239
136240
136241
136242
136243
136244
136245
136246
136247
136248
136249
136250
136251
136252
136253
136254
136255
136256
136257
136258
136259
136260
136261
136262
136263
136264
136265
136266
136267
136268
136269
136270
136271
136272
136273
136274
136276
136277
136278
136279
136280
136281
136282
136283
136284
136285
136286
136287
136288
136289
136290
136291
136292
136293
136294
136295
136296
136297
136298
136299
1363
136300
136301
136302
136303
136304
136305
136306
1364
136416
136417
136418
136420
136421
136422
136423
136426
136427
136429
136430
136431
136432
136433
136434
136435
136436
136437
136459
136460
136461
136462
136463
136464
136465
136466
136467
136468
136469
136470
136471
136472
136473
136474
136475
136476
136477
1365
136531
136548
136549
136550
136583
136587
136588
1366
136610
136612
136614
136615
136647
1367
1369
1370
1371
1372
1373
1374
1376
1377
1378
137896
137897
1379
137901
137902
137903
137904
137905
137906
137908
137909
137910
137911
137912
137913
137915
137917
137918
137920
137922
137923
137924
137925
137926
137927
137928
137932
137933
137934
137936
137937
137938
137939
137940
137941
137942
137943
137944
137945
137946
137947
137948
137949
137950
137951
137952
137953
137954
137955
137957
137958
137959
137960
137961
137962
137963
137964
137965
137966
137967
137968
137969
137970
137971
137972
137973
137974
137975
137976
137977
137978
137979
137980
137981
137999
1380
138023
138024
138025
138026
138027
138049
138050
138051
138052
1381
138153
138156
138157
138162
138163
138168
138169
138174
138179
138180
138181
138182
138183
138199
1382
138200
138201
138202
138203
138204
138205
138206
138208
138209
138210
138212
138213
138214
138215
138216
138217
138218
138219
138220
138221
1383
1384
138438
138439
138441
138442
138443
138444
138445
138446
138447
138448
1385
1386
1387
1388
1389
1390
1391
1392
1393
139374
139375
139376
139377
1394
1395
1396
1397
1398
1399
1400
14001429
14002956
14002958
14002960
14002962
14002964
14004603
14005534
14006366
14006367
14008993
1401
1401173
1401175
1401185
1401285
1401292
1401305
1401306
1401307
1401308
1401309
1401310
1401311
14014469
1401754
1401755
1401756
1401757
1401758
1401759
14017679
14017762
14018428
1402
14020193
14020248
14022187
14022190
14022195
1402310
14024658
14025916
14025929
14028673
14028676
14028678
14028682
14028686
14028688
14028691
14028695
14028700
14028703
14028708
14028710
14028714
14028718
14028722
14028726
14028729
14028733
14028738
14028740
14028744
14028750
14028752
1403
1403060
14031105
14031190
14031191
14031192
14031193
14031194
14031195
14031196
14031197
14031198
14031199
14031200
14031201
14031202
14031203
14031204
14031205
14031206
14031207
14031208
14031209
14031210
14031211
14031212
14031213
14031214
14031215
14031216
14031217
14031218
14031219
14031220
14031221
14031222
14031494
14031495
14031497
14031499
14031506
14031507
14031508
14031537
14031539
14031540
14031550
14031552
14036959
14037170
14037190
14037197
14037201
14037202
14037203
14037204
14037205
14037206
14037207
14037208
14037209
14037229
14037231
14037232
14037233
14037234
14037235
14037240
14037341
14037342
14037344
14037347
14037348
1404
14043913
14043914
14043915
14043917
14046424
14046672
14046673
14046674
14046675
14046676
14046677
14046678
14046680
14046681
14046682
14046683
14046684
14046685
14046686
14046687
14046688
14046689
14046691
14046692
14046693
14046694
14046695
14046696
14046697
14046698
14046699
14046700
14046701
14046702
14046703
14046704
14046705
14046706
14046707
14046708
14046709
14046710
14046711
14046712
14046713
14046714
14047554
14047559
14047562
14047570
14047571
14047572
14047573
14047585
14047586
14047712
1404787
1404788
1404789
1404790
1404791
1404792
1404793
1404794
1404796
1404797
1404798
1404799
1404800
1404801
1404802
1404803
1404804
1404805
1404806
1404972
140498
1405
1405028
14052692
14052693
14057729
14057730
14057731
14057732
14057733
14057734
14057735
14057736
14057737
14057738
14057739
14057740
14057741
14057742
14057743
14057744
14057745
14057746
14057747
14057748
14057749
14057750
14057751
14057752
14057753
14057754
14057756
14057757
14057758
14057759
14057762
14057763
14057764
14057765
14057766
14057767
14057768
14057769
14057770
14057771
14057772
14057773
14057774
14057775
14057776
14057777
14057778
14057779
14057855
1406
14061798
14064620
14064621
14064622
14064623
14064624
14064625
14064626
14064627
14064628
14064630
14064631
14064632
14064633
14064634
14064635
14064636
14064637
14064638
14064639
14064640
14064641
14064642
14064643
14064644
14064645
14064646
14064647
14064648
14064649
14064650
14064651
14064652
14064653
14064654
14064655
14064656
14064657
14064658
14064659
14064660
14064661
14064662
14064663
14064664
14064665
14064666
14064667
14064668
14064669
14064670
14064671
14064672
14064673
14064674
14064675
14064676
14064677
14064678
14064679
14064680
14064681
14064682
14064683
14064684
14064685
14064686
14064687
14064688
14064689
14064690
14064691
14064692
14064693
14064694
14064695
14064696
14064697
14064698
14064699
14064700
14064701
14064702
14064703
14064704
14064705
14064706
14064707
14064708
14064709
14064710
14064711
14064712
14064713
14064714
14064715
14064716
14064717
14064718
14064719
14064720
14064721
14064722
14064723
14064724
14064725
14064726
14064727
14064728
14064729
14064730
14064731
14064732
14064733
14064734
14064735
14064736
14064737
14064738
14064739
14064740
14064741
14064742
14064743
14064744
14064745
14064746
14064747
14064748
14064749
14064750
14064751
14064752
14064753
14064754
14064755
14064756
14064757
14064758
14064759
14064760
14064761
14064762
14064763
14064764
14064765
14064766
14064767
14064768
14064769
14064770
14064771
14064772
14064773
14064774
14064775
14064776
14064777
14064779
14064780
14064781
14064782
14064783
14064784
14064785
14064787
14064789
14064793
14064794
14064795
14064839
14067494
1407
140710
14077130
14077143
14077180
14077213
14077239
1408
1408772
1408917
1408921
14089823
14089824
14089825
14089826
14089827
14089828
14089829
14089830
14089831
14089832
14089833
14089834
14089835
14089885
14089886
14089887
14089888
14089889
14089890
14089891
14089892
14089893
14089894
14089895
14089896
14089897
14089898
14089899
14089900
14089901
14089902
14089903
14089904
14089905
14089906
1409
14093698
14093700
14093701
14093702
14093703
14093704
14093705
14093706
14093707
14093708
14093709
14093710
14093711
14093712
14093713
14093714
14093715
14093716
14093717
14093718
14093719
14093720
14093721
14093722
14093723
14093724
14093725
14093726
14093727
14093728
14093729
14093730
14093731
14093732
14093733
14093734
14093735
14093736
14093737
14093738
14093739
14093740
14093741
14093742
14093743
14093744
14093745
14093746
14093747
14093748
14093749
14093750
14093751
14093752
14093753
14093754
14093755
14093756
14093757
14093758
14093759
14093760
14093761
14093762
14093763
14093764
14093765
14093766
14093776
14093846
14093847
14093853
14093854
14093855
14093856
14093857
1410
14105120
14105122
14105252
14105253
14105254
14105255
14105256
14105257
1411
1412
14123290
14123468
14123469
14123470
14123471
14123472
14123473
14123474
14123475
14123476
14123477
14123478
14123479
14123480
14123481
14123482
14123483
14123484
14123485
14123486
14123487
14123488
14123489
14123490
14123491
14123492
14123493
14123494
14123495
14123496
14123497
14123498
14123499
14123500
14123501
14123502
14123503
14123504
14123505
14123506
14123507
14123508
14123509
14123510
14123511
14123512
14123513
14123514
14123515
14123516
14123517
14123518
14123519
14123521
14123522
14123523
14123524
14123525
14123526
14123527
14123528
14123529
14123530
14123531
14123532
14123533
14123534
14123535
14123536
14123537
14123538
14123539
14123540
14123541
14123542
14123543
14123544
14123545
14123546
14123547
14123548
14123549
14123550
14123551
14123552
14123553
14123554
14123555
1413
1413260
1413261
1413262
1413263
1413264
1413265
1413266
1413267
1413268
1413269
1413270
1413271
1413272
1413273
1413274
1413275
1413276
1413300
14134204
1413542
1413545
1414
1415
14158094
14158095
14158096
14158097
14158098
14158099
14158100
14158101
14158102
14158103
14158104
14158105
14158106
14158107
14158108
14158109
14158110
14158111
14158112
14158113
14158114
14158115
14158116
14158117
14158118
14158119
14158120
14158121
14158122
14158123
14158124
14158125
14158126
14158127
14158128
14158129
14158130
14158131
14158132
14158133
14158134
14158135
14158136
14159391
14159392
14159395
14159396
1416
1417
14179385
1418
141813
14181531
14181532
14181533
14181534
14181535
14181536
14181537
14181538
14181539
14181540
14181541
14181542
14181543
14181544
14181545
14181546
14181547
14181548
14181549
14181550
14181551
14181552
14181553
14181560
14185831
14188356
14189550
14189551
14189552
14189553
14189554
14189555
14189556
14189557
14189558
14189559
14189560
14189561
14189562
14189563
14189564
14189565
14189566
14189567
14189568
14189569
14189570
14189571
1419
141992
1420
14200744
14200828
14200829
142053
14209372
14209373
14209374
14209375
14209376
14209377
14209378
14209379
14209380
14209381
14209382
14209383
14209384
14209385
1422
14224845
14224846
14224847
14224850
14224851
14224852
14224853
14224854
14224855
14224856
14224857
14224858
14224859
14224860
14224861
14224862
14224863
14224864
14224865
14224866
14224867
14224868
14224869
14224870
14224871
14224872
14224873
14224874
14224875
14224876
1423
14230349
14230353
14230354
142370
14238787
1424
14244116
1425
14252211
14252933
14252934
14252935
14252936
14252937
14252938
14255943
14255944
14255945
14255946
14255947
14255948
14255949
14255950
14255951
14255952
14255953
14255954
14255955
14255956
14255957
14255958
14255959
14255960
14255961
14255962
14255963
14255964
14255965
14255966
14255967
14255968
14255969
14255970
14255971
14255972
14255973
14255974
14255975
14255976
14255977
14255978
14255979
14255980
14255981
14255982
14255983
14255984
14255985
14255986
14255987
14255988
14255989
14255990
14255991
14255992
14255993
14255994
14255995
14255996
14255997
14255998
14255999
14256000
14256001
14256002
14256003
14256004
14256005
14256006
14256007
14256008
14256009
14256010
14256011
14256012
14256013
14256014
14256015
14256016
14256017
14256018
14256019
14256020
14256021
1426
1427
1428
1430
1430669
1431
1431045
1432
1433
1434
143640
143844
143846
14389
14391
14400
14401
14402
14405
1441
1445
1446
144642
144643
144644
144645
144646
144648
144649
144650
144653
144654
144655
1447
144767
144768
144769
144770
144771
144830
144831
144832
144833
144834
144835
144836
144839
144840
144843
144844
144847
1449
1450
1451
1452
1454
145423
145424
1455
1456
145614
145615
145616
145617
145742
145745
145748
145749
145751
145752
145756
145759
145763
145766
145767
145768
145769
145770
145771
145772
145773
145774
145775
145776
145777
145778
145779
145780
145781
1458
145836
145840
145854
145855
145857
145859
145863
145864
145865
145866
145868
1459
145915
145916
145937
1462
14631
1465
1466
1468
1469
146965
146966
146967
146968
146969
146970
146971
146972
146973
146974
147
147037
147055
147056
1471
1472
1473
1474
1475
1476
1477
1478
1479
1480
1481
1482
1484
1485
1486
148601
148602
1487
1488
1489
149
1490
1491
1492
149274
149275
149276
149277
149278
149279
149280
149281
149295
1493
1494
1495
1496
1498
1499
150
1500
15000000
15000386
15000389
15000425
15000430
15000434
15000437
15000440
15000443
15000519
15000932
15000934
15000936
15000938
15000940
15000941
15001315
15001316
15001424
15001458
15001478
15001598
15001602
15001604
15003750
15003836
15004168
15004169
15004699
15006531
15006532
15006533
15006534
15006535
15006536
15006537
15006665
15007318
15007571
15007721
15007724
15007725
15007726
15007727
15007785
15008181
15008693
15008701
15008712
1501
15012680
15012681
15012686
15012751
15012752
15015337
15015338
15015340
15015341
15015342
15015344
15015347
15015350
15015351
15015352
15015355
15015361
15015362
15015872
15015876
15015882
15017165
15017691
15018199
15018284
15018710
15018713
15019273
15019466
15019792
15019793
15019924
15019959
1502
15020161
15020162
15020163
15020168
15020436
15020587
15020588
15020630
15020660
15020717
15020769
15020772
15020773
15020774
15020775
15020776
15020802
15020819
15021402
15021452
15021565
15021584
15021589
15021590
15021591
15021596
15021600
15021601
15021605
15021614
15021644
15021671
15021677
15021682
15021958
15021962
15021975
15021976
15021977
15021985
15021989
15021993
15021997
15021998
15022000
15022002
15022006
15022173
15022180
15022187
15022263
15022435
15022439
15022440
15022444
15022446
15022447
15022448
15022964
15023008
15023027
15023073
15023205
15023208
15023210
15023217
15023304
15023393
15023395
15023471
15023758
15023762
15023763
15023995
15024200
15024392
15024394
15024397
15024402
15024406
15024575
15024706
15024713
15024940
15024941
15024951
15024980
15024990
15025103
15025107
15025109
15025111
15025113
15025117
15025240
15025248
15025279
15025283
15025287
15025326
15025335
15025352
15025385
15025410
15025426
15025437
15025438
15025445
15025449
15025456
15025463
15025476
15025483
15025490
15025497
15025498
15025563
15025565
15025570
15025601
15025609
15025748
15025751
15025752
15025761
15025798
15025807
15025812
15025993
15025997
1502710
1503
1503119
1503191
1503194
1503233
1503241
1503246
1503250
1503253
1503260
1503262
1503267
1503270
1503273
1503275
1503278
1503281
1503305
1503308
1503411
1503413
1503415
1503418
1503422
1503425
1503428
1503431
1503433
1503438
1503439
1503441
1503445
1503447
1503450
1503453
1503456
1503459
1503462
1503464
1503465
1503468
1503471
1503473
1503474
1503477
15035293
15035486
15035490
15035515
15035971
15035975
15035999
15036816
15036822
1503743
15037780
15037827
15037846
15037874
15038414
15038438
15038442
15038447
15038452
15038456
15038575
15038683
15038686
15038690
15038813
15038842
15038846
15038922
15038970
15038973
15038981
1504
15040093
15040574
15040685
15041740
15041742
15041743
15041746
15041747
15041748
15041749
15041750
15041751
15041754
15041756
15041760
15042573
15042575
15042578
15042579
15042580
15042581
15042583
15043625
15044226
15044227
15044421
15044437
15044441
15044445
15044493
15044497
15044502
15044506
15044517
15044657
15044714
15044716
15044721
15044724
15044726
15044728
15044732
15044733
15044749
15044852
15044990
15045006
15045011
15045013
15045261
15045482
15045508
15045514
15045518
15045519
15045521
15045522
15045524
15045749
15045803
15046059
15046068
15046078
15046993
15047063
15047064
15047068
15047169
15048110
15048180
15048183
15048187
15048360
15048626
15048706
15049424
1505
15050156
15050165
15050723
15050724
15050761
15051003
15051088
15051250
15051258
15051263
15051268
15051378
15051379
15051525
15051548
15051625
15051627
15051630
15051631
15051634
15051637
15051646
15051654
15051658
15051713
15051726
15051805
15051817
15051821
15051934
15051950
15051997
15052332
15052350
15052358
15052368
15052608
15052614
15052634
15052642
15053030
15053043
15053048
15053051
15053057
15053075
15053155
15053163
15053169
15053175
15053202
15053209
15053221
15053257
15053316
15053340
15053352
15053360
15053402
15053462
15053546
15053786
15053793
15053798
15053802
15053999
15054152
15054754
15054831
15054883
15054886
15054977
15054980
15055090
15055151
15055378
15055383
15055459
15055797
15055798
15055800
15056022
15056023
15056025
15056028
15056032
15056267
15056323
15056492
15057010
15057671
15057696
15057729
15057964
15057981
15057986
15058046
15058334
15058348
15058650
1505872
15059010
15059414
15059428
15059590
15059685
15059947
15060018
15060048
15060071
15060107
15060113
15060118
15060122
15060134
15060235
15060249
15060706
15060719
15060724
15060730
15060843
15060926
15061203
15061225
15061242
15061260
15061303
15061348
15061533
15061535
15061538
15061579
15061684
15061759
15061988
15062108
15062114
15062120
15062125
15062130
15062138
15062144
15062180
15062351
15062364
15062390
15062397
15062630
15062689
15062693
15062710
15062715
15062751
15062765
15062826
15063203
15063212
15063366
15063416
15063422
15063604
15063611
15063615
15063620
15063625
15063707
15064217
15064233
15064268
15064347
15064351
15064459
15064579
15064643
15064659
15064763
15064771
15064778
15065863
15066076
15066126
15066256
15066309
15066315
15066458
15066491
15066523
15066529
15066540
15066561
15066740
15066903
15067027
15067661
15067663
15067716
15067936
15068483
15068564
15068633
15068701
15068737
15068770
15068945
15068950
15069866
1507
15070052
15070298
15070314
15070317
15071315
15071411
15071413
15071470
15071478
15071479
15071495
15071600
15071602
15071614
15071627
15071640
15071749
15071774
15071876
15072117
15072119
15072124
15072128
15072277
15072624
15072635
15072695
15072708
15072943
15072951
15072966
15072983
15072993
15073014
15073135
15074727
15074746
15074899
15074998
15075031
15075077
15075119
15076016
15076129
15076248
15076251
15076252
15076253
15077035
15077110
15077566
15077593
15077647
15077699
15077700
15077789
150796
150797
150798
150799
15079972
15079978
1508
150800
150802
150803
150804
150805
15080509
15080512
150806
150807
150808
15081079
15081810
15082083
15082088
15082094
15082118
15082384
15082432
15083326
15083805
15083806
15083818
15083825
15083829
15083835
15083841
150839
150840
150841
150842
15084258
15084290
15084296
150843
15084812
15084848
15084925
15084930
15084931
15084932
15084933
15084934
15084935
15084936
15084937
15085016
15085021
15085839
15086250
15086549
15086550
15086777
15086854
15086875
15086897
15087121
15087193
15087201
15087217
15087224
15087236
15087240
15087462
15087471
15087472
15087546
15087555
15087588
15087736
15087741
15088304
15088307
15088609
15088699
15088874
15088875
15088907
15089194
1509
15090321
15090485
15090890
15090921
15090959
15090962
15090988
15091033
150925
1509786
1509788
1509792
1509794
1509796
1509798
151
1510
151027
151031
1511504
1511974
1512
1512093
1512262
1513
1514
1515
1516
1517
1518
1519
151988
152
1520
1521
1522
1523
1524
1525
152564
1526
1527
1529
153
1530
1531
1532
1533
1534
1535
1536
1537
1538
1539
154
1540
1541
1542
1543
1544
1545
1546
1547
1548
1549
155
1550
155007
1551
1552
1554
1555
1556
1557
1558
1559
156
1560
1561
1562
1563
1564
1565
1566
156640
1567
1568
1569
157
1570
1571
1572
1573
1574
1575
1577
1579
158
1580
1581
1582
1583
1584
1585
1586
1587
1588
1589
159
1590
1591
1592
1593
1595
1596
1597
1598
1599
160
1600
16000157
16000158
16000159
16000751
16000925
16000926
16000963
16000964
16000965
16000966
16000967
16000968
16000969
16000970
16000971
16001024
16001025
16001026
16001027
16001028
16001029
16001030
16001031
16001032
16001033
16001066
16001067
16001068
16001069
16001070
16001071
16001073
16001074
16001108
16001109
16001110
16001111
16001113
16001114
16001115
16001116
16001117
16001118
16001119
16001136
16001172
16001173
16001174
16001175
16001176
16001177
16001179
16001180
16001229
16001230
16001231
16001232
16001233
16001234
16001235
16001236
16001237
16001238
16001239
16001265
16001266
16001267
16001268
16001269
16001270
16001271
16001272
16001273
16001274
16001275
16001276
16001277
16001307
16001308
16001309
16001310
16001311
16001312
16001313
16001314
16001315
16001316
16002208
16002212
16002223
16003540
16003595
16004111
16004114
16007253
16008796
16008833
16008932
16008933
16008942
16008943
16008944
16008945
16008946
16008947
16008948
16008949
16008950
16008951
16008952
16008953
16008954
16008955
16008956
16009235
16009236
16009237
16009238
16009239
16009240
16009241
16009242
16009243
16009244
16009245
16009246
16009247
16009248
16009249
16009251
16009252
16009253
16009256
16009257
16009258
16009259
16009260
16009261
16009262
16009263
16009264
16009266
16009273
16009426
16009428
16009429
16009430
16009431
16009432
16009433
16009434
16009435
16009436
16009437
16009438
16009439
16009454
16009455
16009456
16009457
16009458
16009459
16009460
16009461
16009462
16009463
16009464
16009465
16009466
16009467
16009468
16009469
16009470
16009471
16009472
16009473
16009474
16009475
16009476
16009477
16009478
16009479
16009480
16009481
16009482
16009483
16009484
16009485
16009486
16009487
16009488
16009489
16009490
16009491
16009492
16009493
16009494
16009495
16009496
16009497
16009498
16009499
16009500
16009501
16009502
16009503
16009504
16009505
16009506
16009507
16009508
16009509
16009510
16009511
16009512
16009513
16009514
16009515
16009516
16009517
16009518
16009519
16009521
16009522
16009523
16009524
16009525
16009526
16009527
16009528
16009529
16009530
16009531
16009532
16009723
1601
16010448
16010449
16010450
16010451
16010452
16010453
16010454
16010455
16010456
16010457
16010458
16010459
16010460
16010461
16010462
16010463
16010464
16010465
16010466
16010467
16010468
16010469
16010470
16010471
16010472
16010473
16010474
16010475
16010476
16010477
16010478
16010479
16010480
16010481
16010482
16010483
16010484
16010485
16010486
16010487
16010488
16010489
16010490
16010491
16010492
16010493
16010494
16010495
16010496
16010497
16010498
16010499
16010500
16010501
16010502
16010503
16010504
16010505
16010506
16010507
16010508
16010509
16010510
16010511
16010512
16010513
16010514
16010515
16010516
16010517
16010518
16010519
16010520
16010521
16010522
16010523
16010524
16010525
16010526
16010527
16010528
16010529
16010530
16010531
16010532
16010533
16010534
16010535
16010536
16010537
16010538
16010539
16010540
16010541
16010542
16010543
16010544
16010545
16010546
16010547
16010548
16010549
16010550
16010551
16010552
16010553
16010554
16010555
16010556
16010557
16010558
16010559
16010560
16010561
16010562
16010563
16010564
16010565
16010566
16010567
16010568
16010569
16010570
16010571
16010572
16010573
16010574
16010575
16010576
16010577
16010578
16010579
16010580
16010582
16011091
16011277
16011493
16011692
16011693
16011698
16011702
16011710
16011713
16011717
16011731
16011735
16011775
16011776
16011777
16011778
16011780
16011781
16011783
16011784
16011785
16011786
16011787
16011788
16011789
16011790
16011791
16011792
16011793
16011901
16012073
16012159
16012379
16012565
16012571
16012664
16012670
16012682
16012828
16013011
16013357
16013387
16013394
16013407
16013411
16013455
16013646
16013647
16014554
16014933
16015111
16015397
16015582
16015584
16015833
16016665
16016687
16016713
16016845
16016903
16017058
16017118
16017123
16017125
16017127
16017130
16017133
16017134
16017135
16017136
16017138
16017149
16017153
16017253
16017254
16017519
16017520
16017563
16017564
16017758
16017760
16017761
16017783
16017784
16017785
16017786
16017787
16017788
16017789
16017790
16017791
16017792
16017793
16017794
16017795
16017796
16017797
16017798
16018708
16018727
16018728
16018729
16018731
16018732
16018733
16018734
16018735
16018736
16018737
16018738
16018739
16018740
16018741
16018742
16018917
16018918
16018920
16018921
16018923
16018924
16018925
16018926
16018927
16019995
1602
16020413
16020603
16020609
16020612
16020648
16020661
16020664
16020668
16021136
16021137
16021138
16021139
16021303
16021391
16021420
1602233
1602234
16022639
16023048
16023049
16023050
16023051
16023052
16023182
16023184
16023190
16023191
16023192
16023193
16023194
16023195
16023196
16023197
16023198
16023199
16023200
16023201
16023206
16023211
16023221
16023275
16023298
16023677
16023678
16023679
16023680
16023681
16023682
16023683
16023684
16023685
16023686
16023687
16023688
16023734
16023735
16023736
16023737
16023738
16023739
16023741
16023742
16023743
16023744
16023745
16023746
16023747
16023761
16023762
16023763
16023764
16023765
16023766
16023767
16023768
16023770
16023771
16023773
16023774
16023775
16023776
16023777
16023778
16023779
16023780
16023781
16023782
16023783
16023784
16023785
16023787
16024134
16027181
16027660
16027661
16027662
16027663
16027664
1603
16030196
16030340
16030354
16030357
16030361
16030364
16030369
16030370
16030441
16030504
16030550
16030594
16030595
16030637
16030638
16030640
16030747
16030761
16030763
16030853
16030864
16031034
16031035
16031157
16031339
16031340
16031341
16031342
16031343
16031351
16031352
16031353
16031365
16031368
16031369
16031371
16031375
16031376
16031377
16031378
16031380
16031392
16031558
16031568
16031569
16031578
16031580
16031581
16031582
16031654
16031662
16031692
16031705
16031771
16031774
16031831
16031836
16031843
16031850
16031851
16031853
16031854
16031857
16031863
16031867
16031868
16031890
16032061
16032076
16032093
16032097
16032099
16032122
16032126
16032155
16032191
16032194
16032195
16032197
16032198
16032200
16032263
16032290
16032291
16032292
16032293
16032330
16032360
16032365
16032438
16032447
16032467
16032468
16032513
16032530
16032531
16032558
16032595
16032644
16032659
16032717
16032724
16032769
16032780
16032851
16032858
16032859
16032860
16032861
16032863
16032864
16032875
16032886
16032892
16032899
16032900
16032915
16032949
16032950
16032952
16032954
16032961
16032969
16032981
16032992
16032993
16032994
16032999
16033001
16033003
16033004
16033006
16033018
16033029
16033032
16033035
16033036
16033037
16033038
16033039
16033045
16033049
16033051
16033052
16033058
16033059
16033062
16033064
16033065
16033071
16033072
16033073
16033078
16033079
16033080
16033083
16033086
16033087
16033089
16033090
16033093
16033096
16033098
16033100
16033101
16033102
16033209
16033222
16033291
16033311
16033353
16033618
16033749
16034196
16034541
16034828
16034916
16035515
16035533
16035599
16035611
16035649
16035800
16035803
16035822
16035937
16035982
16035993
16036012
16036022
16036031
16036164
16036169
16036170
16036171
16036175
16036179
16036180
16036181
16036182
16036183
16036184
16036188
16036189
16036192
16036193
16036194
16036195
16036198
16036199
16036200
16036201
16036204
16036205
1604
16042269
16042270
16045108
16045109
16046867
16046876
16049681
16049683
1605
16051105
16051118
16051174
16051228
16051232
16051240
16051244
16051333
16051695
16051701
16051710
16051714
16051724
16053499
16053500
16053501
16053553
16053554
16053555
16053556
16053557
16053558
16053559
16053560
16053561
16053562
16053563
16053564
16053589
16053595
16053610
16053611
16053645
16053648
16053976
16053977
16055194
16057026
16057138
16057139
16057796
16057807
16057811
16057827
16058399
16058400
16058401
16058402
16058403
16058404
16058405
16058406
16058408
16058409
16058410
16058459
16058638
16058753
1606
16060402
16060477
16060478
16060479
16060480
16060481
16060482
16060483
16060484
16060485
16060486
16060487
16060488
16060490
16060491
16060492
16066495
16066689
16066884
16067665
16068263
1607
16071785
16071803
16071826
16071863
16071914
16073035
16073401
16073402
16073847
16073855
16073862
16073866
16073969
16073970
16073971
16073972
16073973
16073974
16073975
16073976
16073977
16073978
16073979
16073980
16073981
16073982
16073983
16073984
16073985
16073986
16073987
16073988
16073989
16073990
16073991
16073992
16073994
16073995
16073997
16073998
16073999
16074000
16074001
16074002
16074003
16074004
16074011
16074031
16074053
16074236
16074237
16074239
16074505
16074542
16074543
16074544
16074551
16074612
16074657
16074658
16074659
16074660
16074661
16074662
16074663
16074664
16074665
16074666
16074667
16074668
16074669
16074670
16074671
16074672
16074673
16074674
16074675
16074676
16074677
16074678
16074679
16074680
16074681
16074682
16074683
16074684
16074685
16074686
16074687
16074688
16074689
16074690
16074691
16074692
16074693
16074694
16074695
16074696
16074697
16074698
16074699
16074700
16074701
16074702
16074703
16074704
16074705
16074706
16074707
16074708
16074709
16074710
16074711
16074712
16074713
16074714
16074715
16074716
16074717
16074718
16074719
16074720
16074721
16074722
16074723
16074724
16074725
16074726
16074727
16074728
16074729
16074730
16074731
16074732
16074733
16074734
16074735
16074736
16074737
16074738
16074739
16074740
16074741
16074742
16074743
16074744
16074745
16074746
16074747
16074748
16074749
16074750
16074751
16074752
16074753
16074754
16074755
16074756
16074757
16074758
16074759
16074760
16074761
16074762
16074763
16074764
16074765
16074766
16074767
16074768
16074769
16074770
16074771
16074772
16074773
16074774
16074775
16074776
16074777
16074778
16074779
16074780
16074781
16074782
16074783
16074784
16074785
16074786
16074787
16074788
16074789
16074790
16074791
16074792
16074793
16074794
16074795
16074796
16074797
16074798
16074799
16074800
16074801
16074802
16074803
16074804
16074805
16074806
16074807
16074808
16074809
16074810
16074811
16074812
16074813
16074814
16074815
16074816
16074817
16074818
16074819
16074820
16074821
16074822
16074823
16074824
16074825
16074826
16074827
16074828
16074829
16074830
16074831
16074832
16074833
16074834
16074835
16074836
16074837
16074838
16074839
16074840
16074841
16074842
16074843
16074844
16074845
16074846
16074847
16074848
16074849
16074850
16074851
16074852
16074853
16074854
16074855
16074856
16074857
16074858
16074859
16074860
16074861
16074862
16074863
16074864
16074865
16074866
16074868
16074869
16074870
16074871
16074872
16074873
16074874
16074875
16074876
16074877
16074878
16074879
16074880
16074881
16074882
16074883
16074884
16074885
16074886
16074887
16074888
16074889
16074890
16074891
16074892
16074893
16074894
16074895
16074896
16074897
16074898
16074899
16074900
16074901
16074902
16074903
16074904
16074905
16074906
16074907
16074908
16074909
16074910
16074911
16074912
16074913
16074914
16074915
16074916
16074917
16074918
16074919
16074920
16074921
16074922
16074923
16074924
16074925
16074926
16074927
16074928
16074929
16074930
16074931
16074932
16074933
16074934
16074935
16074936
16074937
16074938
16074939
16074940
16074941
16074942
16074943
16074944
16074945
16074946
16074947
16074948
16074949
16074950
16074951
16074952
16074953
16074954
16074955
16074956
16074957
16074958
16074959
16074960
16074961
16074962
16074963
16074964
16074965
16074966
16074967
16074968
16074969
16074970
16074971
16074972
16074973
16074974
16074975
16074976
16074977
16074978
16074979
16074980
16074981
16074982
16074983
16074984
16074985
16074986
16074987
16074988
16074989
16074990
16074991
16074992
16074993
16074994
16074995
16074996
16074997
16074998
16074999
16075000
16075001
16075002
16075003
16075004
16075005
16075006
16075007
16075008
16075009
16075010
16075011
16075012
16075013
16075014
16075015
16075016
16075017
16075018
16075019
16075020
16075021
16075022
16075023
16075024
16075025
16075026
16075027
16075028
16075029
16075030
16075031
16075032
16075033
16075034
16075035
16075036
16075037
16075038
16075039
16075040
16075041
16075042
16075043
16075044
16075045
16075046
16075047
16075048
16075049
16075050
16075051
16075052
16075053
16075054
16075055
16075056
16075057
16075058
16075059
16075060
16075061
16075062
16075063
16075064
16075065
16075066
16075067
16075068
16075069
16075070
16075071
16075072
16075073
16075074
16075075
16075076
16075077
16075078
16075079
16075080
16075081
16075082
16075083
16075084
16075085
16075086
16075087
16075088
16075089
16075090
16075091
16075092
16075093
16075094
16075095
16075096
16075097
16075098
16075099
16075100
16075101
16075102
16075103
16075104
16075105
16075106
16075107
16075108
16075109
16075110
16075111
16075112
16075113
16075114
16075115
16075116
16075117
16075118
16075119
16075120
16075121
16075122
16075123
16075125
16075126
16075127
16075128
16075129
16075130
16075131
16075132
16075133
16075134
16075135
16075136
16075137
16075138
16075139
16075140
16075141
16075142
16075143
16075144
16075145
16075146
16075147
16075148
16075149
16075150
16075151
16075152
16075154
16075155
16075156
16075157
16075158
16075159
16075160
16075161
16075162
16075163
16075164
16075165
16075166
16075167
16075169
16075170
16075171
16075172
16075173
16075174
16075175
16075176
16075177
16075178
16075179
16075180
16075181
16075453
16075454
16075455
16075456
16075457
16075458
16075459
16075460
16075461
16075462
16075463
16075464
16075465
16075466
16075467
16075468
16075469
16075470
16075471
16075472
16075473
16075474
16075475
16075476
16075477
16075478
16075479
16075480
16075481
16075482
16075483
16075484
16075485
16075486
16075487
16075488
16075489
16075490
16075491
16075492
16075493
16075494
16075495
16075496
16075497
16075498
16075499
16075500
16075501
16075502
16075503
16075504
16075505
16075506
16075507
16075508
16075509
16075510
16075511
16075512
16075513
16075514
16075515
16075516
16075517
16075518
16075519
16075520
16075521
16075522
16075523
16075524
16075525
16075526
16075527
16075528
16075529
16075530
16075531
16075532
16075533
16075534
16075535
16075536
16075537
16075538
16075539
16075540
16075541
16075542
16075543
16075544
16075545
16075546
16075547
16075548
16075549
16075550
16075551
16075552
16075553
16075554
16075555
16075556
16075557
16075559
16075560
16075561
16075562
16075563
16075564
16075565
16075566
16075567
16075568
16075569
16075570
16075571
16075572
16075573
16075574
16075575
16075576
16075577
16075578
16075579
16075580
16075581
16075582
16075583
16075584
16075585
16075586
16075587
16075588
16075589
16075590
16075591
16075592
16075593
16075594
16075595
16075596
16075597
16075598
16075599
16075600
16075601
16075602
16075603
16075604
16075605
16075606
16075607
16075608
16075609
16075610
16075611
16075612
16075613
16075614
16075615
16075616
16075617
16075618
16075619
16075620
16075621
16075622
16075623
16075624
16075625
16075626
16075627
16075628
16075629
16075630
16075631
16075632
16075633
16075634
16075635
16075636
16075637
16075638
16075639
16075640
16075641
16075642
16075643
16075644
16075645
16075646
16075647
16075648
16075649
16075650
16075651
16075652
16075653
16075654
16075655
16075656
16075657
16075658
16075659
16075660
16075661
16075662
16075663
16075664
16075665
16075666
16075667
16075668
16075669
16075670
16075671
16075672
16075673
16075674
16075675
16075676
16075677
16075678
16075679
16075680
16075681
16075682
16075683
16075684
16075685
16075686
16075687
16075688
16075689
16075690
16075691
16075692
16075693
16075694
16075695
16075696
16075697
16075698
16075699
16075700
16075701
16075702
16075703
16075704
16075705
16075706
16075707
16075708
16075709
16075710
16075711
16075712
16075713
16075714
16075715
16075716
16075717
16075718
16075719
16075720
16075721
16075722
16075723
16075724
16075725
16075726
16075727
16075728
16075729
16075730
16075731
16075732
16075733
16075734
16075735
16075736
16075737
16075738
16075739
16075740
16075741
16075742
16075743
16075744
16075745
16075746
16075747
16075748
16075749
16075750
16075751
16075752
16075753
16075754
16075755
16075756
16075757
16075758
16075759
16075760
16075761
16075762
16075763
16075764
16075765
16075766
16077177
16077178
16077179
16077180
16077181
16077182
16077183
16077184
16077185
16077186
16077187
16077188
16077189
16077190
16077191
16077192
16077193
16077194
16077195
16077196
16077197
16077198
16077199
16077200
16077201
16077202
16077205
16077206
16077207
16077208
16077209
16077210
16077211
16077212
16077213
16077214
16077215
16077216
16077217
16077218
16077219
16077220
16077221
16077222
16077223
16077224
16077225
16077226
16077228
16077229
16077230
16077231
16077232
16077233
16077234
16077235
16077236
16077237
16077238
16077239
16077240
16077241
16077242
16077243
16077244
16077245
16077246
16077247
16077248
16077249
16077250
16077251
16077252
16077253
16077255
16077256
16077257
16077258
16077259
16077260
16077261
16077262
16077263
16077264
16077265
16077266
16077267
16077268
16077269
16077270
16077271
16077272
16077273
16077274
16077275
16077276
16077277
16077278
16077279
16077280
16077281
16077282
16077283
16077284
16077285
16077286
16077287
16077288
16077289
16077290
16077291
16077292
16077293
16077294
16077295
16077296
16077297
16077298
16077299
16077300
16077301
16077302
16077303
16077304
16077305
16077306
16077307
16077308
16077309
16077310
16077311
16077312
16077313
16077314
16077315
16077316
16077317
16077318
16077319
16077320
16077321
16077322
16077323
16077324
16077325
16077326
16077327
16077328
16077329
16077330
16077331
16077332
16077333
16077334
16077335
16077336
16077337
16077338
16077339
16077340
16077341
16077342
16077343
16077344
16077345
16077346
16077347
16077348
16077349
16077350
16077351
16077352
16077353
16077354
16077355
16077356
16077357
16077358
16077359
16077360
16077361
16077362
16077363
16077364
16077365
16077366
16077367
16077368
16077369
16077370
16077371
16077372
16077373
16077374
16077375
16077376
16077377
16077378
16077379
16077380
16077381
16077382
16077383
16077384
16077385
16077386
16077387
16077388
16077389
16077390
16077391
16077392
16077393
16077394
16077395
16077396
16077397
16077398
16077399
16077400
16077401
16077402
16077403
16077404
16077405
16077406
16077407
16077408
16077409
16077410
16077411
16077412
16077413
16077414
16077415
16077416
16077417
16077418
16077419
16077420
16077421
16077422
16077423
16077424
16077425
16077426
16077427
16077428
16077429
16077430
16077431
16077432
16077433
16077434
16077435
16077436
16077437
16077438
16077439
16077440
16077441
16077442
16077443
16077444
16077445
16077446
16077447
16077448
16077449
16077450
16077451
16077452
16078140
16078141
16078142
16078143
16078144
16078145
16078146
16078147
16078148
16078149
16078150
16078151
16078152
16078153
16078154
16078155
16078156
16078157
16078158
16078159
16078160
16078161
16078162
16078163
16078164
16078165
16078166
16078167
16078168
16078169
16078170
16078171
16078172
16078173
16078174
16078175
16078176
16078177
16078178
16078179
16078180
16078181
16078182
16078183
16078184
16078185
16078186
16078187
16078188
16078189
16078190
16078191
16078192
16078193
16078194
16078195
16078196
16078197
16078198
16078199
16078200
16078201
16078202
16078203
16078204
16078205
16078206
16078207
16078208
16078209
16078210
16078211
16078212
16078213
16078214
16078215
16078216
16078217
16078218
16078219
16078220
16078221
16078222
16078223
16078224
16078225
16078226
16078227
16078228
16078229
16078230
16078231
16078232
16078233
16078234
16078235
16078236
16078237
16078238
16078239
16078240
16078241
16078242
16078243
16078244
16078245
16078246
16078247
16078248
16078249
16078250
16078251
16078252
16078253
16078254
16078255
16078256
16078257
16078258
16078259
16078260
16078261
16078262
16078263
16078264
16078265
16078266
16078267
16078268
16078269
16078270
16078271
16078272
16078273
16078274
16078275
16078276
16078277
16078278
16078279
16078280
16078281
16078282
16078283
16078284
16078285
16078286
16078287
16078288
16078289
16078290
16078291
16078292
16078293
16078294
16078295
16078296
16078297
16078298
16078299
16078300
16078301
16078302
16078303
16078304
16078305
16078306
16078307
16078308
16078309
16078310
16078311
16078312
16078313
16078314
16078315
16078316
16078317
16078318
16078319
16078320
16078321
16078322
16078323
16078324
16078325
16078326
16078327
16078328
16078329
16078330
16078331
16078332
16078333
16078334
16078335
16078336
16078337
16078338
16078339
16078340
16078341
16078342
16078343
16078344
16078345
16078346
16078347
16078348
16079311
16079320
1608
16082948
16082952
16082965
16082966
16082967
16082968
16083018
16086666
16086675
16086714
16086715
16086716
16089837
16089838
16089839
16089840
16089872
16089915
16089922
16089923
16089924
16089925
16089926
16089928
1609
16093612
16093613
16093621
16093623
16093631
16093638
16093641
16093648
16093656
16094662
16097931
16097933
16097935
161
1610
16101951
16101952
16101953
16102203
16102211
16102215
16102216
16102221
16102222
16102233
16102257
16102883
16102885
16103271
1611
16114017
16114039
16114044
16114047
16114051
16114092
16114105
16114109
16114111
16114117
16114127
16114131
16114166
16114171
16114177
16114184
16114201
16114208
16114212
16114225
16114227
16114233
16114234
16114238
16114254
16114260
16114263
16114274
16114277
16114282
16114286
16114292
16114301
16114305
16114339
16114348
16114356
16114366
16114375
16114388
16114392
16114397
16114407
16114411
16114429
16114442
16114454
16114457
16114469
16114525
16114530
16114535
16114540
16114541
16114548
16114563
16114570
16116677
16116685
16116712
16116717
16116731
16116736
16118819
16118877
16118885
16118892
16118906
1612
16121644
16121670
16121676
16121679
16121683
16121684
16121687
16121691
16121702
16121705
16121709
16121712
16121718
16121722
16121728
16121736
16121739
16121745
16121750
16121753
16121760
16122448
16122457
16122464
16123919
16123927
16123959
16124019
16124064
16124065
16124066
16124067
16124068
16124069
16124070
16124147
16124149
16126020
16126164
16126167
16126169
16126199
16126200
16126206
16126211
16126212
16126213
16126218
16126222
16126223
16126224
16126226
16126227
16126230
16126231
16126327
16126328
16126330
16127574
16127576
16127578
16127581
16127583
16127585
16127587
16127671
16129286
16129288
16129290
16129292
16129297
16129302
16129304
16129406
16129409
16129514
16129515
16129517
16129519
16129521
16129594
16129595
16129598
16129600
16129601
16129652
16129683
16129773
16129933
1613
16130538
16130733
16130742
16130753
16130766
16132926
16132976
16132977
16133006
16133143
16134007
16135220
16136989
16138814
16138919
16139740
16139742
16139743
16139744
16139769
16139776
16139783
16139790
16139797
16139903
16139934
16139962
1614
16142306
16142320
16142322
16142324
16142326
16142328
16142329
16142331
16142333
16142335
16142337
16142339
16142341
16142344
16142358
16142360
16142362
16142364
16142366
16142371
16142373
16142375
16142377
16142531
16142533
16142535
16142536
16142540
16142541
16142774
16142776
16142778
16144369
16144372
16144374
16144375
16144388
16144390
16144392
16144394
16144396
16149773
1615
16150400
16154057
16154110
16154867
16154868
16154869
16154870
16154871
16154872
16154873
16154874
16154875
16154876
16154877
16154878
16154879
16154880
16154881
16156494
16156526
16156528
16156529
16156532
16156539
16156540
1616
16161596
16161598
16161600
16161660
16161662
16161668
16161671
16161673
16161674
16162813
16166925
1617
16175266
16178279
16179616
16179677
16179728
1618
1619
16192346
16192448
16192590
16192609
16195615
16198204
16198205
16198207
16199027
162
1620
16206374
16206679
16206852
16206895
16207554
16207578
16207739
16208839
16209070
16209071
16209095
16209097
16209129
16209143
16209144
16209172
16209210
16209298
16209299
16209316
16209330
16209360
16209458
16209473
16209571
16209664
16209681
16209698
16209731
16209754
16209887
16209888
16210015
16210078
16210121
16210301
16210339
16210377
16210583
16210606
16210634
16210657
16210750
16210934
16210935
16211089
16211151
16212247
16212248
16213043
16213044
16214248
16214318
16214415
16214416
16214631
16215029
16215048
16215049
16215255
16217874
16218699
16218846
16218875
16219083
16219256
1622
16220047
16220086
16222682
16223032
16223582
16223874
16224613
16224614
16224882
16225234
16225835
16227108
16227109
16228023
16228279
16228446
16228462
1623
16231065
16231078
16231084
16232361
16233900
16233901
16234046
16234051
16234061
16234082
16234108
16234110
16234115
16234233
16234286
16234289
16234439
16234616
16234617
16234618
16234619
16234620
16234621
16234622
16234667
16234990
16235690
16235691
16235692
16235693
16235694
16235779
16236049
16236350
16236436
16236559
16237278
16237279
16237280
16237281
16237283
16237307
16237823
16237824
16237825
16237826
16237916
16237918
16238407
1624
16246360
16246361
16246362
16246363
16246364
16246365
16246366
16246367
16246368
16246369
16246370
16246371
16246372
16246373
16246374
16246375
16246376
16246377
16246378
16246379
16246380
16246381
16246382
16246383
16246384
16246385
16246386
16246387
16246388
16246389
16246390
16246391
16246392
16246393
16246394
16246395
16246396
16246397
16246398
16246399
16246400
16246401
16246402
16246403
16246404
16246405
16246406
16246407
16246408
16246409
16246410
16246411
16246412
16246413
16246414
16246415
16246416
16246417
16246418
16246419
16246420
16246421
16246422
16246423
16246424
16246425
16246426
16246427
16246428
16246429
16246430
16246431
16246432
16246433
16246434
16246435
16246436
16246437
16246438
16246439
16246440
16246441
16246442
16246443
16246444
16246445
16246446
16246447
16246448
16246449
16246450
16246451
16246452
16246453
16246454
16246455
16246511
16246512
16246514
16246528
16246556
16246583
162470
16247471
16248801
16249945
1625
16250093
16250094
16250095
16250097
16250098
16250099
16250100
16250101
16250102
16250103
16250861
16251252
16251253
16251254
16251255
16251256
16251260
16251264
16251265
16251269
16251270
16251271
16251272
16251281
16251282
16251283
16251284
16251327
16251335
16251664
16251665
16251666
16251667
16251668
16251669
16251684
16251688
16251689
16251690
16251691
16251694
16251695
16251696
16251697
16251698
16251699
16251701
16251703
16251705
16251706
16251714
16251722
16251723
16251724
16251725
16251726
16251727
16251728
16251729
16251730
16251731
16251732
16251733
16251734
16251735
16251736
16251737
16251738
16251739
16251740
16251741
16251742
16251743
16251744
16251745
16251746
16251747
16251748
16251749
16251750
16251752
16251753
16254861
16255004
1626
16260055
16263592
16265671
16265710
16266076
16266077
16266617
16266621
16266810
16266816
16267409
16267590
16267906
1627
16271461
16271463
16271476
16271477
16271478
16271489
16271490
16271491
16271494
16271495
16271507
16271508
16271546
16271560
16271572
16271574
16271617
16271628
16271629
16271640
16271641
16271654
16271655
16271667
16271670
16271682
16271683
16271684
16271696
16271698
16271699
16271712
16271713
16271779
16271791
16271816
16271829
16271841
16271890
16271919
16271932
16271944
16271957
16271970
16271982
16272008
16272010
16272083
16272135
16272186
16272187
16272188
16272330
16272487
16272664
16272725
16273047
16275156
16275157
16275200
16276339
16277535
16277536
16277537
16277538
16277539
16277540
16277541
16277542
16277543
16277544
16277545
16277546
16277547
16277548
16277553
16277557
16277558
16277561
16277562
16277563
16277565
16277566
16277567
16277568
16278928
16278929
16278930
16278931
16278932
16278933
16278934
16278936
16278937
16278938
16278941
16278942
16278943
16278944
16278946
16278947
16278948
16278949
16278950
16278952
16278953
16278955
16278956
16278957
16278958
16278959
16280059
16281411
16281415
16281423
16281667
16281686
16281699
16281705
16281715
16281718
16281721
16281752
16281755
16281775
16281828
16281844
16285350
16285352
16285448
16285449
16285450
16285459
16285463
16285472
1629
1630
16307428
16307448
16307449
16307450
16307451
16309710
16309798
1631
16310060
16310381
16310453
16310947
16311029
16312587
16313016
16313651
16314920
16314922
16314938
16315121
16315123
16316325
16317022
16317066
16317102
1632
16321669
16324690
16324775
16324811
16324931
16325004
16325005
16325007
16325010
16325011
16325012
16325013
16325014
16325015
16325016
16325017
16325018
16325019
16325020
16325641
16325642
16325643
16325650
16325663
16325664
16325665
16325666
16325667
16325668
16325669
16325671
16325672
16325673
16325674
16325675
16325687
16325688
16325689
16325690
16325691
16325693
16325694
16325697
16325698
16325699
16325700
16325701
16325702
16325703
16325704
16325705
16325706
16325707
16325708
16325710
16325711
16325713
16325714
16325715
16325716
16325717
16325719
16325720
1633
16332446
16332447
16332448
16335814
16341188
1636
1637
1638
1639
164040
1641
1642
1643
164381
1644
1645
1646
1650329
1651378
1652091
1652190
1652191
1652192
1652437
1652458
1652461
1652462
1652699
1653151
1659
1660
1661
1663
1664
1665
1666
1667
1668
167
1671
1675
1676
1677
1678
1679
168
1680
1681
1682
1684
1685
1687
1688
1689
169
1690
1694
1695
1697
1699
170
1700
17000056
17000058
17000059
17000070
17000071
17000072
17001659
17004076
17004081
17004082
17004083
1700495
17010470
17010543
17010546
17010547
17010548
17010550
17010556
17010557
17010558
17010560
17010562
17010563
17011924
17012000
17012001
17012002
17012003
17012004
17014078
1702149
1702245
1702247
1702252
1702254
1702460
17025013
17025015
17025017
17025019
17026902
17027934
17029528
17029530
17029575
17029576
17029577
17029578
17029579
17029580
17030111
17030112
17030113
17030114
17030115
17030116
17030117
17030315
17030318
17030325
17030327
17030330
17030335
17030338
17030341
17030343
17030347
17030349
17030351
17030352
17030365
17030367
17030584
17032145
17032146
17032149
17032150
17032151
17032152
17032153
17032154
17032155
1703351
1703353
1703355
1703357
17033572
17033573
17033574
17033575
17033576
17033577
17033578
17033584
17033585
1703359
1703361
1703363
1703459
17034645
17034688
17034689
17034690
17037712
17037713
17038135
17038656
1703933
17039374
1703945
1704
17040498
1704057
1704058
17041311
17041347
17041351
17041359
17041379
1704214
1704215
1704283
1705
1705248
1706
1706938
1706944
1707
1708
1709
171
1710
1714
1716
1717
1719
172
1723
1724
1725
1726
1727
1728
1729
1733
1736
1737
1738
1739
174
1740
1741
1742
1743
1744
1745
1746
1747
1749
1750
1751
1752
1753
1759
176
1761
1766
1767
1768
1769
1772
1775
1776
1777
1778
178
1780
1781
1782
1783
1784
1786
1787
1788
17896
1791
1792
1793
1794
1795
1796
1797
1798
1799
180
1800
18000772
18003076
18003080
18007660
18007661
18008512
18008520
18008817
18009349
18009876
18009882
18009893
18009924
18009928
1801
18010965
18010967
18010970
18014996
18015902
1802
18020635
18020637
18021011
18021101
18022056
18022174
18022179
18022180
18022181
18022182
18022184
18022193
18022195
18022198
18022202
18022206
18022208
18022209
18022210
18022211
18022216
18022217
18022218
18022222
18022226
18022227
18022228
18022232
18022233
18022236
18022238
18022243
18022250
18022287
18022288
18022291
18022292
18022329
18022330
18022333
18022339
18022340
18022341
18022342
18022349
18022353
18022356
18022360
18022361
18022364
18022368
18022369
18022374
18022375
18022376
18022377
18022382
18022383
18022384
18022385
18022391
18022392
18022396
18022397
18022398
18022403
18022406
18022410
18022411
18022413
18022414
18022415
18022416
18022421
18022422
18022423
18022424
18022425
18022426
18022427
18022428
18022435
18022440
18022441
18022457
18022459
18022460
18022461
18022462
18022469
18022471
18022472
18022473
18022474
18022475
18022481
18022482
18022483
18022487
18022488
18022489
18022490
18022495
18022497
18022499
18022500
18022503
18022504
18022505
18022509
18022510
18022513
18022514
18022515
18022519
18022520
18022523
18022524
18022527
18022528
18022531
18022532
18023007
18023010
18023014
18023292
18023294
18023304
18023323
18023332
18023367
18023485
18025624
1802772
1802783
18027873
1802814
18028906
1803
18031996
18032005
18032006
18032007
18032013
18033044
18033907
18038775
18039019
1804
18040036
18040130
18040249
18040470
18042168
180423
18042300
18044647
18045180
18045778
18046161
18046194
18046196
1804620
1805
18051331
18051712
18051770
18051775
18054185
18054214
18055426
18055996
18056611
18057397
18057744
18059163
1806
18060916
1806236
1806574
1807
18072151
18074665
18074763
18074945
18075308
18075702
1808
18080175
18080603
18081523
18081537
18084100
18085339
18085526
18085924
18085936
18085951
18088180
18088343
1809
18090332
18090563
18092351
18092366
18093992
18095598
18095661
18096185
18098124
18098137
18099213
1810
18102910
18104741
18104885
18104893
18104897
18108473
18108488
18108490
18109342
18109540
1811
18111309
18113718
18113719
18113720
18113721
18116025
1812
1814
1815
1816
1817
1818
1819
182
1821
1823
1825
1827
1828
1829
183
1831
18319
1832
18322
18323
18324
18325
1833
1834
1835
1836
1837
1838
1839
184
1840
1841
1842
1843
1844
1845
1847
1848
1849
185
1850
1851
1852
1853
1854
1855
1856
1857
1858
186
1860
1862
1863
1864
1865
1866
1867
1868
187
1870
1871
1872
1873
1874
1875
1876
1877
1878
1879
188
1881
1882
1883
1884
18840
1885
1886
18868
1887
1888
1889
189
1890
1891
1892
1893
1894
1895
1896
1898
190
1900
19000203
1900096
1900182
1900241
19005115
19005116
19005117
19005119
19005168
19005229
19005296
19005303
19005306
19005307
19005316
19005327
19005336
19005344
19005348
19005435
19005469
19005736
19005850
19005898
19005973
19006074
19006290
19006291
19006563
19006564
1900657
1900658
1900661
1900662
19006622
19006627
1900663
1900665
1900666
19006929
1900709
1900710
1900711
19007113
1900714
1900718
1900720
1900721
1900722
1900723
1900724
1900725
1900726
1900727
19007279
1900728
1900729
1900730
1900731
1900732
1900733
1900734
1900735
1900736
1900738
1900739
1900740
1900741
1900769
1900770
19007775
19007826
19008145
19008147
1900828
1900829
1900830
1900832
1900833
19008390
1900843
19008956
19009037
19009099
19009495
19009655
19009824
19009945
19009948
19009976
19009981
1901
19010075
19013000
1901302
19013098
19013258
19013850
19013859
19014083
19014084
19014095
19014100
19014102
19014171
19015030
19015034
19015513
19015572
1901807
1901811
19018706
19019681
19019682
19019849
19019850
19019859
19019860
19019861
19019862
19019863
19019864
19019865
19019866
19019867
19019868
19019869
19019870
19019871
19019875
19019878
19019881
19019914
19019915
19019916
19019935
19019936
19019937
19019938
19019939
19019955
1902
19020252
19020516
19020518
19020569
19020572
1902060
19021018
1902215
1902224
19023394
19023432
19023455
19023464
19023468
19023490
19023591
19023700
19023733
19023734
19023737
19023740
19023752
19023759
19023835
19023848
19023849
19023850
19023853
19023855
19023856
19023857
19023858
19023860
19023898
19023899
19023901
19023902
19023908
19023909
19024262
19024289
19024362
19024977
19025013
19025014
1902504
19025168
19025445
19025547
19025600
19025613
19025722
19025850
19025851
19025852
19026065
19026095
1902619
1902622
19026331
1902651
1902653
19026639
19026647
19026704
19026750
19026809
19026810
19026861
19026902
19026904
19026929
19026980
19027012
19027339
19027432
19027434
19027455
19027457
19027733
19028175
19028176
19028177
19028353
1902963
1903
1903052
19031060
19032564
19032732
19032809
19032889
19033337
19033708
19033807
19034052
19034261
19034502
19034670
19034673
19034762
19035273
19035335
19035614
19035623
19036102
19036815
19036818
19036923
19036967
19037073
19039472
19039687
19039790
1904
19040056
19040411
19040477
19041053
19041084
19041255
19041305
19041350
19041878
19041879
19042870
19042909
19042951
19043091
19043456
19044037
19044038
19044039
19044040
19044041
19044042
19044043
19044044
19044045
19044046
19044047
19044048
19044049
19044050
19044051
19044052
19044053
19044054
19044055
19045039
19045357
19045384
19045385
19045425
19045495
19045501
19045623
19046180
19046205
19046641
19046681
19046984
19047168
19047369
19047391
19047405
19047895
19047896
19048050
19048215
19048265
19048279
19048283
19048284
19048341
19048344
19048920
1905
19050020
19050729
19051303
19051458
19051486
19051503
19051547
19051820
19052034
19052094
19052148
19052513
19052629
19052821
19053110
19055000
19055047
19056223
19056642
19056645
19056648
19056649
19056780
19057004
19057187
19058115
19058116
19058813
19058899
19058920
19058921
19058922
19059143
19059497
19059573
19059605
19059606
19059609
1906
19060200
19060204
19060644
19060819
19066399
19066400
19066401
19066402
19066531
19066538
19067072
19067807
19068131
19068374
19069555
19069565
1907
19070241
19070509
19071614
19072298
19072546
19072706
19073222
19074502
19075291
19075749
19076257
19079916
1908
19080156
19080172
19080198
19081006
19081219
19084683
19085850
19086520
19086637
19086839
19087542
19088042
19088838
1909
19091833
19091920
19096761
19098398
19098542
19099454
191
1910
19100556
19100558
19100560
19100561
19100562
19100643
19100644
19100645
19100646
19100647
19101145
19101147
19102750
19105374
19105484
19105495
19105638
19105650
19105739
19105740
19105826
19105956
19106005
19106016
19106492
19107394
19107499
19108449
19108524
19108553
1911
19111686
19111789
19111936
19111940
19112044
19112269
19112334
19112451
19112462
19112766
19112965
19113097
19113194
19113207
19113405
19113685
19113693
19113759
19115405
19117172
19117173
19118435
19118609
19118677
19118689
19120778
19120805
19120806
19123700
19124815
19124846
19124847
19125027
19125028
19127454
19127900
19128177
19128416
19128700
19129461
19129629
19129636
19129973
1913
19130008
19131128
19131538
19135182
19135698
19136121
19136483
19137407
19137585
19137714
19138828
19138842
19138845
19138869
19139067
19139649
19139651
19139754
1914
19140451
19140598
19140612
19140630
19140720
19140788
19140897
19140899
19140950
19142549
19142673
19143263
19143843
19144619
19144907
19144921
19144922
19144923
19144990
19145232
19145233
19145262
19145268
19145344
19145345
19145347
19146407
19147284
19147289
19147297
19147706
1915
19151082
19151901
19152027
19152028
19152065
19152066
19152067
19152068
19152070
19152071
19152072
19152073
19152074
19152075
19152076
19152077
19152078
19152081
19152083
19152084
19152085
19152220
19154311
19154313
19154371
19154386
19156147
19156764
19157135
19157249
19157254
19157257
19157261
19157320
1915822954
19158917
19159897
1916
19161609
19161864
19162266
19163369
19163372
19163373
19164161
19164274
19164408
19164456
19165042
19165119
19165192
19166112
19166194
19166487
19166496
19166825
19166835
19168612
19168663
19168673
19168822
19168935
19169872
19169875
19169995
19169996
1917
19170002
19170007
19170011
19170015
19170018
19170022
19170069
19170070
19170152
19170154
19170156
19170158
19170178
19171055
19171304
19172538
19172542
19174879
19174913
19174915
19179876
19179955
19179979
1918
19180189
19184582
19184583
19185286
19186108
19187155
19189179
19189354
19189823
19189934
1919
19190032
19190039
19190079
19190856
19191548
19191716
19191850
19191927
19192344
19192557
19192567
19192637
192
1920
19200887
19204044
19205119
1921
19213392
19214220
19214762
19215308
19216006
19217422
19218393
19219019
19219036
1922
19220160
19220676
19221348
19222407
19222877
19223319
19223517
19223523
19223663
19223667
19223670
19224498
19224752
19227768
1923
19237143
19239452
1924
19243787
19244654
19244675
19247178
19248712
19249036
19249224
19249728
1925
19250015
19250470
19253215
19253694
19255066
19255070
19258282
19259058
1926
19265486
19268659
1927
19270038
19271063
19272546
19272763
19273300
19273578
19273689
19273696
19274801
19275235
19275450
19275753
19276480
19277538
1928
19281310
19281313
19283666
19283780
19287076
19289425
19289428
19289565
1929
19293900
19294426
19294427
19294918
19295238
19295393
19295431
19295782
19295783
19295784
19295785
19295786
19295787
19295788
19295789
19295790
19295791
19295792
19296880
19296881
19298360
193
1930
19300025
19300028
19300082
19300811
19300812
19300813
19302055
19302103
19302208
19302209
19303104
19303223
19305046
19306000
19306269
19306328
19306367
19306924
19307338
19307964
19309399
1931
19317912
19318116
19318741
19318744
1932
19321568
19325790
19326202
19329782
1933
19330532
19334181
19334270
19334983
19335065
19337242
19337485
19337749
19338175
19338533
19339649
19339654
19339780
19339792
19339795
19339799
1934
19340916
19341236
19341556
19341592
19341662
19342404
19342407
19342412
19342416
19342419
19342606
19342607
19342630
19342669
19342677
19343086
19343094
19343525
19343529
19344101
19344102
19344111
19344426
19344658
1935
19351123
19354437
19354605
19354609
19354612
19354616
19354764
19354767
19354772
19354776
19354781
19354784
19359609
1936
19360387
19361703
19363420
19363423
19363426
19364905
19364934
19365016
19365959
19366428
19366445
19367841
19367845
19368599
19369919
1937
19370233
19371422
19372315
19372402
19373857
19373866
19373913
19374757
19375384
19375385
19375386
19375387
19375388
19375489
1937585
1938
19381252
19381773
19382026
19382030
19382040
19383592
19384176
19385067
19385743
19388277
19388286
19388619
1939
19390290
19390921
19391070
19392501
19392506
19392509
19392512
19392521
19392634
19393407
19393438
19393691
19394514
19394582
19397708
19398655
194
1940
19400448
19400988
19400991
19401029
19401165
19408140
1941
1942
1943
1944
1945
1946
1948
1949
195
1950
1951
1952
1953
1954
1955
1956
1957
1958
196
1962
1964
1965
1966
1967
1968
1969
197
1970
1971
1972
1973
1975
1976
1977
1978
1979
198
1980
1981
1982
1983
1984
1986
1987
1988
1989
199
1990
1991
1992
1993
1994
1995
1996
1997323
1998
1999
200
2000
20000007322
2000003341
2000003342
2000003343
2000003344
2000003345
2000003346
2000003347
2000003349
2000003350
2000003351
2000003354
2000003356
2000003359
2000003363
2000003365
2000003368
2000003408
2000003431
2000003463
2000003468
2000003470
2000003471
2000003523
2000003528
2000003554
2000003555
2000003559
2000003587
2000003588
2000003591
2000003593
2000003595
2000003597
2000003603
2000003606
2000003607
2000003624
2000003629
2000003630
2000003645
2000003646
2000003710
2000003711
2000003714
2000003715
2000003813
2000003815
2000003867
2000003887
2000003889
2000003890
2000003891
2000003892
2000003893
2000003896
2000003897
2000003929
2000003930
2000003931
2000003934
2000003939
2000003940
2000003944
2000003958
2000003961
2000003964
2000003965
2000003966
2000003967
2000003968
2000003969
2000003983
2000003984
2000003985
2000003986
2000003987
2000003988
2000003989
2000003990
2000003991
2000003992
2000003993
2000003994
2000003998
2000003999
2000004004
2000004009
2000004016
2000004027
2000004034
2000004040
2000004050
2000004087
2000004089
2000004090
2000004091
2000004093
2000004097
2000004111
2000004125
2000004162
2000004175
2000004176
2000004177
2000004179
2000004182
2000004183
2000004184
2000004185
2000004192
2000004193
2000004194
2000004197
2000004198
2000004199
2000004200
2000004201
2000004202
2000004203
2000004204
2000004205
2000004206
2000004235
2000004241
2000004261
2000004287
2000004288
2000004344
2000004345
2000004346
2000004347
2000004348
2000004349
2000004350
2000004351
2000004352
2000004355
2000004393
2000004395
2000004399
2000004400
2000004403
2000004442
2000004461
2000004486
2000004487
2000004491
2000004492
2000004583
2000004584
2000004586
2000004587
2000004588
2000004589
2000004590
2000004633
2000004667
2000004669
2000004673
2000004695
2000004735
2000004751
2000004762
2000004786
2000004787
2000004797
2000004800
2000004801
2000004807
2000004854
2000004857
2000004859
2000004870
2000004877
2000004882
2000004883
2000004885
2000004978
2000004981
2000004982
2000004991
2000004995
2000004999
2000005003
2000005014
2000005015
2000005017
2000005018
2000005019
2000005020
2000005021
2000005022
2000005023
2000005025
2000005027
2000005039
2000005045
2000005046
2000005047
2000005048
2000005049
2000005050
2000005051
2000005052
2000005053
2000005055
2000005057
2000005059
2000005066
2000005075
2000005078
2000005084
2000005088
2000005089
2000005092
2000005105
2000005108
2000005112
2000005115
2000005118
2000005120
2000005134
2000005135
2000005136
2000005137
2000005138
2000005139
2000005140
2000005145
2000005149
2000005152
2000005153
2000005154
2000005158
2000005160
2000005161
2000005162
2000005163
2000005165
2000005166
2000005168
2000005169
2000005170
2000005171
2000005172
2000005173
2000005175
2000005177
2000005185
2000005187
2000005190
2000005192
2000005193
2000005198
2000005200
2000005201
2000005202
2000005204
2000005205
2000005206
2000005207
2000005208
2000005209
2000005217
2000005227
2000005234
2000005235
2000005236
2000005237
2000005238
2000005239
2000005240
2000005241
2000005242
2000005243
2000005244
2000005245
2000005246
2000005250
2000005259
2000005260
2000005262
2000005263
2000005264
2000005265
2000005266
2000005267
2000005268
2000005269
2000005270
2000005271
2000005273
2000005285
2000005289
2000005296
2000005297
2000005298
2000005299
2000005309
2000005310
2000005311
2000005312
2000005313
2000005314
2000005315
2000005316
2000005317
2000005322
2000005323
2000005324
2000005325
2000005326
2000005327
2000005328
2000005329
2000005330
2000005331
2000005332
2000005333
2000005334
2000005335
2000005337
2000005338
2000005341
2000005342
2000005343
2000005344
2000005345
2000005347
2000005348
2000005350
2000005351
2000005354
2000005355
2000005356
2000005357
2000005360
2000005367
2000005381
2000005403
2000005414
2000005415
2000005418
2000005421
2000005424
2000005425
2000005426
2000005427
2000005428
2000005429
2000005430
2000005431
2000005432
2000005433
2000005435
2000005436
2000005437
2000005438
2000005439
2000005448
2000005466
2000005470
2000005476
2000005477
2000005479
2000005481
2000005482
2000005483
2000005484
2000005485
2000005487
2000005491
2000005496
2000005498
2000005499
2000005500
2000005501
2000005506
2000005513
2000005514
2000005516
2000005517
2000005518
2000005520
2000005528
2000005549
2000005551
2000005554
2000005555
2000005557
2000005558
2000005561
2000005565
2000005582
2000005589
2000005630
2000005633
2000005642
2000005646
2000005654
2000005656
2000005657
2000005659
2000005660
2000005661
2000005668
2000005669
2000005671
2000005672
2000005673
2000005674
2000005675
2000005676
2000005677
2000005678
2000005680
2000005684
2000005689
2000005692
2000005698
2000005699
2000005700
2000005701
2000005702
2000005703
2000005704
2000005705
2000005706
2000005707
2000005709
2000005715
2000005718
2000005733
2000005735
2000005769
2000005771
2000005782
2000005815
2000005856
2000005860
2000005887
2000005891
2000005895
2000005902
2000005946
2000005954
2000005955
2000005956
2000005957
2000005959
2000005963
2000005964
2000005965
2000005967
2000005969
2000006009
2000006027
2000006033
2000006038
2000006040
2000006041
2000006042
2000006045
2000006100
2000006156
2000006173
2000006182
2000006215
2000006216
2000006217
2000006222
2000006226
2000006329
2000006413
2000006487
2000006672
2000006674
2000006775
2000006844
2000007052
2000007200
2000007320
2000007321
2000007322
2000007358
2000007472
2000007474
2000007476
2000007477
2000007478
2000007479
2000007480
2000007485
2000007515
2000007700
2000007817
2000007868
2000007878
2000007885
2000008032
2000008034
2000008035
2000008046
2000008121
2000008126
2000008130
2000008131
2000008158
2000008232
2000008308
2000008309
2000008310
2000008311
2000008312
2000008356
2000008357
2000008366
2000008394
2000008396
2000008460
2000008501
2000008645
2000008648
2000008731
2000008768
2000008818
2000008819
2000008820
2000008821
2000008822
2000008823
2000008824
2000008825
2000008826
2000008827
2000008828
2000008936
2000008968
2000008969
2000008970
2000008972
2000008973
2000008974
2000008976
2000008977
2000008979
2000008981
2000008989
2000009113
2000009163
2000009164
2000009165
2000009166
2000009167
2000009168
2000009171
2000009173
2000009174
2000009175
2000009203
2000009206
2000009208
2000009211
2000009212
2000009214
2000009218
2000009219
2000009221
2000009331
2000009332
2000009339
2000009345
2000009381
2000009431
2000009433
2000009509
2000009510
2000009511
2000009512
2000009513
2000009514
2000009515
2000009516
2000009557
2000009638
2000009639
2000009643
2000009645
2000009646
2000009647
2000009648
2000009678
2000009727
2000009737
20000097545
20000097559
2000009764
2000009765
2000009766
2000009768
2000009771
2000009773
2000009777
2000009778
2000009780
2000009843
2000009845
2000009849
2000009851
2000009853
2000009854
2000009856
2000009857
2000009858
2000009861
2000009870
2000009874
2000009875
2000009877
2000009879
2000009881
2000009883
2000009887
2000010025
2000010034
2000010096
2000010205
2000010207
2000010212
2000010215
2000010216
2000010217
2000010222
2000010227
2000010228
2000010229
2000010233
2000010234
2000010238
2000010240
2000010241
2000010242
2000010320
2000010357
2000010444
2000010462
2000010501
2000010518
2000010547
2000010628
2000010731
2000010741
2000010744
2000010745
2000010754
2000010756
2000010845
2000010856
2000010857
2000010859
2000010862
2000010863
2000010866
2000010959
2000010960
2000010961
2000010962
2000010963
2000010964
2000010965
2000010968
2000010969
2000010971
2000010973
2000010974
2000010975
2000010976
2000010977
2000011033
2000011034
2000011036
2000011038
2000011041
2000011046
2000011050
2000011052
2000011053
2000011176
2000011177
2000011178
2000011179
2000011180
2000011181
2000011183
2000011184
2000011185
2000011186
2000011187
2000011189
2000011190
2000011193
2000011194
2000011195
2000011199
2000011200
2000011201
2000011202
2000011207
2000011208
2000011209
2000011210
2000011211
2000011212
2000011213
2000011216
2000011240
2000011368
2000011374
2000011375
2000011387
2000011389
2000011390
2000011392
2000011393
2000011397
2000011398
2000011400
2000011401
2000011405
2000011407
2000011409
2000011410
2000011412
2000011413
2000011414
2000011416
2000011421
2000011422
2000011423
2000011424
2000011425
2000011427
2000011428
2000011429
2000011430
2000011432
2000011493
20000115598
2000011695
2000011704
2000011832
2000011854
2000011892
2000012026
2000012028
2000012123
2000012133
2000012151
2000012152
2000012159
2000012160
2000012162
2000012163
2000012242
2000012245
2000012246
2000012248
2000012338
2000012404
2000012413
2000012417
2000012419
2000012422
2000012424
2000012428
2000012430
2000012438
2000012515
2000012567
2000012570
2000012571
2000012572
2000012573
2000012574
2000012575
2000012576
2000012577
2000012578
2000012579
2000012580
2000012581
2000012582
2000012583
2000012584
2000012585
2000012586
2000012587
2000012594
2000012685
2000012721
2000012729
2000012730
2000012731
2000012733
2000012735
2000012736
2000012737
2000012740
2000012744
2000012807
2000012844
2000013276
2000013779
2000013844
2000013891
2000013894
2000013919
2000013921
2000013934
2000013937
2000013938
2000013940
2000013942
2000013943
2000013949
2000013950
2000013951
2000013955
2000014035
2000014036
2000014074
2000014118
2000014211
2000014243
2000014322
2000014461
2000014644
2000014856
2000014857
2000014858
2000014859
2000014863
2000014959
2000014962
2000014964
2000014968
2000015022
2000015162
2000015243
2000015274
2000015286
2000015287
2000015290
2000015291
2000015320
2000015330
2000015355
2000015391
2000015392
2000015393
2000015394
2000015395
2000015396
2000015397
2000015398
2000015415
2000015603
2000015703
2000015720
2000015735
2000015739
2000015787
2000015851
2000015861
2000015867
2000015907
2000015940
2000015947
2000015948
2000015949
2000015950
2000015951
2000015952
2000015953
2000015974
2000016049
2000016052
2000016056
2000016224
2000016253
2000016288
2000016408
2000016427
2000016532
2000016624
2000016671
2000016731
2000016768
2000016804
2000016819
2000016823
2000016836
2000016841
2000016853
2000016854
2000016880
2000016894
2000016899
2000016903
2000017113
2000017158
2000017159
2000017160
2000017161
2000017162
2000017163
2000017164
2000017165
2000017166
2000017167
2000017169
2000017170
2000017171
2000017172
2000017173
2000017174
2000017175
2000017177
2000017178
2000017179
2000017180
2000017182
2000017183
2000017184
2000017185
2000017186
2000017187
2000017192
2000017193
2000017194
2000017195
2000017196
2000017197
2000017198
2000017199
2000017203
2000017205
2000017207
2000017212
2000017213
2000017214
2000017231
2000017236
2000017240
2000017247
2000017251
2000017255
2000017262
2000017263
2000017264
2000017268
2000017272
2000017276
2000017281
2000017282
2000017301
2000017302
2000017303
2000017304
2000017305
2000017309
2000017314
2000017317
2000017319
2000017349
2000017350
2000017351
2000017352
2000017353
2000017354
2000017356
2000017359
2000017361
2000017363
2000017364
2000017365
2000017371
2000017374
2000017375
2000017379
2000017380
2000017383
2000017387
2000017389
2000017390
2000017391
2000017392
2000017421
2000017484
2000017510
2000017547
2000017572
2000017617
2000017811
2000017841
2000017842
2000017843
2000017844
2000017845
2000017846
2000017847
2000017865
2000017927
2000017931
2000017940
2000017998
2000018012
2000018019
2000018046
2000018051
2000018099
2000018164
2000018168
2000018280
2000018395
2000018410
2000018416
2000018418
2000018423
2000018428
2000018435
2000018459
2000018504
2000018517
2000018603
2000018720
2000018861
2000018899
2000018932
2000018938
2000018939
2000018940
2000018941
2000018942
2000018943
2000018944
2000018945
2000018946
2000018947
2000019108
2000019274
2000019313
2000019443
2000019481
2000019482
2000019483
2000019489
2000019524
2000019619
2000019658
2000019679
2000019681
2000019685
2000019716
2000019720
2000019722
2000019724
2000019762
2000019776
2000019862
2000020020
2000020049
2000020059
2000020067
2000020075
2000020136
2000020143
2000020194
2000020197
2000020203
2000020204
2000020268
2000020313
2000020399
2000020410
2000020415
2000020418
2000020420
2000020422
2000020446
2000020510
2000020511
2000020552
2000020555
2000020561
2000020627
2000020635
2000020692
2000020693
2000020694
2000020695
2000020696
2000020697
2000020698
2000020699
2000020700
2000020701
2000020702
2000020703
2000020704
2000020706
2000020707
2000020708
2000020709
2000020710
2000020711
2000020712
2000020713
2000020714
2000020715
2000020716
2000020717
2000020718
2000020719
2000020720
2000020721
2000020722
2000020723
2000020724
2000020725
2000020726
2000020727
2000020728
2000020729
2000020730
2000020731
2000020732
2000020733
2000020735
2000020740
2000020741
2000020743
2000020744
2000020745
2000020746
2000020747
2000020748
2000020785
2000020786
2000020787
2000020789
2000020790
2000020886
2000020980
2000021016
2000021033
2000021035
2000021039
2000021050
2000021059
2000021160
2000021298
2000021371
2000021461
2000021462
2000021464
2000021465
2000021466
2000021514
2000021594
2000021617
2000021752
2000021816
2000021924
2000022084
2000022086
2000022088
2000022096
2000022109
2000022110
2000022133
2000022135
2000022136
2000022137
2000022193
2000022256
2000022413
2000022468
2000022654
2000022691
2000022696
2000022734
2000022749
2000022750
2000022751
2000022782
2000022783
2000022784
2000022880
2000022911
2000022913
2000022917
2000022925
2000022930
2000022934
2000022937
2000022955
2000023012
2000023015
2000023026
2000023053
2000023101
2000023110
2000023157
2000023175
2000023251
2000023254
2000023268
2000023273
2000023370
2000023395
2000023485
2000023489
2000023567
2000023574
2000023575
2000023682
2000023734
2000023735
2000023736
2000023737
2000023739
2000023741
2000023742
2000023749
2000023776
2000023777
2000023778
2000023779
2000023780
2000023781
2000023792
2000023814
2000023817
2000023826
2000023832
2000023844
2000023845
2000023846
2000023847
2000023848
2000023849
2000023850
2000023851
2000023852
2000023853
2000023854
2000023855
2000023856
2000023857
2000023858
2000023861
2000023863
2000023957
2000024068
2000024101
2000024121
2000024124
2000024125
2000024126
2000024127
2000024129
2000024132
2000024139
2000024149
2000024171
2000024215
2000024292
2000024438
2000024477
2000024572
2000024603
2000024652
2000024740
2000024833
2000025071
2000025135
2000025136
2000025137
2000025138
2000025139
2000025142
2000025144
2000025147
2000025148
2000025149
2000025150
2000025151
2000025152
2000025197
2000025254
2000025255
2000025256
2000025263
2000025269
2000025275
2000025276
2000025277
2000025279
2000025431
2000025469
2000025481
2000025496
2000025499
2000025500
2000025501
2000025503
2000025505
2000025640
2000025740
2000025741
2000025742
2000025743
2000025744
2000025821
2000025875
2000025882
2000025895
2000025901
2000025909
2000025956
2000026004
2000026008
2000026051
2000026142
2000026221
2000026247
2000026295
2000026296
2000026302
2000026303
2000026304
2000026305
2000026307
2000026308
2000026309
2000026351
2000026428
2000026468
2000026540
2000026541
2000026542
2000026543
2000026544
2000026545
2000026550
2000026562
2000026678
2000026684
2000026769
2000026818
2000026819
2000026821
2000026822
2000026824
2000026825
2000026827
2000026861
2000026953
2000026955
2000027013
2000027044
2000027048
2000027049
2000027051
2000027052
2000027065
2000027182
2000027215
2000027225
2000027288
2000027309
2000027316
2000027322
2000027373
2000027389
2000027396
2000027397
2000027399
2000027410
2000027463
2000027464
2000027472
2000027474
2000027475
2000027476
2000027477
2000027478
2000027479
2000027480
2000027481
2000027482
2000027483
2000027484
2000027485
2000027486
2000027487
2000027488
2000027490
2000027491
2000027492
2000027493
2000027494
2000027495
2000027496
2000027498
2000027501
2000027503
2000027508
2000027537
2000027592
2000027673
2000027722
2000027798
2000027803
2000027885
2000027899
2000027903
2000027911
2000027914
2000027919
2000027923
2000027932
2000027938
2000027945
2000027949
2000027950
2000027951
2000027952
2000027953
2000027957
2000027958
2000027959
2000027961
2000027964
2000027966
2000027968
2000027969
2000027980
2000028043
2000028068
2000028198
2000028200
2000028202
2000028204
2000028205
2000028206
2000028222
2000028244
2000028330
2000028348
2000028365
2000028368
2000028373
2000028414
2000028447
2000028546
2000028559
2000028563
2000028715
2000028841
2000028854
2000029132
2000029139
2000029140
2000029142
2000029143
2000029151
2000029160
2000029329
2000029339
2000029340
2000029380
2000029499
2000029503
2000029507
2000029526
2000029536
2000029587
2000029645
2000029652
2000029653
2000029654
2000029655
2000029656
2000029657
2000029658
2000029659
2000029660
2000029661
2000029662
2000029663
2000029664
2000029665
2000029666
2000029667
2000029668
2000029669
2000029670
2000029671
2000029672
2000029673
2000029674
2000029675
2000029676
2000029677
2000029678
2000029679
2000029680
2000029681
2000029682
2000029683
2000029684
2000029685
2000029691
2000029705
2000029809
2000029828
2000030011
2000030075
2000030077
2000030078
2000030080
2000030085
2000030088
2000030122
2000030131
2000030139
2000030206
2000030291
2000030320
2000030376
2000030520
2000030525
2000030594
2000030636
2000030660
2000030718
2000030890
2000031053
2000031054
2000031056
2000031083
2000031117
2000031222
2000031234
2000031245
2000031248
2000031262
2000031281
2000031354
2000031418
2000031456
2000031457
2000031458
2000031459
2000031460
2000031461
2000031462
2000031463
2000031464
2000031465
2000031466
2000031467
2000031468
2000031470
2000031471
2000031472
2000031473
2000031474
2000031475
2000031479
2000031480
2000031481
2000031482
2000031483
2000031484
2000031485
2000031486
2000031487
2000031488
2000031489
2000031490
2000031491
2000031492
2000031493
2000031494
2000031495
2000031496
2000031497
2000031498
2000031499
2000031500
2000031501
2000031502
2000031503
2000031504
2000031505
2000031506
2000031507
2000031508
2000031509
2000031510
2000031512
2000031513
2000031514
2000031515
2000031517
2000031518
2000031519
2000031520
2000031521
2000031522
2000031524
2000031525
2000031526
2000031528
2000031530
2000031531
2000031532
2000031534
2000031535
2000031537
2000031538
2000031539
2000031540
2000031541
2000031542
2000031543
2000031544
2000031545
2000031546
2000031547
2000031548
2000031549
2000031550
2000031551
2000031552
2000031676
2000031679
2000031707
2000031752
2000031754
2000031894
2000031925
2000031943
2000032060
2000032094
2000032120
2000032122
2000032124
2000032126
2000032127
2000032128
2000032131
2000032132
2000032302
2000032330
2000032349
2000032396
2000032397
2000032400
2000032428
2000032430
2000032491
2000032525
2000032526
2000032527
2000032541
2000032542
2000032544
2000032545
2000032562
2000032564
2000032604
2000032728
2000032780
2000032781
2000032782
2000032783
2000032784
2000032825
2000032826
2000032828
2000032829
2000032830
2000032831
2000032832
2000032841
2000032957
2000032966
2000032988
2000033120
2000033273
2000033546
2000033547
2000033550
2000033693
2000033770
2000033801
2000033961
2000033965
2000033969
2000034323
2000034324
2000034499
2000034500
2000034502
2000034550
2000034551
2000034634
2000034636
2000034639
2000034640
2000034641
2000034642
2000034643
2000034644
2000034645
2000034646
2000034647
2000034648
2000034649
2000034650
2000034652
2000034750
2000034768
2000034769
2000034771
2000034805
2000034873
2000034890
2000035024
2000035034
2000035062
2000035077
2000035141
2000035148
2000035150
2000035157
2000035466
2000035468
2000035471
2000035775
2000036072
2000036098
2000036527
2000036688
2000036800
2000036803
2000036879
2000037109
2000037126
2000037131
2000037132
2000037135
2000037141
2000037148
2000037161
2000037198
2000037206
2000037215
2000037218
2000037542
2000037543
2000037544
2000037545
2000037546
2000037547
2000037602
2000037653
2000037654
2000037655
2000037828
2000037829
2000038055
2000038064
2000038074
2000038140
2000038185
2000038191
2000038293
2000038295
2000038296
2000038307
2000038344
2000038354
2000038369
2000038402
2000038428
2000038437
2000038439
2000038472
2000038517
2000038539
2000038686
2000038687
2000038696
2000038697
2000038698
2000038700
2000038721
2000038724
2000038738
2000039244
2000039258
2000039260
2000039271
2000039273
2000039275
2000039317
2000039319
2000039322
2000039445
2000039495
2000039497
2000039498
2000039499
2000039500
2000039501
2000039544
2000039615
2000039732
2000039793
2000039796
2000039823
2000039824
2000039825
2000039826
2000039827
2000039828
2000039829
2000039831
2000039832
2000039842
2000039972
2000040208
2000040229
2000040235
2000040238
2000040240
2000040242
2000040250
2000040290
2000040301
2000040445
2000040455
2000040486
2000040594
2000040645
2000040678
2000040696
2000040846
2000040847
2000040867
2000040883
2000040901
2000041082
2000041098
2000041101
2000041637
2000041640
2000041645
2000041654
2000041655
2000041658
2000041660
2000041664
2000041668
2000041727
2000041728
2000041729
2000041730
2000041731
2000041732
2000041733
2000041734
2000041736
2000041737
2000041738
2000041739
2000041740
2000041741
2000041748
2000041749
2000041750
2000041752
2000041754
2000041755
2000041920
200004206
2000042373
2000042374
2000042375
2000042376
2000042377
2000042380
2000042381
2000042383
2000042387
2000042388
2000042389
2000042391
2000042392
2000042393
2000042394
2000042396
2000042397
2000042398
2000042399
2000042458
2000042469
2000042486
2000042498
2000042505
2000042509
2000042513
2000042516
2000042519
2000042520
2000042643
2000042653
2000042654
2000042656
2000042658
2000042659
2000042660
2000042662
2000042664
2000042758
2000042927
2000042933
2000042962
2000042965
2000042968
2000042971
2000042972
2000042974
2000042976
2000042979
2000042981
2000042982
2000042984
2000042987
2000042993
2000043001
2000043007
2000043017
2000043021
2000043022
2000043023
2000043024
2000043038
2000043045
2000043047
2000043048
2000043049
2000043053
2000043056
2000043060
2000043063
2000043068
2000043070
2000043071
2000043127
2000043128
2000043134
2000043162
2000043163
2000043164
2000043169
2000043170
2000043176
2000043178
2000043182
2000043186
2000043187
2000043188
2000043190
2000043191
2000043193
2000043197
2000043212
2000043415
2000043416
2000043419
2000043420
2000043421
2000043423
2000043424
2000043426
2000043428
2000043429
2000043431
2000043432
2000043443
2000043453
2000043456
2000043462
2000043469
2000043478
2000043485
2000043488
2000043491
2000043495
2000043501
2000043502
2000043511
2000043514
2000043515
2000043519
2000043522
2000043616
2000043620
2000043627
2000043706
2000043710
2000043743
2000043745
2000043746
2000043750
2000043753
2000043794
2000043903
2000044228
2000044232
2000044236
2000044239
2000044276
2000044356
2000044357
2000044563
2000044618
2000044624
2000044629
2000044652
2000044976
2000044978
2000044980
2000044982
2000045120
2000045200
2000045201
2000045212
2000045213
2000045214
2000045215
2000045216
2000045217
2000045218
2000045219
2000045220
2000045221
2000045222
2000045223
2000045224
2000045302
2000045305
2000045400
2000045464
2000045562
2000045731
2000045736
2000045738
2000045739
2000045784
2000045886
2000045892
2000045895
2000045899
2000045903
2000045906
2000045907
2000045910
2000045912
2000045913
2000045914
2000045915
2000046434
2000046435
2000046436
2000046437
2000046438
2000046469
2000046470
2000046471
2000046472
2000046473
2000046475
2000046476
2000046477
2000046478
2000046479
2000046481
2000046482
2000046483
2000046484
2000046485
2000046486
2000046487
2000046488
2000046489
2000046490
2000046566
2000046567
2000046573
2000046574
2000046663
2000046676
2000046824
2000046870
2000046871
2000046872
2000046873
2000046874
2000046875
2000046876
2000046877
2000046878
2000046879
2000046880
2000046881
2000046882
2000046884
2000046885
2000046886
2000046887
2000046888
2000046889
2000046890
2000046985
2000047045
2000047103
2000047126
2000047127
2000047128
2000047129
2000047130
2000047132
2000047136
2000047146
2000047190
2000047197
2000047440
2000047648
2000047784
2000047791
2000047792
2000047903
2000048138
2000048341
2000048342
2000048343
2000048344
2000048345
2000048346
2000048347
2000048348
2000048349
2000048350
2000048351
2000048352
2000048353
2000048354
2000048355
2000048356
2000048357
2000048358
2000048359
2000048360
2000048361
2000048362
2000048363
2000048364
2000048365
2000048366
2000048367
2000048368
2000048379
2000048458
2000048460
2000048523
2000048652
2000048681
2000048710
2000048732
2000048790
2000048795
2000048798
2000048800
2000048801
2000048802
2000048831
2000048851
2000048854
2000048880
2000048916
2000048917
2000048925
2000048942
2000048951
2000048953
2000049263
2000049297
2000049300
2000049304
2000049310
2000049383
2000049384
2000049385
2000049386
2000049387
2000049388
2000049389
2000049390
2000049391
2000049392
2000049526
2000049620
2000049649
2000049656
2000049657
2000049658
2000049661
2000049663
2000049797
2000049809
2000049940
2000050027
2000050059
2000050060
2000050063
2000050118
2000050120
2000050122
2000050125
2000050126
2000050215
2000050219
2000050223
2000050232
2000050234
2000050242
2000050256
2000050265
2000050274
2000050276
2000050279
2000050284
2000050290
2000050293
2000050294
2000050322
2000050323
2000050324
2000050325
2000050326
2000050327
2000050328
2000050345
2000050440
2000050453
2000050456
2000050458
2000050462
2000050469
2000050498
2000050499
2000050527
2000050537
2000050547
2000050557
2000050562
200005057
2000050570
2000050582
2000050588
2000050589
2000050592
2000050596
2000050636
2000050699
2000050704
2000050717
2000050727
2000050731
2000050737
2000050756
2000050760
2000050762
2000050763
2000050765
2000050768
2000050775
2000050783
2000050784
2000050787
2000050789
2000050795
2000050800
2000050802
2000050804
2000050816
2000050821
2000050822
2000050862
2000050865
2000050867
2000050871
2000050874
2000050877
2000050880
2000050882
2000050884
2000050886
2000050887
2000050888
2000050890
2000050891
2000050893
2000050894
2000050895
2000050898
2000050902
2000050906
2000050909
2000050911
2000050912
2000051042
2000051047
2000051048
2000051054
2000051055
2000051058
2000051072
2000051079
2000051082
2000051084
2000051086
2000051307
2000051466
2000051497
2000051499
2000051500
2000051524
2000051525
2000051526
2000051527
2000051528
2000051529
2000051530
2000051531
2000051532
2000051533
2000051534
2000051535
2000051536
2000051537
2000051538
2000051539
2000051540
2000051541
2000051542
2000051543
2000051588
2000051647
2000051648
2000051650
2000051652
2000051653
2000051655
2000051656
2000051702
2000051717
2000051818
2000051819
2000051820
2000051822
2000051823
2000051824
2000051825
2000051826
2000051827
2000051828
2000051829
2000051830
2000051831
2000051832
2000051833
2000051834
2000051835
2000051836
2000051837
2000051838
2000051839
2000051840
2000051841
2000051842
2000051843
2000051844
2000051845
2000051846
2000051847
2000051848
2000052051
2000052067
2000052079
2000052081
2000052082
2000052083
2000052084
2000052086
2000052092
2000052100
2000052102
2000052103
2000052105
2000052110
2000052113
2000052116
2000052125
2000052144
2000052258
2000052259
2000052260
2000052261
2000052263
2000052264
2000052265
2000052266
2000052267
2000052268
2000052271
2000052274
2000052275
2000052276
2000052277
2000052280
2000052281
2000052282
2000052284
2000052285
2000052304
2000052466
2000052541
2000052542
2000052543
2000052544
2000052545
2000052546
2000052547
2000052548
2000052549
2000052550
2000052551
2000052552
2000052553
2000052554
2000052555
2000052556
2000052557
2000052558
2000052559
2000052560
2000052561
2000052563
2000052564
2000052565
2000052566
2000052567
2000052568
2000052569
2000052570
2000052571
2000052593
2000052773
2000052774
2000052776
2000052777
2000052816
2000052924
2000052947
2000052972
2000052977
2000052988
2000052991
2000052997
2000053047
2000053049
2000053052
2000053054
2000053057
2000053061
2000053064
2000053081
2000053092
2000053093
2000053094
2000053095
2000053096
2000053097
200005330
2000053309
2000053380
2000053447
2000053458
2000053459
2000053460
2000053461
2000053462
2000053463
2000053464
2000053465
2000053466
2000053467
2000053468
2000053469
2000053470
2000053471
2000053472
2000053473
2000053474
2000053475
2000053476
2000053477
2000053525
2000053527
2000053535
2000053540
2000053639
2000053642
2000053643
2000053644
2000053645
2000053646
2000053647
2000053648
2000053649
2000053650
2000053651
2000053652
2000053653
2000053654
2000053655
2000053656
2000053657
2000053662
2000053665
2000053712
2000053774
2000053779
2000053782
2000053786
2000053792
2000053793
2000053796
2000053820
2000053828
2000053836
2000053837
2000053839
2000053840
2000053945
2000053951
2000053959
2000053963
2000053966
2000053967
2000053968
2000053970
2000053989
2000053991
2000053992
2000053995
2000054103
2000054123
2000054132
2000054136
2000054137
2000054139
2000054153
2000054154
2000054155
2000054269
2000054272
2000054275
2000054282
2000054288
2000054293
2000054297
2000054300
2000054302
2000054308
2000054318
2000054330
2000054342
2000054481
2000054514
2000054518
2000054522
2000054525
2000054528
2000054529
2000054555
2000054596
2000054618
2000054622
2000054713
2000054714
2000054718
2000054720
2000054721
2000054722
2000054724
2000054727
2000054730
2000054732
2000054735
2000054742
2000054744
2000054749
2000054763
2000054768
2000054859
2000054970
2000054975
2000055010
2000055030
2000055121
2000055122
2000055124
2000055126
2000055129
2000055144
2000055283
2000055287
2000055289
2000055291
2000055706
2000055712
2000055720
2000055746
2000056224
2000056376
2000056380
2000056384
2000056402
2000056405
2000056414
2000056418
2000056479
2000056483
2000056609
2000056728
2000056767
2000057229
2000057234
2000057242
2000057285
2000057321
2000057456
2000057474
2000057484
2000057699
2000057909
2000058039
2000058188
2000058210
2000058277
2000058295
2000058317
2000058343
2000058344
2000058360
2000058366
2000058382
2000058385
2000058390
2000058391
2000058397
2000058401
2000058405
2000058417
2000058424
2000058436
2000058507
2000058788
2000059042
2000059134
2000059135
2000059136
2000059138
2000059139
2000059141
2000059417
2000059593
2000059605
2000059606
2000059612
2000059791
2000059802
2000059813
2000059845
2000059846
2000059847
2000059850
2000059852
2000059853
2000059855
2000059857
2000059858
2000059859
2000059860
2000059861
2000059862
2000059866
2000059868
2000059869
2000059870
2000059872
2000059874
2000059876
2000059880
2000059881
2000059883
2000059885
2000059886
2000059887
2000059888
2000059889
2000059890
2000059891
2000059893
2000059894
2000059896
2000059898
2000059900
200006009
2000060324
2000060403
2000060404
2000060405
2000060407
2000060409
2000060410
2000060543
2000060569
2000060571
2000060617
2000060623
2000060698
2000060699
2000060834
2000060852
2000060873
2000060898
2000060926
2000061046
2000061047
2000061053
2000061079
2000061194
2000062546
2000062726
2000062779
2000062972
2000062987
2000063009
2000063235
2000063462
2000063753
2000063766
2000063894
2000063906
2000064525
2000064544
2000064545
2000064548
2000064553
2000064560
2000064562
2000064565
2000064574
2000064579
2000064594
2000064596
2000064602
2000064605
2000064687
2000064701
2000064916
2000064936
2000065033
2000065522
2000065524
2000065525
2000065526
2000065527
2000065556
2000066028
2000066145
2000066279
2000066460
2000066528
2000066536
2000066562
2000066567
2000066585
2000066588
2000066623
2000066640
2000066732
2000066744
2000066754
2000066757
2000066763
2000066786
2000066789
2000066797
2000066813
2000066826
2000066827
2000066843
2000066863
2000066868
2000066896
2000066904
2000066911
2000066921
2000066928
2000066932
2000066936
2000066937
2000066957
2000066965
2000066966
2000066984
2000066985
2000066992
2000067001
2000067006
2000067016
2000067017
2000067023
2000067027
2000067046
2000067054
2000067065
2000067182
2000067191
2000067205
2000067264
2000067389
2000067398
2000067426
2000067454
2000067458
2000067459
2000067467
2000067486
2000067549
2000067559
2000067562
2000067563
2000067564
2000067576
2000067647
2000067648
2000067680
2000067697
2000067698
2000067930
2000067937
2000067940
2000067945
2000067947
2000067949
2000067957
2000068003
2000068034
2000068227
2000068326
2000068337
2000068438
2000068441
2000068693
2000068933
2000069057
2000069331
2000069339
2000069357
2000069399
2000069448
2000069449
2000069450
2000069451
2000069452
2000069453
2000069480
2000069491
2000069512
2000069522
2000069533
2000069561
2000069596
2000069660
2000069661
2000069662
2000069663
2000069664
2000069666
2000069667
2000069668
2000069669
2000069713
2000069715
2000069716
2000069717
2000069718
2000069719
2000069721
2000069723
2000069724
2000069726
2000069729
2000069730
2000069731
2000069733
2000069737
2000069738
2000069739
2000069741
2000069742
2000069801
2000069806
2000069818
2000069907
2000069908
2000069909
2000069910
2000069911
2000069912
2000069913
2000069914
2000069916
2000069917
2000069919
2000069921
2000069923
2000069935
2000069943
2000069945
2000069948
2000069956
2000069997
2000069999
2000070043
2000070050
2000070106
2000070316
2000070317
2000070318
2000070455
2000070456
2000070457
2000070458
2000070459
2000070461
2000070463
2000070464
2000070465
2000070466
2000070467
2000070536
2000070544
2000070646
2000070648
2000070654
2000070657
2000070660
2000070668
2000070691
2000070700
2000070707
2000070708
2000070740
2000070770
2000070811
2000070816
2000070817
2000070864
2000070865
2000070878
2000070879
2000070880
2000070923
2000070926
2000070931
2000070932
2000070949
2000070964
2000070983
2000070986
2000070989
2000071001
2000071003
2000071005
2000071006
2000071008
2000071028
2000071030
2000071032
2000071133
2000071135
2000071291
2000071293
2000071301
2000071302
2000071326
2000071358
2000071359
2000071371
2000071410
2000071414
2000071655
2000071656
2000071935
2000071943
2000071947
2000072062
2000072091
2000072200
2000072201
2000072203
2000072205
2000072207
2000072233
2000072237
2000072238
2000072242
2000072244
2000072245
2000072286
2000072381
2000072382
2000072448
2000072585
2000072586
2000072587
2000072588
2000072589
2000072628
2000072629
2000072630
2000072631
2000072640
2000072642
2000072645
2000072646
2000072648
2000072657
2000072669
2000072670
2000072671
2000072672
2000072673
2000072674
2000072714
2000072715
2000072718
2000072720
2000072727
2000072740
2000072756
2000072764
2000072765
2000072766
2000072767
2000072768
2000072769
2000072770
2000072789
2000072794
2000072797
2000072805
2000072806
2000072807
2000072808
2000072809
2000072811
2000072812
2000072820
2000072848
2000072849
2000072867
2000072870
2000072871
2000072875
2000072876
2000072879
2000072880
2000072891
2000072892
2000072893
2000072909
2000072910
2000072911
2000072950
2000072957
2000072958
2000073029
2000073030
2000073080
2000073081
2000073082
2000073083
2000073084
2000073090
2000073091
2000073092
2000073093
2000073094
2000073095
2000073097
2000073114
2000073116
2000073190
2000073193
2000073213
2000073220
2000073226
2000073228
2000073277
2000073350
2000073352
2000073353
2000073354
2000073355
2000073356
2000073366
2000073368
2000073371
2000073384
2000073385
2000073386
2000073387
2000073392
2000073394
2000073395
2000073397
2000073400
2000073401
2000073402
2000073405
2000073407
2000073409
2000073413
2000073416
2000073417
2000073424
2000073425
2000073427
2000073431
2000073432
2000073433
2000073435
2000073437
2000073439
2000073459
2000073475
2000073476
2000073486
2000073510
2000073512
2000073514
2000073518
2000073520
2000073533
2000073535
2000073536
2000073540
2000073541
2000073542
2000073543
2000073544
2000073568
2000073570
2000073612
2000073614
2000073615
2000073616
2000073617
2000073618
2000073619
2000073621
2000073623
2000073624
2000073632
2000073635
2000073642
2000073647
2000073648
2000073655
2000073658
2000073661
2000073663
2000073664
2000073665
2000073666
2000073667
2000073671
2000073708
2000073711
2000073712
2000073713
2000073715
2000073720
2000073746
2000073747
2000073749
2000073750
2000073751
2000073752
2000073753
2000073756
2000073758
2000073772
2000073773
2000073774
2000073775
2000073777
2000073825
2000073827
2000073828
2000073829
2000073832
2000073833
2000073834
2000073836
2000073837
2000073838
2000073874
2000073877
2000073878
2000073880
2000073881
2000073882
2000073885
2000073886
2000073888
2000073890
2000073891
2000073951
2000073952
2000073955
2000073956
2000073958
2000073960
2000073961
2000073963
2000073965
2000073966
2000073968
2000073969
2000073971
2000073972
2000073973
2000073974
2000073975
2000073976
2000073978
2000073979
2000073980
2000073981
2000073982
2000073984
2000073986
2000073989
2000073991
2000073994
2000073996
2000073999
2000074005
2000074012
2000074013
2000074014
2000074024
2000074025
2000074027
2000074028
2000074029
2000074030
2000074031
2000074033
2000074034
2000074039
2000074040
2000074041
2000074042
2000074043
2000074044
2000074045
2000074046
2000074047
2000074048
2000074049
2000074051
2000074055
2000074057
2000074058
2000074060
2000074066
2000074067
2000074068
2000074069
2000074070
2000074071
2000074075
2000074078
2000074081
2000074085
2000074087
2000074088
2000074090
2000074093
2000074096
2000074098
2000074119
2000074129
2000074130
2000074132
2000074135
2000074137
2000074138
2000074140
2000074141
2000074143
2000074144
2000074145
2000074146
2000074147
2000074148
2000074150
2000074151
2000074152
2000074153
2000074154
2000074155
2000074189
2000074191
2000074192
2000074193
2000074195
2000074202
2000074207
2000074214
2000074232
2000074233
2000074234
2000074235
2000074236
2000074238
2000074240
2000074242
2000074245
2000074251
2000074252
2000074264
2000074266
2000074267
2000074271
2000074276
2000074283
2000074284
2000074285
2000074286
2000074287
2000074301
2000074336
2000074373
2000074378
2000074379
2000074381
2000074387
2000074397
2000074412
2000074428
2000074429
2000074433
2000074434
2000074441
2000074454
2000074456
2000074458
2000074459
2000074460
2000074461
2000074462
2000074464
2000074465
2000074467
2000074468
2000074472
2000074473
2000074484
2000074501
2000074533
2000074536
2000074537
2000074539
2000074540
2000074542
2000074543
2000074544
2000074545
2000074546
2000074550
2000074551
2000074553
2000074556
2000074557
2000074558
2000074559
2000074563
2000074566
2000074567
2000074568
2000074569
2000074572
2000074576
2000074578
2000074579
2000074580
2000074581
2000074582
2000074584
2000074585
2000074588
2000074601
2000074602
2000074603
2000074605
2000074606
2000074608
2000074610
2000074611
2000074703
2000074740
2000074775
2000074785
2000074787
2000074809
2000074854
2000074865
2000074890
2000074904
2000074905
2000074906
2000074907
2000074908
2000074924
2000074927
2000074947
2000074957
2000075039
2000075051
2000075053
2000075054
2000075055
2000075067
2000075088
2000075089
2000075090
2000075091
2000075092
2000075093
2000075111
2000075113
2000075127
2000075128
2000075129
2000075130
2000075142
2000075171
2000075312
2000075320
2000075325
2000075326
2000075327
2000075328
2000075333
2000075334
2000075336
2000075338
2000075341
2000075344
2000075347
2000075350
2000075351
2000075352
2000075355
2000075358
2000075381
2000075397
2000075402
2000075404
2000075405
2000075416
2000075418
2000075419
2000075431
2000075436
2000075437
2000075438
2000075449
2000075452
2000075454
2000075456
2000075457
2000075458
2000075459
2000075460
2000075466
2000075470
2000075472
2000075580
2000075582
2000075583
2000075584
2000075586
2000075621
2000075623
2000075624
2000075741
2000075906
2000075955
2000075956
2000075959
2000075961
2000075962
2000075963
2000075987
2000076093
2000076107
2000076108
2000076109
2000076121
2000076123
2000076125
2000076127
2000076128
2000076131
2000076217
2000076224
2000076232
2000076234
2000076256
2000076263
2000076267
2000076291
2000076298
2000076453
2000076456
2000076459
2000076493
2000076513
2000076598
2000076599
2000076600
2000076792
2000076793
2000076928
2000076957
2000077034
2000077035
2000077036
2000077046
2000077047
2000077049
2000077050
2000077052
2000077054
2000077057
2000077058
2000077063
2000077067
2000077072
2000077075
2000077114
2000077116
2000077117
2000077120
2000077123
2000077124
2000077134
2000077139
2000077143
2000077147
2000077382
2000077386
2000077388
2000077391
2000077399
2000077421
2000077425
2000077433
2000077436
2000077451
2000077453
2000077454
2000077459
2000077466
2000077467
2000077795
2000077838
2000077883
2000077909
2000077918
2000077978
2000077979
2000077985
2000077992
2000078004
2000078006
2000078063
2000078066
2000078071
2000078109
2000078112
2000078186
2000078635
2000078642
2000078643
2000078649
2000078653
2000078683
2000078688
2000078689
2000078690
2000078719
2000078726
2000078727
2000078812
2000078815
2000078819
2000079036
2000079293
2000079707
2000079709
2000079714
2000079741
2000079761
2000079826
2000079830
2000079839
2000079843
2000079844
2000079846
2000079860
2000079867
2000079871
2000079879
2000079882
2000079884
2000079887
2000079890
2000079891
2000079922
2000079924
2000079925
2000079926
2000079929
2000079930
2000079931
2000079932
2000079933
2000079934
2000079936
2000079938
2000079942
2000079943
2000079944
2000079945
2000079947
2000079949
2000079952
2000079954
2000080144
2000080149
2000080153
2000080323
2000080375
2000080384
2000080390
2000080396
2000080419
2000080740
2000080777
2000080805
2000080806
2000080812
2000080813
2000080843
2000080899
2000080910
2000080929
2000080955
2000080961
2000080962
2000080966
2000080968
2000080973
2000080983
2000080988
2000081028
2000081075
2000081083
2000081085
2000081086
2000081089
2000081112
2000081308
2000081364
2000081368
2000081390
2000081403
2000081407
2000081438
2000081451
2000081453
2000081455
2000081458
2000081466
2000081586
2000081655
2000081938
2000081939
2000081940
2000081941
2000081942
2000081943
2000081944
2000082551
2000082632
2000082636
2000082638
2000082648
2000082721
2000082862
2000083043
2000083428
2000083761
2000083927
2000083940
2000084443
2000084444
2000084620
2000085013
2000085014
2000085015
2000085016
2000085017
2000085018
2000085019
2000085020
2000085021
2000085022
2000085023
2000085024
2000085025
2000085026
2000085027
2000085028
2000085029
2000085030
2000085032
2000085033
2000085286
2000085327
2000085394
2000085397
2000085398
2000085404
2000085632
2000085665
2000085696
2000085710
2000085733
2000085862
2000085994
2000085996
2000086024
2000086148
2000086157
2000086160
2000086176
2000086268
2000086270
2000086271
2000086310
2000086311
2000086314
2000086319
2000086323
2000086326
2000086327
2000086340
2000086344
2000086346
2000086351
2000086353
2000086355
2000086362
2000086373
2000086402
2000086473
2000086509
2000086515
2000086595
2000086764
2000086774
2000086822
2000086825
2000086924
2000087040
2000087188
2000087280
2000087460
2000087596
2000087684
2000087685
2000087690
2000087698
2000087699
2000087700
2000087702
2000087708
2000087775
2000087895
2000087993
2000087995
2000088005
2000088316
2000088323
2000088503
2000088543
2000088620
2000088632
2000088648
2000088652
2000088654
2000088671
2000088674
2000088786
2000088808
2000088957
2000089418
2000089420
2000089634
2000090186
2000090667
2000090692
2000090797
2000090863
2000090864
2000090865
2000090892
2000090893
2000090896
2000090944
2000090996
2000091054
2000091058
2000091071
2000091075
2000091078
2000091082
2000091091
2000091157
2000091160
2000091162
2000091165
2000091184
2000091185
2000091317
2000091323
2000091325
2000091326
2000091327
2000091329
2000091333
2000091353
2000091357
2000091413
2000091414
2000091420
2000091423
2000091425
2000091428
2000091537
2000091539
2000091562
2000091570
2000091668
2000091742
2000091761
2000091771
2000091791
2000091792
2000091793
2000091827
2000091828
2000091831
2000091832
2000091833
2000091879
2000091973
2000091979
2000091983
2000091993
2000091995
2000091997
2000092002
2000092031
2000092033
2000092128
2000092138
2000092139
2000092150
2000092244
2000092246
2000092247
2000092248
2000092252
2000092261
2000092409
2000092429
2000092519
2000092575
2000092612
2000092638
2000092652
2000092727
2000092780
2000092782
2000092799
2000092804
2000092814
2000092816
2000092817
2000092821
2000092824
2000092828
2000092831
2000092832
2000092835
2000092836
2000092838
2000092839
2000092842
2000092845
2000092847
2000092848
2000092849
2000092852
2000092857
2000092860
2000092862
2000092865
2000092867
2000092868
2000092869
2000092870
2000092871
2000092872
2000092873
2000092874
2000092876
2000092877
2000092879
2000092880
2000092895
2000092993
2000093001
2000093021
2000093022
2000093024
2000093025
2000093027
2000093029
2000093039
2000093042
2000093049
2000093056
2000093060
2000094102
2000094103
2000094125
2000094137
2000094138
2000094178
2000094201
2000094334
2000094357
2000094469
2000094490
2000094495
2000094597
2000094627
2000094647
2000094649
2000094650
2000094656
2000094669
2000094821
2000094828
2000094829
2000094833
2000094838
2000094845
2000094855
2000094858
2000094920
2000094958
2000094971
2000094994
2000095018
2000095019
2000095027
2000095112
2000095114
2000095154
2000095265
2000095355
2000095359
2000095360
2000095361
2000095366
2000095370
2000095372
2000095496
2000095498
2000095511
2000095528
2000095531
2000095597
2000095603
2000095625
2000095632
2000095665
2000095676
2000095727
2000095762
2000095831
2000095834
2000095841
2000095854
2000096018
2000096040
2000096042
2000096045
2000096047
2000096048
2000096049
2000096050
2000096051
2000096057
2000096059
2000096061
2000096067
2000096068
2000096071
2000096080
2000096081
2000096082
2000096083
2000096084
2000096085
2000096106
2000096113
2000096186
2000096191
2000096240
2000096257
2000096261
2000096287
2000096337
2000096338
2000096339
2000096340
2000096449
2000096602
2000096622
2000096630
2000096678
2000096694
2000096829
2000096837
2000096984
2000096985
2000096986
2000096987
2000097000
2000097019
2000097042
2000097062
2000097067
2000097114
2000097130
2000097135
2000097140
2000097367
2000097399
2000097457
2000097464
2000097514
2000097607
2000097647
2000097954
2000098190
2000098197
2000098197alt
2000098203
2000098208
2000098212
2000098222
2000098366
2000098612
2000098765
2000098774
2000098775
2000098782
2000098784
2000098819
2000098842
2000099075
2000099205
2000099236
2000099238
2000099238alt
2000099688
2000099704
2000099708
2000099710
2000099729
2000099733
2000099793
2000099794
2000099795
2000099796
2000099797
2000099807
2000099829
2000099831
2000099842
2000099853
2000099859
2000099861
2000099862
2000099878
2000099880
2000099881
2000100000
2000100007
2000100009
2000100012
2000100018
2000100019
2000100028
2000100039
2000100201
2000100220
2000100232
2000100245
2000100452
2000100453
2000100455
2000100456
2000100463
2000100561
2000100571
2000100574
2000100581
2000100586
2000100594
2000100609
2000100616
2000100620
2000100626
2000100629
2000100634
2000100636
2000100658
2000100726
2000100801
2000100802
2000100808
2000100812
2000100815
2000100848
2000100859
2000100864
2000100866
2000100869
2000100914
2000100996
2000101113
2000101169
2000101173
2000101178
2000101182
2000101209
2000101210
2000101279
2000101282
2000101318
2000101320
2000101328
2000101329
2000101375
2000101396
2000101439
2000101484
2000101519
2000101548
2000101561
2000101565
2000101581
2000101672
2000101677
2000101728
2000101878
2000102184
2000102290
2000102293
2000102489
2000102496
2000102542
2000102569
2000102622
2000102624
2000102683
2000102685
2000102689
2000102942
2000102951
2000102956
2000103189
2000103199
2000103286
2000103340
2000103345
2000103385
2000103386
2000103387
2000103389
2000103463
2000103573
2000103644
2000103654
2000103657
2000103785
2000103787
2000103830
2000103836
2000103848
2000103951
2000103957
2000103977
2000103978
2000103979
2000103980
2000104150
2000104167
2000104230
2000104232
2000104233
2000104441
2000104529
2000104603
2000104611
2000104674
2000104675
2000104676
2000104678
2000104681
2000105059
2000105066
2000105297
2000105301
2000105580
2000105582
2000105583
2000105599
2000105605
2000105613
2000105620
2000105622
2000106284
2000106442
2000106443
2000106466
2000106823
2000106825
2000106858
2000106888
2000106913
2000107120
2000107122
2000107136
2000107146
2000107204
2000107275
2000107326
2000107537
2000107561
2000107604
2000107611
2000107659
2000107689
2000107693
2000107709
2000107712
2000107714
2000107716
2000107798
2000107919
2000107920
2000107922
2000108024
2000108235
2000108343
2000108369
2000108467
2000108649
2000108669
2000108683
2000108768
2000108841
2000108844
2000108846
2000108849
2000108867
2000108889
2000108899
2000108903
2000108960
2000109445
2000109530
2000109609
2000109869
2000109889
2000109891
2000109904
2000109910
2000110054
2000110055
2000110216
2000110218
2000110219
2000110224
2000110226
2000110227
2000110228
2000110231
2000110241
2000110245
2000110251
2000110328
2000110380
2000110381
2000110382
2000110383
2000110386
2000110387
2000110390
2000110486
2000110646
2000110653
2000110657
2000110689
2000110690
2000110691
2000110692
2000110693
2000110695
2000110775
2000110778
2000110803
2000110813
2000110898
2000110899
2000110905
2000111007
2000111029
2000111030
2000111033
2000111035
2000111041
2000111043
2000111046
2000111047
2000111048
2000111053
2000111054
2000111056
2000111057
2000111059
2000111061
2000111062
2000111064
2000111066
2000111119
2000111125
2000111129
2000111173
2000111319
2000111330
2000111391
2000111394
2000111404
2000111423
2000111425
2000111426
2000111455
2000111487
2000111488
2000111492
2000111493
2000111494
2000111511
2000111512
2000111551
2000111717
2000111721
2000111726
2000111767
2000111778
2000111781
2000111787
2000111809
2000111814
2000111817
2000111822
2000111827
2000111864
2000111884
2000111994
2000112022
2000112087
2000112101
2000112146
2000112275
2000112280
2000112283
2000112295
2000112299
2000112308
2000112335
2000112436
2000112488
2000112489
2000112490
2000112491
2000112492
2000112493
2000112494
2000112495
2000112496
2000112497
2000112498
2000112499
2000112500
2000112501
2000112502
2000112503
2000112504
2000112505
2000112506
2000112507
2000112540
2000112551
2000112559
2000112583
2000112591
2000112593
2000112605
2000112622
2000112791
2000112793
2000112848
2000112850
2000112871
2000112873
2000112885
2000112971
2000113001
2000113004
2000113043
2000113159
2000113335
2000113343
2000113397
2000113410
2000113411
2000113669
2000113896
2000113945
2000113957
2000113974
2000113981
2000114123
2000114130
2000114135
2000114147
2000114158
2000114165
2000114485
2000114486
2000114487
2000114488
2000114489
2000114490
2000114491
2000114492
2000114493
2000114494
2000114647
2000114927
2000114957
2000114966
2000115088
2000115091
2000115094
2000115095
2000115097
2000115133
2000115336
2000115350
2000115519
2000115537
2000115552
2000115553
2000115554
2000115556
2000115560
2000115567
2000115575
2000115598
2000115619
2000115663
2000115666
2000115719
2000115816
2000116206
2000116370
2000116400
2000116410
2000116549
2000116569
2000116587
2000116589
2000116598
2000116606
2000116905
2000116911
2000116926
2000116946
2000116959
2000116962
2000116965
2000117093
2000117096
2000117098
2000117115
2000117120
2000117153
2000117155
2000117159
2000117194
2000117202
2000117217
2000117221
2000117226
2000117227
2000117231
2000117237
2000117239
2000117252
2000117253
2000117259
2000117261
2000117264
2000117267
2000117270
2000117274
2000117283
2000117287
2000117289
2000117430
2000117576
2000117577
2000117582
2000117597
2000117604
2000117615
2000117711
2000117715
2000117720
2000117731
2000117782
2000117785
2000117807
2000117813
2000117828
2000117848
2000117940
2000117941
2000117942
2000117943
2000117944
2000117945
2000117946
2000117947
2000117948
2000117949
2000117950
2000117951
2000117952
2000117953
2000117954
2000117955
2000117956
2000117957
2000117958
2000117959
2000118162
2000118170
2000118177
2000118178
2000118179
2000118299
2000118302
2000118431
2000118435
2000118449
2000118453
2000118454
2000118457
2000118458
2000118568
2000118693
2000118713
2000118738
2000118762
2000118792
2000118823
2000119020
2000119056
2000119102
2000119103
2000119104
2000119132
2000119134
2000119168
2000119170
2000119245
2000119252
2000119260
2000119278
2000119290
2000119295
2000119297
2000119339
2000119345
2000119453
2000119465
2000119541
2000119594
2000119597
2000119600
2000119605
2000119612
2000119618
2000119624
2000119640
2000119645
2000119647
2000119648
2000119732
2000119807
2000119817
2000119820
2000119822
2000119825
2000119827
2000119831
2000119833
2000119835
2000119837
2000119856
2000119882
2000120055
2000120068
2000120077
2000120089
2000120303
2000120311
2000120321
2000120329
2000120386
2000120495
2000120504
2000120672
2000120676
2000120739
2000120743
2000120756
2000121082
2000121086
2000121091
2000121092
2000121095
2000121098
2000121111
2000121127
2000121144
2000121151
2000121160
2000121300
2000121462
2000121465
2000121475
2000121487
2000121491
2000121492
2000121496
2000121586
2000121594
2000121731
2000121746
2000121929
2000121932
2000121971
2000121974
2000122059
2000122073
2000122073alt
2000122156
2000122171
2000122187
2000122197
2000122448
2000122449
2000122451
2000122452
2000122453
2000122454
2000122455
2000122457
2000122458
2000122462
2000122648
2000122649
2000122659
2000122816
2000122887
2000122888
2000122889
2000122890
2000122891
2000122892
2000122893
2000122936
2000122978
2000123161
2000123219
2000123338
2000123339
2000123340
2000123341
2000123342
2000123343
2000123403
2000123404
2000123426
2000123431
2000123435
2000123438
2000123441
2000123444
2000123462
2000123463
2000123466
2000123467
2000123468
2000123509
2000123658
2000123662
2000123827
2000123828
2000123829
2000123830
2000123832
2000123833
2000123898
2000124048
2000124123
2000124124
2000124125
2000124127
2000124128
2000124129
2000124130
2000124131
2000124133
2000124163
2000124260
2000124267
2000124272
2000124273
2000124441
2000124486
2000124487
2000124490
2000124504
2000124515
2000124690
2000124691
2000124692
2000124693
2000124695
2000124696
2000124697
2000124720
2000124725
2000124734
2000124772
2000124773
2000124774
2000124782
2000124791
2000124793
2000124838
2000124849
2000124850
2000124865
2000124866
2000124867
2000124880
2000124881
2000124983
2000125010
2000125038
2000125042
2000125043
2000125045
2000125047
2000125048
2000125049
2000125104
2000125105
2000125106
2000125150
2000125151
2000125155
2000125156
2000125173
2000125196
2000125201
2000125205
2000125212
2000125219
2000125428
2000125430
2000125432
2000125437
2000125438
2000125440
2000125441
2000125443
2000125445
2000125448
2000125449
2000125450
2000125452
2000125454
2000125456
2000125458
2000125460
2000125462
2000125473
2000125745
2000125748
2000125869
2000125870
2000125893
2000125896
2000126093
2000126094
2000126097
2000126098
2000126101
2000126102
2000126105
2000126107
2000126109
2000126110
2000126111
2000126115
2000126122
2000126123
2000126124
2000126130
2000126137
2000126159
2000126160
2000126180
2000126219
2000126229
2000126231
2000126234
2000126236
2000126249
2000126251
2000126253
2000126256
2000126258
2000126268
2000126272
2000126338
2000126342
2000126383
2000126602
2000126625
2000126636
2000126642
2000126908
2000126919
2000127073
2000127075
2000127140
2000127146
2000127148
2000127190
2000127193
2000127214
2000127395
2000127396
2000127397
2000127398
2000127399
2000127400
2000127403
2000127406
2000127414
2000127415
2000127417
2000127426
2000127428
2000127436
2000127455
2000127481
2000127632
2000127634
2000127638
2000127655
2000127662
2000127669
2000127674
2000127676
2000127793
2000127796
2000127798
2000127812
2000127813
2000127814
2000127857
2000127861
2000127913
2000127914
2000127941
2000127945
2000127947
2000127948
2000127949
2000127954
2000127969
2000127989
2000127992
2000127993
2000127994
2000127995
2000127997
2000127998
2000127999
2000128000
2000128001
2000128002
2000128003
2000128004
2000128006
2000128007
2000128008
2000128009
2000128010
2000128011
2000128050
2000128051
2000128052
2000128053
2000128054
2000128055
2000128056
2000128057
2000128058
2000128059
2000128060
2000128061
2000128062
2000128063
2000128064
2000128252
2000128287
2000128289
2000128294
2000128297
2000128302
2000128306
2000128309
2000128311
2000128312
2000128315
2000128318
2000128344
2000128356
2000128357
2000128358
2000128359
2000128362
2000128363
2000128668
2000128756
2000128757
2000128758
2000128759
2000128760
2000128761
2000128762
2000128763
2000128764
2000128765
2000128815
2000128816
2000128817
2000128818
2000128820
2000129022
2000129119
2000129369
2000129370
2000129371
2000129372
2000129373
2000129374
2000129375
2000129508
2000129510
2000129511
2000129512
2000129513
2000129515
2000129516
2000129517
2000129518
2000129750
2000129760
2000129781
2000129806
2000129809
2000129810
2000129811
2000129812
2000129813
2000129814
2000129816
2000129817
2000129818
2000129857
2000129858
2000129859
2000129861
2000129862
2000129863
2000129864
2000129865
2000130072
2000130244
2000130245
2000130246
2000130277
2000130278
2000130279
2000130280
2000130281
2000130299
2000130300
2000130301
2000130302
2000130317
2000130318
2000130320
2000130322
2000130323
2000130324
2000130350
2000130352
2000130353
2000130391
2000130392
2000130393
2000130394
2000130395
2000130396
2000130397
2000130398
2000130465
2000130482
2000130483
2000130484
2000130485
2000130486
2000130637
2000130877
2000130878
2000130879
2000130880
2000130881
2000130882
2000130883
2000130884
2000130885
2000130903
2000130904
2000130905
2000130907
2000130908
2000130909
2000130910
2000130939
2000130940
2000130941
2000130942
2000130943
2000130944
2000130945
2000130946
2000130947
2000130948
2000130949
2000131002
2000131003
2000131004
2000131005
2000131006
2000131007
2000131595
2000131600
2000131601
2000131602
2000131603
2000131604
2000131605
2000131627
2000131628
2000131629
2000131631
2000131632
2000131634
2000131635
2000131636
2000131681
2000131682
2000131684
2000131685
2000131687
2000131760
2000131761
2000131762
2000131763
2000131764
2000131765
2000131766
2000131767
2000131798
2000131799
2000131800
2000131875
2000131888
2000131897
2000131907
2000131909
2000131910
2000131911
2000131912
2000131913
2000131914
2000131915
2000131916
2000131917
2000131918
2000131919
2000131920
2000131921
2000131922
2000132002
2000132003
2000132006
2000132007
2000132008
2000132009
2000132010
2000132011
2000132012
2000132013
2000132216
2000132260
2000132262
2000132265
2000132267
2000132270
2000132279
2000132280
2000132281
2000132282
2000132305
2000132306
2000132307
2000132308
2000132353
2000132354
2000132355
2000132356
2000132399
2000132401
2000132402
2000132403
2000132404
2000132405
2000132406
2000132407
2000132408
2000132409
2000132509
2000132510
2000132527
2000132607
2000132608
2000132624
2000132627
2000132629
2000132631
2000132738
2000132750
2000132751
2000132752
2000132753
2000132754
2000132755
2000132756
2000132793
2000132794
2000132796
2000132797
2000132798
2000132799
2000132800
2000132866
2000132867
2000132868
2000132869
2000132870
2000132871
2000132895
2000132896
2000132897
2000132899
2000132900
2000132993
2000132994
2000132995
2000132996
2000132997
2000132998
2000133006
2000133008
2000133153
2000133161
2000133272
2000133273
2000133274
2000133275
2000133276
2000133277
2000133359
2000133360
2000133361
2000133362
2000133363
2000133364
2000133365
2000133366
2000133469
2000133471
2000133473
2000133474
2000133475
2000133606
2000133956
2000133962
2000133972
2000133979
2000134021
2000134022
2000134023
2000134024
2000134025
2000134026
2000134027
2000134028
2000134048
2000134049
2000134050
2000134051
2000134068
2000134069
2000134070
2000134071
2000134084
2000134087
2000134092
2000134095
2000134096
2000134097
2000134098
2000134100
2000134101
2000134102
2000134123
2000134124
2000134125
2000134126
2000134176
2000134177
2000134178
2000134179
2000134458
2000134459
2000134460
2000134461
2000134462
2000134463
2000134466
2000134467
2000134511
2000134512
2000134513
2000134514
2000134515
2000134516
2000134530
2000134531
2000134532
2000134533
2000134534
2000134583
2000134641
2000134642
2000134643
2000134644
2000134645
2000134646
2000134652
2000134747
2000134772
2000134799
2000134817
2000134819
2000134821
2000134822
2000134824
2000134825
2000134827
2000134828
2000134840
2000134841
2000134843
2000134844
2000134845
2000134846
2000134869
2000134870
2000134871
2000134872
2000134873
2000134874
2000134875
2000134877
2000134896
2000134897
2000134898
2000134899
2000134947
2000134948
2000134949
2000135061
2000135066
2000135093
2000135290
2000135291
2000135292
2000135293
2000135294
2000135296
2000135298
2000135299
2000135301
2000135309
2000135329
2000135330
2000135341
2000135342
2000135343
2000135344
2000135345
2000135346
2000135347
2000135438
2000135439
2000135440
2000135442
2000135443
2000135461
2000135462
2000135463
2000135465
2000135467
2000135569
2000135658
2000135691
2000135707
2000135727
2000135770
2000135772
2000135774
2000135776
2000135778
2000135812
2000135813
2000135814
2000135815
2000135816
2000135817
2000135818
2000135819
2000135862
2000135863
2000135864
2000135865
2000135866
2000135867
2000135907
2000135908
2000135909
2000135911
2000135941
2000135993
2000135994
2000135995
2000135996
2000135997
2000136192
2000136209
2000136230
2000136231
2000136232
2000136233
2000136234
2000136235
2000136236
2000136238
2000136239
2000136240
2000136241
2000136243
2000136244
2000136307
2000136308
2000136309
2000136322
2000136323
2000136324
2000136349
2000136350
2000136351
2000136352
2000136353
2000136384
2000136386
2000136397
2000136398
2000136399
2000136400
2000136401
2000136402
2000136404
2000136464
2000136465
2000136466
2000136467
2000136468
2000136469
2000136470
2000136529
2000136530
2000136531
2000136587
2000136815
2000136816
2000136817
2000136819
2000136820
2000136821
2000136822
2000136823
2000136824
2000136853
2000136854
2000136855
2000136857
2000136878
2000136879
2000136880
2000136881
2000136882
2000136883
2000136884
2000136885
2000136986
2000136987
2000136988
2000136990
2000137308
2000137309
2000137310
2000137312
2000137313
2000137358
2000137359
2000137360
2000137361
2000137362
2000137363
2000137372
2000137378
2000137380
2000137389
2000137390
2000137391
2000137394
2000137401
2000137402
2000137406
2000137407
2000137415
2000137416
2000137417
2000137418
2000137427
2000137428
2000137429
2000137430
2000137465
2000137466
2000137467
2000137468
2000137469
2000137470
2000137535
2000137536
2000137537
2000137538
2000137539
2000137540
2000137541
2000137573
2000137574
2000137575
2000137576
2000137827
2000137829
2000137831
2000137832
2000137833
2000137834
2000137846
2000137849
2000137850
2000137851
2000137852
2000137853
2000137865
2000137866
2000137867
2000137893
2000137903
2000137904
2000137905
2000137907
2000137908
2000137914
2000138156
2000138157
2000138158
2000138160
2000138161
2000138162
2000138163
2000138188
2000138189
2000138190
2000138192
2000138193
2000138194
2000138211
2000138212
2000138213
2000138214
2000138237
2000138238
2000138239
2000138240
2000138241
2000138242
2000138243
2000138244
2000138284
2000138285
2000138286
2000138287
2000138288
2000138294
2000138295
2000138322
2000138379
2000138404
2000138405
2000138406
2000138435
2000138436
2000138438
2000138439
2000138587
2000138605
2000138749
2000138769
2000138770
2000138771
2000138792
2000138794
2000138795
2000138796
2000138799
2000138809
2000138810
2000138811
2000138812
2000138822
2000138823
2000138824
2000138825
2000138897
2000138898
2000138899
2000138900
2000138901
2000138902
2000138903
2000138904
2000138905
2000138906
2000138907
2000138908
2000139012
2000139013
2000139014
2000139016
2000139018
2000139019
2000139071
2000139073
2000139074
2000139075
2000139076
2000139077
2000139079
2000139170
2000139433
2000139434
2000139436
2000139437
2000139438
2000139439
2000139440
2000139441
2000139442
2000139443
2000139444
2000139445
2000139498
2000139499
2000139500
2000139502
2000139503
2000139506
2000139507
2000139508
2000139509
2000139510
2000139521
2000139525
2000139527
2000139529
2000139532
2000139539
2000139541
2000139543
2000139545
2000139560
2000139628
2000139632
2000139636
2000139638
2000139640
2000139655
2000139656
2000139660
2000139664
2000139666
2000140102
2000140203
2000141356
2000141790
2000141791
2000141793
2000141795
2000141796
2000141924
2000141975
2000142114
2000142129
2000142133
2000142134
2000145418
2000145419
2000145420
2000145421
2000145422
2000145424
2000145425
2000145426
2000145427
2000145428
2000145429
2000145430
2000145431
2000145432
2000145433
2000145434
2000148853
2000150739
2000150742
2000150745
2000150748
2000152061
2000152063
2000152066
2000152147
2000152166
2000152172
2000152191
2000152192
2000152193
2000152198
2000152199
2000152200
2000152201
2000152202
2000152207
2000152235
2000152236
2000152237
2000152238
2000152285
2000152287
2000152403
2000152407
2000152512
2000152537
2000152556
2000152562
2000152563
2000152564
2000152565
2000152567
2000152568
2000152571
2000152572
2000152574
2000152628
2000152747
2000152902
2000152920
2000152921
2000152922
2000152923
2000152926
2000152928
2000152929
2000152932
2000152933
2000152934
2000152936
2000152937
2000152938
2000152939
2000152940
2000152941
2000152943
2000152944
2000152945
2000152949
2000152951
2000152952
2000152953
2000152955
2000152956
2000152959
2000152962
2000152963
2000152964
2000152965
2000152967
2000152968
2000152969
2000152971
2000152972
2000152974
2000152975
2000152977
2000152978
2000152980
2000153251
2000153265
2000153266
2000153267
2000153271
2000153421
2000153425
2000153428
2000153430
2000153481
2000153482
2000153483
2000153484
2000153489
2000153491
2000153492
2000153493
2000153494
2000153495
2000153497
2000153498
2000153510
2000153520
2000153522
2000153523
2000153524
2000153525
2000153526
2000153527
2000153531
2000153532
2000153533
2000153534
2000153536
2000153557
2000153597
2000153598
2000153600
2000153601
2000153603
2000153605
2000153606
2000153607
2000153609
2000153610
2000153611
2000153612
2000153613
2000153614
2000153732
2000153766
2000153795
2000153798
2000153816
2000153853
2000153859
2000153868
2000153869
2000153871
2000153872
2000153876
2000153882
2000153903
2000153953
2000153955
2000153957
2000154190
2000154191
2000154192
2000154193
2000154371
2000154376
2000154377
2000154383
2000154384
2000154388
2000154391
2000154392
2000154458
2000154515
2000154517
2000154520
2000154639
2000154644
2000154647
2000154649
2000154655
2000154663
2000154696
2000154703
2000155268
2000155282
2000155283
2000155317
2000155320
2000155330
2000155342
2000155344
2000155355
2000155517
2000155520
2000156203
200015720
2000157312
2000157356
2000157738
2000157742
2000157747
2000157757
2000157763
2000157765
2000157867
2000157884
2000157888
2000157970
2000157980
2000158015
2000158041
2000158044
2000158057
2000158346
2000158347
2000158348
2000159245
2000159250
2000159251
2000159252
2000159253
2000159254
2000159255
2000159257
2000159258
2000159259
2000159260
2000159261
2000159262
2000159264
2000159278
2000159286
2000159296
2000159300
2000159303
2000159307
2000159538
2000159577
2000159583
2000159591
2000159597
2000159599
2000159628
2000159629
2000159637
2000159673
2000159678
2000159703
2000159704
2000159705
2000159709
2000159710
2000159712
2000159714
2000159715
2000159718
2000159719
2000159720
2000159723
2000159725
2000159727
2000159729
2000159730
2000159732
2000159733
2000159735
2000159737
2000159738
2000159739
2000159742
2000159749
2000159751
2000159754
2000159757
2000159760
2000159762
2000159764
2000159765
2000159807
2000159808
2000159809
2000159810
2000159812
2000159814
2000159815
2000159816
2000159818
2000159819
2000159821
2000159824
200016000
2000160164
2000160291
2000160292
2000160294
200016173
2000163945
2000163946
2000166516
2000167393
2000172258
2000172513
2000172515
2000172691
2000172694
2000172702
2000172705
2000172711
2000172915
2000173154
2000173434
2000173670
2000173678
2000173734
2000173736
2000173814
2000173956
2000173962
2000173964
2000173967
2000173971
2000174206
2000174220
2000174297
2000174299
2000174303
2000174388
2000174391
2000174392
2000174399
2000174400
2000175638
2000175647
2000175659
2000175660
2000175661
2000175663
2000175667
2000175745
2000175750
2000175755
2000175798
2000175816
2000175817
2000175818
2000175820
2000175822
2000175900
2000175904
2000175907
2000176852
2000176856
2000176861
2000176865
2000176866
2000176868
2000176869
2000176870
2000176871
2000176876
2000177020
2000177021
2000177022
2000177025
2000177026
2000177028
2000177053
2000177057
2000177060
2000177415
2000177441
2000177443
2000177445
2000177446
2000177450
2000177452
2000177453
2000177545
2000177549
2000177558
2000177560
2000177561
2000177568
2000177684
2000177687
2000177694
2000177753
2000177760
2000177827
2000177830
2000178582
2000182368
2000184367
2000184371
2000184373
2000184374
2000184377
2000184514
2000184681
2000185085
2000185403
2000186092
2000186096
2000186474
2000187012
2000187020
2000187022
2000187023
2000187026
2000187028
2000188051
2000188499
2000188720
2000190685
2000192834
2000192866
2000192867
2000192868
2000203887
2000205664
2000206111
2000210685
2000216745
2000217268
2000217273
2000217289
2000217291
2000217307
2000218285
200043
200095625
200097457
2001
200112849
200135704
20015165
20015167
20015438
20015445
20015451
20015460
20015462
20015464
20015466
20015751
20016194
20016195
20016196
20016197
20016744
20016746
20016750
20016763
20016852
20016854
20016857
20016859
20016861
20016863
20016864
20016866
20016868
20016877
20016879
20016881
20016882
20016883
20016884
20016885
20016886
20016888
20016889
20017136
20017137
20017138
20017139
20017140
20017141
20017142
20017460
20017477
20017479
20017566
20017567
20017568
20017569
20017570
20017571
20017581
20017582
20017877
20017971
20017982
20018000
20018010
20018025
20018040
20018910
20018913
20018914
20018916
20018917
20018918
20018919
20018920
20018922
20018923
20018924
20018925
20018928
20018930
20018931
20018932
2002
20020000
20020001
20029039
20029041
20029043
20029045
20029047
20029124
20029129
20029137
20029148
20029158
20029183
20029208
20029211
20029219
20029220
20029221
20029580
20029581
20029582
20029583
20029584
20029585
20029586
20029587
20029588
20029589
20029590
20029591
20029592
20029593
20029594
20029595
20029596
20029727
20029882
2003
20030048
20030082
20030083
20030363
20030374
20030377
20030378
20030379
20030380
20030381
20030383
20030688
20030690
20030691
20030692
20030693
20030694
20030695
20030696
20030697
20030699
20030702
20030703
20030704
20030705
20030706
20030707
20030708
20030709
20031505
20031507
20031710
20031712
20031715
20031718
20031720
20031721
20031723
20031725
20031794
20031801
20031802
20031803
20031804
20031805
20031806
20031807
20031808
20031809
20031810
20031811
20031812
20031813
20031814
20031815
20031817
20031818
20031819
20031820
20031821
20031822
20031823
20031824
20031826
20031827
20031829
20031830
20031832
20032523
20032628
20032629
20032630
20032631
20032718
20032846
20032848
20032849
20032850
20032851
20032874
20032876
20032878
20033517
20033748
20033749
20033750
20033751
20033752
20033753
20033754
20033755
20033756
20033757
20033758
20033759
20033760
20033761
20033762
20033763
20033764
20033765
20033766
20033767
20034762
20035008
20035009
20035010
20035085
20035086
20035087
20035088
20035089
20035090
20035091
20035092
20035093
20035094
20035095
20035096
20035121
20035122
20035123
20035124
20035125
20035127
20035129
20035130
20035152
20035153
20035168
20035169
20035170
20035172
20035173
20037182
20037254
20037257
20037258
200373
20039047
200391
2004
20040260
20040262
20040263
20040264
20040266
20040268
20040269
20040270
20040271
20040272
20040273
20040274
20040275
20040276
20040535
20040608
20040609
20040610
20041327
20041333
20041335
20041348
20041349
20041350
20041351
20041486
20041623
20041624
20041627
20041628
20041629
20041631
20041632
20041633
20041634
20041635
20041636
20041637
20041720
20041723
20041726
20041727
20041730
20041743
20041744
20041746
20041747
20041749
20041753
20041755
20041756
20041775
20041776
20041777
20041778
20041806
20042265
20043605
20043607
20044625
20044627
20044628
20044630
20044670
20044671
20044672
20045151
20045153
20045154
20045155
20045156
20045157
20045158
20045159
20045160
20045161
20045162
20045163
20045164
20045165
20045166
20045167
20045168
20045169
20045170
20045171
20045172
20045173
20045174
20045175
20045176
20045177
20046203
20046283
20046284
20046306
20046307
20046308
20046345
20046346
20046367
20046402
20046403
20046404
20046406
20046407
20046408
20046409
20046411
20046412
20047321
20047323
20047325
20047327
20047329
20047331
20047333
20047335
20047337
20047466
20047478
20047479
20047480
20047481
20047482
20047483
20047484
20047485
20047486
20047487
20047488
20047489
20047490
20047491
20047492
20047493
20047494
20047495
20047496
20047497
20047498
20047501
20047503
20047506
20047510
20047511
20047512
20047514
20047516
20048858
20049331
20049333
20049334
20049335
20049337
20049339
20049340
20049341
20049342
20049343
20049344
20049710
20049731
20049732
20049733
20049734
20049735
20049736
20049737
2005
2006
2007
2008
20081303
2009
201
2010
2011
2012
2013
2014
2015
2016
201664
201665
201666
2017
2018
2019
202
2020
2021
2022
2023
2024
2025
2026
2027
2028
2029
203
2030
2031
2032
2033
2034
2035
2036
2037
2039
204
2040
2041
2042
2043
2044
2045
2046
2047
2048
2049
2050
20500262
20500263
20500264
20500265
20500266
20500267
20500268
20500298
20500299
20500300
20500301
20500440
20500441
20500443
20500774
20500779
20500788
20500802
20500809
20500818
20501004
20501005
20501006
20501012
20501013
20501371
20501372
20501407
20501408
20502148
20502149
20502150
20502151
20502205
20502247
20502248
20502613
20502614
20502615
20502646
20502980
20502981
20502982
20502983
20502985
20502986
20502987
20502988
20502989
20502997
20503019
20503020
20503610
20503618
20503662
20503663
20503798
2050987
2051
2052
2053
2054
2055
2056
2057
2058
2059
206
2060
2061
2062
2062002157
2062002159
2062002169
2062002171
2062002173
2062002177
2062002179
2062002181
2062002183
2062002205
2062002207
2062002211
2062002219
2062002227
2062003069
2062003070
2063
2064
2065
2066
2067
2068
2069
207
2070
2071
2072
2073
2075
2076
2077
2078
2079
208
2080
2081
2082
2082082528
2082082530
2082082542
2082082558
2082082565
2082082612
2082082613
2082082614
2082082615
2082082616
2082082617
2082082618
2082082619
2083
2084
2085
2086
2087
2088
2089
209
2090
2091
2092
2093
2094
2095
2096
2097
2098
209887
2099
210
2100
2100008
2100850
2101
2101663
2102
2102147
21024294
21024305
21026589
21026596
21026935
21027416
21027420
21027437
2102777
21028697
21028704
21029771
21031367
2103145
2103146
2103167
2103277
21036928
2103825
2104
2105
2105423
2105689
2106
2106412
2106553
2106554
2106555
2106625
2107745
2107752
2107913
2107947
2107950
2108
2108160
2108162
2108186
210832
2108480
2108856
2109
2109247
211
2110
2110398
2110399
2110426
2110429
2110456
2110665
2110717
2111
2111642
2111647
2111650
2111651
2112
2112085
2112172
2112178
2112284
2112998
2113
2113020
2113210
2113334
2114
2114007
2114453
2114534
2114672
2114726
2115
2115549
2115786
2116
2116251
2116253
2117
2118
2119
212
2120
2121
2122
2123
2124
2125
2126
2128
2129
213
2130
2131
2132
2133
2134
21342
2136
2137
2138
2139
214
2140
2141
2142
2143
214395
214402
2145
2146
2147
2148
2149
214919
215
2150
2151
2152
2153
215305
215306
215359
215381
215382
2154
215424
2155
2156
2157
2158
2159
216
2161
2162
2163
216379
216397
2164
2165
2166
2167
2168
2169
217
2170
2171
2172
2174
2175
2176
2177
2178
2179
218
2180
2182
2183
2184
2185
2186
2187
2188
2189
219
2191
2192
2193
2194
2195
2196
2197
2198
2199
220
2200
2200009
22000140
22000447
22000459
2200059
2200060
2200062
2200063
2200099
2200102
2200166
22003932
22003937
22003969
22003970
22003971
22003972
22003974
22003975
22003976
22003977
22005297
22006538
22006539
22006540
22006543
22006544
22006545
22006546
22006547
22009327
22009651
22009652
22009862
22009863
2201
22010140
22011402
22011404
22011426
22011430
22011434
22011462
22011550
22011768
22011779
22012484
22012750
22012808
22012810
22012812
22012960
22013042
22014517
22015236
22016298
22016303
22016328
22016329
22016330
22016331
22016332
22016333
22016334
22016705
22017040
22017041
22017042
22017044
22017046
22017047
22017065
22017479
22017489
22017490
22017490x
22017501
22017517
22017518
22017519
22017524
22017534
22017550
22017607
22017613
22017617
22017619
22017620
22017621
22018020
22018205
22018220
22018222
22018223
22018239
22018278
22018388
22018582
22019542
22019960
22020011
22020614
22022902
22023363
22023406
22023559
22023560
22023563
22023572
22023747
22023748
22023756
22023781
22024050
22024051
22024052
22024684
22025274
22025279
22028032
22028381
22028382
22028383
22028384
22028385
22028387
22028393
22028992
22029000
22029002
22029004
22029005
22029007
22029008
22029009
22029012
22029138
22029219
22029419
2203
22030037
22030337
22033522
22033716
22033833
22033922
22034788
22034856
22035103
22035355
22035356
22035420
22035762
22035879
22036332
22036546
22036576
22036579
22036708
22036851
22037085
22037169
22038381
22038696
22039832
2204
22040114
22040115
22040116
22040691
22040693
22040992
22040993
2205
22053692
22054074
22054110
22054419
22059060
22059061
22059791
2206
22060819
22063409
22064842
22066452
22066453
22067011
22067022
22067410
22067420
22067421
22067422
22067423
22067424
22067425
22067430
22069940
22069955
2207
22070035
22070141
22070174
22070226
22070607
22070608
22070609
22070610
22071029
22071449
22073032
22073139
22073158
22073164
22073248
22073255
22073264
22073300
22073671
22075878
22076712
22076869
22077665
22077699
22077729
2208
22080795
22080872
22080999
22081182
22081657
22081708
22082176
22082214
22082923
22085448
22085455
22085586
22085891
22085892
22086226
22086235
22087083
22087085
22087097
22087174
22087190
22087211
22087218
22087239
22087244
22087258
22087282
22087309
22087316
22087321
22087324
22087329
22087335
22087335x
22087338
22087342
22087345
22087351
22087357
22087386
22087414
22087420
22087426
22087432
22087435
22087531
22087617
22087622
22087625
22087628
22087653
22087656
22087662
22087675
22087691
22087700
22087720
22087741
22087751
22087755
22087760
22087764
22087772
22087775
22087792
22087796
22087806
22087813
22087816
22087827
22087833
22087839
22087852
22087858
22087864
22087879
22087885
22087894
22087909
22087915
22087918
2209
221
2210
2211
2212
2213
2214
2215
2216
2217
2218
2219
222
2220
2221
2222
2223
2224
2225
2226
2227
2228
2229
223
2230
2231
2232
2233
223692
2237
2238
224
2240
2242
2244
2245
2247
2249
225
2251
2253
2254
225496
225502
225508
225514
2256
2257
2259
226
2260
2261
2262
2263
2264
2265
2266
2267
2268
2269
227
2270
2271
2272
2273
2275
2276
2279
228
2280
2281
2282
2284
2285
2286
2287
2289
229
2290
2291
2292
2293
2294
2295
2296
2297
2298
2299
230
2300
2300006
23000063
23000064
23000071
23000073
23000079
23000082
23000100
23000101
23000102
2300018
2300020
2300025
2300027
2300028
2300029
2300033
2300036
23000974
2300106
23001923
23001930
23001931
23001941
23001942
23001943
23001945
23001947
23001948
23001949
23001950
23001951
23001952
23001953
23001954
23001955
23001956
23001957
23001958
23001959
23001960
23001961
23001962
23001963
23001964
23001965
23001966
23001967
23001968
23001969
23001970
23001971
23001972
23001973
23001974
23001975
23001976
23001977
23001978
23001979
23001980
23001981
23001982
23001983
23001984
23001985
23001986
23001987
23001988
23001989
23001990
23002357
23002467
23002468
23002901
23002902
23002903
23002904
23002913
23002914
23002915
23002917
23002918
23002919
23002921
23002923
23002925
23002926
23002927
23002928
23002929
23002930
23002931
23002932
23002933
23002934
23002935
23002936
23002937
23002938
23002939
23002940
23002941
23002942
23002943
23002944
23002945
23002946
23002947
23002948
23002950
23002951
23002952
23002953
23003114
23003179
23003326
23003328
23003329
23003330
23003331
23003336
23003359
23003380
23003381
23003382
23003383
23003384
23003385
23003744
23003745
23006775
23006780
23007100
23007186
23007323
23007324
23007325
23007326
23007328
23007329
23007330
23007331
23007332
23007333
23007334
23007335
23007336
23007337
23007338
23007339
23007340
23007341
23007342
23007343
23007344
23007345
23007346
23007347
23007348
23007349
23007350
23007351
23007352
23007353
23007354
23007355
23007356
23007357
23007358
23007359
23007360
23007361
23007362
23007363
23007364
23007365
23007366
23007367
23007368
23007369
23007370
23007371
23007372
23007373
23007375
23007377
23007378
23007383
23007384
23007385
23007387
23007388
23007389
23007390
23007391
23007392
23007393
23007394
23007395
23007396
23007397
23007398
23007399
23007400
23007401
23007402
23007403
23007404
23007405
23007407
23007408
23007410
23007411
23007412
23007414
23007415
23007416
23007417
23007418
23007419
23007420
23007421
23007422
23007423
23007424
23007425
23007426
23007427
23007428
23007429
23007430
23007432
23007433
23007435
23007436
23007437
23007438
23007439
23007441
23007442
23007443
23007444
23007447
23007448
23007449
23007451
23007452
23007453
23007454
23007455
23007456
23007457
23007460
23007462
23007463
23007464
23007465
23007466
23007467
23007468
23007470
23007471
23007473
23007474
23007475
23007478
23007479
23007480
23007482
23007484
23007489
23007490
23007491
23007492
23007493
23007495
23007496
23007497
23007498
23007499
23007505
23007508
23007509
23007510
23007513
23007514
23007515
23007516
23007519
23007520
23007521
23007842
23009358
23009359
23009360
23009363
23009382
23009384
23009509
23009515
2301
23012596
23012890
23013436
23013437
23013599
23013600
23013606
23013610
23014168
23014189
23014190
23014192
23014193
23014194
23014584
23015769
23015770
23015771
23016645
23016776
23017301
23017303
23017389
23017449
23017456
23017458
23017460
23017476
23017495
23017506
23017521
23017526
23017639
23017640
23017641
23017642
23017643
23017644
23017645
23017647
23017650
23017651
23017667
23017668
23017669
23017671
23017963
23018017
23018018
23018023
2302
23020273
23020458
23020632
23020633
23020634
23020806
23020815
23020816
23020817
23020818
23020819
23020821
23021294
23021296
23021297
23021298
23021299
23021300
23021303
23021421
23021487
23021930
23021989
23022009
23022085
23022086
23022088
23022090
23022461
23022885
23023168
23023888
23024038
23024040
23024069
23025584
23025585
23025592
23025593
23025594
23025595
23025609
23026233
23026235
23026236
23026237
23026238
23026239
2302638
2302640
23026432
23026436
23026439
2302644
2302647
2302649
2302698
23028417
23028897
23029135
2303
23030108
23030112
23032321
23032322
23032323
23032324
23032325
23033445
23033446
23033448
23033489
23033634
23033750
23034056
23034093
23034097
23034124
23035677
23035950
23035951
23036054
23036288
23036289
23036530
23036971
23036972
2303740
2303741
2303743
2303745
23037843
23037844
23037845
23038391
23038392
23038393
23038394
23038395
23038396
23038397
23038398
23038441
23039096
23039097
23039102
23039103
2304
23040337
23040947
23041344
23042973
23042981
23042991
23043071
23043716
23043717
23044830
23045758
23045969
23046685
23046686
23046864
23046865
23046997
23047238
23047239
23047240
23047241
23047242
23047249
23047250
23047251
23047969
23048786
23048787
23049529
23049530
23049531
23049567
2305
23050988
23050989
23050990
23050991
23050992
23052677
23052707
23054805
23054903
23055588
23055823
23055825
23055851
23056378
23056379
23056381
23057223
23057388
23057395
23057396
23057397
23057398
23057399
23057400
23057797
23057811
2306
23060781
23061007
23061008
23061015
23061016
23061017
23061022
23061024
23061027
23061028
23061281
23061306
23061663
23062774
23063005
23063067
23063075
23063288
23063781
23063782
23063783
23063784
23063828
23064805
23064853
23064873
23065136
23065142
23066289
23068055
23068874
23068897
2307
23070739
23070740
23070741
23070742
23070743
23070744
23070745
23070746
23070747
23070748
23070749
23071229
23071683
23071684
23071761
23071816
23071957
23072088
23072091
23072203
23072678
23072679
23072680
23072933
23073372
23074159
23074599
23074600
23077974
23077975
23077976
23077977
23077983
23077984
23077985
23077986
23077987
23077988
23077989
23077990
23077991
23077992
23077993
23077994
23077995
23077996
23077997
23077998
23077999
23078000
23078001
23078002
23078003
23078004
23078005
23078006
23078007
23078008
23078009
23078010
23078011
23078012
23078013
23078014
23078030
23078039
23078042
23078043
23078044
23078045
23078046
23078047
23078049
23078199
23078200
23078201
23078203
23078204
23078207
23078211
23078212
23078216
23078217
23078584
2308
23080082
23084312
23084454
23084456
23084457
23084458
23084462
23084464
23084466
23084467
23084469
23084470
23084479
23084517
23084518
23084520
23084736
23084737
23084738
23084863
23085152
23085528
23085548
23085549
23085630
23085684
23085685
23085691
23086381
23086390
23086399
23086400
23086405
23086406
23086412
23086417
23086530
23086549
23086562
23088491
23089097
23089191
23089192
23089193
23089859
23089860
23089861
23089862
23089863
23089864
2309
23090281
23090338
23090342
23090343
23090344
23090457
23090635
23090637
23090639
23090674
23090676
23090677
23090678
23090682
23090685
23090687
23090688
23090689
23090690
23090716
23090717
23090718
23090719
23090720
23090721
23090722
23090723
23090724
23090725
23090726
23090727
23090846
23090906
23090907
23090908
23090909
23090910
23090920
23090923
23090927
23090931
23090932
23090933
23090934
23090935
23090972
23090973
23090974
23090975
23090984
23090985
23091000
23091001
23091002
23091021
23091022
23091023
23091024
23091025
23091026
23091027
23091028
23091029
23091031
23091032
23091039
23091040
23091041
23091042
23091043
23091044
23091045
23091046
23091048
23091049
23091050
23091051
23091782
23091783
23091786
23092210
23092217
23092218
23092219
23092220
23092221
23092226
23092227
23092229
23092230
23093030
23093048
23095681
23098526
23098911
23098912
23098913
23098915
23098918
23098919
23098925
23098928
23098934
23098939
23098941
23098942
23098943
23098944
23098946
23098947
23098948
23098949
23098950
23098951
23098952
23098953
23098954
23098955
23098956
23098957
23098958
23098962
23098966
23098977
23099034
23099052
23099053
23099054
23099055
23099056
23099057
23099058
23099059
23099061
23099079
23099080
23099081
23099093
23099531
231
23100024
23100034
23100519
23100520
23100521
23100522
23100523
23100524
23100527
23100762
23101650
23101662
23101664
23101678
23101679
23101681
23101682
23101684
23101688
23101860
23101867
23101871
23101879
23102533
23102534
23102535
23102536
23102537
23102538
23102539
23102540
23102541
23102542
23102543
23102550
23102555
23102559
23102560
23102561
23102562
23102563
23102567
23102572
23102584
23102595
23102771
23102773
23102775
23102783
23102886
23102967
23102981
23102982
23103004
23103659
23104104
23104105
23104110
23104112
23104113
23106197
23106323
23107918
23108313
23108378
23109909
23109910
23109911
23109913
23109914
23109915
23109916
23109917
23109919
23109920
23109921
23109922
23109923
23109924
23109925
23109929
23109931
23109939
2311
23110101
23110103
23110104
23110311
23110317
23110324
23110572
23110573
23110609
23110611
23111041
23111043
23111050
23111051
23111414
23111415
23111416
23111417
23112545
23113914
23114119
23114195
23114203
23114205
23114208
23114211
23114757
23114758
23114759
23114760
2312
23121149
23122087
23122499
23122661
23122816
23122817
23122824
23122830
23124517
23124774
23124776
23124777
23124778
23124779
23125623
23125624
23125626
23125627
23125628
23125629
23127228
23127229
23127230
23127253
2313
23131113
23131117
23131119
23131127
23131128
23131131
23131133
23131209
23131211
23131213
23131218
23131222
23131230
23131231
23131236
23131240
23131244
23131249
23131252
23131256
23131257
23131260
23131263
23131266
23131267
23133163
23133167
23133228
23133233
23133234
23133241
23133707
23134598
23134765
23134766
23134767
23134782
23134907
23134916
23134917
23134918
23135992
23135993
23136391
23136393
23136394
23136401
23136402
23136412
23136445
23136446
2314
23140043
23140044
23140045
23140046
23140047
23140048
23140049
23140050
23140051
23141171
23141172
23141176
23141178
23141180
23141182
23141185
23141188
23141191
23141655
23141700
23143343
23143365
23143367
23143371
23143386
23144619
23144623
23145432
23145433
23145434
23145509
23147205
23147325
23147873
23148593
23148599
2315
23151392
23151610
23151751
23154119
23154120
23154243
23154251
23155377
23155378
23155511
23155512
23158779
23158780
23158781
23158782
23158783
23158784
23158793
23158798
23158799
23158800
23159016
23159189
23159191
23159192
23159194
23159201
23159202
23159203
23159241
23159420
23159421
23159427
23159433
23159436
23159437
23159438
23159444
23159446
23159468
23159490
23159496
23159505
23159506
23159507
23159516
23159518
23159589
23159590
23159591
23159662
23159665
23159667
23159678
2316
23160144
23160146
23160148
23160181
23160182
23160198
23160304
23160305
23160306
23160307
23160308
23160309
23160310
23160311
23160312
23160313
23160314
23160315
23160681
23160698
23160751
23160780
23160782
23160784
23161022
23161446
23161448
23161449
23161450
23161451
23161452
23161454
23161457
23161536
23161537
23162458
23162459
23162460
23162461
23162487
23162502
23162588
23162589
23162590
23162591
23162592
23162593
23162594
23162595
23162596
23162597
23162598
23162599
23162681
23162682
23162683
23162684
23162707
23162714
23162719
23162850
23162883
23162884
23162885
23162894
23162903
23162908
23162913
23162918
23163221
23163226
23163227
23163228
23163237
23163247
23163258
23163273
23163274
23163275
23163276
23163290
23163291
23163292
23163377
23163378
23163379
23163381
23163384
23163890
23164653
23164655
23164664
23164832
23164837
23164839
23164841
23164843
23164844
23164845
23164846
23164848
23164849
23164852
23164853
23164854
23164867
23164908
23165090
23165094
23165239
23165273
23165332
23165361
23165438
23165473
23165477
23165479
23165484
23165485
23165494
23166134
23166140
23167082
23168487
2317
23170517
23170575
23172079
23172080
23172317
23172324
23174837
23176606
23176609
23176730
23176731
23176732
23176733
23176734
23177015
23177021
23177022
23177023
23177024
23177025
23177026
23177027
23177028
23177053
23177070
23177071
23177073
2318
23181135
23181987
23184038
23184126
23184230
23184231
23184232
23184233
23184234
23184235
23184236
23184237
23184238
23184239
23184326
23184327
23184339
23184340
23184341
23184342
23184343
23184344
23184345
23184346
23184347
23184348
23184386
23185127
23189158
23189413
23189417
23189418
2319
23190064
23190073
23190074
23190075
23190076
23190083
23190182
23190184
23190185
23191171
23191175
23191179
23191183
23191334
23191435
23191436
23191437
23191438
23191439
23191440
23191450
23191451
23191452
23191453
23191454
23191456
23191457
23191458
23191459
23191492
23191493
23191548
23191549
23191551
23191643
23191645
23191647
23191648
23191649
23191650
23191651
23191652
23191653
23191654
23191657
23191658
23191662
23191663
23191664
23191665
23191666
23191781
23191782
23191787
23191790
23192539
23192600
23192673
23192688
23192691
23193281
23193461
23193462
23193463
23193553
23193554
23193557
23193559
23193560
23194490
23194491
23194520
23194521
23194522
23194528
23194529
23194538
23194599
23194671
2319491
23195015
23195088
23195554
23195555
23195904
23196491
23196493
23196503
23196504
23197255
23197285
23199150
23199158
23199255
23199258
23199310
232
23201531
23201532
23201751
23203669
23203671
23203672
23203674
23203675
23203686
23203688
23203705
23203714
23204446
23204460
23204987
23205995
23206047
23206055
23206056
23206062
23206063
23206064
23206065
23206066
23206468
23206472
23208744
23209363
23209392
23209393
23209394
23209399
23209400
23209401
23209412
23209414
23209421
23209426
23209427
23209430
23209435
23209436
23209437
23209438
23209439
23209440
23209442
23209445
23209449
23209453
23209454
23209455
23209456
23209457
23209458
23209460
23209467
23209468
23209570
23209571
23209572
23209573
23209622
23209629
23209630
23209632
23209635
23209636
23209645
23209647
23209651
23209652
23209655
23209656
23209694
23209696
23209698
23209699
23209700
23209706
23209707
23209715
23209716
23209717
23209718
23209719
23209722
23209723
23209724
23209725
23209727
23209728
23209729
23209730
23209731
23209732
23209733
23209741
23209758
23209759
23209760
23209761
23209800
23209802
23209807
23209936
23209937
23209938
2321
23210055
23210057
23210060
23210135
23210138
23210140
23210142
23210145
23210148
23210155
23210158
23210162
23210163
23210165
23210171
23210172
23210173
23210174
23210175
23210177
23210178
23210179
23210183
23210186
23210191
23210210
23210222
23210223
23210224
23210225
23210226
23210230
23210231
23210247
23210248
23210250
23210251
23210258
23210260
23210262
23210263
23210267
23210268
23210269
23210274
23210275
23210276
23210304
23210309
23210310
23210314
23210330
23210331
23210342
23210358
23210408
23210447
23210520
23210521
23210522
23210523
23210524
23210527
23210588
23210589
23210725
23210730
23210772
23210849
23210850
23210851
23210852
23210853
23210873
23210886
23210894
23210911
23210912
23210913
23210914
23211029
23211035
23211037
23211283
23211348
23211482
23211485
23211499
23211511
23211514
23211518
23211519
23211520
23211522
23211523
23211524
23211525
23211526
23211527
23211528
23211529
23211531
23211532
23211535
23211541
23211542
23211543
23211544
23211545
23211546
23211547
23211659
23211661
23211665
23211670
23211680
23211682
23211884
23211885
23211886
23211887
23211889
23211891
23211892
23211893
23211894
23211895
23211900
23211921
23211923
23211924
23211927
23211929
23211930
23211953
23211954
23213338
23214040
23214041
23214046
23214051
23214052
23214159
23217665
23219018
23219019
23219020
23219022
23219253
23219287
23219288
23219734
2322
23220622
23220651
23220652
23220653
23220654
23220655
23220664
23220665
23223083
23225954
23226185
23226467
23226468
23226809
23227999
23228258
23228260
23228264
23228267
23228268
23228271
23228657
23228658
23228660
23228661
23228662
23228663
23228664
23228665
23228667
23228668
23228669
23228671
23228704
2323
23232809
23232810
23232813
23235217
23235218
23235221
23235596
23235620
23235625
23236314
23238379
23238381
23238810
23239847
23239973
23239976
23239978
2324
23240207
23242220
23242225
23242226
23242235
23242236
23242237
23242238
23242239
23242240
23242241
23242242
23242243
23242244
23242245
23242914
23243246
23243247
23243248
23243641
23244052
23244316
23245287
23245493
23245626
23245672
23245674
23245676
23245715
23245717
23245719
23245720
23246117
23246118
23247340
23247341
23248768
2325
23250671
23251566
23252441
23252444
23252447
23252448
23252658
23252659
23252665
23253403
23253462
23255422
23255700
23257221
23257505
23257507
23257509
23257511
23257512
23257513
23257514
23257515
23257516
23257517
23257518
23257519
23257520
23257521
23257522
23257525
23257530
23257532
23259221
23259564
2326
23260497
23263177
23263214
23266613
23266614
23268086
23268087
23268097
23268103
23268604
23268802
23269659
23269660
23269740
23270612
23270915
23270917
23274405
23274407
23275552
23275554
23275931
23276665
23276667
2328
23287884
23288765
23288847
23288852
23288854
23288858
23288860
23288862
23288864
2329
23291596
23291597
23291598
23291599
23291606
23291607
23291609
23291617
23291618
23291620
23291963
23291989
23292015
23292016
23292018
23292023
23292024
23292026
23292165
23292167
23292168
23292169
23292170
23292174
23292176
23292184
23292185
23292186
23292842
23292844
23292847
23292849
23292851
23295496
23295502
23295503
23295504
23295505
23295527
23295549
23295554
23295555
23295558
23295560
23295562
23295563
23295567
23295568
23295573
23295577
23295578
23295581
23295582
23295583
23295587
23295590
23295591
23295592
23295593
23295594
23295685
23295745
23295770
23295772
23296767
23297859
23297986
23298077
23298078
233
2330
23302329
23303130
23303133
23303211
23303216
23304333
23307885
23307887
23307889
23307907
23307908
23307909
23307910
23307911
23307914
23308372
23309861
23309865
23309866
23309976
2331
23311687
23312126
23318225
23318228
23318229
23318230
23318231
23318301
23318302
23318303
23318304
23318305
23318306
23318308
23318343
23318347
23318348
23318349
23318350
23318351
23318717
23318952
23319907
2332
23320389
23320458
23320521
23320615
23320620
23320622
23320623
23321148
23321181
23321182
23321206
23321218
23322080
23322081
23322090
23323292
23323327
23324203
23324568
23325057
23325060
23325061
23325062
23325063
23325080
23325082
23325084
23325085
2333
23330723
23332528
23332529
23332530
23332531
23332532
23332533
23332534
23332535
23332536
23332537
23332538
23332539
23332540
23332543
23335643
23335888
23336198
23339002
23339003
23339005
23339007
23339010
23339660
2334
23340209
23340211
23340304
23340307
23340308
23340309
23340310
23340434
23340823
23341940
23341941
23341943
23341944
23341952
23342065
23345179
23346702
23346703
23346820
23348228
23348620
23348760
23348774
23348778
23348779
23348780
23348784
23348785
23348786
23348805
23348808
23348822
23348823
23348827
23348830
23348831
23348835
23348838
23348853
23348856
23348857
23348858
23348860
23348862
23348872
23348873
23348881
23348937
23348959
2335
23354077
23354240
23354241
23354244
23354416
23354423
23354428
23354524
23354535
23354538
23354553
23354557
23354828
23354829
23354838
23354850
23355033
23355699
23355731
23355740
23355743
23355746
23355748
23355750
23355751
23355752
23356112
23356214
23356220
23356222
23356223
23356225
23356229
23356238
23356239
23356240
23356241
23356262
23356263
23356264
23356272
23356614
23356915
23356917
23356919
23356922
23356923
23356927
23356930
23356934
23356939
23358246
23359150
23359255
23359269
23359353
23359655
23359657
23359659
23359898
23359899
23359918
23359963
23359964
23359965
23359967
23359974
2336
23360398
23365776
23365854
23365855
23365983
23366034
23366037
23366038
23366039
23366040
23366041
23366042
23366043
23366044
23366045
23366052
23366070
23366071
23366073
23366074
2337
23370617
23370618
23370619
23370620
23370621
23370622
23370711
23370720
23370726
23370728
23370734
23372055
23372654
23374982
23376093
23376281
23378171
23379601
23379603
23379605
23379606
23379607
23379608
23379609
23379611
23379868
23379869
23379870
2338
23383536
23383537
23383615
23383922
23383980
23383985
23384036
23385897
23385900
23385901
23385902
23385903
23385904
23385905
23385906
23385907
23385908
23385909
23385910
23385911
23385912
23385913
23385914
23385916
23385917
23385918
23385919
23386472
23386475
23386478
23386479
23386480
23386481
23386482
23386483
23386484
23386486
23386487
23386488
23386491
23386492
23386498
23386582
23387184
23387185
23387186
23387187
23387188
23387189
23387191
23387192
23387193
23387195
23387196
23387197
23387198
23387200
23387201
23387202
23387203
23387204
23387205
23387206
23387207
23387208
23387209
23387210
23387211
23387213
23387214
23387216
23387218
23387219
23387220
23387221
23387222
23387223
23387224
23387225
23387226
23387227
23387228
23387229
23387230
23387241
23387242
23387243
23387244
23387245
23387246
23387247
23387248
23387249
23387250
23387252
23387253
23387254
23387255
23387256
23387257
23387258
23387259
23387260
23387261
23387262
23387263
23387264
23387265
23387266
23387267
23387268
23387269
23387270
23387271
23387272
23387273
23387274
23387275
23387276
23387277
23387278
23387279
23387280
23387281
23387282
23387283
23387284
23387285
23387286
23387287
23387288
23387289
23387290
23387293
23387294
23387295
23387296
23387297
23387298
23387300
23387301
23387302
23387303
23387304
23387305
23387306
23387307
23387308
23387309
23387310
23387311
23387312
23387314
23387315
23387316
23387352
23387353
23387354
23387355
23387356
23387357
23387358
23387359
23387360
23387361
23388216
23388309
23388367
2339
23390366
23390445
23390446
23390447
23390448
23390449
23390450
23392343
23393610
23393615
23393635
23393818
23394068
23394072
23394121
23394125
23394129
23395536
23395554
23396078
23396148
23396153
23396184
23396188
23396189
23396190
23396191
23396192
23396193
23396194
23396195
23396196
23396208
23396209
23396212
23396213
23396215
23396216
23396217
23396218
23396250
23396460
23396461
23396486
23397134
23397230
23397234
23398415
23398419
23398428
23398434
23398441
23398445
23398449
23398453
23398460
234
2340
23401757
23401764
23401765
23401766
23401771
23401772
23401802
23402301
23403819
23404466
23404623
23404670
23404792
23404793
23404794
23404795
23404943
23404944
23404945
23404946
23404947
23404948
23404949
23404977
23404981
23404990
23404991
23405280
23405281
23405283
23405325
23405326
23405437
23405555
23405657
23405909
23406222
2341
23411405
23411406
23411407
23411408
23411409
23411443
23411541
23412189
23415898
23415899
23415900
23415901
23415902
23415903
23415904
23415905
23415907
23415952
23415953
23415954
23415955
23415956
23415957
23415958
23415959
23415960
23415961
23415962
23415963
23415964
23415965
23415966
23416089
23416157
23416510
23416513
23416514
23416515
23416516
23416517
23416836
23418694
23418875
23418876
23418879
2342
23423229
23423231
23423232
23424192
23424313
23428914
23428915
23428916
2343
23430823
23430829
23430834
23430849
23430850
23432413
23432414
23432863
23433231
23433418
23433749
23433751
23433752
23433753
23433774
23433776
23433947
23434058
23434215
23434217
23434221
23434222
23434223
23434224
23434227
23434228
23434301
23434307
23434309
23434310
23434311
23434312
23434313
23434314
23434315
23434316
23434317
23434350
23435917
23436449
23437472
23438280
23438281
23439802
23439807
23439810
2344
23441910
23441917
23441918
23441925
23441930
23441932
23441936
23441945
23441947
23441948
23441949
23441950
23441951
23441952
23441953
23441954
23441955
23441956
23441957
23441960
23447084
23447085
23447094
23447095
23447118
23447122
23447123
23447239
23447397
23447399
23447406
23447408
23447411
23447421
23447422
23447449
23447453
23447455
23447458
23447928
23448377
23448609
23448610
23448612
23448613
23448615
23448651
23448656
23448674
23448675
23448676
23448678
23448686
2345
23454914
23454919
23454922
23454930
23455095
23455557
23455570
23456911
23456914
23456994
23457983
23457984
23457987
23457989
23457990
23457991
23457992
23457993
2346
23461801
23461802
23461803
23461804
23461805
23461806
23461807
23461808
23461809
23461810
23461811
23461812
23461813
23461814
23461815
23461816
23461817
23461818
23461819
23461820
23461821
23461822
23461823
23461824
23461825
23461826
23461827
23461828
23461829
23461830
23462064
23462719
23462720
23462722
23463130
23463133
23463364
23463365
23463367
23463368
23466161
23466168
23466169
23466170
23466171
23466183
23466185
23466186
23469190
23469195
23469196
23469197
23469221
23469224
23469229
23469544
23469545
23469546
23469926
23469935
2347
23477747
23477748
23477759
23477760
23477761
23477763
23477765
23477767
23477768
23478895
23478981
23479498
2348
23480059
23480060
23480061
23482210
23482289
23482290
23482483
23482489
23482490
23482491
23482494
23482500
23482502
23482903
23482905
23482909
23482912
23482958
23482963
23482969
23483006
23483015
23483019
23483023
23483028
23483033
23484697
23485101
23485259
23485682
23485683
23485693
23485773
23486063
23486065
23486070
23486075
23486366
23486407
23486410
23486439
23486440
234864409
23486463
23486489
23487241
23487242
23487243
23489763
23489773
23489775
23489823
23489824
23489825
23489826
23489828
23489830
23489832
23489926
2349
23490703
23490704
23490707
23490710
23490712
23490715
23490718
23490721
23490722
23492225
23492352
23494411
23494417
23495741
23495902
23496037
23497252
23497300
23499602
23499606
23499615
2350
23500745
23500747
23500764
23500767
23500873
23500874
23500875
23500876
23501058
23501061
23501067
23501071
23501072
23501076
23501080
23501083
23501087
23501090
23501094
23501097
23501100
23501104
23501105
23501106
23501107
23501108
23501109
23501110
23501111
23501112
23501113
23501114
23501115
23501116
23501117
23501118
23501119
23501120
23501121
23501122
23501123
23501124
23501219
23501362
23501419
2351
2352
2353
2354
2355
2356
2357
2358
2359
236
2360
2361
2362
2363
2364
2366
2367
2369
237
2370
2371
2372
2373
2374
2375
2376
2377
2378
2379
238
2380
2381
2382
2383
2384
2385
2386
2387
2388
2389
239
2390
2391
2392
2393
2394
2395
2396
2397
2398
2399
240
2400
24001857
24002586
24005249
24008142
24008143
24008144
24008145
24008174
24008248
24008253
24008258
24008263
24008285
2401
24011288
24011289
24011290
24011301
24011307
24011313
24011319
24011325
24011331
24011352
24011358
24012819
24012850
24013516
24013832
24013833
24013969
24014012
24015703
24016492
24016498
24016499
24016501
24016512
24016518
24016538
24016544
24016550
24016556
24016562
24016568
24016574
24016580
24016586
24016592
24016598
24016604
24016610
24016617
24016622
24016627
24016632
24016638
24016643
24016652
24016657
24016662
24016667
24016672
24016677
24016682
24016687
24016694
24016700
24016705
24016712
24016717
24016724
24016729
24016736
24016741
24016746
24016751
24016756
24017599
24017604
2402
24021023
24021028
24021033
24021038
24021043
24021048
24021049
24021050
24021075
24021076
24021476
24024682
24025138
24025349
24025487
24025494
24025498
24026437
24026443
24026447
24026451
24026455
24026459
24027163
24027314
2403
24038155
24039810
2404
24040122
24040238
24040771
24040998
24041060
24041212
24042829
24042846
24043041
24043042
24043043
24043044
24043045
24043046
24043047
24043048
24043049
24043050
24043051
24043052
24043053
24043054
24043055
24043056
24043057
24043058
24043059
24043060
24043061
24043062
24043063
24043064
24043065
24043066
24043067
24043068
24043069
24043070
24043071
24043072
24043073
24043074
24043075
24043076
24043077
24043078
24043079
24043080
24043081
24043083
24043084
24043085
24043086
24043087
24043088
24043089
24043090
24043091
24043092
24043093
24043094
24043095
24043096
24043097
24043098
24043099
24043100
24043101
24043102
24043103
24043104
24043105
24043106
24043107
24043108
24043109
24043110
24043111
24043112
24043113
24043115
24043116
24043117
24043118
24043119
24043120
24043121
24043122
24043123
24043124
24043125
24043126
24043127
24043128
24043129
24043130
24043131
24043132
24043133
24043134
24043135
24043136
24043137
24043138
24043139
24043140
24043142
24043143
24043144
24043145
24043146
24043147
24043149
24043151
24043152
24043153
24043154
24043155
24043156
24043158
24043159
24043160
24043161
24043162
24043163
24043164
24043165
24043167
24043168
24043169
24043170
24043171
24043172
24043173
24043174
24043175
24043176
24043177
24043178
24043179
24043180
24043181
24043182
24043188
24045848
24045850
24045851
24045852
24047817
2405
24051468
24052492
24057536
24059190
24059986
2406
24063700
24063701
2407
2408
2409
241
2410
2411
2412
2413
2414
2415
2416
2417
2418
2419
2420
2421
2422
2423
2424
2425
2426
2427
2428
2429
243
2430
2431
2432
2433
2434
2435
2436
2437
2438
2439
244
2440
2441
2442
2443
2444
2445
2446
2447
2448
2449
245
2450
2451
2452
2453
2454
2455
2456
2457
2458
2459
246
2460
2461
2462
2463
2464
2465
2466
2467
2469
247
2470
2471
2472
2473
2474
2475
2476
2477
2478
2479
248
2480
2481
2482
2483
2484
2485
2487
2488
2489
249
2490
2491
2492
2493
2494
2495
2496
2497
2498
2499
250
2500
25001289
25001292
25001295
25001298
25001301
25001305
25001307
25001309
25001312
25001317
25001323
25001326
25001329
25001332
25001335
25004974
25004976
25004979
25004982
25004985
25004990
25004993
25004996
25004999
25008951
25008955
25008960
25008965
25008970
25008975
25008983
25009473
2501
25016557
25016562
25016564
25016567
25016569
25016766
25016903
25017653
25019562
25019565
25019567
25019570
25019572
25019575
25019578
25019580
25019581
25019589
25019593
2502
25021182
25021183
25021184
25021185
25021187
25021188
25021189
25021190
25021191
2503
250336
25033760
25033763
25033766
25033769
25033772
25033775
25033778
25033781
250364
25037468
25037470
25037472
25037475
25037478
25037479
25037481
25037482
25037484
25037485
25037487
2504
25042117
25042119
25042121
25042122
25047319
25047323
25047326
25047329
25047331
25047334
2505
25051552
25051555
25051559
25051562
25051565
25051568
25051571
25051574
25051579
25051582
25054597
25054598
25054603
25054605
25054608
25054609
25054610
25054611
25054612
25056873
25056883
25057452
25057454
25057456
25057459
25057462
25057465
25057468
25057471
25057629
25057632
25057647
25057663
25057664
2506
25060557
25060559
25060562
25060565
25060568
25060571
25060572
25060575
25060578
25060579
25061486
25061545
2507
2508
2509
251
2510
2511
2512
2513
2514
2515
2516
2517
2518
2519
252
2520
2521
2522
2523
2524
2525
2526
2527
2528
252892
2529
253
2530
2531
2533
2534
2535
2536
2537
2539
254
2540
2541
2542
2543
2544
2545
2546
2547
2548
2549
255
2550
2551
2552
2553
2554
2556
2557
2558
2559
256
2560
2561
2562
2563
2564
2565
2566
2567
2569
257
2570
2571
2572
2573
2574
2575
2576
2577
2579
258
2580
2581
2582
2583
2584
2585
2586
2587
2588
2589
259
2590
2591
2592
2593
2594
2595
2596
2597
2598
2599
260
2600
26001397
26001591
26001603
26001609
26001615
26001619
26001623
26001627
26001633
26001638
26001648
26001649
26005432
26005456
26005468
2601
26014949
26014954
26016908
2602
2603
26030981
26031118
26031742
26031758
26035636
26035650
26035664
26036766
26036777
26036788
26036802
26036815
26036828
26036842
26038566
26038570
26038572
2604
2605
2606
2607
2608
2609
261
2610
2611
2612
2613
2614
2615
2616
2617
2618
2619
262
2620
2621
2622
2623
2624
2625
2626
2627
2628
2629
263
2630
2631
2632
2633
2634
2635
2636
2637
2638
2639
2640
2641
2642
2643
2644
2645
2646
2647
2648
2649
265
2650
2651
2652
2653
2654
2655
2656
2657
2658
2659
266
2660
2661
2662
2663
2664
2665
2666
2667
2668
2669
2670
2671
2672
2673
2674
2676
2677
2678
2679
268
2680
2681
2682
2683
2684
2685
2686
2687
2688
2689
269
2690
2691
2692
2693
2694
2695
2696
2697
2698
2699
270
2700
27000610
27000875
27001275
27001478
27001513
27001531
27001532
27002617
27002828
27002950
27003313
27005829
27006582
27007876
2701
27010302
27010311
27010323
27010375
27011884
27017225
27017255
27017814
27017815
27017818
27017842
27017857
27017889
27017896
27017899
27018925
27019251
27019958
2702
27020000
27020206
27020209
27020540
27023160
27023586
27023692
27023713
27023975
2703
27030664
27031146
27031422
27032182
27032354
27032403
27032494
27032607
27035525
27035536
27035591
27035687
27035692
27038751
27038756
27038946
2704
27040904
27041870
27042182
27042246
27042393
27042397
27042401
27042405
27042408
27042411
27042415
27042420
27042424
27044904
27045603
27045711
27045713
27045715
27045717
27045719
27045721
27045724
27045920
27045922
27045924
27045926
27045928
27045930
27045932
27045934
27045936
27045940
27047039
27047043
27047077
27047297
27048307
27048330
27049541
2705
27053028
27056786
27057020
27057348
27057706
27059526
2706
27061062
27062676
27064015
27065780
27066022
27066059
27066060
27066096
27066133
27066336
27066339
27068651
2707
27072676
2708
27086149
27087092
27087201
27087408
27087743
27087932
2709
27093529
27093533
27093537
27093541
27093545
27093549
27093553
27093557
27093562
27093569
27093573
27093577
27093581
27095209
27095329
27095331
27097164
27097177
27099613
271
2710
27100115
27100117
27102174
27104443
27106991
2711
27115025
27115741
27115744
27118564
2712
27122177
27123657
27123700
27123983
27124129
27124227
27124458
27124463
27124495
27124496
27124620
27124653
27125066
27125076
27125149
27125162
27125374
27125418
27126043
27126068
27126249
27126286
27126373
27126471
27126496
27126559
27126585
27126586
27126599
27126600
27128372
27128409
27128512
27128660
27128707
2713
27131778
27134995
27134996
27134998
27135413
27137315
27138907
2714
27141479
27141761
27141891
27143386
27145116
27145135
27145138
27145140
27145611
27145799
27145840
27146548
27147895
27147896
27147923
2715
27155310
27155476
27155880
2716
27162016
27162017
27162018
27163980
27163981
27163985
27164078
27164080
27164131
27164624
27164655
27164705
2717
2718
2719
272
2720
2721
2722
2723
2724
2725
2726
2727
2728
2729
273
2730
2731
2732
2733
2734
2735
2736
2737
2738
2739
274
2740
2741
2742
2743
2744
2745
2746
2747
2748
2749
275
2750
2751
2752
2753
2754
2755
2756
2757
2758
2759
276
2760
2761
2762
2763
2764
2765
2766
2767
2768
2769
277
2770
2771
2772
2773
2774
2775
2776
2777
2778
2779
278
2780
2781
2782
2783
2784
2785
2786
2787
2788
2789
279
2790
2791
2792
2793
2794
2795
2796
2797
2799
280
2800
2801
28011884
2802
2803
28031876
28036982
2804
2805
28050411
28051092
28051350
28053095
2806
2807
2808
28084673
2809
28092968
28092972
28092991
28092993
28093004
28093006
281
2810
2811
2812
2813
2814
2815
2816
2817
2818
282
2820
2821
2822
2823
2824
2825
2826
2827
2828
2829
283
2830
2831
2832
2833
2834
2835
2836
2837
2838
2839
2840
2841
2842
2843
2844
2845
2846
2847
2848
2849
285
2850
2851
2852
2853
2854
2855
2857
2858
2859
286
2860
2861
2862
2863
2864
2865
2866
2867
2868
2869
2870
2871
2872
2873
2874
2875
2876
2877
2878
2879
288
2880
2881
2882
2883
2884
2885
2886
2887
2888
2889
289
2890
2891
2892
2893
2894
2895
2896
2898
2899
290
2900
29005033
29005803
29009002
29009263
2901
29010609
29010864
29021225
29024110
2903
29030257
29035453
29035803
29036085
29037859
29039456
2904
29042044
29042053
2905
29052536
29052564
29057302
2906
29060716
29060726
29061011
29061016
29061047
29061055
29061146
29061148
29061149
29061150
29063480
29065446
29066004
29073899
29074186
29074243
29074340
29074345
29074491
29075029
29075030
2908
29082592
29086568
29086658
29086681
29086709
29088514
2909
291
2910
29106443
29106449
29106458
29106462
29106498
29106510
29106538
29106539
29106543
29106547
29106554
29106555
29106563
2911
29113421
2912
29129383
2913
29130446
2914
29140515
29140521
29140535
29140546
29141507
29141546
2915
29155928
29158011
29158014
29158020
29158033
29158074
29159215
2916
291664
29166725
2917
29173094
29173100
29173113
29173140
29173143
29173239
29173246
29173249
29175173
2918
2919
292
2920
2921
2922
29232614
29232688
29232816
29232819
29232844
29232869
29232871
29233953
2924
29240778
2925
2926
2927
2928
2929
293
2931
2932
2934
2935
2936
2937
2938
2939
294
2940
2941
2943
2944
2945
2946
2947
2948
2949
295
2950
2951
2952
2953
2954
2955
2956
2957
2958
2959
296
2960
2961
2962
2963
2964
2966
2967
297
2970
2971
2972
2973
2974
2975
2976
2977
2978
2979
298
2982
2983
2984
2985
2986
2987
2988
2989
299
2990
2991
2992
2993
2994
2995
2996
2997
2998
300
3000
30002707
30002762
30002860
30005421
30005422
30005423
30005424
300054864
30007799
30007800
30007801
30007802
30007803
30007804
30007805
30007806
30007807
30007808
30007809
30007810
30007811
30007812
30009848
30009849
3001
30010181
30010182
30015210
30015211
30015287
30015827
30019554
30019947
30019948
30019949
30019950
30019951
30019952
30019953
30019954
30019955
30019956
30019957
30019958
30019959
30019960
30019961
3002
30020292
30020685
30020958
30021186
30023047
30023049
30023598
30023610
30023633
3003
30033333
30033334
30033341
30033342
30033343
30033344
30033345
30033346
30033347
30033348
30033349
30033350
30033351
30033352
30033353
30033354
30033539
30033599
30033616
30033639
30033645
30033746
30033764
30033870
30033947
30033948
30034476
3004
30040097
30047170
30047172
30047570
30047571
30047572
30047573
30047574
30047784
30047821
30047892
30048180
30048347
30048396
30048868
30048903
30048906
30048907
3005
30050102
30050299
30050972
30050973
30050974
30051650
30051765
30052337
30052340
30052342
30052344
30052345
30052346
30052347
30052348
30052360
30052361
30052362
30052363
30052364
30052365
30052366
30052381
30052382
30052383
30052384
30052385
30052386
30052387
30053970
30054053
30054602
30054607
30054608
30054700
30054738
30054740
30054741
30054742
30054774
30054778
30054787
30054807
30054808
30054809
30054818
30054821
30054825
30054829
30054850
30054851
30054863
30054865
30054867
30054868
30054869
30054871
30054873
30054941
30054942
30054944
3006
3007
3008
3009
301
3010
3011
301100
301102
301103
301105
301107
301108
301110
301111
301113
301115
301117
301119
301121
301123
301125
301126
301127
301129
301131
301133
301135
301136
301138
301140
301142
301144
301146
301148
301149
301151
301153
301155
301157
301159
301161
301163
301165
301167
301169
301171
301172
301173
301175
301177
301179
301181
301182
301184
301186
301188
301190
301192
301194
301196
301198
3012
301200
301202
301204
301206
301208
301210
301212
301214
301216
301218
301220
301222
301224
301226
301228
301230
301231
301232
301233
301234
301235
301237
301239
301240
301242
301244
301245
301247
301249
301251
301253
301255
301257
301258
301260
301262
301264
301266
301268
301270
301272
301274
301276
301278
301280
301282
301284
301286
301288
301290
301292
301294
301296
301298
301299
3013
301300
301302
301304
301306
301308
301310
301312
301314
301316
301318
301321
301323
301325
301327
301329
301331
301333
301336
301338
301340
301342
301344
301346
301348
301350
301352
301354
301356
301357
301359
301361
301363
301364
301367
301370
301373
301374
301377
301380
3014
3015
301526
3016
3017
3018
3019
301919
3020
3021
302108
302139
302141
302142
302143
302144
302146
302148
3023
3024
3025
3026
3027
3028
303
3030
303009
303010
303012
303013
303014
303016
303018
303020
303022
3031
3032
3033
3034
3035
3036
303612
303614
3037
3038
303815
303816
303817
303861
3039
303902
304
3040
3041
3042
3043
3044
304422
3045
3046
3048
3049
305
3050
3051
3053
3054
3055
3056
3057
3058
3059
306
3060
3061
3062
3063
3064
3065
3066
3067
3068
3069
307
3070
3071
3072
3073
3074
3075
3076
3077
3078
3079
308
3080
308091
308093
308094
308099
3081
308100
308101
308102
308103
308104
308107
308111
308183
308191
3082
308236
308255
308258
308259
308261
308262
308263
308266
308267
308268
308271
308272
308274
308275
308276
308277
308279
308280
308281
3083
308384
3084
3085
308516
3086
308628
3087
3088
3089
308938
308939
308940
308941
308942
308943
308944
308945
308946
308947
309
3090
3091
309137
309138
309139
309140
309141
309142
309143
309144
309145
309146
3092
3093
309344
309345
309346
309347
309348
309349
309350
309351
309353
309354
309355
309356
309357
309358
309361
3094
3095
3096
309614
309616
309618
309619
309621
309622
309624
309626
309628
309629
309631
309633
309635
309637
309638
309639
309640
309641
309643
309644
309646
309648
309650
309651
309652
309653
309654
309656
309670
309673
3097
309722
309735
309736
309737
309738
309739
309740
309741
309743
309744
309745
309746
309747
309748
309749
309750
309751
309752
309753
309754
309755
309756
309757
309758
309759
309760
309761
309762
309764
309765
309766
309767
309768
309769
309770
309771
309772
309773
309774
309775
309776
309777
309778
309780
309781
309782
309783
309784
309785
309786
3098
3099
3100
31000024
310001113
3100018
3100019
31000300
31000329
31000330
31000331
31000332
31000333
31000335
31000336
31000337
31000338
31000339
31000340
31000341
31000371
31000540
31000541
31000542
31000543
31000544
31000545
31000546
31000548
31000549
31000550
31000551
31000552
31000553
31000554
31001108
31001109
31001110
31001111
31001112
31001113
31001229
31001230
31001231
310090
3100961
3101
3101432
3101435
3101441
3101444
3101446
3101448
3101450
3101453
3101457
3101460
3101463
3101496
3101498
3101500
3101502
3101504
3101506
3101508
3101510
3101512
3101514
3101516
3101518
3101520
3102
3102137
310299
3103
310351
310357
31036856
31036857
31036858
3103742
31037814
31037994
31037995
31037996
31038041
31038148
310384
310389
310390
310392
3104
31040595
31041198
31041239
31041733
31041821
31042431
31042460
3105
31051842
3106
310636
3106365
310639
310642
310645
3107
310700
3108
310898
310899
310900
310901
310902
310903
310904
310905
310908
311
3110
311000
311002
311004
311020
311022
311024
311026
311028
311030
311032
311034
311036
311038
311040
311042
311082
311085
311086
311097
3111
311103
311105
311107
311108
311110
311112
311113
311115
3112
3113
3114
3115
311513
311514
311515
311516
311519
3116
3117
3118
311841
311842
311867
311868
311869
311870
3119
311949
311951
311953
311955
311957
311959
311960
311962
311964
311968
311970
311971
311973
312
3120
312062
312064
3121
3122
312292
312293
312294
312295
312296
312297
312298
312299
3123
312300
312302
312303
312305
312306
312309
312324
312326
312327
312328
312329
312330
312331
312332
312333
312334
3125
3126
3127
3129
3130
313030
313190
3132
313222
313224
313225
313227
313228
313230
313232
313234
313236
313238
313239
313240
313242
313244
313245
313247
313248
313250
313251
313253
313254
313255
313256
313257
313258
313259
313261
313263
313264
313265
313267
313269
313271
313273
313275
313277
313279
313281
313283
313284
313286
313288
313289
313291
313293
313295
313297
313299
3133
313301
313303
313305
313307
313308
313310
313312
313313
313314
313315
313317
313319
313321
313323
313325
313327
313329
313331
313333
313335
313337
313339
313341
313342
313343
313344
313347
313348
313350
313351
313352
313354
313355
313357
313359
313361
313362
313364
313365
313366
313367
313368
313369
313370
313372
313373
313374
313377
313380
3134
313415
313438
313439
313440
313441
313442
3135
313514
313515
313516
313517
313574
313575
313576
313577
313578
313579
313580
313581
3136
313612
313669
313670
313673
313674
313675
3137
313749
313773
313780
313781
313782
313783
313784
313785
313786
313787
313788
313789
3138
3139
313900
313901
313902
313903
313904
314
3140
314078
314082
314089
314096
314097
314098
3141
314100
314101
314102
314193
314195
314197
314198
314199
3142
314201
314202
314204
314206
314208
314235
314291
314293
314294
314297
314299
3143
314300
314301
314302
314303
314304
314305
314308
314309
314310
314311
314312
314313
314314
314315
314316
314317
314318
314319
314320
314321
314328
314330
314332
314334
314336
3144
3145
314592
314594
314598
3146
314600
314602
314604
314607
314611
314612
314614
314616
314617
314618
314619
314620
314684
314686
314688
314691
314694
314695
3147
314718
314721
314730
314734
314735
314744
314746
314748
314749
314751
314753
314755
314757
314759
314761
314765
314767
314769
314770
314771
314772
314773
314774
314775
314776
314777
314778
314779
314780
314781
314782
314783
314784
314785
314786
314787
314788
314789
3148
314893
314894
314895
314896
314897
314898
314899
3149
314900
314901
314902
314903
314904
314905
314909
314911
314936
314938
314942
314944
314946
314956
314958
314960
314962
314963
314965
314967
314969
314971
314973
314976
314979
315
3150
3151
3152
3153
3154
3155
3157
3158
3159
316
3160
3161
3162
3163
3164
3165
3166
3167
31671
316733
316773
316775
316778
316781
316785
316792
3168
316801
3169
317
3170
3171
317189
3172
317242
3173
317346
317347
317355
3174
3176
3177
3178
3179
317943
317946
317949
3180
3181
3182
3183
3184
3185
3186
3187
318716
318860
318862
318864
318866
318868
318869
318871
318873
318875
318877
318879
318881
318883
318885
318889
318891
318893
318895
318897
318899
3189
318901
318903
318905
318907
318909
318911
318913
318915
318917
318918
318920
318922
318923
318924
319
3190
319088
3191
319111
319113
319115
319117
319119
319121
319122
319124
319126
319128
319129
319131
319132
319133
319135
319137
319139
319141
319142
319143
319144
319146
319148
319150
319152
319154
319156
319158
319159
319160
319162
319164
319165
319166
319168
319170
319172
319174
319175
319263
3193
3194
3195
3196
319620
319623
3197
3198
3199
320
32000006
32000519
3200068
32000769
3200386
3200419
3200440
3200567
3200568
3200569
3200570
3200571
3200572
3200574
3200575
3200576
3200577
3200578
3200579
3200581
3200582
3200583
3200584
3200585
3200586
3200588
3200589
3200590
3200591
3200592
3200593
3200594
3200595
3200596
32006172
3200636
3200637
3200639
32006551
32006568
32007962
32007964
32008098
32008100
32008102
32008104
32008106
32008108
3200935
32019006
3201946
3202
32020387
32020391
32020988
32020991
32020994
32025962
32025976
32025982
320262
32026360
32026453
32026465
32028696
32028726
32028740
32028787
32028788
32028789
32028790
32029837
32029940
3203
32030189
32030462
32031404
32031660
32032056
32032281
32033133
32033198
32034504
32034508
320368
320371
320373
320379
320381
320388
320389
320390
320391
320392
3204
3204655
3205
3206
320675
320676
320677
320678
320679
320680
320681
3207
3208
3209
321
3210
3211
3213
3214
3215
3216
3217
3218
3219
322
3220
3221
3223
3224
3226
3227
3228
3229
323
3230
3231
3232
3233
3234
3235
324
325
32594
326
327
328
329
32984
33
330
33000074
33000171
33000185
33000570
33000578
33000579
33000704
33001343
33001632
33001732
33001796
33001837
33001921
33001954
33002117
33002395
33002421
33002459
33002933
33003310
33003774
33004122
33004165
33004437
33004438
33004439
33004440
33004441
33004470
33004475
33004602
33004605
33004607
33004611
33004682
33004696
33004783
33004788
33005356
33005409
33005461
33005559
33005660
33005662
33005754
33005905
33007202
33007379
33007389
33007392
33007394
33007645
33008026
33008089
33008784
33008785
33009406
33009523
33009801
33009828
33010457
33011703
33011715
33011725
33011893
33012096
33012259
33012776
33012781
33012785
33012790
33018648
33018658
33018659
33018660
33018661
33018662
33018663
33020188
33021850
33021852
33021889
33022122
33023285
33023306
33024293
33024530
33024538
33024539
33024540
33024553
33024563
33024575
33024581
33024587
33024905
33024982
33025157
33025158
33025489
33025691
33028370
33028418
33028533
33028534
33029444
33031772
33033491
33033775
33033957
33033965
33033996
33033999
33034003
33034009
33034697
33044237
33044421
33046697
33046700
33046703
33048178
33048229
33048230
33048231
33048232
33048233
33048235
33048236
33048237
33048240
33048242
33048243
33048244
33048245
33048246
33048247
33048248
33048249
33048250
33048254
33048255
33048256
33048257
33048259
33048261
33048263
33048264
33048267
33048268
33048273
33048274
33048276
33048278
33048282
33048283
33048288
33048366
33048434
33048439
33048457
33048889
33049143
33049261
33051072
33052025
33052060
33052065
33052671
33052721
33052727
33052729
33053626
33055130
33055536
33057386
33057448
33057648
33057825
33058132
33058145
33058158
33058289
33058290
33059269
33059270
33059271
33059326
33060280
33060301
33060303
33062383
33062384
33062600
33063649
33064247
33064549
33064668
33064692
33064793
33064930
33064961
33066507
33068694
33069666
33069676
33071584
33071866
33071878
33071880
33074606
33075442
33077636
33078580
33078581
33078582
33078583
33078584
33078585
33078586
33079076
33079502
33079753
33079797
33079856
33079954
33080033
33080034
33080035
33080047
33080048
33080049
33080175
33080177
33080179
33080380
33080416
33082249
33082250
33082513
33083313
33083640
33084420
33084421
33084422
33084514
33084945
33084946
33084947
33084948
33084949
33084950
33084951
33084952
33084953
33084954
33084955
33084956
33084957
33084958
33084959
33084960
33084961
33084962
33084963
33084964
33084965
33084966
33084967
33084968
33084969
33084970
33084971
33084973
33084974
33084975
33084976
33084977
33084978
33084979
33084981
33084983
33084984
33084985
33084986
33084987
33084988
33084989
33084990
33084991
33084992
33084994
33084995
33084996
33084997
331
332
333
334
335
336
337
338
339
33901
340
34000014
3400008
3400016
3400020
3400023
3400026
3400029
3400034
34000684
34000720
34001268
34001418
34001419
34001420
34001580
34001863
34001900
34001910
34001927
3400205
34002167
34002535
34002547
34002596
34002597
34002598
34002599
34002600
34002794
34002801
34002819
34002820
34002831
34002929
34002930
34002945
34002946
34002981
34003006
3400308
3400311
34003121
34003130
34003144
34003166
34003188
34003195
34003312
34003361
34003673
34003725
34003826
34003950
34004274
3400446
34005278
34005408
3400548
34006532
34006750
34006778
3400680
34006836
3400690
34006909
34007048
3400731
34007359
34007415
3400744
34007820
3400801
34008379
34008398
3400878
34009194
34009306
34009476
34009637
34009647
34009701
34010092
34010102
34010165
34011144
34012160
34012413
34012419
34012505
34012508
34012509
34012510
34012513
34012517
34012518
34012519
34012520
34012521
34012522
34012600
34012859
34012987
34013023
34013038
34013144
34013152
34013418
34013532
34013533
34013688
3401404
34014497
3401456
34014701
34015502
34015514
34015515
34015516
34015519
34015599
34015610
34016334
34017038
34039000
34039001
34039002
34039003
34039004
34039005
34039011
34039013
34039014
34039015
34039016
34039017
34039018
34039019
34039020
34039021
34039022
34039023
34039024
34039025
34039026
34039027
34045872
34047551
34048868
34053971
34054098
34054269
341
342
34398
344
34433
34434
34436
34439
345
34572
34573
34574
346
347
349
350
3500114
3500210
3500214
3500215
3500216
3500217
3500218
3500219
350022
3500220
3500222
3500223
3500224
3500225
350027
350028
3500294
350030
35004280
35004284
35007252
35007983
35008176
35009788
35013289
35014188
3501538
35015981
35016196
35016237
35016261
35016518
35016572
35016581
35016737
35016921
35017051
35017115
35017306
35018187
35018449
35018613
35018637
35018669
35018683
35018853
35018859
35018994
35018997
35019021
3501956
35019939
35020149
35020768
35020773
3502138
3502139
3502140
3502141
3502142
3502143
35021678
35021694
35021783
35021802
35021807
35021853
35021886
35021887
35021949
35021950
35021985
35022074
35022076
35022081
35022115
35022122
35022130
3502215
35022184
35022193
35022216
35022225
35022241
35022249
35022342
35022384
35022597
35022832
35023028
3502354
350239
350241
35024564
35024566
35024568
35024571
35024575
35024577
35024583
35024586
35024588
35024590
35024592
35024593
35024595
35024599
35024601
35024614
35024617
35024619
35024622
35024625
35024628
35024631
35024634
35024639
35024642
35024644
35024648
35024651
35024902
35024937
3502555
35026264
3503106
3503463
3503604
3504188
350443
350454
3504654
3504784
3504993
3505034
3505345
3505357
3505368
3506513
350930
350932
350935
350937
350939
350942
350945
350949
350950
350951
350952
350953
350954
350955
350957
350958
351
351000
351004
351006
351008
351013
351015
351018
351020
351022
35102287
35102288
35102289
35102290
35102291
35102292
35102293
35102294
35102295
35102296
351024
351026
351028
351030
351032
351035
351036
35103601
35103602
351038
35103829
35103831
35103832
35103833
35103834
35103835
351040
351042
351044
351046
351048
351050
351052
351054
35105447
35105448
35105449
35105532
35105533
351056
351058
35105900
351060
351062
351064
351066
351068
351078
351079
35116217
35116218
35116219
35116397
35116398
35116399
35116400
35116401
35116402
35116403
35116405
35116406
35116408
35116409
35116410
35116411
35116412
35116413
35116414
35116415
35116416
35116417
35116418
35116419
35116978
35117219
35117220
35117221
35117222
35117223
35117224
35117225
35117226
35117227
35117228
35117229
35117230
35117231
35117232
35117233
35117234
35117235
35117237
35117238
35117239
35117240
35117241
35117242
35117243
35117244
35117245
35117246
35117247
35117248
35117249
35117250
35117251
35120598
35120644
35120645
35120646
35120647
35120648
35120649
35120650
35120651
35120652
35120653
35120654
35120655
35120656
35120657
35130688
35130689
35130690
35130691
35130692
35130693
35130694
35130695
35130696
35130697
35130698
35130699
35130700
35130701
35130702
35130703
35130704
35130705
35130706
35130707
35130708
35130709
35130710
35134995
35138828
35140218
35140224
35150844
35153148
352
352119
352476
352718
352732
352746
352832
353
353076
353084
353539
354
354305
354499
354556
354575
354577
354580
354582
354631
354633
354934
354937
354939
355
355028
355036
355060
355544
355549
355595
355729
355731
355812
356
356769
357
358
358409
358671
358731
359291
3600031
36000459
36000465
36000472
36000487
36000494
36000499
36000521
36000527
3600061
36000732
3600077
36001844
36001851
36001857
36001863
36001870
36001879
36001892
36001902
36001915
36001955
36001963
36001972
36001979
3600249
36002737
36002742
36002748
36002987
3600373
36004131
36005063
36005457
36005466
36005737
36006209
36006220
36006455
36006475
36006489
36006511
36006519
36006533
36009540
36009558
36010475
3601058
36010580
36010589
36010599
36010606
36011764
36013002
36015235
36015245
36015258
36015267
36015276
36015286
36015295
36015313
36015374
36015431
36017876
36017884
36017894
36017905
36017938
36017999
36018072
36018086
36018092
36018105
36018112
36018133
36018144
36018151
36018188
36018197
3601820
36018224
36018230
36018238
36018257
36018264
36018753
36018875
36018896
36018906
36019092
36019348
36019686
36020142
36020264
36020272
36020284
36020292
3602036
36022715
36023091
36023097
36023103
36023109
36023115
36023121
36023127
36023133
36023139
36023146
36023152
36023158
36023164
36023170
36023176
36023182
36023188
36023194
36023200
36023207
36023213
36023219
36023225
36023231
36023245
36023251
36023258
36023264
36023273
36023279
36023285
36023291
3602383
3602398
36024154
3602419
36024191
36024278
3602601
3602620
36027854
36031042
36031132
36031145
36031160
36031175
36031188
36031201
36031209
36031222
36031235
36031248
36031262
36031277
36031290
36031306
36031320
36031333
36031350
36031389
36031428
36031495
36031509
36031524
36031538
36031552
36031567
36031955
36031969
36031983
36031996
36032869
36032892
36032919
36032933
36035216
36035222
36035228
36035251
36035264
36035285
36035506
36035521
36035532
36035852
36035869
36035901
36035925
36035938
3603642
36036502
36036528
36036541
36036557
36036563
36036585
36036606
36036730
36036745
36036760
36036773
36036788
36036803
36036816
36036830
36036844
36036859
36037437
36037500
36037519
36037532
36037550
36037566
36037599
36037616
36037633
36037648
36037673
3603844
3603898
3603952
36041351
36041372
36041373
36041397
36041410
36041423
36041447
36041460
36041473
36041506
36041519
36041525
36041538
36041551
36041574
36041590
36041610
36041611
36041624
36041636
36041637
36041651
36041668
36041681
36041703
36041727
36041740
36041764
36041810
36041828
36042267
36042292
36042307
36042321
36042353
36042366
36042386
36042445
36042547
36042560
36042575
36042590
36042609
36042630
36042680
36042727
36042800
36042814
36042831
36042844
36042859
36042873
36042888
36042912
36042926
36042944
36042960
36042976
36042996
36043012
36043032
36043130
36043146
36043160
36043219
36043234
36043249
36043272
36043291
36043304
36043318
36043335
36043343
36043483
36043492
36043527
36043544
36043560
36043573
36043589
36043610
36043628
36043644
36043661
36043675
36043696
36043721
36043737
3604375
36043756
36043779
36043794
36043808
36043822
36043837
36043851
36043914
36043930
36043945
36043968
36043982
36044027
36044038
36044058
36044103
36044116
36044128
36044142
36044156
36044181
36044196
36044231
36044244
36044254
36044278
36044291
36044304
36044316
36044348
36044361
36044374
36044388
36044401
36044414
36044427
36044569
36044581
36044600
36044625
36044640
36044655
36044673
36045067
36045080
36045420
36045456
36045474
36045670
36045694
36045711
36045725
36045739
36045755
36045771
36045784
36045799
3604580
36045818
36045832
36045848
36045861
36045877
36046027
36046110
36046119
36046131
3604614
36046143
36046156
36046165
36046177
36046187
36046188
36046230
36046245
36046251
36046257
36046263
36046274
36046293
36046299
36046307
36046313
36046321
36046327
36046333
36046339
36046346
36046375
36046381
36046389
36046395
36046405
36046414
36046424
36046443
36046453
36046461
36046488
36046494
36046500
36046506
36046571
36046577
36046583
36046589
36046613
36046619
36046625
36046643
36046649
36046680
36046686
36046694
36046703
36046712
36046731
36046745
36046752
36046767
36046777
36046795
36046801
36046807
36046813
36046821
36046857
36046870
36046876
36046882
36046898
36046904
36046910
36046916
36046922
36046940
36046946
36046952
36046964
36046970
36046976
36046982
36047008
36047014
36047020
36047026
36047049
36047056
36047062
36047068
36047074
36047090
36047096
36047102
36047108
36047238
36047244
36047251
36047290
36047296
36047310
36047316
36047322
36047677
36047685
36047693
36047701
36047714
36047725
36047734
36047742
36047751
36047760
36047783
36047793
36048021
36048028
36048036
36048152
36048158
36048166
36048173
36048182
36048190
36048196
36048205
36048211
36048219
36048247
3604825
36048256
36048264
36048272
36048280
36048288
36048411
36048419
36048425
36048431
36048437
36048445
36048453
36048461
36048468
36048476
36048489
36048495
36048501
36048513
36048519
36048527
36048534
36048540
36048546
36048553
3604857
36048593
36048600
36048606
36048614
36048620
36048626
36048632
36048638
36048653
36048659
36048669
36048675
36048683
36048691
36048697
36048704
36048868
36048874
36048880
36048886
36048892
36048898
36049180
36049650
36049657
36049664
36049670
36049685
36049723
36049729
36050128
36050140
36050152
36050165
36050179
36050188
36050201
36050214
36050228
36050566
36050579
36050598
36050604
36050610
36050616
36050622
36050628
36050643
36050649
36052222
36052249
36052273
36052281
36052288
3605241
36052415
36052430
36052442
36052454
36052461
36052473
36052489
36052504
36052519
36052528
36052534
36052568
36052576
36052592
36052605
36052621
36052635
36052644
36052652
36052659
36053061
36053086
36053096
36053102
36053109
36053116
36053123
36053129
36053145
36053152
3605319
36053453
36053462
36053476
36053488
36053501
36053516
36053524
36053531
36053537
36053950
36053956
3605408
36054228
36054240
36054396
36054985
36055026
36055040
36055051
36055075
36055084
36055091
36055105
36055113
36055122
36055138
36055317
36055323
36055332
36055340
36055352
36055359
36055369
36055547
36055572
36055583
36055595
36055607
36055613
36055625
36055631
36055637
36055643
36055649
36055655
36055661
36055667
36055674
36055680
36055686
36055692
36055733
36055744
36056123
36056131
36056142
36056153
36056162
36056163
36056181
36056189
36056199
36056220
36056226
36056266
36056359
36056365
36056376
36056382
36056388
36056394
36056400
36056406
36056475
36056482
36056489
3605650
36056504
36056512
36056522
36056529
36056539
36056547
36056599
36056605
36056611
36056617
36056623
36056629
36056635
36056641
36056647
36056653
36056659
36056665
36056837
36056844
36057616
36057624
36057634
36057642
36057650
36057750
36057761
36057769
36057787
36057793
36057799
36057803
36057809
36057815
36057824
36057882
36057893
36057901
36057910
36057916
36057940
36058518
36058525
36058533
36058539
36058548
36058557
36058563
36058569
36058575
36058584
36058590
36058598
36058605
36058613
3605862
36058621
36058653
36058670
36058676
36058682
36058688
36058694
36058700
36058706
36058775
36058789
36058803
36058813
36058821
36058828
36058846
36058854
36058868
36058878
36058887
36058894
36058903
36058911
36058926
36058932
36058941
36058948
36058954
36058962
36059035
36059047
36059054
36059063
36059071
36059080
36059087
36059094
36059102
36059108
36059116
36059126
36059134
36059144
36059154
36059165
36059173
36059181
36059190
36059196
36059207
36059215
36059223
36059234
36059242
36059250
36059256
36059264
36059270
36059278
36059286
36059297
36059304
36059312
36059320
36059328
36059336
36059342
36059348
36059524
36059531
36059534
36059539
36059546
36059554
36059560
36059568
36059576
36059632
36059641
36059648
36059654
36059661
36059672
36059680
36059686
36059692
36059699
36059705
36059714
36059721
36059729
36059737
36059746
36059752
36059759
36059783
36059792
36059801
36059815
36059822
36059828
36059836
36059844
36059852
36059861
36059869
36059880
36059889
36059895
36059909
36059915
36059923
36059932
36059940
36059948
36059958
36059966
36059974
36059978
36059986
36059992
36059998
36060006
36060012
36060019
36060028
36060034
36060042
36060048
36060087
36060093
36060188
36060194
36060201
36060225
36060236
36060558
36060569
36060627
36060635
36060643
36060651
36060665
36060690
36060744
36060751
36060757
36060764
36060772
36060778
36060793
36060801
36060807
36060815
36060827
36060835
36060843
36060852
36060863
36060871
36060879
36060887
36060895
36060899
36061277
36061284
36061291
36061296
36061302
36061311
36061330
36061342
36061500
36061507
36061514
36061520
36061526
36061534
36061557
36061571
36061819
36061827
36061834
36061880
36062725
36062731
36062739
36062745
36062828
36062840
36062861
36062877
36062885
36062893
36062903
36062930
36062941
36062949
36062957
36062965
36062974
36062992
36063000
36063007
36063014
36063023
36063030
36063037
36063059
36063066
36063074
36063081
36063088
36063095
36063102
36063111
36063118
36063132
36063141
36063148
36063154
36063161
36063170
36063175
36063189
36063195
36063201
36063207
36063220
36063224
36063228
36063242
36063250
36063257
36063265
36063273
36063281
36063292
36063298
3606389
3607181
3607261
36074046
36074062
36074092
36074138
36074154
36074245
36074257
36074271
36074284
36074400
36074419
36074431
36074445
36074452
36074461
36074469
36074483
36074510
36074523
36074536
36074550
36074567
36074585
36074598
36074609
36074621
36074635
36074657
36074670
36074676
36074695
36074706
36074717
36074724
36074736
36074741
36074755
36074763
36074770
36074778
36074791
36074805
36074842
36074851
36074857
36074870
36074882
36074893
36074904
36074910
36074920
36074926
36074932
36074942
36074947
36074959
36075010
36075018
36075024
36075038
36075067
36075093
36075107
36075118
36075137
36075148
36075167
36075180
36075194
36075207
36075225
36075233
36075241
36075255
36075263
36075277
36075293
36075305
36075311
36075323
36075337
36075356
36075369
36075377
36075519
36075672
36076047
36076054
36076060
36076068
36076076
36076213
36076221
36076246
36076252
36076258
36076274
36076309
36076316
36076323
36076347
36076356
36076362
36076370
3607638
36076384
36076392
36076403
36076425
36076431
36076439
36076447
36076457
36076465
36076476
36076513
36076524
36076540
36076548
36076593
36077318
36077974
36078859
36078872
36078877
36078881
36078931
36079034
36079038
36079071
36079079
36081213
36081221
36081229
36081243
36081251
36081259
36081267
36081275
36081283
36081298
36081307
36081334
36081342
36081348
36081435
36081442
36081449
36081456
36081473
36081480
36081486
36081493
36081501
36081507
36081513
36081915
36082719
36082742
36082748
3608521
3608562
36086054
36086071
36086107
36086115
36086191
3608625
36086375
36086383
36086392
36086398
36086451
36086457
36086481
36086488
36086495
36086501
36086516
36086526
36086533
36086540
36086548
36086556
36086571
36086684
36086704
36086710
36086731
36086737
36086747
36086753
36086789
36086795
36087067
36087074
3608761
36088191
36089175
36089266
36089283
36089638
36089657
36089672
36089691
36089703
36089712
36089723
36089743
36089761
36089779
36089804
36089819
36089836
36092778
36092785
36092801
36092807
36092815
36092834
36092872
36092883
36092896
36092904
36092914
36092952
36092964
36092973
36092987
36092993
36093006
36093021
36093027
36093033
36093058
36093066
36093086
36093092
36093117
36093124
36093132
36093152
36093159
36093171
36093230
36093235
36093240
36093245
36093258
36093265
36093272
36093320
36093326
36093333
36093340
36093347
36093392
36093399
36093406
36093449
36093458
36093463
36093477
36093483
36093506
36093516
36093527
36093565
36093582
36093592
36093600
36093618
36093623
36093637
36093644
36093651
36093664
36093669
36093674
36093690
36093697
36093706
36093711
36093736
36093741
36093821
36093826
36093831
36093836
3609393
3609395
3609470
36096380
36096488
36096738
36096916
36097183
36097188
36097207
36097214
36097246
36097277
36097284
36097291
36097448
36097456
36097788
36099343
36099703
36100011
3610048
3610049
3610050
3610051
3610052
3610053
36101432
36101438
36101461
36101485
36101491
36101497
36101503
36103801
36103811
36103844
36103855
36103865
36103875
36103884
36103912
36103922
36103939
36103958
36103970
36103992
36104003
36104013
36104023
36104096
36104105
36104140
36104195
36104209
36104229
36104241
36104250
36104261
36104286
36104293
36104301
36104326
36104336
36104377
36104395
36104407
36104420
36104428
36104444
36104452
36104463
36104477
36104487
36104549
36104575
36104584
36104900
36104915
36104927
36104940
36104983
36104991
36105011
36105019
36105045
36105173
36105178
36106999
36107815
36108667
36108675
36108935
36108945
36108970
36108980
36109037
36109062
36109070
36109209
36109219
36109237
36109287
36109297
36109307
36109328
36109403
36109514
36109521
36109537
36109546
36109555
36109563
36109573
36109580
36109585
36109742
36109753
36109769
36109836
36109885
36109897
36110047
36110071
36110101
36110120
36110127
36110253
36110264
36110286
36110296
36110340
36110349
36110378
36110386
36110521
36110528
36110536
36110630
36110638
36110645
36110662
36110670
36111478
36111486
36111509
36111515
36111783
36111791
36111799
36111876
36111885
3611312
36113199
36113399
36116080
36116112
36116124
36116141
36116151
36116162
36116210
36116220
36116258
36116265
36116277
36117944
36117979
36118299
36118337
36118379
36118443
36118451
36118469
36118494
36118662
36118766
36118773
36118787
36119173
36119223
36119269
36119639
36119710
36119747
36119754
36122292
36122303
36123132
36123204
36123351
36123359
36123428
36123456
36123589
36123876
36123892
36123906
36124146
36124194
36124209
36124284
36124291
36124435
36124897
36124905
36124919
36124928
36124938
36124945
36124956
36124963
36124979
36124986
36127372
36130860
36131277
36131426
36131436
36131442
36131450
36131467
36131474
36131482
36131489
36131497
36131505
36131512
36131530
36131539
36131548
36131556
36131564
36131573
36131590
36131598
36131610
36131621
36131628
36131634
36131650
36131659
36131667
36131688
36131697
36132588
36132595
36132603
36132626
36132633
36132642
36132648
36132656
36132664
36132684
36132692
36132704
36132712
36133105
36133118
36133153
36133188
36133190
36133194
36133200
36133310
36133312
36133350
36133665
36133752
36133759
36133806
36133814
36133859
36133867
36133948
36133954
36133959
36134239
36134459
36134485
36134593
36134651
36134653
36134681
36134687
36134717
36134772
36134778
36134804
36134881
36134889
36134929
36134935
36134949
36134955
36134975
36134981
36134987
36134993
36134995
36135069
36135087
36135094
36136195
36137352
36137964
36138281
36138870
36139105
36139111
36139235
36139513
36139530
36142338
36142346
36142358
36142370
36142381
36142397
36142415
36144305
36144308
36144366
36144376
36144461
36144473
36144489
36144499
36144511
36144525
36144538
36144552
36144562
36144591
36144603
36144611
36144634
36144654
36144666
36144676
36144688
36144699
36144707
36144723
36144732
36144743
36144848
36144857
36144958
36144969
36145013
36145031
36145180
36145187
36145492
36145543
36145554
36145987
36145995
36146018
36146058
36146162
36146169
36146176
36146183
36146196
36146230
36146239
36146307
36146314
36146715
36146751
36146759
36146820
36146828
36146835
36146861
36146872
36146879
36147006
36147014
36147166
36147314
36147345
36147378
36147402
36147631
36147640
36147673
36147684
36147705
36148404
36148418
36148427
36148522
36148552
36148812
36149137
36149166
36149887
36149910
36149925
36149943
36158792
36158800
36158920
36159018
36159148
36159200
36159558
36159565
36159578
36159590
36159597
36159604
36159610
36159619
36159628
36159634
36159640
36159703
36159714
36161764
36500000
36500001
36500002
36500003
36500004
36500005
36500006
36500007
36500008
36500009
36500010
36500013
36500014
36500015
36500016
36500017
36500020
36500021
36500024
36500025
36500026
36500027
36500028
36500029
36500091
36500093
36500096
36500201
36500235
36500236
36500237
36500238
36500240
36500241
36500269
36500462
36510132
36510163
36510164
36510165
36512704
36512768
36512955
36513839
36513878
36513885
36513886
36513887
36513888
36513889
36513890
36513893
36513898
36513905
36514309
36514318
36514319
36514336
36514337
36518155
36519090
36519493
36520018
36520019
36520020
36521151
36521161
36521195
36521623
36524459
36525720
36527192
36527211
36527273
36527695
370
37002160
37002161
37002162
37002163
37002164
37002165
37002166
37002167
37002168
37002169
37002170
37002171
37002172
37002173
37002174
37002175
37002176
37002177
37002178
37002179
37002180
37002181
37002182
37002183
37002184
37002185
37002186
37002187
37002188
37002189
37002190
37002191
37002192
37002193
37002194
37002195
37002196
37002197
37002198
37002199
37002200
37002201
37002202
37002203
37002204
37002205
37002225
37002226
37003150
37003157
37003525
3700360
37004515
37004516
37006287
37006288
37006289
37006290
37006291
37007485
37009777
37009778
37009780
37013109
37013110
37013751
37013752
37013753
37013755
37013757
37013759
37013761
37013764
37013766
37018526
37018527
37018529
37018530
37018531
37018532
37018533
37018534
37018535
37018536
37018537
37018538
37018539
37018540
37018541
37018542
37018543
37018544
37018545
37018546
37018547
37018548
37018549
37018550
37018551
37018552
37018553
37018554
37018555
37018556
37018557
37018558
37018559
37018560
37018561
37018562
37018563
37018564
37018565
37018566
37018567
37018568
37018569
37018570
37018571
37018572
37018573
37018575
37018576
37018577
37018578
37018579
37018580
37018581
37018582
37018583
37018584
37018585
37018587
37018588
37018589
37018590
37018591
37018592
37021778
37021779
37021780
37025110
37025164
37025691
37040003
37040004
37040393
37040430
37042018
37042019
37042020
37042021
37042022
37042177
37042198
37043232
37043233
37043234
37043236
37043237
37043238
37043256
37043720
37043721
37043722
37043723
37043724
37044326
37044805
37044806
37049001
37049002
37049003
37049004
37049005
37049006
37049007
37049008
37049009
37049010
37049011
37049012
37049013
37049014
37049015
37049016
37049017
37049018
37049019
37049020
37049021
37049022
37049024
37049025
37049026
37049027
37049028
37049029
37049030
37049031
37049032
37049033
37049034
37049035
37049036
37049037
37049039
37049040
37049046
37049047
37049048
37049049
37049050
37049051
37049052
37049053
37049054
37049055
37049056
37049057
37049058
37049060
37049061
37049062
37049063
37049064
37049065
37049066
37049067
37049079
37049080
37049081
37049082
37049083
37049084
37049085
37049086
37049087
37049088
37049089
37049090
37049091
37049092
37049093
37049094
37049095
37049096
37049097
37049098
37049099
37049100
37049101
37049102
37049103
37049104
37053249
37056056
37056241
37057272
37057299
37057424
37057425
37057426
37057430
37057459
37057460
37057461
37057462
37057463
37057465
37057466
37057467
37057468
37057469
37057517
37057526
37057527
37060574
37060577
37061048
37062133
37062339
37063461
37063462
37063463
37064447
37064538
37064907
37064908
37064909
37064911
37064912
37064914
37064915
37064916
37064917
37064918
37064919
37064920
37064921
37064922
37064923
37064924
37064925
37064939
37064940
37064941
37064942
37064943
37064944
37064945
37064946
37064947
37064948
37064949
37064950
37064951
37064952
37064953
37064954
37064955
37064956
37064957
37065011
37065012
37065018
37065019
37065020
37065022
37065023
37065024
37065025
37065026
37065032
37065033
37065520
37065656
37065657
37065658
37065660
37065661
37065662
37065663
37065664
37065665
37065666
37065667
37065668
37065669
37066085
37066086
37066087
37066088
37066089
37066090
37066091
37066092
37066093
37066094
37066095
37066096
37066097
37066098
37066099
37066100
37066101
37066102
37066103
37066104
37066105
37066107
37066108
37066109
37066110
37066111
37066112
37066113
37066114
37066115
37066116
37066117
37066118
37066246
37066247
37066248
37066249
37066250
37066251
37066252
37066253
37066254
37066255
37066256
37066257
37066258
37066265
37066266
37066267
37066268
37066269
37066270
37066271
37066272
37066273
37066274
37066315
37066316
37066317
37066318
37066319
37066320
37066321
37066351
37066352
37066353
37066354
37066355
37066356
37066357
37066358
37066359
37066360
37066374
37066375
37066376
37066377
37066378
37066379
37066380
37066381
37066382
37066383
37066384
37066385
37066386
37066387
37066388
37066389
37066390
37066391
37066392
37066393
37066394
37066399
37066400
37066401
37066402
37066403
37066404
37066405
37066681
37066685
37066686
37066687
37066688
37066689
37066690
37066691
37066692
37066693
37066694
37066695
37066696
37066697
37066698
37066699
37066700
37066701
37066702
37066703
37066734
37066736
37066737
37066740
37066741
37066744
37066746
37066793
37066904
37066905
37066906
37066907
37066908
37066910
37066911
37066912
37066913
37066914
37066915
37066916
37066917
37066918
37066919
37066920
37066923
37066924
37066926
37066927
37066928
37066929
37066930
37066931
37066932
37066933
37066935
37066936
37066937
37066938
37066939
37066940
37066941
37066942
37066943
37066944
37066945
37066946
37066947
37066948
37067001
37067002
37067003
37067004
37067005
37067006
37067007
37067008
37067009
37067010
37067011
37067012
37067013
37067014
37067015
37067016
37067017
37067018
37067019
37067020
37067021
37067022
37067023
37067024
37067025
37067026
37067027
37067028
37067029
37067030
37067031
37067032
37067033
37067034
37067036
37067037
37067038
37067039
37067143
37069810
37070809
37070834
37073713
37073895
37076152
37076153
37076154
37076155
37076530
37076531
37076532
37076534
37076535
37076537
37076538
37076539
37076540
37076541
37076542
37076543
37076544
37076545
37076546
37076547
37076548
37076549
37076550
37076551
37076552
37076553
37076554
37076555
37076556
37076557
37076558
37076559
37076560
37076561
37076562
37076603
37076604
37076605
37076606
37076607
37076608
37076609
37076610
37076611
37076612
37076613
37076614
37076615
37076616
37076679
37076680
37076681
37076682
37076683
37076684
37076685
37076686
37076687
37076688
37076745
37076746
37076747
37076748
37077134
37077135
37077136
37077137
37077138
37077139
37077140
37077141
37077142
37077143
37077144
37077145
37077146
37077147
37077148
37077149
37077150
37077151
37077152
37077153
37077154
37077155
37077156
37077157
37077158
37077159
37077160
37077161
37077162
37077442
37077444
37078206
37078433
37078434
37078435
37078436
37078437
37078438
37078439
37078440
37078441
37078442
37078443
37078444
37078445
37078446
37078447
37078448
37078449
37078450
37078451
37078452
37078453
37078454
37078455
37078456
37078703
37078705
37078706
37078707
37078708
37078728
37078754
37078755
37078756
37078758
37078759
37078760
37078799
37078800
37078801
37078802
37078803
37078804
37078805
37078806
37078807
37078845
37078846
37078847
37078848
37078849
37078850
37078851
37078880
37078881
37078882
37078883
37078971
37078972
37078973
37078974
37078976
37078977
37078978
37078979
37078980
37078981
37078982
37078983
37078984
37078985
37078986
37078987
37078988
37078989
37078992
37078993
37078994
37078995
37079038
37079039
37079040
37079041
37079042
37079043
37079044
37079045
37079046
37079047
37079048
37079049
37079050
37079051
37079052
37079053
37079054
37079055
37079056
37079057
37079066
37079067
37079068
37079069
37079070
37079071
37079072
37079073
37079074
37079075
37079250
37087217
37087883
37087884
37087885
37087963
37087964
37087965
37087966
37087967
37087968
37087969
37087970
37088249
37088250
37088251
37088252
37088253
37088255
37088256
37088257
37088258
37088259
37088260
37088261
37088262
37088263
37088264
37088265
37088266
37088594
37088596
37088597
37088603
37088605
37088606
37088607
37088608
37088609
37088610
37088611
37088614
37088615
37088616
37088625
37088626
37088627
37088628
37088629
37088632
37088633
37088634
3800056
38000838
38000839
38001910
38001913
3800256
3800318
38004838
38004842
38004845
38004848
38005137
38005138
38005139
38005140
38005141
38005142
38005143
38005144
38005145
38005146
38005147
38005148
38005149
38005150
38005151
38005152
38005153
38005154
38005155
38005156
38005157
38005158
38005159
38005160
38005161
38005162
38005163
38005164
38005165
38005166
38005167
38005168
38005169
38005170
38005171
38005172
38005343
38005482
38006332
38006336
38007419
38013458
38013461
38013463
38013466
38013469
38013472
38013475
38013478
38013481
38013484
38013487
38013490
38013493
38013495
38013498
38013500
38013503
38013506
38013509
38013511
38013513
38013515
38013517
38013519
38013521
38013523
38013525
38013526
38013528
38015171
38015174
38015175
38015176
38015177
38015178
38015179
38015180
38015181
38015182
38015183
38015184
38016461
38017639
38017650
38017653
38017656
38017658
38017660
38017663
38017664
38017665
38017666
38019780
38019789
38019803
38019804
38019805
38019806
38019807
38019808
38019809
38019810
3802419
38032674
38032696
38033001
38033004
38033007
38033010
38033011
38033013
38033016
38033022
38033023
38034683
38036743
38037142
38037143
38037144
38037145
38037146
38037147
38037148
38037149
38037150
38037151
38037152
38037153
38037154
38037155
38037156
38037157
38037158
38037159
38037160
38037161
38037162
38037163
38037164
38037165
38037167
38037168
38037169
38037170
38037171
38037172
38037173
38037174
38037175
38037176
38037177
38037178
38037879
38039221
38041485
38041488
38041490
38042158
38042159
38042160
38042161
38042162
38042163
38042164
38042165
38042166
38042167
38042168
38042169
38042170
38042171
38042172
38042173
38042174
38042175
38042176
38042177
38042179
38042180
38042181
38042182
38042183
38042184
38042185
38042186
38042187
38042188
38042189
38042190
38042191
38042192
38042193
38042194
38042195
38042196
38042197
38042198
38042199
38042200
38042201
38042202
38042203
38042204
38042205
38042206
38042207
38042208
38042209
38042210
38042211
3804369
3804379
3804385
38043855
3804416
3804421
3804424
38050665
38055420
38059840
38059841
38059842
38059843
38059844
38059845
38059846
38059847
38059940
38059941
38059942
38059946
38059948
38060023
38060024
38060027
38060029
38060031
38060033
38060037
38060039
38060041
38060042
38060045
38060047
38060049
38060051
38060053
38060055
38060057
38060059
38060061
38060063
38060065
38060067
38060069
38060071
38060073
38060075
38060077
38060079
38060081
38060083
38060085
38060087
38060089
38060091
38060093
38060095
38060096
38060098
38060100
38060102
38060104
38060106
38060108
38060110
38060112
38060114
38060116
38060118
38060121
38060123
38060125
38060127
38060129
38060131
38060133
38060135
38060137
38060139
38060141
38060143
38060145
38060147
38060149
38060151
38060153
38060155
38060157
38060159
38060161
38060163
38060165
38060167
38060169
38060171
38060173
38060175
38060177
38060179
38060181
38060183
38060185
38060187
38060189
38060191
38060193
38060195
38060197
38060199
38060201
38060203
38060205
38060207
38060209
38060211
38060213
38060215
38060217
38060219
38060221
38060223
38060229
38060231
38060233
38060235
38060237
38060239
38060241
38060243
38060245
38060247
38060249
38060251
38060253
38060255
38060257
38060259
38060261
38060263
38060265
38060267
38060269
38060271
38060273
38060275
38060277
38060279
38060281
38060283
38060284
38060287
38060289
38060291
38060293
38060311
38060322
38069430
39001207
39001208
39001209
39001210
39001211
39001451
39001493
39001608
39001611
39002395
39002495
39002547
39002581
39002622
39002899
39002901
39003011
39003012
39003476
39004267
39004450
39004486
39005118
39005278
39005327
39005785
39005861
39006767
39007480
39008257
39009058
39009059
39014497
39014498
39015248
39016012
39017232
39017233
39017234
39017235
39017238
39017783
39018167
39018169
39018170
39018171
3901820
39018897
3902129
39029366
39029566
39029575
39029829
39030433
39030704
39031430
39031535
39031598
39031602
39031606
39031610
39031619
39031625
39031637
39031655
39031670
39031687
39031690
39031691
39031698
39031703
39031741
39032234
39032240
39032241
39032242
39032245
39032246
39032738
39033405
39033412
39033420
39033427
39033434
39033441
39033829
39033830
39034292
39034293
39036495
39036507
39036762
39037300
39037303
39037307
39037313
39037321
39037331
39037336
39038973
39038982
39038987
39038993
39038996
39041338
39046131
39046136
39046864
39048732
39049178
39052125
39052280
39052289
39054122
39054143
39056737
39056746
39056755
39056760
39056767
39056772
39056777
39056782
39056787
39056792
39056797
39056802
39056809
39056814
39056821
39056833
39056846
39056854
39057519
39057521
39058204
39060031
39060039
39060047
39060072
39060552
39060553
39065408
39065441
39065756
39065785
39066032
39066160
391
393
395
396
398
399
400
40000399
40000400
40000891
40001008
40001458
40001529
4000385
4000389
4000390
4000392
4000398
4000399
40004922
40004923
4000631
40007889
40007890
40008002
40008496
40008497
40008498
40008499
40008500
40008502
40008503
40008504
40008505
40008508
40008509
40008511
40008559
40009131
40009134
40009187
40009219
40009277
40009342
40009343
40009345
40009407
40009409
40009410
40009414
40009415
40009724
40009725
40009727
40009730
40009731
40009732
40009733
40009734
40009735
40009736
40009737
40009739
40009999
40010037
40010696
40010725
4001092
40011133
40011134
40011371
40011645
40011650
40011742
40011925
40012017
40012018
40012019
4001704
4001706
4002009
4002011
4002013
4002015
4002016
40022066
40022350
40022537
4002283
40022841
40022864
40022892
40023103
40023113
40023118
40023119
40023120
40023121
40023122
40023123
40023124
40023125
40023126
40023127
40023128
40023159
40023160
40023162
40023182
40023206
40023230
40023231
40023232
40023233
40023299
40023300
40023302
40023444
40023521
40023541
40023571
40023573
40023574
40023578
40023687
40023922
40024101
40024212
40024767
40024822
40024825
40024831
40024836
40024837
40025113
40025259
40025344
40025399
40025606
40025608
40025649
40025660
40025665
40025666
40026092
40026561
40026562
40026575
40026576
40026578
40026579
40026580
40026581
40026587
40026589
40026594
40026598
40026600
40026602
40026605
40026606
40026609
40026610
40026653
40026654
40026722
40026746
40026980
40027147
40027199
40027234
40027338
40027582
40028267
40028584
40028585
40028586
40028917
40029015
40029749
40029801
40029944
40030275
40030306
40030307
40030326
40030409
40035429
40035432
40035436
40035484
40035631
40035638
40035885
40035896
40035907
40036082
40036084
40036085
40036086
40036087
400362
40037131
40037965
40037966
40038026
40038102
40038845
40038846
400984
401149
401640
401748
401772
402
403
404
406
407
408
409
4100013
4100014
4100016
4100019
41000999
41001000
41001001
41001002
41001003
41001004
41001005
41001006
41001007
41001008
41001009
41001010
41001011
41001012
41001013
41001015
41001016
41001017
41001018
41001019
41001020
41001021
41001022
41001023
41001024
41001025
41001026
41001027
41003984
41004684
41004701
41005020
41005021
41005022
41005023
41005024
41005025
41005026
41005027
41005028
41005029
41005030
41005031
41005032
41005033
41005034
41005035
41005036
41005037
41005038
41005039
41005058
41005061
41005067
41006729
41009465
41010806
41010810
41019298
41020213
41020299
41021342
41021346
41021349
41021350
41021351
41021352
41021353
41021627
41021731
41023297
41023298
41023299
41023300
41023301
41023302
41023303
41023304
41023305
41023306
41023307
41023308
41023309
41023310
41023311
41024310
41024311
41024313
41024314
41024316
41024319
41024320
4102502
41035974
41036016
41036030
41036031
41036032
41036033
41039130
41039299
41039701
41042492
41042730
41042733
41042734
41042735
41042736
41042750
41045083
41045092
41046977
41046984
41047051
41049344
41050840
41051597
41053239
41053488
41057444
41057571
41057634
41058569
41060486
41061715
41061716
41061717
41063730
41064154
41064163
41065159
410857
410858
411342
411345
411348
411349
412
414
414129
414163
414164
414165
414166
414167
414168
414169
414170
414171
414172
414173
414174
414175
414176
414177
414178
414179
414180
414181
414182
414183
414184
414230
415
416
416239
416240
416241
416317
416318
416319
416320
416321
417
417330
417331
417332
417333
417334
417335
417339
417341
417342
417343
417344
417345
417348
417349
417350
417543
417846
417860
417861
417862
417864
417866
417867
417868
417999
418026
418035
418037
418038
418039
418081
418223
418583
418975
419
419049
420
42000028
42000056
42000061
42000116
42000136
42000151
42000295
42000657
42000661
42000961
42001351
42001709
42001849
42002052
42002245
42002605
42002654
42002685
42002716
42002733
42002783
42002871
42002924
42002931
42002949
42003021
42003022
42003037
42003102
42003107
4200479
4200481
4200483
4200485
4200488
42005361
4200552
4200555
4200558
4200561
4200564
4200566
4200569
4200572
4200575
4200576
42006224
42006447
42006473
42007092
42007787
42008183
42009500
42009529
42009564
42012245
42012247
42012279
42012340
42012394
42012510
42012670
42012693
42013107
42015996
42016055
42016092
42016369
42016394
42016395
42016397
42016401
42016426
42016439
42016457
42016459
42016529
42016650
42017520
42017598
42017607
42017617
42017693
42017735
42017748
42018481
42018501
42018505
42018508
42018525
42018552
42018566
42018613
42018629
42018644
42018671
42018702
42018760
42018773
42018790
42019646
42019687
42019691
42019742
42019751
42019868
42019907
42019923
42019924
42019938
42019953
42020037
42020121
42020205
42020230
42020279
42020302
42020509
42020575
42021036
42021114
42021165
42021194
42021249
42021271
42021280
42021288
42021316
42021319
42021359
42021552
42021553
42021605
42021644
42021646
42021648
42021649
42021650
42021651
42021652
42021689
42021736
42022204
4202262
42022938
42022974
42022980
4202371
42023935
42024345
42024673
42024817
42024867
42024926
42026132
42026586
42026895
42027123
42027133
42027156
42027941
42027989
42028407
42028896
42028991
42029066
42029305
42029425
42029426
42029762
4202998
4203001
4203003
4203006
4203009
4203012
4203015
4203018
4203033
4203036
42030380
42030609
42030725
42031273
42031274
42031329
42031349
4203146
4203149
4203152
42031530
4203155
4203158
420316
4203161
42032368
42033057
42033126
42033186
42033187
42033188
42033189
42033190
42033191
42033192
42033193
42033194
42033195
42033196
42033197
42033198
42033199
42033200
42033201
42033203
42033204
42033205
42033206
42033207
42033208
42033209
42033210
42033211
42033213
42033214
42034471
42037476
42037498
42038963
42040168
42040169
42040170
42050934
42050943
42051622
42051851
42051865
42052139
42052141
42052144
42052146
42052147
42052148
42052150
42052152
42052153
42052154
42052156
42052157
42052158
42052159
42052160
42052161
42052162
42052657
42059718
42059719
42059739
42061182
42062251
42062908
42062994
42063033
42066074
42066115
42066150
42066259
42067449
42067545
42067752
42068133
42068134
42068135
42068136
42068137
42068138
42068141
42068142
42068143
42068144
42068145
42068146
42068147
42073786
42073787
42073797
42073798
42073805
42074476
42074854
42075223
42076361
42076363
42076364
42076365
42079447
42082506
42084557
42084558
42084559
42084561
42084562
42084563
42084564
42084565
42084567
42085545
42090570
42092945
42092951
42092952
42092957
42092961
42099954
42099956
42099957
42099959
42099962
421
42100739
42100743
42100744
42100745
42100749
42100753
42102908
42102990
42105468
42106425
42106434
42107380
4211877
4212101
4212102
4212105
4212106
4212108
4212111
4212114
4212115
4212116
4212117
4212118
4212142
4212148
4212151
4212153
4212156
4212157
4212160
4212165
4212168
4212171
4212172
4212173
4212176
4212179
4212197
4212200
4212203
4212207
4212210
4212213
4212216
4212218
4212221
4212224
4212227
4212228
4212230
4212232
4212242
4212243
4212247
4212250
4212252
4212255
4212256
4212259
4212261
4212262
4212265
4212268
4212269
4212272
4212275
4212278
4212281
4212284
4212286
4212290
4212292
4212294
4212297
4212300
4212304
4212307
4212310
4212313
4212316
4212319
4212322
4212325
4212328
4212331
4212334
4212337
4212340
4212343
4212346
4212349
4212352
4212355
4212360
4212363
4212366
4212372
4212375
4212378
4212381
4212384
4212387
4212389
4212392
4212395
4212397
4212400
4212403
4212406
4212409
4212412
4212414
4212416
4212419
4212422
4212425
4212428
4212590
4212598
4212608
4212616
4212637
4212658
4212683
4212696
4212736
4212745
4212760
4212780
4212901
4212903
4212906
4212909
4212912
4212915
4212917
4212920
4212923
4213002
423
425
425110
425379
425381
425382
425617
425921
425922
426
426229
426430
426443
426445
426446
426791
426802
426805
426808
426811
426814
426823
426826
426830
426832
426840
426842
426849
426850
426855
426860
426862
426866
426876
426899
427
427198
427212
427226
427230
428545
428546
428547
428548
428549
428551
428552
428553
428554
428555
428558
428559
428565
428567
428569
428577
429
429093
429972
430
4300007
4300010
4300018
4300022
4300023
4300024
4300025
4300026
4300027
4300028
4300030
4300032
4300033
4300034
4300036
4300037
4300039
4300040
4300042
4300046
4300047
4300048
4300049
4300050
4300051
4300052
4300053
4300055
4300075
4300086
43001466
4300167
4300189
4300206
4300229
4300230
4300264
4300347
4300350
4300353
4300358
4300360
4300390
4300401
4300404
4300406
4300409
43004620
43004622
43004624
43004627
43004630
43004632
4300511
4300523
4300536
43005452
4300578
4300625
4300634
43006423
43006427
43006431
43006434
43006436
43006439
43006442
43006444
43006445
43006448
43006451
43006453
43006456
43006459
43006461
43006463
43006469
4300655
4300664
4300667
4300672
4300675
4300678
4300680
4300685
4300693
4300694
4300695
4300698
4300701
4300703
4300706
4300709
4300712
43007139
43007140
43007143
43007145
43007146
43007150
4300716
4300718
4300721
4300723
4300728
4300731
4300737
4300740
4300741
4300744
4300748
4300750
4300754
4300757
4300760
4300762
4300765
4300768
4300771
4300774
4300796
4300798
4300902
4300906
4300920
4301107
4301139
4301155
4301164
4301165
4301166
4301167
4301168
4301169
4301170
4301171
4301206
43012394
43012491
43012492
43012493
43012494
43012495
43012496
43012497
43012498
43012499
43012500
43012501
43012502
43012503
43012504
43012505
43012506
43012507
43012508
43013864
43013865
43013872
43018315
43018316
43018317
43018318
43018319
43018320
43018321
43018322
43018323
43018324
43018325
43018326
43018327
43018328
43018329
43018330
43018331
43018332
43018333
43018334
43018335
43018336
43018337
43018338
43018339
4301839
4302017
4302196
4302207
4302431
4302634
43027586
4303526
43036682
43036940
43036941
43036942
43036943
43036944
43036945
43036946
43036947
43036948
43036949
43036950
43036951
43036953
43036954
43036955
43036956
43036957
43036958
4303763
4303997
4304008
43040943
43040944
43040945
43040946
43040948
43040949
43040950
43040951
43040952
43040953
43040954
43040955
430431
43048115
43048147
43048148
43048149
43048150
43048151
43048152
43048153
43048154
43048155
43048156
43048157
43048158
43048159
43048160
43048161
43048162
43048163
43048164
43048165
43048766
43048780
43048781
43048782
43048783
43048784
43048785
43048786
43048787
43048788
43048789
43048790
43048791
43048792
43048793
43048794
43048795
43048796
43048797
43048798
43048799
43048800
43048801
43048802
43048803
43048804
43048805
43048806
43048807
43048808
43048810
43048811
43048812
43048813
43048815
43048816
43048817
43048968
43058677
43058678
43058679
43058680
43058681
43058683
43058684
43058685
43058686
43058687
43058688
43058689
43058690
43058692
43058693
43058694
43058695
43058696
43058697
43058698
43058699
43058700
43058701
43058702
43058713
43058714
43058715
43058716
43058717
43058718
43058719
43065026
43065027
43065028
43065029
43065033
43065034
43065035
43065036
43065037
43065038
43065039
43065040
43065041
43065042
43065043
43065044
43065045
43065046
43065047
43065048
43065049
43065050
43065051
43065052
43065053
43065054
43065055
43065056
43065057
43065058
43065059
43065060
43065061
43065062
43065063
43065064
43065065
43065066
43065067
43065068
43065069
43065070
43065071
43065073
43065074
43065075
43065076
43065077
43065078
43065079
43065080
43065081
43065082
43065083
43065084
43065085
43065086
43065087
43065088
43065089
43065090
43065091
43065092
43065093
43065094
43065095
43065096
43065098
43065099
43065100
43065101
43065102
43065103
43065104
43065105
43065106
43065107
43065108
43065109
43065110
43065111
43065112
43065113
43065114
43065115
43065116
43065117
43065118
43065119
43065120
43065121
43065122
43065123
43065124
43065125
43065126
43065127
43065128
43065129
43065130
43065131
43065132
43065133
43065134
43065135
43065136
43065137
43065138
43065139
43065140
43065141
43065143
43065145
43065146
43065147
43065148
43065149
43065999
43066000
43066001
43066002
43066003
43066004
43066005
43066006
43066007
43066008
43066009
43066010
43066011
43066012
43066013
43066014
43066015
43066016
43066017
43066018
43066019
43066020
43066021
43066022
43066023
43066024
43066025
43066026
43066027
43066028
43066029
43066030
43066031
43066032
43066033
43066034
43066035
43066036
43066037
43066038
43066039
43066040
43066041
43066042
43066043
43066044
43066045
43066046
43066047
43066048
43066049
43066050
43066051
43066052
43066053
43066054
43066055
43066056
43066057
43066058
43066059
43066060
43066061
43066062
43066063
43066064
43066065
43066066
43066067
43066068
43066069
43066070
43066071
43066072
43066073
43066074
43066075
43066076
43066077
43066078
43066079
43066080
43066081
43066082
43066083
43066084
43066085
43066086
43066087
43066088
43066089
43066090
43066091
43066092
43066093
43066094
43066095
43066096
43066097
43066098
43066099
43066100
43066101
43066102
43066103
43066104
43066105
43066106
43066107
43066108
43066109
43066110
43066111
43066112
43066113
43066114
43066115
43066116
43066117
43066118
43066119
43066120
43066121
43066122
43066123
43066124
43066125
43066126
43066127
43066128
43066129
43066130
43066131
43066132
43066133
43066134
43066135
43066136
43066137
43066138
43066139
43066140
43066141
43066142
43066143
43066144
43066145
43066146
43066147
43066148
43066149
43066150
43066151
43066152
43066153
43066154
43066155
43066156
43066157
43066158
43066159
43066160
43066161
43066162
43066163
43066164
43066165
43066166
43066167
43066168
43066169
43066170
43066171
43066172
43066173
43066174
43066175
43066177
43066178
43066180
43066181
43066182
43066183
43066184
43066185
43066186
43066187
43066188
43066189
43066190
43066191
43066192
43066193
43066194
43066195
43066196
43066197
43066198
43066199
43066200
43066201
43066202
43066203
43066204
43066205
43066206
43066207
43066208
43066209
43066210
43066211
43066212
43066213
43066214
43066215
43066216
43066217
43066218
43066219
43066220
43066221
43066222
43066223
43066224
43066225
43066226
43066227
43066228
43066229
43066230
43066231
43066232
43066233
43066234
43066235
43066236
43066237
43066238
43066239
43066240
43066241
43066242
43066243
43066244
43066245
43066246
43066247
43066248
43066249
43066250
43066251
43066252
43066253
43066254
43066255
43066256
43066257
43066258
43066259
43066260
43066261
43066262
43066263
43066264
43066265
43066266
43066267
43066268
43066269
43066270
43066271
43066272
43066273
43066274
43066275
43066276
43066277
43066278
43066279
43066280
43066281
43066282
43066283
43066284
43066285
43066286
43066287
43066288
43066289
43066290
43066291
43066292
43066293
43066294
43066295
43066296
43066297
43066298
43066299
43066300
43066301
43066302
43066303
43066304
43066305
43066306
43066307
43066308
43066309
43066310
43066311
43066312
43066313
43066314
43066315
43066316
43066317
43066318
43066319
43066320
43066322
43066323
43066324
43066325
43066326
43066327
43066328
43066329
43066330
43066331
43066332
43066333
43066334
43066335
43066337
43066338
43066340
43066341
43066342
43066343
43066344
43066345
43066346
43066347
43066348
43066349
43066350
43066351
43066352
43066353
43066354
43066355
43066356
43066357
43066358
43066359
43066360
43066361
43066362
43066363
43066364
43066365
43066366
43066367
43066368
43066369
43066371
43066372
43066373
43066374
43066375
43066376
43066377
43066378
43066379
43066380
43066381
43066382
43066383
43066384
43066385
43066386
43066387
43066388
43066389
43066390
43066391
43066392
43066393
43066394
43066395
43066396
43066397
43066398
43066399
43066400
43066401
43066402
43066403
43066404
43066405
43066406
43066407
43066408
43066409
43066410
43066412
43066413
43066414
43066416
43066417
43066418
43066419
43066420
43066421
43066422
43066423
43066424
43066425
43066426
43066427
43066428
43066429
43066430
43066431
43066432
43066433
43066434
43066435
43066436
43066437
43066438
43066439
43066440
43066441
43066442
43066443
43066444
43066445
43066446
43066447
43066448
43066449
43066450
43066451
43066452
43066453
43066454
43066455
43066456
43066457
43066458
43066459
43066460
43066461
43066462
43066463
43066464
43066465
43066467
43066468
43066469
43066470
43066471
43066472
43066473
43066474
43066475
43066476
43066477
43066478
43066479
43066480
43066481
43066482
43066483
43066484
43066485
43066486
43066487
43066488
43066490
43066491
43066492
43066493
43066494
43066495
43066496
43066497
43066498
43066499
43066500
43066501
43066502
43066503
43066505
43066506
43066507
43066508
43066509
43066510
43066511
43066512
43066513
43066514
43066515
43066516
43066517
43066518
43066519
43066520
43066521
43066522
43066524
43066525
43066526
43066527
43066528
43066529
43066530
43066531
43066532
43066533
43066534
43066535
43066536
43066537
43066538
43066539
43066540
43066541
43066542
43066543
43066544
43066545
43066546
43066547
43066548
43066549
43066550
43066551
43066552
43066553
43066554
43066555
43066556
43066557
43066558
43066559
43066560
43066561
43066563
43066564
43066565
43066566
43066567
43066568
43066569
43066570
43066571
43066572
43066667
43073766
43076610
43076611
43076612
43076613
43076614
43076615
43076616
43076617
43076618
43076619
43076620
43076621
43076622
43076623
43076624
43076625
43076626
43076627
43076628
43076629
43076630
43076631
43076632
43076633
43076642
43076643
43076644
43076645
43076646
43076647
43076648
43076649
43076650
43076651
43076652
43076653
43076654
43076655
43076656
43076657
43076658
43076659
43076660
43076661
43076662
43076663
43076664
43076665
43076666
43076667
43076668
43076669
43076670
43076671
43076672
43076673
43076674
43076675
43076676
43076677
43076678
43076679
43076680
43076681
43076682
43076683
43076684
43076685
43076686
43076687
43076688
43076689
43076690
43076691
43076692
43076693
43076694
43076695
43076696
43076697
43076698
43076699
43076700
43076701
43076702
43076703
43076704
43076705
43076706
43076707
43076708
43076709
43076710
43076711
43076712
43076713
43076714
43076715
43076716
43076717
43076718
43076719
43076720
43076721
43076722
43076723
43076724
43076725
43076726
43076727
43076728
43076729
43076730
43076731
43076732
43076733
43076734
43076735
43076736
43076737
43076738
43076739
43076740
43076741
43076742
43076743
43076744
43076745
43076746
43076747
43076748
43076749
43076750
43076751
43076752
43076753
43076754
43076755
43076756
43076757
43076758
43076759
43076760
43076761
43076762
43076763
43076764
43076765
43076766
43076767
43076768
43076769
43076770
43076771
43076772
43076773
43076774
43076775
43076777
43076780
43076781
43076782
43076783
43076784
43076785
43076786
43076787
43076788
43076789
43076790
43076791
43077327
43077328
43077329
43077330
43077331
43077332
43077333
43077334
43077335
43077336
43077337
43077338
43077339
43077340
43077341
43077342
43077343
43077344
43077345
43077346
43077347
43077348
43077349
43077350
43077351
43077352
43077353
43077354
43077377
43077378
43077379
43077380
43077381
43077382
43077383
43077384
43077385
43077386
43077387
43077388
43077389
43077390
43077391
43077392
43077393
43077395
43077396
43077397
43077398
43077399
43077400
43077401
43077402
43077403
43077404
43077405
43077406
43077407
43077408
43077409
43077410
43077411
43077412
43077413
43077414
43077415
43077416
43077417
43077418
43077419
43077420
43077421
43077422
43077423
43077424
43077425
43077426
43077427
43077428
43077429
43077430
43077431
43077432
43077468
43077469
43077470
43077471
43077472
43077473
43077474
43077475
43077476
43077477
43077478
43077479
43077480
43077481
43077482
43077483
43077484
43077485
43077486
43077487
43077488
43077489
43077491
43077492
43077533
43077536
43078040
43078488
43078490
43078491
43078492
43079044
43079045
43079046
43079047
43079048
43079050
43079051
43079052
43079053
43079054
43079055
43079056
43079057
43079058
43079059
43079060
43079061
43079062
43079063
43079064
43079065
43079066
43079067
43079068
43079069
43079070
43079071
43079072
43079073
43079074
43079075
43079076
43079077
43079078
43079079
43079080
43079081
43079082
43079083
43079084
43079085
43079086
43079087
43079088
43079089
43079090
43079091
43079092
43079093
43079094
43079095
43079096
43079097
43079098
43079100
43079101
43079102
43079103
43079104
43079105
43079106
43079107
43079108
43079109
43079110
43079111
43079113
43079114
43079115
43079116
43079117
43079118
43079119
43079120
43079121
43079122
43079123
43079124
43079125
43079126
43079127
43079128
43079129
43079130
43079131
43079132
43079133
43079134
43079135
43079136
43079137
43079138
43079139
43079140
43079141
43079142
43079143
43079144
43079145
43079146
43079147
43079148
43079149
43079150
43079151
43079152
43079153
43079154
43079155
43079156
43079157
43090950
43092825
43092826
43092827
43092828
43092829
43092830
43092831
43092832
43092833
43092834
43092835
43092836
43092837
43092838
43092839
43092840
43092841
43092842
43092843
43092844
43092845
43092846
43092847
43092848
43092849
43092850
43092851
43092852
43092853
43092854
43092855
43092856
43092857
43092858
43092859
43092860
43092861
43092862
43092863
43092864
43092865
43092866
43092867
43092868
43092869
43092870
43092871
43093713
43093714
43093715
43093716
43093717
43093718
43093719
43093720
43093721
43093722
43093723
43093724
43093725
43093726
43093727
43093728
43093729
43093730
43093731
43093732
43093733
43093734
43093735
43093736
43093737
43093738
43093739
43093740
43093741
43093742
43093743
43093744
43093745
43093746
43093747
43093748
43093749
43093750
43093751
43093752
43093753
43093754
43093755
43093756
43093757
43093758
43093759
43093760
43093761
43093762
43093763
43093764
43093765
43093766
43093767
43093768
43093769
43093770
43093771
43093772
43093773
43093774
43093775
43093776
43093777
43093778
43093779
43093780
43093781
43093782
43093783
43093784
43093785
43093786
43093787
43093789
43093790
43093791
43093792
43093793
43093794
43093795
43093796
43093797
43093798
43093799
43093800
43093801
43093802
43093803
43093804
43093805
43093806
43093807
43093808
43093809
43093810
43093811
43093812
43093813
43093814
43093815
43093816
43093817
43093818
43093819
43093820
43093821
43093822
43093823
43093824
43093825
43093826
43093827
43093828
43093829
43093830
43093831
43094614
43094617
43095992
43095993
43095994
43095995
43104317
43104804
43106325
43106326
43106327
43106328
43106329
43106330
43106331
43106332
43106333
43106334
43106335
43106336
43106337
43106338
43106339
43106340
43106341
43106342
43106343
43106344
43106345
43106346
43106347
43106348
43106349
43106350
43106351
43106352
43106353
43106354
43106355
43106356
43106358
43106359
43106360
43106361
43106362
43106363
43106364
43106365
43106366
43106367
43106368
43106369
43106370
43106371
43106372
43106373
43106374
43106375
43106376
43106377
43106378
43106379
43106380
43106381
43106382
43106383
43106384
43106385
43106386
43106387
43106388
43106389
43106390
43106391
43106392
43106393
43106394
43106395
43106396
43106397
43106398
43106399
43106400
43106401
43106402
43106403
43106404
43106405
43106406
43106407
43106408
43106409
43106410
43106411
43106412
43106413
43106414
43106415
43106416
43106417
43106418
43106419
43106420
43106421
43106422
43106423
43106424
43106425
43106426
43106427
43106428
43106429
43106430
43106431
43106432
43106433
43106434
43106435
43106436
43106437
43106438
43106439
43106440
43106441
43106442
43106443
43106444
43106445
43106446
43106447
43106448
43106449
43106450
43106451
43106452
43106453
43106454
43106455
43106456
43106457
43106458
43106459
43106460
43106461
43106462
43106463
43106464
43106465
43106466
43106467
43106468
43106469
43106470
43106471
43106472
43106473
43106474
43106475
43106476
43106477
43106478
43106479
43106480
43106481
43106482
43106483
43106484
43106485
43106486
43106487
43106488
43106489
43106490
43106491
43106492
43106493
43106494
43106495
43106496
43106497
43106498
43106499
43106500
43106501
43106502
43106503
43106504
43106505
43106506
43106507
43106508
43106509
43106510
43106511
43106512
43106513
43106514
43106515
43106516
43106517
43106518
43106519
43106520
43106521
43106522
43106523
43106524
43106525
43106526
43106527
43106528
43106529
43106530
43106531
43106532
43106533
43106534
43106535
43106536
43106537
43106538
43106539
43106540
43106541
43106542
43106543
43106544
43106545
43106546
43106547
43106548
43106549
43106550
43106551
43106552
43106553
43106554
43106555
43106556
43106557
43106558
43106559
43106560
43106561
43106562
43106563
43106564
43106565
43106566
43106567
43106568
43106569
43106570
43106571
43106572
43106573
43106574
43106575
43106576
43106577
43106578
43106579
43106580
43106581
43106582
43106583
43106584
43106585
43106586
43106587
43106588
43106589
43106590
43106591
43106592
43106593
43106594
43106595
43106596
43106597
43106598
43106599
43106600
43106601
43106602
43106603
43106604
43106605
43106606
43106607
43106608
43106609
43106610
43106611
43106612
43106613
43106614
43106615
43106616
43106618
43106619
43106620
43106621
43106622
43106623
43106624
43106625
43106626
43106627
43106628
43106629
43106630
43106631
43106632
43106633
43106634
43106635
43106636
43106637
43106638
43106639
43106640
43106641
43106642
43106643
43106644
43106645
43106646
43106647
43106648
43106649
43106650
43106651
43106652
43106653
43106654
43106655
43106656
43106657
43106658
43106659
43106660
43106661
43106662
43106663
43106664
43106665
43106666
43106667
43106668
43106669
43106670
43106671
43106672
43106673
43106674
43106675
43106676
43106677
43106678
43106679
43106680
43106681
43106682
43106683
43106684
43106685
43106686
43106687
43106688
43106689
43106690
43106691
43106692
43106693
43106694
43106695
43106696
43106697
43106698
43106699
43106700
43106701
43106702
43106703
43106704
43106705
43106706
43106707
43106708
43106709
43106710
43106711
43106712
43106713
43106714
43106715
43106716
43106717
43106718
43106719
43106720
43106721
43106722
43106723
43106724
43106725
43106726
43106727
43106728
43106729
43106730
43106731
43106732
43106733
43106734
43106735
43106736
43106737
43106738
43106739
43106740
43106741
43106742
43106743
43106744
43106745
43106746
43106747
43106748
43106749
43106750
43106751
43106752
43106753
43106754
43106755
43106756
43106757
43106758
43106759
43106765
43124315
43124316
43124317
43124318
43124319
43124320
43124321
43124322
43124323
43124324
43124325
43124326
43124327
43124328
43124329
43124330
43124331
43124332
43124333
43124334
43124335
43124336
43124337
43124338
43124339
43124340
43124341
43124342
43124343
43124344
43124345
43124346
43124347
43124348
43124349
43124350
43124351
43124352
43124353
43124354
43124355
43124356
43124357
43124358
43124359
43124360
43124361
43124362
43124363
43124364
43124365
43124366
43124367
43124368
43124369
43124370
43124371
43124372
43124373
43124374
43124375
43124376
43124377
43124378
43124379
43124380
43124381
43124382
43124383
43124384
43124385
43124386
43124387
43124388
43124389
43124390
43124391
43124392
43124393
43124394
43124395
43124396
43124397
43124398
43126061
43126315
43126662
43126663
43126664
43126665
43126666
43126667
43126668
43126669
43126670
43126671
43126672
43126673
43126674
43126675
43126676
43126677
43126678
43126679
43126680
43126681
43126682
43126683
43126684
43126685
43126686
43126687
43126688
43126689
43126690
43126691
43126692
43126693
43126694
43126695
43126696
43126697
43126698
43126699
43126700
43126701
43126702
43126703
43126704
43126705
43126706
43126707
43126708
43126709
43126710
43126711
43126712
43126713
43126714
43126715
43126716
43126717
43126718
43126719
43126720
43126721
43126722
43126723
43126724
43126725
43126726
43126727
43126728
43126729
43126730
43126731
43126732
43126733
43126734
43126735
43126736
43126737
43126738
43126739
43126740
43126741
43126742
43126743
43126744
43126745
43126746
43126747
43126748
43126749
43126750
43126751
43126752
43126753
43126754
43126755
43126756
43126757
43126758
43126759
43126760
43126761
43126762
43126763
43126764
43126765
43126766
43126767
43126768
43126769
43126770
43126771
43126772
43126773
43126774
43126775
43126776
43126777
43126778
43126779
43126780
43126781
43126782
43126783
43126784
43126785
43126786
43126787
43126788
43126789
43126790
43126791
43126792
43126793
43126794
43126795
43126796
43126797
43126798
43126799
43126800
43126801
43126802
43126803
43126804
43126805
43126806
43126807
43126808
43126809
43126810
43126811
43126812
43126813
43126814
43126815
43126816
43126817
43126818
43126819
43126820
43126821
43126822
43126823
43126824
43126825
43126826
43126827
43126828
43126829
43126830
43126831
43126832
43126833
43126834
43126835
43126836
43126837
43126838
43126839
43126840
43126841
43126842
43126843
43126844
43126845
43126846
43126847
43126848
43126849
43126850
43126851
43126852
43126853
43126854
43126855
43126856
43126857
43126858
43126859
43126860
43126861
43126862
43126863
43126864
43126865
43126866
43126867
43126868
43126869
43126870
43126871
43126872
43126873
43126874
43126875
43126876
43126877
43126878
43126879
43126880
43126881
43126882
43126883
43126884
43126885
43126886
43126887
43126888
43126889
43126890
43126891
43126892
43126893
43126894
43126895
43126896
43126897
43126898
43126899
43126900
43126901
43126902
43126903
43126904
43126905
43126906
43126907
43126908
43126909
43126910
43126911
43126912
43126913
43126914
43126915
43126916
43126917
43126918
43126919
43126920
43126921
43126922
43126923
43126924
43126925
43126926
43126927
43126928
43126929
43126930
43126931
43126932
43126933
43126934
43126935
43126936
43126937
43126938
43126939
43126940
43126941
43126942
43126943
43126944
43126945
43126946
43126947
43126948
43126949
43126950
43126951
43126952
43126953
43126954
43126955
43126956
43126957
43126958
43126959
43126960
43126961
43126962
43126963
43126964
43126965
43126966
43126967
43126968
43126969
43126970
43126971
43126972
43126973
43126974
43126975
43126976
43126977
43126978
43126979
43126980
43126981
43126982
43126983
43126984
43126985
43126986
43126987
43126988
43126989
43126990
43126991
43126992
43126993
43126994
43126995
43126996
43126997
43126998
43126999
43127000
43127001
43127002
43127003
43127004
43127005
43127006
43127007
43127008
43127009
43127010
43127011
43127012
43127013
43127014
43127015
43127016
43127017
43127018
43127019
43127020
43127021
43127022
43127023
43127024
43127025
43127027
43127028
43127029
43127030
43127031
43127032
43127033
43127034
43127035
43127036
43127037
43127038
43127039
43127040
43127041
43127042
43127043
43127044
43127045
43127046
43127047
43127048
43127049
43127050
43127051
43127052
43127053
43127054
43127055
43127057
43127058
43127059
43127060
43127061
43127062
43127063
43127064
43127065
43127066
43127067
43127068
43127069
43127070
43127071
43127072
43127073
43127075
43127076
43127077
43127079
43127080
43127082
43127084
43127085
43127086
43127087
43127089
43127091
43127092
43127093
43127094
43127095
43127096
43127097
43127098
43127101
43127103
43127104
43127105
43127106
43127107
43127109
43127110
43127111
43127112
43127113
43127114
43127115
43127116
43127117
43127118
43127119
43127120
43127121
43127122
43127123
43127125
43127126
43127127
43127128
43127129
43127130
43127131
43127133
43127134
43127135
43127136
43127137
43127138
43127140
43127141
43127142
43127143
43127144
43127145
43127148
43127149
43127152
43127153
43127154
43150574
43150712
43152203
43152204
43152205
43152206
43152207
43152208
43152209
43152210
43152367
43155798
43156683
43156684
43156685
43156686
43156687
43156688
43156689
43156690
43156691
43156692
43156693
43156694
43156695
43156696
43156697
43156698
43156699
43156700
43156701
43156702
43156703
43156704
43156705
43156706
43156708
43156709
43156710
43156711
43156712
43156713
43156714
43156715
43156716
43156717
43156718
43156719
43156720
43156721
43156722
43156723
43156724
43156725
43156726
43156727
43156728
43156729
43156730
43156731
43156732
43156733
43156734
43156735
43156736
43156737
43156738
43156739
43156740
43156741
43156742
43156743
43156744
43156745
43156746
43156747
43156748
43156749
43156750
43156751
43156752
43156753
43156754
43156755
43156756
43156757
43156758
43156759
43156760
43156761
43156762
43156763
43156764
43156765
43156767
43156768
43156769
43156770
43156771
43156772
43156773
43156774
43156775
43156776
43156777
43156778
43156779
43156780
43156781
43156782
43156783
43156784
43156785
43156786
43156787
43156788
43156789
43156790
43156791
43156792
43156793
43156794
43156795
43156796
43156797
43156798
43156799
43156800
43156801
43156802
43156803
43156804
43156805
43156806
43156807
43156808
43156809
43156810
43156811
43156812
43156813
43156814
43156815
43156816
43156817
43156818
43156819
43156820
43156821
43156822
43156823
43156824
43156825
43156826
43156827
43156828
43156829
43156830
43156831
43156832
43156833
43156834
43156836
43156837
43156838
43156839
43156840
43156841
43156842
43156843
43156844
43156845
43156846
43156847
43156848
43156849
43156850
43156851
43156852
43156853
43156854
43156855
43156856
43156857
43156858
43156859
43156860
43156861
43156862
43156863
43156864
43156865
43156866
43156867
43156868
43156869
43156870
43156871
43156872
43156873
43156874
43156875
43156876
43156877
43156878
43156879
43156880
43156881
43156882
43156883
43156884
43156885
43156886
43156887
43156888
43156889
43156890
43156891
43156892
43156893
43156894
43156895
43156896
43156897
43156898
43156899
43156900
43156901
43156902
43156903
43156904
43156905
43156906
43156907
43156908
43156909
43156910
43156911
43156912
43156913
43156914
43156915
43156916
43156917
43156918
43156919
43156920
43156921
43156922
43156923
43156924
43156925
43156926
43156927
43156928
43156929
43156930
43156931
43156932
43156933
43156934
43156935
43156936
43156937
43156938
43156939
43156940
43156941
43156942
43156943
43156944
43156945
43156946
43156947
43156948
43156949
43156950
43156951
43156952
43156953
43156954
43156955
43156956
43156957
43156958
43156959
43156960
43156961
43156962
43156963
43156964
43156965
43156966
43156967
43156968
43156969
43156970
43156971
43156972
43156974
43156975
43156976
43156977
43156978
43156979
43156980
43156981
43156982
43156983
43156984
43156985
43156986
43156987
43156988
43156989
43156990
43156991
43156992
43156993
43156994
43156995
43156996
43156997
43156998
43156999
43157000
43157001
43157002
43157003
43157004
43157005
43157006
43157007
43157008
43157009
43157011
43157012
43157013
43157014
43157015
43157016
43157017
43157018
43157019
43157020
43157021
43157022
43157023
43157024
43157025
43157026
43157027
43157028
43157029
43157031
43157032
43157033
43157034
43157035
43157036
43157037
43157038
43157039
43157040
43157041
43157042
43157043
43157044
43157045
43157046
43157047
43157048
43157049
43157050
43157051
43157052
43157053
43157054
43157055
43157056
43157057
43157058
43157059
43157060
43157061
43157062
43157063
43157064
43157065
43157066
43157067
43157068
43157069
43157070
43157071
43157072
43157073
43157074
43157075
43157076
43157077
43157078
43157079
43157080
43157081
43157082
43157083
43157084
43157085
43157086
43157087
43157088
43157089
43157090
43157091
43157092
43157093
43157094
43157095
43157096
43157097
43157098
43157099
43157100
43157101
43157102
43157103
43157104
43157105
43157106
43157107
43157108
43157109
43157110
43157111
43157112
43157113
43157114
43157115
43157116
43157117
43157118
43157119
43157120
43157121
43157122
43157123
43157124
43157125
43157126
43157127
43157128
43157129
43157130
43157131
43157132
43157133
43157134
43157135
43157136
43157137
43157138
43157139
43157140
43157141
43157142
43157143
43157144
43157145
43157146
43157147
43157148
43157149
43157150
43157152
43157153
43157154
43157155
43157156
43157157
43157158
43157159
43157160
43157161
43157163
43157164
43157165
43157166
43157167
43157168
43157169
43157170
43157171
43157172
43157173
43157174
43157175
43157176
43157177
43157178
43157179
43157180
43157181
43157182
43157183
43157184
43157185
43157186
43157187
43157188
43157189
43157190
43157191
43157192
43157193
43157194
43157195
43157196
43157197
43157198
43157199
43157200
43157201
43157202
43157203
43157204
43157205
43157206
43157207
43157208
43157209
43157210
43157211
43157212
43157213
43157214
43157215
43157216
43157217
43157218
43157219
4315722
43157220
43157221
43157222
43157223
43157224
43157225
43157226
43157227
43157228
43157229
43157230
43157231
43157232
43157233
43157234
43157235
43157236
43157237
43157238
43157239
43157240
43157241
43157242
43157243
43157244
43157245
43157246
43157247
43157248
43157249
43157250
43157251
43157252
43157253
43157254
43157255
43157256
43157257
43157258
43157259
43157260
43157261
43157262
43157263
43157264
43157265
43157266
43157267
43157268
43157269
43157270
43157271
43157272
43157273
43157274
43157275
43157276
43157277
43157278
43157279
43157280
43157281
43157282
43157283
43157284
43157285
43157286
43157287
43157288
43157289
43157290
43157291
43157292
43157293
43157294
43157295
43157296
43157297
43157298
43157299
43157300
43157301
43157302
43157303
43157304
43157305
43157306
43157307
43157308
43157309
43157310
43157311
43157312
43157313
43157314
43157315
43157316
43157317
43157318
43157319
43157320
43157321
43157322
43157323
43157324
43157325
43157326
43157327
43157328
43157329
43157330
43157331
43157332
43157333
43157334
43157335
43157336
43157337
43157338
43157339
43157340
43157341
43157342
43157343
43157344
43157345
43157346
43157347
43157348
43157349
43157350
43157351
43157352
43157353
43157354
43157355
43157357
43157358
43157361
43157363
43157364
43157365
43157366
43157367
43157371
43157372
43157373
43157374
43157375
43157376
43157377
43157378
43157380
43157381
43157382
43157383
43157384
43157385
43157387
43157388
43157390
43157391
43157392
43157393
43157395
43157396
43157398
43157399
43157401
43157404
43157405
43157407
43157410
43157411
43157413
43157414
43157415
43157416
43157418
43157419
43157420
43157421
43157422
43157423
43157424
43157425
43157426
43157427
43157430
43157431
43157432
43157436
43157437
43157438
43157441
43157442
43157443
43157444
43157445
43157446
43157448
43157449
43157450
43157451
43157452
43157453
43157454
43157455
43157456
43157457
43157458
43157460
43157463
43157464
43157465
43157466
43157467
43157469
43157470
43157472
43157474
43157476
43157478
43157479
43157480
43157486
43157487
43157489
43157491
43157492
43157493
43157494
43157495
43157496
43157499
43157500
43157501
43157502
43157504
43157505
43157507
43157509
43157512
43157515
43157516
43157517
43157519
43157520
43157523
43157524
43157525
43157528
43157530
43157533
43157534
43157537
43157538
43157539
43157540
43157542
43157543
43157547
43157551
43157552
43157554
43157555
43157556
43157557
43157558
43157559
43157560
43157561
43157565
43157567
43157571
43157573
43157574
43157575
43157580
43157583
43157586
43157587
43157588
43157589
43157594
43157595
43157596
43157597
43157598
43157599
43157600
43157603
43157604
43157605
43157608
43157610
43157614
43157615
43157617
43157618
43157621
43157622
43157627
43157628
43157630
43157631
43157633
43157635
43157640
43157646
43157648
43157653
43157654
43157662
43157665
43157666
43157670
43157676
43157677
43157679
43157680
43157681
43157683
43157687
43157688
43157696
43157697
43157698
43157699
43157701
43157702
43157707
43157708
43157709
43157712
43157713
43157714
43157715
43157717
43157718
43157720
43157724
43157725
43157726
43157728
43157730
43157731
43157732
43157733
43157734
43157735
43157736
43157738
43157740
43157741
43157743
43157744
43157745
43157747
43157748
43157750
43157754
43157757
43157758
43157760
43157762
43157770
43157772
43157776
43157777
43157778
43157779
43157783
43157786
43157787
43157791
43157793
43157795
43157797
43157798
43157799
43157804
43157806
43157807
43157808
43157809
43157811
43157813
43157814
43157816
43157817
43157818
43157819
43157820
43157821
43157823
43157824
43157827
43157828
43157830
43157832
43157833
43157834
43157835
43157838
43157839
43157840
43157841
43157844
43157846
43157847
43157848
43157850
43157851
43157866
43157882
43157883
43157884
43157885
43157886
43157887
43157889
43157890
43157893
43157894
43157896
43157897
43157898
43157899
43157901
43157902
43157903
43157904
43157905
43157906
43157916
43157923
43157928
43157929
43157932
43157933
43157934
43157940
43157944
43157945
43157947
43157949
43157950
43157951
43157952
43157953
43157954
43157965
43157966
43157968
43157969
43157970
43157971
43157975
43157976
43157977
43157981
43157982
43157983
43157985
43157986
43157988
43157989
43157990
43157991
43157995
43157996
43158000
43158002
432
43200808
43204647
43204648
43204649
43204650
43204651
43204652
43204653
43204654
43204655
43204656
43204657
43204658
43204659
43204660
43204661
43204662
43204663
43204664
43204665
43204666
43204667
43204668
43204669
43204670
43204671
43204672
43204673
43204674
43204675
43204676
43204677
43204678
43204679
43204680
43204681
43204682
43204684
43204686
43204688
43204689
43204690
43204692
43204693
43204694
43204695
43204696
43204697
43204698
43204699
43204700
43204701
43204702
43204703
43204704
43204705
43204706
43204707
43204708
43204709
43204710
43204711
43204712
43204713
43204714
43204715
43204716
43204717
43204718
43204719
43204720
43204721
43204722
43204723
43204724
43204725
43204726
43204727
43204728
43204729
43204730
43204731
43204732
43204733
43204734
43204735
43204736
43204737
43204738
43204739
4320474
43204740
43204741
43204742
43204743
43204744
43204745
43204746
43204747
43204748
43204749
43204750
43204751
43204752
43204753
43204754
43204755
43204756
43204757
43204758
43204759
43204760
43204761
43204762
43204763
43204764
43204765
43204766
43204767
43204768
43204769
43204770
43204771
43204772
43204773
43204774
43204775
43204776
43204777
43204778
43204779
43204780
43204781
43204782
43204783
43204784
43204785
43204786
43204787
43204788
43204789
43204790
43204791
43204792
43204793
43204794
43204795
43204796
43204797
43204798
43204799
43204800
43204801
43204802
43204803
43204804
43204805
43204806
43204807
43204808
43204809
43204810
43204811
43204812
43204813
43204814
43204815
43204816
43204817
43204818
43204819
43204820
43204821
43204822
43204823
43204824
43204825
43204826
43204827
43204828
43204829
43204830
43204831
43204832
43204833
43204834
43204835
43204836
43204837
43204838
43204839
43204840
43204841
43204842
43204843
43204844
43204845
43204846
43204847
43204848
43204849
43204850
43204851
43204852
43204853
43204854
43204855
43204856
43204857
43204858
43204859
43204860
43204861
43204862
43204863
43204864
43204865
43204866
43204867
43204868
43204869
43204870
43204871
43204872
43204873
43204874
43204875
43204876
43204877
43204878
43204879
43204880
43204882
43204885
43204886
43204890
43204891
43204896
43204898
43204900
43204901
43204905
43204908
43204912
43204914
43204916
43204918
43204924
43204927
43204930
43204932
43204936
43204945
43204948
43204952
43204959
43204960
43204977
43204981
43204983
43204984
43204989
43204993
43204994
43204996
43204997
43204998
43204999
43205001
43205009
43205028
43205031
43205046
43205048
43205049
43205052
43205054
43205056
43205065
43205070
43205072
43205073
43205075
43205077
43205078
43205079
43205093
43205094
43205095
43205097
43205102
43205107
43205109
43205110
43205125
43205131
43205132
43205133
43205134
43205135
43205136
43205137
43205138
43205139
43205140
43205142
43205149
43205157
43205158
43205159
43205160
43205166
43205167
43205168
43205169
43205174
43205176
43205177
43205178
43205179
43205180
43205181
43205182
43205183
43205184
43205185
43205186
43205187
43205188
43205189
43205190
43205191
43205192
43205193
43205194
43205195
43205196
43205197
43205198
43205199
43205200
43205201
43205202
43205203
43205204
43205205
43205206
43205207
43205208
43205209
43205210
43205211
43205212
43205213
43205214
43205215
43205216
43205217
43205218
43205219
43205220
43205221
43205222
43205223
43205224
43205225
43205226
43205227
43205228
43205229
43205230
43205231
43205232
43205233
43205234
43205235
43205656
43205747
43207424
43207431
432098
432099
432100
432101
432102
432103
432104
432105
432106
432107
43210764
43210765
43210766
43210767
43210768
43210769
43210770
43210771
43210772
43210773
43210774
43210775
43210776
43210777
43210778
43210779
43210780
43210781
43210782
43210783
43210784
43210785
43210786
43210787
43210788
43210789
43210790
43210791
43210792
43210793
43210794
43210795
43210796
43210797
43210798
43210799
43210800
43210801
43210802
43210803
43210804
43210805
43210806
43210807
43210808
43210809
43210810
43210811
43210812
43210813
43210814
43210815
43210816
43210817
43210818
43210819
43210820
43210821
43210822
43210823
43210824
43210825
43210826
43210827
43210828
43210829
43210830
43210831
43210832
43210833
43210834
43210835
43210836
43210837
43210838
43210839
43210840
43210841
43210842
43210843
43210844
43210845
43210846
43210847
43210848
43210849
43210850
43210851
43210852
43210853
43210854
43210855
43210856
43210857
43210858
43210859
43210860
43210861
43210862
43210863
43210864
43210865
43210866
43210867
43210868
43210869
43210870
43210871
43210872
43210873
43210874
43210875
43210876
43210877
43210878
43210879
43210880
43210881
43210882
43210883
43210884
43210885
43210886
43210887
43210888
43210889
43210890
43210891
43210892
43210893
43210894
43210895
43210896
43210897
43210898
43210899
432109
43210900
43210901
43210902
43210903
43210904
43210905
43210906
43210907
43210908
43210909
43210910
43210911
43210912
43210913
43210914
43210915
43210916
43210917
43210918
43210919
43210920
43210921
43210922
43210923
43210924
43210925
43210926
43210927
43210928
43210929
43210930
43210931
43210932
43210933
43210934
43210935
43210936
43210937
43210938
43210939
43210940
43210941
43210942
43210943
43210944
43210945
43210946
43210947
43210948
43210949
43210950
43210951
43210952
43210953
43210954
43210955
43210956
43210957
43210958
43210959
43210960
43210961
43210962
43210963
43210964
43210965
43210966
43210967
43210968
43210969
43210970
43210971
43210972
43210973
43210974
43210975
43210976
43210977
43210978
43210979
43210980
43210981
43210982
43210983
43210984
43210985
43210986
43210987
43210988
43210989
43210990
43210991
43210992
43210993
43210994
43210995
43210996
43210997
43210998
43210999
432110
43211000
43211001
43211002
43211003
43211004
43211005
43211006
43211007
43211008
43211009
43211010
43211011
43211012
43211013
43211014
43211015
43211016
43211017
43211018
43211019
43211020
43211021
43211022
43211023
43211024
43211025
43211026
43211027
43211028
43211029
43211030
43211031
43211032
43211033
43211034
43211035
43211036
43211037
43211038
43211039
43211040
43211041
43211042
43211048
43211059
43211061
43211062
43211065
43211069
43211070
43211071
43211072
43211099
432111
43211102
43211109
43211146
43211149
43211150
43211155
432112
43211202
43211206
43211208
43211212
43211213
432113
432114
432115
432116
43212035
432137
432161
432167
432239
432240
432241
432242
432244
432259
432269
432270
432271
432272
432273
432274
432275
432276
432277
432278
432280
432281
432282
432284
432285
432286
432287
432289
432290
432291
432292
432293
432294
432295
432296
432297
432298
432299
432300
432303
432304
432305
432307
432308
432309
432310
432311
432312
432313
432314
432315
432316
432317
432318
432319
432320
432321
432322
432323
432324
432325
432326
432327
432328
432329
432330
432331
432332
432333
432334
4326
43267642
43267643
43267644
43267645
43267646
43267647
43267648
43267649
43267650
43267651
43267652
43267653
43267654
43267655
43267656
43267657
43267658
43267659
43267660
43267661
43267662
43267663
43267664
43267665
43267666
43267667
43267668
43267669
43267670
43267671
43267672
43267673
43267674
43267675
43267676
43267677
43267678
43267679
43267680
43267681
43267682
43267683
43267684
43267685
43267686
43267687
43267688
43267689
43267690
43267691
43267692
43267693
43267694
43267695
43267696
43267697
43267698
43267699
43267700
43267701
43267702
43267703
43267704
43267705
43267706
43269655
43269671
43269672
43269673
43269674
43269675
43269676
43269677
43269678
43269679
43269680
43269681
43269682
43269683
43269684
43269685
43269686
43269687
43269688
43269689
43269690
43269691
43269692
43269693
43269694
43269695
43269696
43269697
43269698
43269699
43269700
43269701
43269702
43269703
43269704
43269705
43269706
43269707
43269708
43269709
43269710
43269711
43269712
43269713
43269714
43269715
43269716
43269717
43269718
43269719
43269720
43269721
43269722
43269723
43269724
43269725
43269726
43269727
43269728
43269729
43269730
43269731
43269732
43269733
43269734
43269735
43269736
43269737
43269738
43269739
43269740
43269741
43269742
43269743
43269744
43269745
43269746
43269747
43269748
43269749
43269750
43269751
43269752
43269753
43269754
43269755
43269756
43269757
43269758
43269759
43269760
43269761
43269762
43269763
43269764
43269765
43269766
43269767
43269768
43269769
43269770
43269771
43269772
43269773
43269774
43269775
43269776
43269777
43269778
43269779
43269780
43269781
43269782
43269783
43269784
43269785
43269786
43269787
43269788
43269789
43269790
43269791
43269792
43269793
43269794
43269795
43269796
43269797
43269798
43269799
43269800
43269801
43269802
43269803
43269804
43269805
43269806
43269807
43269808
43269809
43269810
43269811
43269812
43269813
43269814
43269815
43269816
43269817
43269818
43269819
43269820
43269821
43269822
43269823
43269824
43269825
43269826
43269827
43269828
43269829
43269830
43269831
43269832
43269833
43269834
43269835
43269836
43269837
43269838
43269839
43269840
43269841
43269842
43269843
43269844
43269845
43269846
43269847
43269848
43269849
43269850
43269851
43269852
43269853
43269854
43269855
43269856
43269857
43269858
43269859
43269860
43269861
43269862
43269863
43269864
43269865
43269866
43269867
43269868
43269869
43269870
43269871
43269872
43269873
43269874
43269875
43269876
43269877
43269878
43269879
43269880
43269881
43269882
43269883
43269884
43269885
43269886
43269887
43269888
43269889
43269890
43269891
43269892
43269893
43269894
43269895
43269896
43269897
43269898
43269899
43269900
43269901
432753
43288932
43288935
432903
432904
432905
432906
432907
432908
432909
432910
432911
432913
432914
432915
432916
432917
432918
432919
432920
432921
432922
432925
432926
432927
432929
432930
432931
432932
432933
432934
432935
432936
432937
432938
432939
432940
432941
432942
432943
432945
432946
432947
432948
432949
432951
432952
432953
432954
432955
433
43314631
43315311
43315312
43315314
43315315
43315316
43315317
43315318
43315319
43315320
43315321
43315322
43315323
43315324
43315325
43315326
43315327
43315328
43315329
43315330
43315331
43315332
43315333
43315334
43315335
43315336
43315337
43315338
43315339
43315340
43315341
43315342
43315343
43315344
43315345
43315346
43315347
43315348
43315349
43315350
43315351
43315352
43315353
43315354
43315355
43315356
43315357
43315358
43315359
43315360
43315361
43315362
43315363
43315364
43315365
43315366
43315367
43315368
43315369
43315370
43315371
43315372
43315373
43315374
43315375
43315376
43315377
43315378
43315379
43315380
43315381
43315382
43315383
43315384
43315385
43315386
43315387
43315388
43315389
43315390
43315391
43315392
43315393
43315394
43315395
43315396
43315397
43315398
43315399
43315400
43315401
43315402
43315403
43315404
43315405
43315406
43315407
43315408
43315409
43315410
43315411
43315412
43315413
43315414
43315415
43315416
43315417
433166
433176
433190
43320222
43320775
43320776
43320777
43320778
43320779
43320780
43320781
43320782
43320783
43320784
43320785
43320786
43320787
43320788
43320789
43320790
43320791
43320792
43320793
43320794
43320795
43320796
43320797
43320798
43320799
43320800
43320801
43320802
43320803
43320804
43320805
43320806
43320807
43320808
43320809
43320810
43320811
43320812
43320813
43320814
43320815
43320816
43320817
43320818
43320819
43320820
43320821
43320822
43320823
43320824
43320825
43320826
43320827
43320828
43320829
43320830
43320831
43320832
43320833
43320834
43320835
43320836
43320837
43320838
43320839
43320840
43320841
43320842
43320843
43320844
43320845
43320846
43320847
43320848
43320849
43320850
43320851
43320852
43320853
43320854
43320855
43320856
43320857
43320858
43320859
4332086
43320860
43320861
43320862
43320863
43320864
43320865
43320866
43320867
43320868
43320869
43320870
43320871
43320872
43320873
43320874
43320875
43320876
43320877
43320878
43320879
43320880
43320881
43320882
43320883
43320884
43320885
43320886
43320887
43320888
43320889
43320890
43320891
43320892
43320893
43320894
43320895
43320896
43320897
43320898
43320899
43320900
43320901
43320902
43320903
43320904
43320905
43320906
43320907
43320908
43320909
43320910
43320911
43320912
43320913
43320914
43320915
43320916
43320917
43320918
43320919
43320920
43320921
43320922
43320923
43320924
43320925
43320926
43320927
43320928
43320929
43320930
43320931
43320932
43320933
43320934
43320935
43320936
43320937
43320938
43320939
43320940
43320941
43320942
43320943
43320944
43320945
43320946
43320947
43320948
43320949
43320950
43320951
43320952
43320953
43320954
43320955
43320956
43320957
43320958
43320959
43320960
43320961
43320962
43320963
43320964
43320965
43320966
43320967
43320968
43320969
43320970
43320971
43320972
43320973
43320974
43320975
43320976
43320977
43320978
43320979
43320980
43320981
43320982
43320983
43320984
43320985
43320986
43320987
43320988
43320989
43320990
43320991
43320992
43320993
43320994
43320995
43320996
43320997
43320998
43320999
43321000
43321001
43321002
43321003
43321004
43321005
43321006
43321007
43321008
43321009
43321010
43321011
43321012
43321013
43321014
43321015
43321016
43321017
43321018
43321019
43321020
43321021
43321022
43321023
43321024
43321025
43321026
43321027
43321028
43321029
43321030
43321031
43321032
43321033
43321034
43321035
43321036
43321037
43321038
43321039
43321040
43321041
43321042
43321043
43321044
43321045
43321046
43321047
43321048
43321049
43321050
43321051
43321052
43321053
43321054
43321055
43321056
43321057
43321058
43321059
43321060
43321061
43321062
43321063
43321064
43321065
43321066
43321067
43321068
43321069
43321070
43321071
43321072
43321073
43321074
43321075
43321076
43321077
43321078
43321079
43321080
43321081
43321082
43321083
43321084
43321085
43321086
43321087
43321088
43321089
43321090
43321091
43321092
43321093
43321094
43321095
43321096
43321097
43321098
43321099
43321100
43321101
43321102
43321103
43321104
43321105
43321106
43321107
43321108
43321109
43321110
43321111
43321112
43321113
43321114
43321115
43321116
43321117
43321118
43321119
43321120
43321121
43321122
43321123
43321124
43321125
43321126
43321127
43321128
43321129
43321130
43321131
43321132
43321133
43321134
43321135
43321136
43321137
43321138
43321139
43321140
43321141
43321142
43321143
43321144
43321145
43321146
43321147
43321148
43321149
43321150
43321151
43321152
43321153
43321154
43321155
43321156
43321157
43321158
43321159
43321160
43321161
43321162
43321163
43321164
43321165
43321166
43321167
43321168
43321169
43321170
43321171
43321172
43321173
43321174
43321175
43321176
43321177
43321178
43321179
43321180
43321181
43321182
43321183
43321184
43321185
43321186
43321187
43321188
43321189
43321190
43321191
43321192
43321193
43321194
43321195
43321196
43321197
43321198
43321199
43321200
43321201
43321202
43321203
43321204
43321205
43321206
43321207
43321208
43321209
43321210
43321211
43321212
43321213
43321214
43321215
43321216
43321217
43325070
433289
43330640
43330647
43331654
43331659
43331662
43331665
43331670
43331674
43331677
43331680
43333102
43333785
43333978
43339904
43339906
43339908
43349723
43353170
43381289
43385909
43385910
43385911
43385912
43385913
43385914
43385915
43385916
43385917
43385918
43385919
43385920
43385921
43385922
43385923
43385924
43385925
43385926
43385927
43385928
43385929
43385930
43385931
43385932
43385933
43385934
43385935
43385936
43385937
43385939
43385940
43385941
43385942
43385943
43385944
43385945
43385946
43385947
43385948
43385949
43385950
43385951
43385952
43385953
43385954
43385955
43385956
43385957
43385958
43385959
43385960
43385961
43385962
43385963
43385964
43385965
43385966
43385967
43385968
43385969
43385970
43385971
43385972
43385973
43385974
43385975
43385976
43385977
43385979
43385980
43385981
43385982
43385983
43385984
43385985
43385986
43385987
43385988
43385989
43385990
43385991
43385992
43385993
43385994
43385995
43385996
43385997
43385998
43385999
43386000
43386001
43386002
43386003
43386004
43386005
43386006
43386007
43386008
43386009
43386010
43386011
43386012
43386013
43386014
43386015
43386016
43386017
43386018
43386019
43386020
43386022
43386023
43386024
43386025
43386026
43386027
43386028
43386029
43386030
43386031
43386032
43386033
43386034
43386035
43386036
43386037
43386038
43386039
43386040
43386041
43386042
43386043
43386044
43386045
43386046
43386047
43386048
43386049
43386050
43386051
43386052
43386053
43386054
43386055
43386056
43386057
43386058
43386059
43386060
43386061
43386062
43386063
43386064
43386065
43386066
43386067
43386069
43386070
43386071
43386072
43386073
43386074
43386075
43386076
43386077
43386078
43386079
43386080
43386081
43386082
43386083
43386084
43386085
43386086
43386087
43386088
43386089
43386090
43386091
43386092
43386093
43386094
43386095
43386096
43386097
43386098
43386099
43386100
43386101
43386102
43386103
43386104
43386105
43386106
43386107
43386108
43386109
43386110
43386111
43386112
43386113
43386114
43386115
43386116
43386117
43386118
43386119
43386120
43386121
43386122
43386123
43386124
43386125
43386126
43386127
43386128
43386129
43386130
43386132
43386133
43386134
43386135
43386136
43386137
43386138
43386139
43386140
43386141
43386142
43386143
43386144
43386145
43386146
43386147
43386148
43386149
43386150
43386151
43386152
43386153
43386154
43386155
43386156
43386157
43386158
43386159
43386160
43386161
43386162
43386163
43386164
43386165
43386166
43386167
43386168
43386169
43386170
43386171
43386172
43386173
43386174
43386175
43386176
43386177
43386178
43386179
43386180
43386181
43386182
43386183
43386184
43386185
43386186
43386187
43386188
43386189
43386190
43386191
43386192
43386193
43386194
43386195
43386196
43386197
43386198
43386199
43386200
43386202
43386203
43386204
43386205
43386206
43386208
43386209
43386210
43386211
43386212
43386213
43386214
43386215
43386216
43386217
43386218
43386219
43386220
43386221
43386222
43386223
43386224
43386225
43386226
43386227
43386228
43386229
43386230
43386231
43386232
43386233
43386234
43386235
43386236
43386237
43386238
43386239
43386240
43386241
43386242
43386243
43386244
43386245
43386246
43386247
43386248
43386249
43386250
43386251
43386252
43386253
43386254
43386255
43386256
43386257
43386258
43386259
43386260
43386261
43386262
43386263
43386264
43386265
43386266
43386267
43386269
43386270
43386271
43386272
43386273
43386274
43386275
43386276
43386277
43386278
43386279
43386280
43386281
43386282
43386283
43386284
43386285
43386286
43386287
43386288
43386289
43386290
43386291
43386292
43386294
43386295
43386296
43386297
43386299
43386300
43386301
43386302
43386303
43386304
43386305
43386306
43386307
43386308
43386309
43386310
43386311
43386312
43386313
43386314
43386315
43386316
43386317
43386318
43386319
43386320
43386321
43386322
43386323
43386324
43386325
43386326
43386327
43386328
43386329
43386330
43386331
43386332
43386333
43386334
43386335
43386336
43386337
43386338
43386339
43386340
43386341
43386342
43386343
43386344
43386345
43386346
43386347
43386348
43386349
43386350
43386351
43386352
43386353
43386354
43386355
43386356
43386357
43386358
43386359
43386360
43386361
43386362
43386363
43386364
43386365
43386366
43386367
43386368
43386369
43386370
43386371
43386372
43386373
43386374
43386375
43386376
43386377
43386378
43386379
43386380
43386381
43386382
43386383
43386384
43386385
43386386
43386387
43386388
43386389
43386390
43386391
43386392
43386393
43386394
43386395
43386396
43386397
43386398
43386399
43386400
43386401
43386402
43386403
43386404
43386405
43386406
43386407
43386408
43386409
43386410
43386411
43386412
43386413
43386414
43386415
43386416
43386417
43386418
43386419
43386420
43386421
43386422
43386423
43386424
43386425
43386426
43386427
43386428
43386429
43386430
43386431
43386432
43386433
43386434
43386435
43386436
43386437
43386438
43386439
43386440
43386441
43386442
43386443
43386444
43386445
43386446
43386447
43386448
43386449
43386450
43386451
43386452
43386453
43386454
43386455
43386457
43386458
43386459
43386460
43386461
43386462
43386463
43386464
43386465
43386466
43386467
43386468
43386469
43386470
43386471
43386472
43386473
43386474
43386475
43386476
43386477
43386478
43386479
43386480
43386481
43386482
43386483
43386484
43386485
43386486
43386487
43386488
43386489
43386490
43386491
43386492
43386493
43386494
43386495
43386496
43386497
43386498
43386499
43386500
43386501
43386503
43386504
43386505
43386506
43386507
43386508
43386509
43386510
43386511
43386512
43386513
43386514
43386515
43386516
43386517
43386518
43386519
43386520
43386522
43386523
43386524
43386525
43386526
43386527
43386528
43386529
43386531
43386532
43386533
43386534
43386535
43386536
43386537
43386538
43386539
43386540
43386541
43386542
43386544
43386545
43386546
43386547
43386548
43386549
43386550
43386551
43386552
43386553
43386554
43386556
43386557
43386558
43386559
43386560
43386561
43386562
43386563
43386564
43386565
43386566
43386567
43386568
43386569
43386570
43386571
43386572
43386574
43386575
43386576
43386577
43386578
43386579
43386580
43386581
43386582
43386583
43386584
43386585
43386586
43386587
43386588
43386589
43386590
43386591
43386592
43386593
43386594
43386595
43386596
43386597
43386598
43386600
43386601
43386602
43386603
43386604
43386605
43386606
43386607
43386609
43386610
43386611
43386612
43386613
43386614
43386615
43386616
43386617
43386618
43386619
43386620
43386621
43386622
43386623
43386624
43386625
43386626
43386627
43386628
43386629
43386630
43386631
43386632
43386633
43386634
43386635
43386636
43386637
43386638
43386639
43386641
43386642
43386643
43386644
43386645
43386646
43386647
43386648
43386649
43386650
43386651
43386656
43386657
43386658
43386659
43386661
43386662
43386663
43386664
43386665
43386666
43386667
43386668
43386669
43386670
43386671
43386672
43386673
43386674
43386675
43386676
43386677
43386679
43386680
43386681
43386682
43386683
43386684
43386685
43386687
43386688
43386689
43386690
43386691
43386692
43386693
43386694
43386695
43386696
43386697
43386698
43386699
43386700
43386701
43386702
43386703
43386705
43386706
43386707
43386708
43386710
43386711
43386712
43386713
43386714
43386715
43386716
43386717
43386718
43386719
43386720
43386721
43386722
43386725
43386726
43386728
43386729
43386730
43386731
43386732
43386733
43386734
43386735
43386736
43386738
43386739
43386740
43386741
43386742
43386743
43386744
43386746
43386748
43386749
43386751
43386752
43386754
43386755
43386756
43386757
43386758
43386759
43386760
43386761
43386762
43386763
43386764
43386765
43386766
43386767
43386769
43386771
43386772
43386774
43388683
43388684
43388687
43388688
43391413
43391414
43391415
43391416
43391417
43391418
43391419
43391420
43391421
43391422
43391423
43393748
43393751
43393757
43393763
43393766
43394952
43396837
43397245
43410234
43410269
43410801
43411114
43411221
43411872
43411873
43411883
43411887
43411893
43411899
43411902
43411908
43411911
43411914
43411917
43411920
43411923
43411926
43411929
43411932
43411938
43411942
43411945
43411954
43411957
43411966
43411972
43411978
43411987
43411990
43411993
43411996
43411999
43412021
43412024
43412027
43414160
43414165
43414169
43414682
43415067
43415717
43416713
43418794
43421398
43456977
43456978
43456979
43456980
43456981
43456982
43456983
43456986
43456987
43456988
43456989
43456990
43456991
43456992
43456993
43456994
43456995
43456996
43456997
43456998
43456999
43457000
43457001
43457002
43457004
43457005
43457006
43457007
43457008
43457009
43457010
43457011
43457012
43457013
43457014
43457015
43457016
43457017
43457018
43457019
43457020
43457021
43457022
43457023
43457024
43457025
43457026
43457027
43457028
43457029
43457030
43457031
43457032
43457033
43457034
43457036
43457037
43457038
43457039
43457040
43457041
43457042
43457043
43457044
43457045
43457046
43457047
43457048
43457049
43457050
43457051
43457052
43457053
43457054
43457055
43457056
43457057
43457059
43457060
43457061
43457062
43457063
43457064
43457065
43457066
43457067
43457068
43457069
43457070
43457071
43457072
43457073
43457074
43457075
43457076
43457077
43457078
43457079
43457080
43457081
43457082
43457083
43457084
43457085
43457086
43457087
43457088
43457089
43457090
43457091
43457092
43457093
43457094
43457095
43457096
43457097
43457098
43457099
43457100
43457101
43457103
43457104
43457105
43457106
43457107
43457108
43457109
43457110
43457111
43457112
43457113
43457114
43457115
43457116
43457117
43457118
43457119
43457120
43457121
43457122
43457124
43457125
43457126
43457127
43457128
43457129
43457130
43457131
43457132
43457133
43457134
43457135
43457136
43457137
43457138
43457139
43457140
43457141
43457142
43457143
43457144
43457145
43457146
43457147
43457148
43457149
43457150
43457151
43457152
43457153
43457154
43457155
43457156
43457157
43457158
43457159
43457160
43457161
43457162
43457163
43460321
43460322
43460323
43460324
43460325
43460326
43460327
43460328
43460329
43460330
43460331
43460332
43460333
43460334
43460335
43460336
43460337
43460338
43460339
43460479
43460728
43460729
43460730
43460731
43460732
43460733
43460734
43460735
43460736
43460737
43460738
43460739
43460740
43460741
43460742
43460743
43460744
43460745
43460746
43460747
43460748
43460749
43460750
43460751
43460752
43460753
43460754
43460755
43460756
43460757
43460758
43460759
43460760
43460761
43460762
43460763
43460764
43460765
43460766
43460767
43460768
43460769
43460770
43460771
43460772
43460773
43460774
43460775
43460776
43460777
43460778
43460779
43460780
43460781
43460782
43460783
43460784
43460785
43460786
43460787
43460788
43460789
43460790
43460791
43460792
43460793
43460794
43460795
43460796
43460797
43460798
43466420
43466423
43466426
43466430
43466434
43466437
43466440
43466444
43466447
43466450
43466456
43466459
43466462
43466465
43466469
43466473
43466477
43466481
43468516
43469527
43471599
43473765
43473772
43473775
43488155
43488745
43488842
43488913
43489006
43490136
435
43599637
43599641
43599645
43599648
43599651
43599654
43599658
43599662
43599666
43599670
43599674
43599678
43599855
436
43600113
43607733
43607734
43607735
43607736
43607737
43607738
43607739
43607740
43607741
43607742
43607743
43607744
43607745
43607746
43607747
43607748
43607749
43607750
43607751
43607752
43607753
43607754
43607755
43607756
43607757
43607758
43607759
43607760
43607761
43607762
43607763
43607764
43607765
43607766
43607767
43607768
43607769
43607770
43607771
43607772
43607773
43607774
43607775
43607776
43607777
43607778
43607779
43607780
43607781
43607782
43607783
43607784
43607785
43607786
43607787
43607788
43607789
43607790
43607791
43607792
43607793
43607794
43607795
43607796
43607797
43607798
43607799
43607800
43607801
43607802
43607803
43607804
43607805
43607806
43607807
43607808
43607809
43607810
43607811
43607812
43607813
43607814
43607815
43607816
43607817
43607818
43607819
43607820
43607821
43607822
43607823
43607824
43607825
43607826
43607827
43607828
43607829
43607830
43607831
43607832
43607833
43607834
43607835
43607836
43607837
43607838
43607839
43607840
43607841
43607842
43607843
43607844
43607845
43607846
43607847
43607848
43607849
43607850
43607851
43607852
43607853
43607854
43607855
43607856
43607857
43607858
43607859
43607860
43607861
43607862
43607863
43607864
43607865
43607866
43607867
43607868
43607869
43607870
43607871
43607872
43607873
43607874
43607875
43607876
43607877
43607878
43607879
43607880
43607881
43607882
43607883
43607884
43607885
43607886
43607887
43607888
43607889
43607890
43607891
43607892
43607893
43607894
43607895
43607896
43607897
43607898
43607899
43607900
43607901
43608480
43611044
43611045
43611046
43611047
43611048
43611049
43611050
43611051
43611052
43611053
43611054
43611055
43611056
43611057
43611058
43611059
43611060
43611061
43611062
43611063
43611064
43611065
43611066
43611067
43611068
43611069
43611070
43611071
43611072
43611073
43611074
43611075
43611076
43611077
43611078
43611079
43611080
43611081
43611082
43611083
43611084
43611085
43611086
43611087
43611088
43611089
43611090
43611091
43611092
43611093
43611094
43611095
43611096
43611097
43611098
43611099
43611100
43611101
43611102
43611103
43611104
43611105
43611106
43611107
43611108
43611109
43611110
43611111
43611112
43611113
43611114
43611115
43611116
43611117
43611118
43611119
43611120
43611121
43611122
43611123
43611124
43611125
43611126
43611127
43614918
43614922
43614928
43614932
43614935
437
43757261
437649
438
439
439674
440
4400000
4400010
4400013
4400014
441
4410224
442
443
444
445
446
447
448
449
450
45001195
45001196
45002583
45002808
45002904
45002905
45002906
45002907
45002908
45002909
45002912
45002913
45002914
45002915
45002916
45002917
45002918
45002919
45002920
45002922
45002923
45002932
45002933
45002934
45002936
45002938
45002941
45002944
45002945
45002946
45002949
45002950
45002951
45002952
45002953
45002955
45002956
45002957
45002958
45002959
45002960
45002963
45002964
45002965
45002966
45002970
45002971
45002973
45002974
45002975
45002976
45002977
45002978
45002979
45002983
45002984
45002985
45002986
45002987
45003175
45003202
45003204
45003209
45003263
45003265
45003287
45003296
45003299
45003344
45003352
45003367
45003370
45003372
45003388
45003399
45003400
45003401
45003404
45003528
45003606
45003621
45003667
45003682
45003912
45003920
45003930
45003944
45003955
45003959
45003975
45003987
45003995
45004000
45004096
45004111
45004112
45004152
45004160
45004203
45004211
45004212
45004213
45004226
45004288
45004293
45004301
45004305
45004430
45004431
45004456
45004494
45004498
45004515
45004519
45004536
45004543
45004571
45004573
45004578
45004580
45004582
45005147
45005248
45005890
45005939
45005978
45006113
45006300
45006339
45006349
45006366
45007239
45007599
45007700
45008862
45009666
45014388
45015004
45015017
45015023
45015052
45015066
45015071
450153
45015429
45015457
45015531
45015548
45015774
45016075
45016076
45016083
45016099
45016113
45016120
45016142
45016153
45016156
45016157
45016160
45016166
45016172
45016178
45016182
45016194
45016255
45016398
45016535
45017173
45017401
45017437
450184
45019983
45019985
45020008
45020104
45020114
45020121
45020395
45021251
45021252
45021253
45021256
45021263
45021479
45021693
45021695
45021696
45021697
45021714
45024255
45024256
45024259
45024261
45024435
45024476
45024479
45024566
45024567
45024738
45024909
45024911
45024912
45024917
45025231
45025417
45025571
45025572
45025580
45025589
45025590
45025595
450256
45025600
45025601
45025615
45025619
45025624
45025632
45025640
45025650
45025702
45025711
45025714
45026065
45026066
45026073
45026074
45026082
45026083
45026085
45026086
45026088
45026092
45026093
45026107
45026112
45026113
45026120
45026136
45026143
45026149
45026216
45026220
45026224
45026225
45026226
45026228
45026230
45026233
45026235
45026237
45026238
45026239
45026250
45026251
45026253
45026254
45026995
45026996
45026997
45027046
45027072
45027073
45027091
45027093
45027094
45027113
45027141
45027818
45027955
45027980
45027981
45027984
45028089
45028090
45028094
45028106
45028137
45028145
45028148
45028193
45029189
450295
450307
45030824
45030826
45031212
45031213
45031215
45031335
45031578
45031697
45031753
45031851
45031852
45031853
45031854
45031861
45031862
45032158
45032165
45032169
45032170
45032171
45032185
45032186
45032187
45032188
45032189
45032193
45032251
45032255
45032256
45032257
45032258
450324
450325
45032658
45032659
45032660
45032661
45032662
45032663
45032664
45032665
45032666
45032667
45032668
45032669
45032670
45032671
45032672
45032673
45032674
45032675
45032976
45032978
45032979
45032980
45032981
45033027
45033028
45033029
45033030
45033031
45033032
45033033
45033034
45033035
45033051
45033067
45033068
45033069
45033070
45033071
45033072
45033073
45033074
45033075
45033076
45033077
45033078
45033079
45033080
45033081
45033082
45033083
45033084
45033085
45033086
45033087
45033088
45033089
45033090
45033091
45033092
45033093
45033094
45033095
45033096
45033097
45033098
45033099
45033100
45033101
45033102
45033103
45033104
45033105
45033106
45033107
45033108
45033109
45033110
45033111
45033112
45033113
45033114
45033115
45033116
45033117
45033118
45033119
45033120
45033121
45033122
45033123
45033133
45033134
45033135
45033136
45033137
45033138
45033139
45033140
45033141
45033142
45033143
45033144
45033145
45033146
45033147
45033148
45033149
45033150
45033151
45033152
45033153
45033154
45033155
45033156
45033157
45033158
45033159
45033160
45033161
45033223
45033224
45033225
45033226
45033227
45033228
45033229
45033230
45033231
45033232
45033273
45033274
45033275
45033276
45033277
45033802
45034347
45034351
45034940
45034953
45035873
45035874
45035909
45036342
45036366
45036753
45036766
45037447
45037463
45037471
45037475
45037480
45037491
45037509
45037510
45037511
45037531
45037685
45037693
45037694
45038013
45039010
45039012
45039018
45039019
45039020
45045938
45045939
45045940
45045942
45045944
45045948
45045949
45045951
45045964
45045988
45052510
45052514
45052515
45052518
45052536
45052537
45052544
45052682
45052683
45052684
45052685
45052686
45052687
45052688
45052689
45052690
45052691
45052692
45052693
45052694
45052695
45052696
45052697
45052698
45052699
45052700
45052701
45052702
45052703
45052704
45052705
45052706
45052707
45052708
45052709
45052710
45052711
45052712
45052713
45052714
45052715
45052716
45052717
45052718
45052719
45052720
45052721
45052722
45052725
45052726
45052727
45052730
45052734
45052735
45052736
45052737
45052738
45052739
450542
450543
450544
450545
450546
450547
450548
450550
450551
450552
450573
45057584
450626
450627
45066214
45066230
45066235
45066249
45066261
450673
45068761
45068762
45068763
45068765
45068766
45074798
45074803
45074804
45076286
45076287
45076290
45076292
45076294
45076298
45076299
45076303
45076307
45076309
45076311
45076317
45076319
45076327
45076329
45076332
45076335
45076337
45076339
45076343
45076344
45076345
45076349
45076350
45076353
45076354
45076355
45076356
45076357
45076358
45076360
45076362
45076363
45076402
45076403
45076404
45076937
45076938
45076939
45076940
45076963
45081203
45081215
45081220
450818
45082084
45082085
45082086
45082087
45082088
45082089
45082090
45082091
45082092
45082093
45082094
45082095
45082096
45082097
45082098
45082099
45082100
45082101
45082102
45082103
45082117
45082442
45082443
45082444
45082445
45082446
45082447
45082448
45082449
45082450
45082451
45082452
45082453
45082454
45082455
45082456
45082457
45082458
45082459
45082460
45082461
45082462
45082463
45082465
45082466
45082467
45082469
45082470
45082472
45082474
45082482
45082483
45082514
45082515
45082566
45082567
45082612
45082734
45084720
45084724
45084728
45084736
45084740
45084774
45084776
45084777
45084778
45084779
45084782
450852
45085933
45089457
45089458
45089460
45089461
45089464
45089465
45089466
45089468
45089469
45089470
45089472
45089474
45089484
45089495
45094441
45095061
45095063
45095064
45095111
45095149
45095168
45095169
45095170
45095323
45095413
45095423
45098259
45098902
45098903
45099068
451
45100775
451012
451026
45103332
45104730
45104760
45104799
45104814
45108269
45108287
45108303
45114487
45116761
45116785
45120124
45122483
45122516
45122520
45122526
45122527
45122536
45122545
45122550
45122558
45122638
45122641
45122644
45122745
45136736
451473
452
452499
452564
452716
452717
452846
452949
452957
452964
453
453126
453476
453532
453565
453567
453649
453682
453694
453738
453927
453989
454005
454006
454090
454146
454194
454214
454218
454233
454421
454646
454840
454884
454922
454926
454943
454947
455
455003
455067
455096
455203
455281
455296
455336
455454
455547
455565
455598
455675
455778
455932
456
456059
456063
456134
456152
456401
456422
456427
456474
456497
456557
456653
457
457014
457398
457406
457408
457415
457419
457438
457739
457750
457812
458
458577
458590
458602
458631
458635
458636
458638
458718
458841
458842
458845
458856
458858
458860
459
459017
459067
459103
459108
459116
459118
459119
459146
459162
459167
459181
459296
459317
459346
459385
459399
459510
459534
459542
459619
460
460824
461
462
462925
463
463479
463481
463485
463486
463487
463488
463489
464624
464735
465
465143
465281
465433
465480
466
466652
467
468
469
470
47000007
47000014
47001121
47001125
47001127
47001129
47001131
47001134
47001136
47005106
47005109
47005113
47005114
47005119
47005120
47005124
47005126
47006723
47008695
47011346
47016164
47016165
47016167
47016169
47016190
47016394
47016479
47016480
47016631
47017284
47017457
47017545
47018434
47019024
47019065
47019864
47020325
47020326
47020327
47020329
47020810
47020903
47022111
47022115
47023057
47023059
47023111
47024031
47024837
47024922
47034948
47034950
47034953
47034954
47034955
47034959
47034960
47036090
47036094
47036098
47036103
47036107
47037130
47037139
47037143
47038754
47038861
47039802
47040450
47040647
47040650
47040651
47040652
47041696
47041697
47041698
47041699
47041700
47041701
47041702
47041703
47041704
47041723
47041724
47041726
47041727
47041728
47041729
47041730
47041731
47041732
47041733
47041734
47041735
47045688
47045701
47045949
47045963
47046136
47046234
47046238
47046242
47046243
47049429
47049921
47049928
47049936
47049944
47049947
47049966
47049994
47050041
47050042
47050064
47050116
47050128
47050352
47050354
47050355
47051749
47052535
47052704
47052784
47052802
47052845
47052846
47052847
47052861
47052862
47052863
47052911
47052915
47052916
47053299
47053448
47053664
47053667
47053668
47053673
47053684
47054334
47056244
47056246
47056248
47056250
47056252
47056351
47056384
47056408
47056513
47056676
47056694
47056712
47056753
47056796
47058821
47059823
47062393
47062404
47063488
47063489
47063490
47063552
47064302
47065051
47065055
47065247
47065366
47065436
47065467
47065469
47065477
47065574
47065591
47065609
47065626
47065630
47065676
47065710
47065731
47065753
47065754
47065760
47065767
47065769
47065770
47065786
47065802
47065803
47065805
47065806
47065823
47065826
47065827
47065828
47065829
47065832
47065897
47067707
47067709
47067711
47067713
47067842
47067850
47068332
47068594
47068595
47068596
47068599
47068600
47068601
47068602
47068603
47068604
47068605
47068606
47068854
47069953
47069964
47070236
47070349
47073319
47073332
47073397
47073398
47073399
47073400
47073401
47074892
47074893
47075706
47075713
47075717
47075718
47075723
47079648
47079657
47079658
47079663
470805
47080769
47081043
47081060
47084598
47084798
47085061
47085062
47085063
47085223
47085224
47085225
47085226
47085227
47085228
47085229
47085230
47085231
47085232
47085233
47085235
47085236
47085237
47085261
47085621
47085706
47089955
47089956
47089957
47089959
47089961
47089962
47090152
47091013
470912
47092205
47092386
47092387
47092391
47092496
47092498
47092506
47092805
47092810
47094382
47094384
47094394
47094395
47094642
47096326
47096334
47096349
47096997
47096998
47096999
47097105
47097116
47097117
47097127
47097129
47097130
47097136
47097143
47097145
47097147
47097149
47097156
47097159
47097163
47097166
47097168
47097170
47097172
47097176
47097183
47097187
47097191
47097192
47097195
47097209
47097216
47097218
47097220
47097222
47097223
47097225
47097233
47097246
47097251
47097261
47097267
47097278
47097286
47097291
47097294
47097302
47097304
47097307
47097309
47097312
47097313
47097318
47097321
47097346
47097347
47097352
47097357
47097360
47097369
47097372
47097375
47097379
47097384
47097604
47097605
471
47101555
47101569
47101582
47101599
47101612
47101625
47101638
47102223
47104445
472
473
474
475
475411
475802
475839
475844
475847
475852
475895
475934
475952
475971
475980
475994
476
476000
476007
476080
476093
476094
476095
476100
476106
476109
476113
476168
476187
476197
476201
476232
476236
476256
476258
476268
476270
476286
476302
476307
476309
476325
476341
476360
476364
476480
476487
476489
476494
476523
476528
476541
476561
476657
476688
476713
476774
476781
476788
476794
476797
476800
476884
476932
476935
476938
477
477171
477174
477177
477182
477184
477187
477346
477349
477352
477355
477357
477360
477367
477370
477375
477378
477383
477386
477392
477394
477397
477403
477406
477412
477415
477418
477421
477424
477429
477432
477435
477437
477440
477444
477449
477452
477455
477458
477459
477465
477468
477476
477479
477484
477486
477488
477491
477494
477505
477508
477514
477517
477520
477522
477525
477528
477531
477534
477535
477536
477537
477538
477540
477544
477549
477550
477554
477558
477559
477560
477565
477566
477568
477571
477572
477573
477574
477575
477579
477584
477587
477588
477589
477592
477593
477594
477596
477597
477599
477600
477603
477605
477607
477609
477612
477613
477616
477617
477623
477628
477630
477631
477632
477635
477641
477642
477643
477647
477648
477651
477653
477655
477656
477661
477668
477669
477671
477672
477673
477677
477679
477907
478
478105
478152
478301
478891
478893
479061
479229
479504
480
4800008
480042
48031439
48031596
48037361
48037593
48038833
48038834
48038835
48038836
48038837
48038838
48038839
48038840
48038841
48038842
48038843
48038844
48038845
48038846
48038847
48038848
48038849
48038850
48038851
48038852
48038853
48038854
48038855
48038856
48038857
48038858
48038859
48038860
48038861
48038862
48038863
48038864
48038865
48038866
48038867
48038868
48038869
48038870
48038871
48038872
48038873
48038874
48038875
48046734
48048043
48048312
48048540
48049873
481
482
482052
482314
482607
482813
482943
482956
482984
483
483003
483064
483066
483343
483406
483761
483762
483764
483765
483766
483767
483768
483769
483812
483813
483814
483815
483816
483817
483819
483820
483821
483822
483824
483825
483827
483830
483831
483832
483834
483835
483836
483837
483838
483839
483841
483843
483845
483846
483847
483848
483849
483850
483851
483853
483854
483855
483856
483859
483860
483863
483865
483866
483867
483868
483869
483870
483911
483912
483913
483914
483915
483917
483918
483919
484
484201
484423
484433
484434
484435
484436
484437
484438
484440
484441
484442
4844437
484453
484454
484455
484456
484457
484458
484459
484460
484465
484467
484468
484469
484473
484474
484475
484476
484477
484478
484479
484480
484481
484484
484487
484490
484547
484610
484619
484759
484768
484770
484774
484782
484795
485
485108
485109
485120
485265
485277
485281
485286
485289
485290
485291
485292
485293
485295
485296
485297
485298
485299
485300
485301
485302
485303
485304
485305
485306
485307
485308
485309
48531
485310
485311
485312
485313
485314
485315
485316
485317
485375
485419
485421
485422
485430
485431
485433
485435
485436
485437
485438
485453
485454
485455
485456
485457
485458
485459
485460
485461
485462
485469
485470
485472
485473
485474
485475
485529
485557
485565
485572
485582
485589
485590
485592
485599
485632
485660
485661
485662
485663
485664
485665
485667
485668
485669
485670
485671
485673
485674
485675
485676
485677
485678
485679
485680
485682
485683
485684
485685
485686
485687
485688
485690
485692
485697
485699
485702
485706
485707
485710
485711
485816
485817
485818
485819
485820
485821
485822
485823
485824
485825
485826
485827
485828
485829
485830
485831
485832
485833
485834
485835
485836
485837
485838
485839
485840
485841
485923
486
487617
487813
489504
490
49030196
49030967
49033437
49033829
49033848
49034218
49034221
49034222
49034241
49034242
49034243
49034244
49034305
49034306
49034307
49034308
49034309
49034366
49034372
49034373
49034375
49034743
49034744
49034745
49034746
49034747
49034748
49034749
49034750
49034751
49034752
49034753
49034754
49034755
49034756
49034757
49034758
49034759
49034760
49036210
49036211
49037314
49038573
49039068
49039325
49039429
49039433
49039828
49039831
49039837
49040061
49040064
49040068
49040074
49040076
49040078
49040081
49040084
49040315
49040317
49040318
49040645
490410
49042530
49043421
49043426
49043430
49043433
49043437
49043440
49043447
49043450
49043453
49043463
49043466
49043518
49043824
49044399
49045638
49045877
49046007
49046085
49046091
49046093
49046238
49047828
49059295
49059299
49060169
49060171
49060899
49061882
49062483
49062484
49062485
49062486
49062487
49062488
49062489
49062490
491
491217
492
492736
492737
492738
493
493281
493282
493326
493366
493398
493427
494
494161
494162
494164
494208
494283
494706
494744
495
495359
495360
496
497
497504
497663
497671
497833
498056
498455
498456
498457
498458
498459
498460
498461
498462
498464
498467
498468
498469
498470
498471
498472
498473
498474
498475
499
5000053
5000091
5000096
5000202
5000203
5000204
5000205
5000206
5000207
5000208
5000209
5000210
5000211
5000212
5000213
5000502
5000575
5000860
50030010
50031747
50031748
50031749
50032772
50032776
50034825
5003485
50034857
50034997
50035008
50035833
50035867
50035869
50035875
50036839
50036842
50038248
50039127
50039209
50039664
50039670
50039672
50041756
50041758
50041763
50041764
50041765
50041768
50041771
50041773
50041774
50041775
50041777
50041779
50041780
50041783
50041785
50041789
50041791
50041792
50041797
50041836
50041839
50041842
50041897
50041898
50041899
50041906
50041912
50041915
50041918
50041921
50041924
50042102
50042103
50042104
50042106
50042115
50042119
50042121
50042127
50042130
50042133
50042135
50042141
50042144
50042148
50042151
50042155
50042159
50042162
50042165
50042168
50042172
50042175
50042177
50042180
50042183
50042186
50042191
50042195
50042199
50042202
50042206
50042210
50042214
50042216
50042224
50042282
50042286
50042287
50044233
50044250
50044256
50044410
50044428
50044459
50044490
50044509
50044567
50044573
50045231
50045578
50045647
50045720
50045729
50045735
50045739
50045743
50045745
50045751
50045753
50045757
50045759
50045763
50045767
50045769
50045776
50045782
50045785
50045790
50045792
50045802
50045810
50045815
50045819
50045823
50045826
50045830
50045834
50045837
50045841
50045845
50045848
50045851
50045854
50045857
50045860
50045863
50045866
50045870
50045871
50045876
50045879
50045882
50045886
50045891
50045894
50045897
50045907
50045917
50045920
50045924
50045928
50045931
50045935
50045939
50045943
50045947
50045951
50045954
50045957
50045960
50045963
50045966
50045969
50045972
50045975
50045979
50045983
50045986
50045989
50045992
50045995
50045998
50046001
50046004
50046008
50046011
50046014
50046017
50046020
50046023
50046027
50046031
50046035
50046038
50046056
50046186
50046189
50046192
50046195
50046198
50046201
50046204
50046207
50046210
50046213
50046216
50046219
50046222
50046225
50046228
50046231
50046234
50046237
50046240
50046243
50046246
50046249
50046250
50046255
50046258
50046262
50046265
50046268
50046271
50046274
50046277
50046280
50046283
50046286
50046289
50046290
50046295
50046298
50046301
50046304
50046307
50046310
50046313
50046316
50046319
50046322
50046325
50046328
50046331
50046334
50046337
50046340
50046343
50046346
50046349
50046352
50046355
50046358
50046361
50046364
50046367
50046370
50046373
50046376
50046379
50046382
50046385
50046388
50046391
50046395
50046398
50046401
50046404
50046407
50046409
50046413
50046416
50046419
50046422
50046426
50046429
50046432
50046436
50046439
50046442
50046445
50046448
50046451
50046454
50046457
50046460
50046463
50046466
50046469
50046472
50046475
50046478
50046481
50046484
50046487
50046490
50046493
50046496
50046499
50046502
50046505
50046508
50046511
50046514
50046517
50046520
50046521
50046522
50046524
50046527
50046532
50046535
50046538
50046541
50046544
50046547
50046550
50046553
50046557
50046561
50046564
50046567
50046570
50046573
50046576
50046579
50046582
50046585
50046586
50046591
50046594
50046597
50046601
50046604
50046607
50046610
50046613
50046616
50046619
50046622
50046625
50046628
50046631
50046634
50046637
50046640
50046643
50046644
50046649
50046652
50046655
50046658
50046661
50046664
50046667
50046670
50046673
50046676
50046737
50046784
50046788
50046792
50046794
50046796
50046800
50046801
50046802
50046803
50046804
50046805
50046806
50046807
50046808
50046809
50046810
50046811
50046812
50046813
50046814
50046815
50046816
50046817
50046818
50046819
50046820
50046821
50046822
50046823
50046824
50046825
50046826
50046827
50046829
50046830
50046831
50046832
50046833
50046834
50046835
50046836
50046837
50046838
50046839
50046840
50046841
50046842
50046845
50046848
50046914
50047320
50047340
50048024
50048499
50050954
50051200
50051557
50051700
50051710
50051746
50051817
50051827
50051834
50051845
50051849
50051853
50051856
50053907
50053958
50054315
50054335
50054342
50054350
50054358
50054373
50054378
50054482
50054579
50054596
50054605
50054682
50054694
50054724
50054778
50054864
50054868
50054878
50054882
50054885
50054930
50054943
50054948
50054953
50054960
50054973
50054987
50054991
50054993
50054997
50055001
50055005
50055008
50055012
50055182
50055186
50055199
50055202
50055208
50055212
50055216
50055220
50055223
50055227
50055236
50055240
50055244
50055248
50055254
50055259
50055263
50055269
50055273
50055276
50055289
50055311
50055315
50055322
50055326
50055330
50055334
50055341
50055345
50055417
50055424
50055428
50055429
50055436
50055439
50055443
50055447
50055449
50055456
50055459
50055463
50055466
50055526
50055537
50055540
50055543
50055547
50055555
50055559
50055563
50055566
50055572
50055578
50055586
50055645
50055889
50056222
50056418
50056676
50056756
50056769
50057288
50060578
50061603
50062734
50062736
50063665
50063671
50064105
50064427
50065898
50065948
50067302
50067468
50067878
50068406
50068554
50068600
50068607
50068874
50068880
50068895
50068903
50068911
50068917
50068922
50068928
50068934
50068940
50068954
50069036
50069067
50069081
50069095
50069138
50069167
50069178
50069520
50069526
50069543
50069713
50070024
50071324
50072591
50072802
50073364
50073377
50073550
50074126
50074141
50074303
50074585
50074897
50075614
50075643
50075756
50075800
50075810
50075839
50075980
50075989
50076052
50076264
50076370
50076378
50076385
50076392
50076511
50076752
50076852
50076856
50077095
50077184
50077190
50077206
50077211
50077218
50077225
50077277
50077456
50077462
50077465
50077855
50077860
50077865
50077872
50078057
50078065
50078072
50078080
50078106
50078152
50078213
50078400
50078429
50078454
50078732
50080573
50080606
50082814
50082825
50082829
50082835
50082841
50082844
50082852
50082854
50082855
50082859
50083183
50083726
50084625
50084889
50084982
50085324
50085330
50085335
50085340
50085349
50085354
50085361
50085463
50085468
50085475
50085481
50085487
50085492
50085509
50085519
50085532
50085537
50085598
50085603
50085611
50085617
50085622
50085629
50085637
50085642
50085648
50085655
50085661
50085667
50085673
50085678
50085685
50085746
50085754
50085766
50085771
50085777
50085782
50085787
50085792
50085797
50085803
50085810
50085817
50085822
50085827
50085832
50085837
50085842
50085847
50085852
50085857
50085862
50085867
50085872
50085877
50085882
50085887
50085892
50085897
50085902
50085907
50085912
50085918
50085923
50085929
50085934
50085939
50085944
50085949
50085954
50085959
50085964
50085968
50085974
50086000
50086012
50086018
50086058
50086085
50086144
50086149
50086162
50086168
50086242
50086247
50086252
50086259
50086264
50086269
50086274
50086279
50086286
50086301
50086307
50086312
50086316
50086321
50086326
50086331
50086336
50086341
50086346
50086351
50086357
50086382
50086387
50086392
50086398
50086403
50086431
50086436
50086451
50086578
50086596
50086617
50086621
50086664
50086669
50086680
50086747
50086753
50086758
50086762
50086767
50086772
50086777
50086782
50086788
50086793
50086798
50086803
50086808
50086813
50086818
50086823
50086827
50086831
50086838
50086843
50086848
50086853
50086858
50086863
50086868
50086873
50086878
50086883
50086888
50086897
50086904
50086909
50086914
50086920
50086928
50086933
50086938
50086943
50086949
50086954
50086967
50086973
50086979
50086986
50086992
50086998
50087004
50087010
50087015
50087020
50087025
50087029
50087034
50087039
50087044
50087049
50087054
50087059
50087064
50087069
50087074
50087079
50087084
50087090
50087095
50087100
50087105
50087110
50087115
50087120
50087125
50087130
50087135
50087141
50087147
50087153
50087158
50087163
50087168
50087173
50087181
50087186
50087194
50087199
50087205
50087210
50087215
50087221
50087227
50087235
50087240
50087245
50087250
50087254
50087259
50087264
50087269
50087276
50087282
50087287
50087292
50087297
50087303
50087310
50087318
50087323
50087328
50087334
50087339
50087344
50087349
50087354
50087359
50087364
50087369
50087374
50087379
50087384
50087390
50087395
50087400
50087405
50087410
50087415
50087420
50087425
50087430
50087435
50087441
50087446
50087451
50087456
50087461
50087468
50087473
50087479
50087484
50087490
50087495
50087500
50087639
50087794
50087814
501
502
503
504
505
506
507
508
509
510
51000056
51000075
51000076
51000077
51000104
5100015
5100017
5100019
5100021
5100023
5100025
5100027
5100029
5100031
5100033
5100035
5100037
5100039
5100041
5100043
5100045
5100047
5100051
5100053
5100055
5100057
5100059
5100061
5100063
5100066
5100070
5100072
5100074
5100076
5100078
5100080
5100082
5100084
5100086
5100088
5100090
5100092
5100094
5100096
5100098
5100100
5100102
5100104
5100106
5100107
5100109
5100111
5100113
5100115
5100117
5100119
5100121
5100123
5100125
5100126
5100128
5100130
5100132
5100134
5100138
5100139
5100145
5100147
5100149
5100151
5100153
5100157
5100159
5100161
5100163
5100165
5100167
5100169
5100171
5100173
5100176
5100178
5100180
5100182
5100184
5100186
5100188
5100190
5100192
5100194
5100196
5100198
5100200
5100202
5100204
5100206
5100208
5100210
5100214
5100216
5100217
5100219
5100221
5100223
5100225
5100227
51002695
5100326
51008726
51008727
51008728
51008729
51008730
51008731
51008732
51008733
51008734
51008735
51008736
51008737
51008738
51008739
51008740
51008741
51008742
51008743
51008744
51008745
51008746
51008747
51008748
51008749
51008750
51008751
51008752
51008753
51008754
51008755
51008756
51008757
51008758
51008759
51008760
51008761
51008762
51008763
51008764
51009265
51009379
51009381
51009383
51009573
51009592
51009693
51010089
51011382
51011391
51011414
51011420
51011435
51011444
51011469
5101221
51012228
51012477
51012479
51012481
51012483
51012485
51012486
51012487
51012492
51012494
51012496
51012498
51012500
51012502
51012506
51012673
51012765
51013978
51013979
51013980
51013981
51013982
51013983
51013984
51014000
51014003
51014006
51014007
51014079
51014241
51014247
51014347
51014348
51014349
51014350
51014351
51014352
51014353
51014354
51014355
51014356
51014357
51014358
51014359
51014360
51014361
51014362
51014363
51014364
51014365
51014366
51014367
51014368
51014369
51014370
51014371
51014372
51014373
51014374
51014375
51014376
51014377
51014378
51014379
51014380
51014381
51014382
51014383
51014384
51014385
51014386
51014387
51014388
51014389
51014390
51014391
51014392
51014393
51014394
51014395
51014396
51014397
51014398
51014399
51014400
51014401
51014402
51014403
51014404
51014406
51014407
51014408
51014409
51014410
51014411
51014413
51014414
51014415
51014416
51014417
51014418
51014419
51014420
51014421
51014422
51014423
51014424
51014425
51014426
51014427
51014428
51014429
51014430
51014431
51014432
51014433
51014434
51014435
51014436
51014437
51014438
51014439
51014440
51014441
51014442
51014443
51014444
51014445
51014446
51014447
51014448
51014449
51014450
51014451
51014452
51014453
51014454
51014455
51014456
51014457
51014458
51014459
51014460
51014461
51014462
51014463
51014464
51014465
51014466
51014467
51014468
51014469
51014470
51014471
51014472
51014473
51014474
51014475
51014476
51014477
51014478
51014479
51014480
51014481
51014482
51014483
51014484
51014485
51014486
51014487
51014488
51014489
51014490
51014491
51014492
51014493
51014494
51014495
51014496
51014497
51014498
51014499
51014500
51014501
51014502
51014503
51014504
51014505
51014506
51014507
51014508
51014509
51014510
51014511
51014512
51014513
51014514
51014515
51014516
51014517
51014518
51014519
51014520
51014521
51014522
51014523
51014524
51014525
51014526
51014527
51014528
51014529
51014530
51014531
5101462
51014770
51014773
51014775
51014777
51014814
51014815
51014816
51014817
51014818
51014819
51014820
51014821
51014822
51014823
51014826
51014827
51014828
51014829
51014838
51014865
51014866
51014867
51014868
51014869
51014943
51014944
51014945
51014946
51014947
51014948
51014949
51014950
51014951
51014952
51014953
51014954
51014955
51014956
51014957
51014958
51014959
51014960
51014961
51014962
51014963
51014964
51014965
51014966
5101516
51016543
51016546
51016630
5101707
510216
510217
510218
510220
510221
510222
51029338
51029615
510307
5103188
51032261
51032674
51034522
51034523
5103608
5103610
5103611
5103612
5103616
5103634
5103635
5103637
5103638
5103639
5103640
5103641
5103642
5103643
5103644
5103645
5103646
5103647
5103648
5103649
5103650
5103651
5103652
5103653
5103654
5103655
5103656
5103657
5103658
5103659
5103660
5103661
5103662
5103663
5103664
5103665
5103666
5103667
5103668
5103669
5103670
5103671
5103672
5103673
5103674
5103675
5103676
5103677
5103679
5103680
5103681
5103682
5103683
5103684
5103685
5103686
5103696
5103697
5103698
5103699
5103700
5103701
5103702
5103703
5103706
5103707
5103708
5103709
5103710
5103712
5103713
5103717
5103718
5103719
5103720
5103721
5103722
5103723
5103724
5103725
5103726
5103727
5103728
5103729
5103730
5103731
5103732
5103733
5103734
5103735
5103736
5103738
5103739
5103740
5103741
5103742
5103743
5103744
5103745
5103746
5103747
5103748
5103749
5103750
5103751
5103752
5103753
5103754
5103755
51037559
5103756
5103757
5103758
51037583
51037585
5103759
5103760
5103761
5103762
5103763
5103764
5103765
5103766
5103767
5103768
5103769
5103770
5103771
5103772
5103773
5103774
5103775
5103776
5103777
5103778
51037788
5103779
5103780
5103781
5103782
5103783
5103784
5103785
5103786
5103787
5103788
5103789
5103790
5103791
5103792
5103793
5103794
5103795
5103797
5103798
5103799
5103800
51038003
5103801
5103802
5103803
5103804
5103805
5103806
51038065
5103807
5103808
5103809
5103810
5103811
5103812
5103813
5103814
5103815
5103816
5103817
5103818
5103819
5103820
5103821
5103822
5103823
5103824
5103825
5103826
5103827
5103828
5103829
5103830
5103831
5103832
5103833
5103834
5103835
5103836
5103837
5103838
5103839
5103840
51038405
5103841
5103842
5103843
5103844
5103845
5103846
5103847
5103848
5103849
5103850
5103851
5103852
5103853
5103854
5103855
5103856
5103857
5103858
5103859
5103860
5103861
5103862
5103863
5103864
5103865
5103866
5103867
5103868
5103869
5103870
5103871
5103872
5103873
5103874
5103875
5103876
5103877
5103878
5103879
5103880
5103881
5103882
51038859
5103900
5103901
51039031
5103905
51039134
51039162
51039163
51039164
51039165
51039166
51039167
51039168
51039169
51039170
5103927
5103936
5103947
5103948
5103984
5104026
5104027
5104029
51040464
51040553
5104113
5104131
5104133
5104134
51041483
5104183
51041834
51041848
51041993
51042006
51042009
51042033
51042038
51042041
51042047
51042049
51042050
51042052
51042053
51042058
51042062
51042063
51042067
51042068
51042070
51042075
51042079
51042086
51042089
51042090
51042093
51042095
51042097
51042102
51042104
51042106
51042108
51042110
51042113
51042123
51042127
51042129
51042132
51042136
51042138
51042139
51042140
51042141
51042142
51042149
51042153
51042156
51042158
51042166
51042167
51042168
51042170
51042172
51042173
51042177
51042178
51042179
51042180
51042181
51042183
51042184
51042185
51042187
51042188
51042190
51042192
51042193
51042194
51042195
51042196
51042197
51042199
51042200
51042201
51042202
51042203
51042204
51042206
51042207
51042209
51042210
51042213
51042214
5104257
51043247
5104334
51044219
51044244
51044263
51044265
51044268
51044280
51044291
51044293
51044296
51044306
51044307
51044308
51044322
51044323
51044346
51044348
51044349
51044350
51044406
51044423
51044424
51044442
51045109
51045865
5104713
51047274
51047275
51047276
51047282
51047439
51047600
51048906
51049633
51049985
51050772
51050775
51050793
51050796
51050798
51050799
51050800
51050880
51050889
51050906
51050908
51050931
51050933
51050934
51050935
51051210
51051214
51051219
51051220
51051468
51051469
51051484
51051504
51051505
51051507
51051525
51051526
51051527
51051546
51051547
51051548
51051549
51051550
51051572
51051573
51051574
51051575
51051576
51051577
51051604
51051605
51051624
51051636
51051637
51051739
51052378
51052384
51052385
51052386
51052387
51052388
51052389
51052390
51052391
51052392
51052393
51052394
51052395
51052396
51052397
51052398
51052399
51052400
51052401
51052402
51052404
5105248
51052634
51052641
51052642
51052643
51052644
51053338
51053759
51054102
51054108
51054109
51054118
51054163
51054169
51054184
51054197
51054539
51054573
51055492
51056006
51056902
51056975
51057523
51060275
51060287
51060294
51060297
51061186
51061187
5106121
5106122
5106123
5106124
5106125
51061959
51061969
51061981
51061994
51062043
51062050
51062066
51062076
51062159
51062164
51062211
51062212
51062490
51062497
51062498
51062527
51062528
51062533
51062534
51062536
51062537
51062538
51062555
51062556
51062575
51062580
51062584
51062588
51062606
51062607
51062626
51062632
51062633
51062654
51062655
51062656
51062657
51062684
51062685
51062711
51062760
51062839
51062840
51062841
51062842
51062844
51062846
51062847
51062848
51062851
51062852
51062853
51062854
5106301
51063101
51063973
51064032
51064058
51064427
51064430
51064434
51064437
51064441
51064442
51064443
51064444
51064446
51064449
51064450
51064453
51064455
51064458
51064459
51064468
51064472
51064476
51064478
51064479
51064480
51064487
51064488
51064490
51064492
51064493
51064494
51064496
51064502
51064503
51064504
51064505
51064506
51064507
51064516
51064517
51064518
51064519
51064530
51064531
51064532
51064872
51066844
51066847
51066848
51066943
51066944
51066945
51066947
51066949
51066953
51066954
51066955
51066956
51068700
51068702
51068703
51068706
51068708
5106918
5106999
5107065
51071404
51071405
51071410
51071436
51071437
51071438
51071439
51071453
51071454
51071473
51071477
51071478
51071479
51071516
51071534
51071549
51071550
51071572
51071573
51071574
51071595
51071600
51071620
51071622
51071625
51071646
51071647
51071665
51071666
51071667
51071682
51071685
51071686
51071904
5107222
5107343
51075403
51075738
51075743
51075747
51075753
51075757
51076389
51076403
51076404
51076405
51076408
51076409
51076410
51076411
51076412
51076413
51076414
51076416
51076417
51076421
51076426
51076427
51076428
51076429
51076431
51076435
51076436
51076437
51076439
51076440
51076441
51076466
51078053
51078054
51078058
51078060
51078061
51078062
51080770
51081530
51081547
510826
5108728
5108729
5108784
5108845
5109249
5109588
51100200
511006
5110138
5110139
5110140
5110141
5110142
5110143
5110218
5110755
5110769
511412
511418
5114376
5114795
511511
511868
512
512698
512703
512766
513
513007
513008
513010
513011
513012
513014
513015
513016
513017
513018
513104
513123
513325
513498
514
514046
514129
514173
514178
514180
514181
514183
514184
514185
514188
514190
514191
514194
514333
514345
514350
514351
514352
514499
514502
514562
514565
514570
514639
514642
514646
514845
515206
515312
515373
515383
515397
515493
515499
515502
515505
515570
515941
515951
515974
516
516025
516029
516032
516036
516235
516237
516238
517
517017
517019
517188
517298
517668
517670
518
518131
518132
518308
518310
518311
518312
518313
518314
518315
518319
518322
518323
518324
518325
518326
518327
518328
518329
518330
518331
518332
518335
518336
518339
518340
518342
518343
518344
518345
518346
518349
518350
518351
518352
518354
518355
518356
518357
518358
518359
518360
518361
518362
518363
518364
518365
518366
518368
518369
518372
518373
518374
518375
518377
518378
518379
518707
518938
518951
519247
519259
519376
519657
519675
519703
519704
519705
519706
519711
519713
519714
519715
519717
519720
519722
519724
519744
519767
519768
519769
519772
519774
519775
519776
519777
519778
519780
519781
519783
519784
519786
519787
519788
519789
519792
519793
519794
519795
519796
519797
519798
519800
519801
519802
519803
519804
519805
520
52000902
5200111
52001400
52001927
52001928
52002347
52002971
52004076
52004784
52004786
52004979
52005022
52005288
52005329
52005587
52007191
52007304
52007311
52007313
52007315
52007317
52007320
52007321
52007322
52007928
52007941
52007956
52008071
52008074
52008078
52008079
52008081
52008082
52008168
52008203
52008414
52008465
52009259
52009482
52009650
52011695
52011756
52011766
52011768
52011770
52011772
52011775
52011779
52011781
52011830
52012618
52012619
52012620
52012622
52012625
52012626
52012659
52012677
52012687
52012706
52012723
52014027
52014139
52014535
5201464
52014701
5201477
5201478
52014789
5201479
5201480
5201481
5201482
5201483
5201484
5201485
5201514
5201515
5201516
5201517
5201518
5201519
5201520
5201521
5201522
5201523
5201524
5201525
5201526
5201527
5201528
5201529
5201530
5201531
5201532
5201533
5201534
5201698
5201699
5201700
5201701
5201702
5201703
5201704
5201705
5201706
5201707
5201708
5201709
5201712
5201713
5201714
5201715
5201716
5201717
5201718
5201719
5201720
5201721
5201722
5201723
5201724
5201725
5201726
5201727
5201728
5201729
5201730
5201731
5201732
5201733
5201734
5201735
5201736
5201737
5201738
5201739
5201740
5201741
5201742
5201743
5201744
5201745
5201746
5201747
5201748
5201749
5201750
5201751
5201752
5201753
5201756
5201757
5201758
5201759
5201760
5201761
5201762
5201763
5201764
5201765
5201766
5201767
5201768
5201769
5201770
5201771
5201772
5201773
5201774
5201775
5201776
5201777
5201779
5201780
5201781
5201782
5201783
5201784
5201785
5201786
5201787
5201788
5201789
5201790
5201791
5201792
5201793
5201795
5201796
5201798
5201799
5201800
5201801
5201802
5201803
5201804
5201805
5201806
5201807
5201808
5201809
5201810
5201811
5201812
5201813
5201814
5201815
5201816
5201817
5201818
5201819
5201820
5201821
5201822
5201823
5201824
5201825
5201826
5201827
5201828
5201829
5201830
5201831
5201832
5201833
5201834
5201835
5201836
5201837
5201838
5201839
5201840
5201841
5201842
5201843
5201844
5201845
5201846
5201847
5201848
5201849
5201850
5201851
5201852
5201853
5201854
5201855
52018550
5201856
5201857
5201858
5201859
5201860
5201861
5201862
5201863
5201864
5201865
52018702
5202129
52021866
52021867
52021868
52021869
52021870
52021871
52021872
52021873
52021874
52021951
52021952
52021953
52021959
52021965
52021969
52022287
52022300
52022301
52022570
52022848
5202320
52024087
52024113
52024279
52024295
52025014
52025656
52025839
52025840
52025841
52025844
52025847
52025848
52026234
52026368
52026663
52027307
52027591
52027596
52028094
52028133
52028219
52028617
52028817
52029349
52029598
52029651
52030258
52030264
52030282
52030387
52030761
52030897
52030945
52030960
52030974
52030978
52031098
52031223
52031347
52031363
52031364
52031411
52031412
52031637
52031716
52031885
52031888
52031890
52031894
52031905
52031908
52031910
52031911
52031950
52032207
52032263
52032286
52032384
52032387
52032388
52032389
52032390
52032391
52032392
52032450
52032451
52032465
52032475
52032512
52032514
52032516
52032527
52032532
52032539
52032543
52032564
52032568
52032576
52032590
52032596
52032601
52032617
52032773
52032788
52032821
52032843
52033028
52033141
52033149
52033300
52033362
52033452
52033524
52033703
52033704
52033709
52033716
52033721
52033733
52033740
52033745
52033750
52033764
52033776
52033787
52033796
52033797
52033801
52033807
52033816
52033827
52033853
52033876
52033881
52033894
52033899
52033913
52033923
52033932
52033938
52033945
52033957
52033964
52033968
5203397
52033974
52033979
52033985
52033989
52033994
52033999
52034006
52034012
52034016
52034044
52034045
52034088
52034096
52034116
52034122
52034128
52034135
52034141
52034147
52034154
52034163
52034174
52034182
52034188
52034196
52034204
52034210
52034222
52034232
52034238
52034473
52034920
52034945
52034960
52035050
52035095
52035110
52035140
52035153
52035174
52035212
52035389
52035410
52035416
52035422
52035459
52035465
52035471
52035477
52035483
52035489
52035495
52035501
52035508
52035525
52035531
52035537
52035543
52035550
52035561
52035571
52035577
52035583
52035589
52035595
52035785
52035801
52035854
52035859
52035870
52035890
52035904
52035909
52035920
52035955
52035960
52035965
52035970
52035975
52035980
52035985
52035990
52035995
52036000
52036005
52036010
52036011
52036016
52036068
52036083
52036094
52036327
52036373
52036478
52036549
52036794
52036924
52037551
52037776
52037814
52038248
52038251
52038692
5203872
52038756
52038763
52038825
52038835
52038840
52038845
52038993
52038994
52038998
52038999
52039001
52039007
52039076
52039109
52039110
52039111
52039128
52039130
52039144
52039341
52039342
52039347
52039385
52039396
52039402
52039408
52039414
52039801
52040049
52040420
52040438
52040500
52040590
52040728
52040734
52040946
52040947
52041000
52041291
52041296
52041302
52041320
52041324
52041328
52041336
52041360
52041364
52041371
52041381
52041388
52041392
52041396
52041412
52041419
52041425
52041433
52041437
52041445
52041450
52041456
52041460
52041468
52041475
52041497
52041498
52041499
52041517
52041518
52041519
52041520
52041521
52041522
52041523
52041524
52041525
52041526
52041527
52041528
52041529
52041530
52041531
52041532
52041540
52041548
52041553
52041560
52041564
52042907
52043293
52043324
52043402
52043561
52043562
52043563
52043564
52043565
52043566
52043606
52043708
52043843
52043983
52044210
52044762
52044824
52044894
52044901
52044909
52044912
52044943
52044952
52044955
52045151
52045191
52045200
52045363
52045570
52045619
52045743
52046063
52046086
52046427
52046918
52048327
52048422
52048423
52048666
52048754
52057759
52058217
52058247
52058302
52058669
52058770
52058902
52058906
52058913
52058919
52058984
52059005
5205932
52059817
52060404
52062525
52062530
52062535
52062586
52062613
52062814
52062823
52062831
52062837
52062845
52062852
52062859
52062867
52062873
52062877
52062884
52062900
52062901
52062902
52062903
52062904
52063035
52063046
52063051
52063059
52063063
52063598
52063600
52063602
52063637
52063661
52063680
52063684
52063707
52063723
52063727
52063729
52063769
52063807
52063836
52063857
52063863
52063869
52063875
52063881
52063883
52063936
52063941
52063945
52063951
52063957
52063965
52063971
52063977
52063983
52063989
52063995
52064001
52064013
52064018
52064024
52064027
52064030
52064032
52064035
52064037
52064052
52064062
52064252
52064256
52064259
52064260
52064270
52065322
52065760
52066233
52066274
52066275
52066276
52066292
52066293
52066328
52067049
52067899
52067918
52067928
52067934
52068014
52068103
52068114
52068321
52068617
52069719
52069727
52070034
52070159
52070167
52070170
52070179
52070199
52070208
52070217
52070226
52070319
52070321
52070334
52070341
52070348
52071391
52072515
52072519
52072521
52072522
52072524
52072525
52072526
52072527
52072528
52072968
52072983
52072990
52074796
52074806
52074816
52075622
52075627
52076833
52077889
52077895
52077943
52077947
52077951
52077956
52077961
52077964
52077969
52077977
52077981
52077985
52080137
52081499
52081584
52081627
52081635
52081638
52081642
52081648
52081654
52081661
52084013
52084206
520844
52085268
52085341
52086567
52086598
52086656
52086673
52086680
52086775
52086789
52086804
52086876
52086884
52086887
52086897
52086902
52086903
52086904
52086905
52086957
52087212
52087274
52087474
52087518
52087753
52087771
52087804
52087831
52087995
52088201
52088299
52088446
52088457
52088475
52088485
52088518
52088549
52088561
52088589
52088607
52088617
52088651
52088686
52088721
52088853
52088893
52089058
52089073
52089234
52089239
52089449
52089814
52090667
52090969
52091007
52091012
52091115
52091936
52092421
52092522
52092702
52092881
52092883
52093158
52093167
52093676
52094196
52095058
52095064
52096046
52096047
52096051
52098197
52098379
52098401
52098435
52098455
52098583
52098608
52098609
52098610
52098611
52098612
52098614
52098615
52098616
52098617
52098618
52098619
52098620
52098643
52098644
52098645
52098646
52098647
52098648
52098649
52098656
52098657
52098658
52098659
52098660
52098690
52098691
52098692
52098693
52098694
52098695
52098696
52098697
52098698
52098699
52098700
52098701
52098702
52098703
52098704
52098705
52098706
52098707
52098708
52098709
52098710
52098711
52098712
52098713
52098714
52098715
52098716
52098717
52098718
52098719
52098720
52098721
52098722
52098723
52098725
52098726
52098727
52098728
52098729
52098730
52098731
52098732
52098733
52098734
52098735
52098736
52098737
52098738
52098739
52098740
52098741
52098742
52098743
52098744
52098745
52098746
52098747
52098748
52098749
52098750
52098751
52098752
52098753
52098754
52098755
52098756
52098757
52098758
52098759
52098760
52098761
52098762
52098763
52098764
52098765
52098766
52098767
52098768
52098769
52098770
52098789
52098791
52098792
52098793
52098794
52098795
52098796
52098797
52098798
52098799
52098800
52098801
52098802
52098803
52098804
52098805
52098806
52098807
52098808
52098809
52098810
52098811
52098812
52098813
52098814
52098815
52098816
52098817
52098818
52098819
52098820
52098821
52098822
52098823
52098824
52098825
52098826
52098827
52098829
52098830
52098831
52098832
52098833
52098834
52098835
52098836
52098837
52098838
52098839
52098840
52098841
52098842
52098843
52098844
52098846
52098847
52098848
52098849
52098850
521
52100618
52101261
521105
5212138
5212140
5212559
521639
521643
5217918
522
5220102
5220188
5220194
5220196
522089
522122
522194
522196
522685
522856
522857
522909
522931
522932
522939
523
524
5240046
5240399
5240400
5240401
5240402
5240404
5240750
5240989
5250019
5250432
5250433
5250434
5250435
5250436
5250437
5250438
5250439
5250440
5250441
5250442
5250443
5250444
5250445
5250446
5250447
5250448
5250449
5250743
5250867
5251597
5251598
5251715
5251718
5251721
5251725
5251728
5251731
5251732
526
5260322
5260323
5260324
5260325
5260756
5260757
5260758
5260952
5260953
5260954
5260969
5261163
5261165
5261640
5261641
5261642
5261643
5261645
5261646
5261647
5261651
5261737
5261738
5261739
5261740
5261741
5270169
5270172
5270333
5270334
5270335
5270336
5270337
5270338
5270339
5270348
5270349
5270350
5270351
5270352
5270353
5270354
5270355
5270356
5270357
5270358
5270359
5270422
5270423
5270424
5270425
5270435
527927
527929
527935
527936
527939
527942
527945
527959
527960
527961
5280160
5280161
5280181
5280207
5280210
5280211
5280212
5280213
5280214
5280215
5280216
5280217
5280218
5280219
5280220
5280221
5280336
5280337
5280339
5280341
5280342
5280345
5280347
5280350
5280351
5280352
5280354
5280355
5280356
5280357
5280358
5280359
5280364
5280411
5280413
5280414
5280415
5280416
5280417
5280418
528046
528209
529
529013
529014
5290187
5290189
5290513
5290515
5290517
5290518
5290519
5290520
5290523
5290525
5290526
5290532
5290534
5290537
5290539
5290551
5290558
5290559
5290560
5290563
5290564
5290565
5290566
5290567
5290568
5290571
5290573
5290576
5290577
5290578
5290579
5290582
5290583
5290586
5290589
5290590
5290591
5290592
5290593
5290594
5290597
5290598
5290599
5290601
5290602
5290603
5290604
5290605
5290606
5290607
5290608
5290609
5290610
5290612
5290613
5290619
5290620
5290621
5290622
5290623
5290624
5290625
5290626
5290627
5290628
5290629
5290630
5290631
5290632
5290633
5290634
5290635
5290681
5290682
5290683
5290684
5290685
5290686
5290687
5290739
529695
53000067
53000124
53000142
53000213
53000218
53000219
53000220
53000221
53000222
53000223
53000224
53000225
53000226
53000227
53000228
53000229
53000230
53000231
53000232
53000233
53000236
53000237
53000238
53000239
53000240
53000241
53000242
53000243
53000244
53000245
53000246
53000247
53000248
53000284
53000339
53000355
53000356
53000357
53000358
53000359
53000360
53000361
53000362
53000363
53000364
53000412
5300188
5300189
5300191
5300222
5300223
5300226
5300230
5300232
53002916
53003009
5300359
5300360
5300361
5300364
5300371
53006916
53006957
53006974
53010261
53010262
53010363
53010368
53010372
53010379
53010383
53010386
53010452
53010464
53010566
53011468
53012689
53012706
53012828
53015118
530153
53015312
53015315
53015354
53015359
53015361
53015362
53015371
530156
530159
530161
53017600
53017602
53017604
53017605
53017606
53017609
53017610
53019959
53020029
53020033
53020034
53020040
53020043
53020044
53020049
53020050
53020052
53020057
53020058
53020853
53020959
53021301
53021327
53021481
53021542
53021876
53021884
53021990
53025474
53025475
53025903
53025907
53026000
53026016
53026072
53026107
53028357
53028359
53028361
53028362
53028365
53028369
53028381
53028382
53028383
53028388
53028443
53028444
53031011
53032158
53033779
53033858
53036687
53036696
53036844
53036925
53036927
53037006
53037021
53037042
53037045
53037054
53037056
53037057
53037059
53037061
53037064
53037073
53037074
53037078
53037079
53037472
53037475
53037478
53037499
53037540
53037547
53037614
53037744
53045774
53045792
53045807
53045808
53046277
53046289
53050030
53050031
53051098
53051316
53051318
53051421
53051422
53051427
53051440
53051713
53051715
53053102
53053338
53059102
53059259
53059310
53059581
53059586
53059609
53061903
53064414
53066699
53066704
53066765
53067264
53067840
53067929
53068361
53069828
53072600
53072646
53073041
53073158
53073300
53075615
53082711
53084096
53084126
53084140
53085154
53085192
53085197
53085223
53085442
53085961
53087568
53087582
53087585
53087777
53087781
53087789
53087816
53087870
53087883
53087895
53087904
53087949
53088070
53088154
53088319
53088363
53088388
53088509
53088514
53088518
53088534
53088551
53088554
53088557
53088559
53088594
53088605
53088606
53088615
53088629
53088631
53088641
53088654
53088689
53088693
53088732
53088753
53088756
53088760
53088763
53088778
53088889
53088891
53088893
53088894
53088895
53088897
53090075
53090436
53090441
53090567
53090579
53090588
53090589
53090626
53090659
53090663
53090681
53090858
53090910
53090929
53091282
53091292
53091362
53091488
53091505
53091546
53091912
53091914
53094027
53094218
53094298
53094312
53094333
53094336
53094797
53095507
53095653
53095885
53095935
53096028
53096237
53096365
53096587
53096748
53096805
53097190
53097382
53097634
53099557
53099809
531
53100084
53100332
53100371
53100556
53100731
5310101
5310102
5310175
53102494
53102749
53102756
53103279
53103303
53103456
53103476
53104082
53104744
53105160
5310527
53105338
53105500
53105635
53105652
53105798
53106111
53106489
53106518
5310661
53106931
53106995
53107009
53107067
53107161
53107181
5310730
5310752
5310789
5310793
5310805
5310862
5310928
53109823
5311085
53110886
53110958
53111026
53111284
5311137
5311138
5311139
53111420
5311144
53111469
53111570
53111779
53111839
53112149
53112155
53112161
53112168
53112175
53112205
53112209
53112237
53112295
53112296
53112297
53112298
53112315
53112329
53112362
53112419
53112485
53112558
53113144
53113208
53113301
5311536
53115577
53115815
53115903
53115989
5311603
53116078
53116297
53116308
53116451
53116548
53116552
53116606
53116782
53116884
53117113
5311725
53117540
53117542
53117544
5311841
53119248
53119354
53119640
53119835
5312036
53120392
53120460
53120501
53120624
53123003
53123059
53123263
53123398
53124240
53124349
53126448
5312708
5312709
5312710
5312711
5312721
5312722
5312723
53127344
53127784
53128001
53128459
5312881
5312882
53128842
53128873
53129128
53129700
53130031
53130032
53130033
53130139
53130151
53130152
53130160
53130168
53130182
53130197
53130266
53130267
53130277
53130292
53130306
53130311
53130312
53130481
5313075
5313080
5313090
5313097
53131348
53131429
53131805
53131958
53132202
53132328
53132338
53132354
53132375
53132418
53132449
53132456
53132460
53132474
5313341
5313342
5313343
5313344
5313345
5313346
5313347
5313348
5313349
5313350
5313481
53136548
53136726
53136811
53136909
53136948
53137794
53138151
53138184
5313881
53139333
53140456
53140728
5314129
5314130
53142205
53143495
5314351
5314352
5314354
53143624
5314368
5314372
5314379
53144215
53144498
53144889
53147205
53147770
53148569
53148590
53148617
53148628
53148839
53148902
53148928
53148944
53148950
53148961
53148972
53148980
53148987
53148999
53149000
53149013
53149014
53149015
53149016
53149037
53149041
53149049
53149102
53149118
53149138
53149139
53149166
53149167
53149175
53149192
53149230
53149237
53149243
53149256
53149271
53149272
53149297
53149303
53149315
53149322
53149323
53149324
53149338
53149345
53149366
53149579
53149834
53150490
53151734
53152058
5315230
5315320
53153485
53153954
53154116
53154122
53154433
53154568
5315469
53154830
53155030
53155118
53155124
53155227
53155771
53155834
5315591
5315621
5315818
5315852
5316013
53160454
53161010
53161065
53161086
53161106
53161114
53161121
53161129
53161137
53161143
53161163
53161169
53161170
53161276
53161304
53161326
53161332
53161343
53161344
53161415
53161425
53161490
53161508
53161516
53161522
53161537
53161581
53161598
53161662
53161679
53161680
53161697
53161710
53161711
53161731
53161750
53161769
53161783
53161784
53161785
53161789
53161791
53161883
53161905
53161917
53161918
53161934
53161936
53162001
53162051
53162062
5316216
53162166
53162198
53162227
5316242
5316281
5316289
5316294
5316330
5316335
5316370
5316387
53163887
53163890
53163892
53164264
53164542
5316584
53165855
53166411
5316697
53168008
53168028
53168056
53168315
53168483
5316852
53168707
53169568
53169641
53169746
53169916
53169970
53170030
53170057
53170144
5317076
5317114
5317129
5317208
5317276
5317324
53173376
53173631
53173992
53174167
53174321
5317471
53174766
53174902
53174934
53174953
5317795
53178149
53178326
53178492
53179080
5317916
5317917
5317918
53180678
53184059
53184514
5318919
53189458
5319265
5319272
5319744
532
5320378
5320689
5321667
5321693
532177
532178
532179
532180
5321800
5321801
532181
5322928
5322929
5322930
5323097
5323200
5323368
5323380
532375
5324127
5324423
5324445
5324446
5324447
5324448
5324449
5324450
5324451
5324452
5324453
5324454
5324455
5324456
5324457
5324458
5324459
5324460
5324480
5324662
5325071
5325220
5325518
5325771
5325772
5326486
5326487
5326490
5326491
5326492
5326549
5326770
5326805
5326806
5327353
5327371
5327372
5328445
533
533424
533425
534
5340041
5340047
5340048
5340049
5340050
5340051
5340052
5340053
5340054
5340055
5340056
5340057
5340068
5340069
5340070
5340071
5340072
5340073
5340074
5340075
5340076
5340077
5340078
5340079
5340080
5340081
5340212
5340213
5340220
5340463
5340471
5340474
5340545
5340570
5340693
5340737
5340738
5340739
5340740
5340741
5340742
5340743
5340744
5340745
5340746
5340747
5340748
5340749
5340750
5340751
5340752
5340753
5340754
5340756
5340757
5340758
5340759
5340760
5340761
5340762
5340763
5340765
5340766
5340767
5340768
5340770
5340771
5340772
5340773
5340775
5340776
5340777
5340778
5340779
5340780
5340781
5340782
5340784
5340785
5340786
5340787
5340788
5340789
5340862
5340863
5340864
5340865
5340866
5340867
5340868
5340869
5340870
5340871
5340872
5340873
5340874
5340875
5340876
5340877
5340878
5340880
5340882
5340883
5340884
5340886
5340887
5340888
5340889
5340890
5340891
5340892
5340893
5340894
5340895
5340896
5340898
5340900
5340901
5340902
5340903
5340904
5340905
5340906
5340907
5340908
5340909
5340910
5340911
5340912
5340913
5340914
5340915
5340916
5340917
5340918
5340919
5340920
5340921
5340922
5340923
5340924
5340925
5340927
5340928
5340929
5340930
5340931
5340932
5340933
5340935
5340936
5340938
5340940
5340941
5340943
5340944
5340945
5340946
5340949
5340950
5340951
5340952
5340954
5340955
5340956
5340958
5340959
5340960
5340961
5340962
5340963
5340964
5340965
5340967
5340968
5340969
5340970
5340971
5340972
5340973
5340975
5340976
5340977
5340981
5340982
5340983
5340985
5340987
5340988
5340989
5340991
5340992
5340994
5340995
5340996
5340999
5341000
5341001
5341002
5341060
5341061
5341062
5341063
5341064
5341065
5341066
5341067
5341068
5341069
5341070
5341073
5341074
5341075
5341076
5341077
5341078
5341079
5341080
5341081
5341082
5341083
5341084
5341085
5341443
5341444
5341446
5341447
5341449
5341450
5341451
5341459
5341460
5341461
5341462
5341463
5341465
5341467
5341468
5341469
5341470
5341471
5341473
5341475
5341533
5341534
5341535
5341536
5341537
5341538
5341539
5341540
5341541
5341556
5341558
5341560
5341561
5341562
5341563
5341564
5341565
5341566
5341567
5341568
5341569
5341570
5341572
5341573
5341574
5341575
5341576
5341577
5341578
5341580
5341581
5341582
5341583
5341585
5341586
5341587
5341588
5341590
5341592
5341593
5341594
5341595
5341596
5341597
5341598
5341599
5341600
5341601
5341602
5341603
5341604
5341606
5341629
5341645
5341646
5341651
5341652
5341654
5341655
5341656
5341676
5341677
5341678
5341685
5341686
5341687
5341688
5341689
5341690
5341691
5341692
5341693
5341697
5341699
5341700
5341701
5341702
5341703
5341704
5341705
5341706
5341707
5341708
5341710
5341711
5341712
5341713
535
5350001
5350002
5350003
5350004
5350005
5350007
5350011
5350013
5350014
5350015
5350016
5350017
5350018
5350019
5350020
5350021
5350023
5350024
5350025
5350026
5350027
5350028
5350029
5350030
5350032
5350033
5350034
5350035
5350036
5350038
5350039
5350042
5350043
5350044
5350047
5350048
5350049
5350050
5350051
5350053
5350056
5350063
5350064
5350065
5350066
5350067
5350068
5350069
5350070
5350071
5350072
5350073
5350076
536
5360150
5360157
5360158
5360159
536108
536110
536112
536119
536138
536143
536151
536152
536199
536208
536232
536240
536246
536275
536311
536331
53634
536346
536364
536459
536478
5365003
5370000
5370001
5370002
5370003
5370004
5370005
5370006
5370007
5370008
5370009
5370010
5370014
5370016
5370017
537002
5370405
5370406
5370409
5370410
5370411
5370412
5370577
5370578
5370579
5375175
5375176
5375180
5375181
5375184
5375187
5375190
5375193
5375196
5375198
5375252
5375356
5375357
5375358
5375359
5380012
5380013
5380014
5380015
5380016
5380017
5380018
5380019
5380020
5380021
5380022
5380023
5380024
5380025
5380038
5380039
5385015
5385068
5385092
5385093
5385095
5385098
5385101
5385104
5385107
5385110
5385123
5385141
5385176
5385314
5385315
5385350
5385374
5385482
5385693
5385694
539
5390013
5390014
5390015
5390016
5390017
5390018
5390019
5390020
5390054
5390055
5390056
5390057
5390058
5390059
5390061
5390062
5390063
5390064
5390065
5390066
5390068
5390070
5390071
5390073
5390074
5390075
5390076
5390077
5390079
5390080
5390081
5390082
5390083
5390085
5390086
5390087
5390088
5390089
5390090
5390091
5390092
5390093
5390094
5390095
5390096
5390098
5390099
5390101
5390102
5390103
5390104
5390106
5390107
5390112
5390115
5390118
5390119
5390120
5390122
5390123
5390124
5390125
5390126
5390127
5390128
5390129
5390130
5390131
5390133
5390134
5390135
5390137
5390139
5390140
5390141
5390142
5390143
5390144
5390145
5390146
5390147
5390148
5390149
5390150
5390151
5390152
5390153
5390154
5390155
5390162
5390165
539023
539037
539089
539089alt
539404
5394178
5395069
5395076
5395100
5395101
539511
539512
539513
539514
539515
5395158
5395159
5395168
5395169
5395170
5395171
5395178
5395179
5395180
5395279
5395281
5395284
5395285
5395286
5395293
5395297
5395307
5395661
5395665
5395870
5395874
539614
539715
539718
539721
539725
539746
539760
5397648
539784
539801
539802
539807
539811
539814
539826
539832
539838
539841
539845
539847
539850
539853
539856
539859
539864
539868
539878
539880
539881
539882
539883
54001626
54001631
54001634
54001637
54001640
54001643
54001645
54001648
54001651
54001656
54003055
54003056
54003057
54003058
54003059
54003060
54003061
54003062
54003064
54003065
54003066
54003067
54003081
54007040
54007042
54007044
54007046
54007049
54007052
54007055
54007059
54007317
54008264
54010671
54010672
54013211
54013212
54013343
54013548
54015128
54015129
54015198
54015271
54015273
54015275
54015279
54015604
541
5410002
5410003
5410005
5410006
5410008
5410010
5410013
5410014
5410015
5410016
5410186
5410224
5410231
5410232
5410233
5410546
5410547
5410549
5410550
5410551
5410554
5410557
5410560
5410562
5410568
5410573
5410574
5410575
5410576
5410577
5410578
5410580
5410581
5410585
5410586
5410589
5410607
5410612
5410630
5410635
5410636
5410637
5410638
5410639
5410640
5410642
542
54200130
54200772
54200773
5430000
5430001
5430002
5430089
5430240
5430415
5430416
5430419
5430420
5430459
5430463
5430465
5430468
5430471
5430474
5430477
5430480
5430483
5430485
5430487
5430490
5430493
5430496
5430499
5430566
5430567
5430568
5430569
5430570
5430571
5430572
5430573
5430606
5430607
5430609
5430610
5430611
5430612
5430613
5430614
5430615
5430616
544
5440440
5441030
545
547
5478220
548
55000306
55000307
55000308
55001072
55001075
55001078
55001081
55001084
55001087
55001090
55001093
55001096
55001098
55001101
55001104
55001107
55001110
55001114
55001118
55001122
55001126
55001196
55006613
55006622
55006675
55007101
55007141
55007152
55007156
55007160
55007167
55007171
55009766
55010406
55010409
55012040
55012042
55012045
55012048
55012051
55012053
55012077
55012080
55012082
55012085
55012088
55012090
55020403
55020406
55020409
55020412
55020415
55020418
55020420
55020423
55020426
55020428
55020431
55024370
55024513
55027091
55027245
55027248
55027251
55027254
55027256
55027259
55027262
55027265
55027268
55027271
55027274
55027276
55027278
55027796
55027798
55027801
55027885
55027887
55027889
55027891
55027893
55027895
55027897
55027898
55027901
55027903
55027906
55027908
55027909
55027911
55027913
55038360
55038844
55038893
55038895
55038898
55038901
55038904
55038907
55038910
55038913
55038916
55038918
55038921
55038923
55038925
55038928
55038931
55038933
55038936
55038939
55038941
55038944
55041471
55041488
5504329
55046798
55056835
55056925
55058751
55058755
55059328
55061319
55065675
55065678
55065681
55065684
55065687
55066946
55071318
55072751
55072757
55072764
551
5512110
5512112
5512115
5512116
5512118
5512119
5512120
5512121
5512123
5512124
5512125
5512126
5512127
5512130
5512136
5512138
5512140
5512144
5512145
5512149
5512151
5512155
5512156
5512157
5512161
5512163
5512164
5512165
5512167
5512170
5512171
5512173
5512174
5512177
5512180
5512181
5512182
5512183
5512184
5512185
5512186
5512189
5512191
5512194
5512195
5512198
5512203
5512210
5512337
5512556
5512557
5512559
5512562
5512634
5512635
5512636
5512639
5512779
5512780
5512782
5512786
5512787
5512789
5512790
5512793
5512925
551959
552
552237
552238
552239
552240
552241
552243
552244
552245
552246
552248
552249
552250
552251
552252
552394
552395
553488
553490
553492
553494
553496
553498
553502
553504
553506
553509
553511
553513
553515
553517
553782
554
555
557
557584
558129
558130
558131
558133
558138
558252
558261
558264
558272
558273
558278
558279
558282
558284
558288
558376
558377
558412
558413
558968
558970
559492
559556
559557
559558
559560
559607
559610
559614
559683
559847
559879
559880
559881
5600471
5601447
5601448
5602973
5602977
5602978
5602979
5602980
5602981
5602982
5602984
5602985
5602986
5602987
5602988
5602989
5602990
5602991
5603689
5603761
5603764
5603776
5603779
5603845
5603912
5603913
5603984
5604325
5604329
5604583
5604743
5604747
56048390
5604939
5604963
5605068
5605072
5605083
5605229
5605370
5605434
5605768
5605957
5605958
5605987
5606043
5606074
5606087
5606289
5606516
5606527
5606531
5606540
5606609
5606746
5606749
5606764
5606814
5606891
5606910
5606927
5606934
5606949
5606959
5607120
5607409
560759
5607679
5607680
5607681
5607682
5607733
5608462
5608795
5608900
5608926
5608933
5608942
5608968
5609014
5609017
5609081
5609584
5609646
5609648
5609788
5609892
5609986
5609987
5609999
561
5610000
5610001
5610002
5610003
5610004
561194
561196
561413
561415
561423
561429
561555
561557
561688
562
5620263
5621337
5621338
5621339
5621340
5621797
5621798
5622078
5622381
5622727
5622728
5622729
5622732
5622735
5622736
5622744
5622745
5622746
5622747
5622748
5622784
5622786
5622787
5622788
5622789
5622790
5622791
5622792
5622793
5622794
5622796
5622797
5622799
5622801
5622802
5622803
5622804
5622806
5622807
5622809
5622810
5622811
5622812
5622814
5622821
5622829
5622831
5622832
5622835
5622837
5622838
5622839
5622840
5622841
5622844
5622845
5622846
5622847
5622855
5622856
5622857
5622858
5622859
5622860
5622862
5622863
5622864
5622865
5622866
5622867
5622868
5622869
5622872
5622873
5622874
5622876
5622879
5622880
5622881
5622883
5622884
5622885
5622886
5622887
5622888
5622889
5622890
5622891
5622892
5622894
5622895
5622898
5622936
5622951
5622952
5622956
5622962
5622963
5622975
5622977
5623022
5623095
5623096
5623097
5623098
5623099
5623100
5623102
5623103
5623104
5623105
5623106
5623108
5623109
5623110
5623111
5623114
5623115
5623116
5623119
5623120
5623121
5623122
5623125
5623126
5623127
5623128
5623131
5623133
5623134
5623135
5623136
5623138
5623139
5623141
5623142
5623143
5623144
5623145
5623147
5623148
5623152
5623153
5623155
5623157
5623158
5623159
5623160
5623161
5623162
5623163
5623164
5623165
5623166
5623167
5623168
5623170
5623171
5623172
5623174
5623175
5623176
5623180
5623182
5623183
5623185
5623187
5623188
5623189
5623192
5623193
5623194
5623197
5623198
5623199
5623200
5623202
5623205
5623206
5623209
5623210
5623211
5623214
5623216
5623218
5623219
5623220
5623221
5623222
5623224
5623244
5623245
5623246
5623247
5623249
5623251
5623252
5623253
5623254
5623257
5623340
5623370
5623371
5623372
5623373
5623374
5623375
5623376
5623377
5623378
5623379
5623380
5623381
5623382
5623486
5623487
5623522
5623523
5623524
5623525
5623527
5623528
5623530
5623531
5623532
5623536
5623537
5623563
562385
562387
5623925
5623945
5623946
5623947
5623948
562395
5623951
5623952
5623953
5623954
5623956
562396
562397
562398
5624425
5624426
5624429
5624431
5624438
5624441
5624442
5624443
5624446
5624468
5624478
5624479
5624496
5624601
5624602
5624604
5624606
5624607
5624814
5624855
5624915
5624921
5624943
5624945
5624946
5624947
5624971
5625013
5625035
5625039
5625042
5625043
5625046
5625049
5625050
5625051
5625054
5625061
5625062
5625063
5625064
5625065
5625066
5625068
5625070
5625115
5625130
5625136
5625138
5625238
5625240
5625245
5625246
5625248
5625249
5625250
5625251
5625252
5625253
5625254
5625255
5625256
5625257
5625258
5625274
5625278
5625279
5625282
5625283
5625285
5625286
5625287
5625288
5625289
5625293
5625294
5625295
5625296
5625304
5625306
5625307
5625308
5625309
5625310
5625328
5625398
5625701
5625733
5625736
5625737
5625738
5625740
5625939
5626085
5626086
5626087
5626088
5626103
5626104
5626105
5626136
5626484
5626485
5626486
5626487
5626488
5626489
5626490
5626491
5626492
5626493
5626494
5626495
5626496
5626498
5626499
5626500
5626501
5626502
5626503
5626504
5626505
5626506
5626507
5626508
5626509
5626510
5626511
5626512
5626513
5626518
5626519
5626520
5626521
5626523
5626524
5626527
5626528
5626529
5626530
5626531
5626712
5626719
5626759
5626760
5626762
5626771
5626829
5626868
562694
5626969
5626972
5626973
5626974
5626975
5626976
5626977
5627020
5627021
5627022
5627023
5627024
5627025
5627026
5627027
5627028
5627063
5627064
5627068
5627070
5627073
5627074
5627075
5627076
5627077
5627078
5627079
5627083
5627091
5627092
5627097
5627098
5627099
5627101
5627102
5627103
5627105
5627106
5627107
5627108
5627109
5627110
5627164
5627165
5627166
5627289
5627291
5627293
5627295
5627296
5627298
5627378
5627380
5627381
5627382
5627384
5627385
5627387
5627431
5627432
5627435
5627437
5627440
5627441
5627443
5627444
5627495
5627497
5627548
5627551
5627576
5627578
5627579
5627580
5627581
5627582
5627583
5627584
5627585
5627586
5627587
5627588
5627592
5627593
5627649
5627651
5627652
5627763
5627775
5627776
5627887
5627909
5627915
5627916
5627917
5627918
5627919
5627920
5627921
5627923
5627924
5627925
5628000
5628003
5628004
5628005
5628007
5628008
5628022
5628436
5628437
5628465
5628523
5628524
5628787
5628905
5628906
5628907
5628908
5628910
5628924
5628925
5628926
5628929
5628930
5628931
5628932
5628933
5628934
5628990
5629000
5629007
5629009
5629010
5629011
5629012
5629127
5629133
5629145
5629148
5629152
5629158
5629163
5629186
5629206
562934
562935
5629872
5629895
5629909
5629932
5629935
5629936
5629978
5630098
5630120
5630235
5630243
5630244
5630245
5630246
5630263
5630264
5630265
5630273
5630277
5630278
5630279
5630283
5630284
5630512
563124
563125
5631443
5631486
5631487
5631494
5631497
5631501
5631505
5631507
5631508
5631514
5631520
5631524
5631528
5631536
5631538
5631541
5631574
5631576
5631578
5631581
5631585
5631586
5631589
5631590
5631591
5631592
5631602
5631609
5632119
5632120
5632165
5632855
5632861
5632921
5632948
5632956
5633304
5633305
5633307
5633308
5633311
5633315
5633316
5633318
5633320
5633321
5633322
5633323
5633432
5633918
5633919
5633920
5633926
5633927
5633932
5633934
5633938
5633942
56341261
5634148
5634149
5634150
5634151
5634152
5634153
5634245
5634248
5634251
5634252
5634261
5634262
5634269
5634270
5634271
5634273
5634274
5634275
5634361
5634709
5634742
5634843
5634845
5634858
5634859
5634969
5635024
5635137
5635141
5635148
5635245
5635246
5635248
5635275
5635276
5635284
5635285
5635286
5635287
5635288
5635289
5635291
5635292
5635312
5635314
5635316
5635318
5635319
5635320
5635323
5635325
5635326
5635327
5635328
5635329
5635330
5635331
5635332
5635338
5635344
5635348
5635352
5635354
5635355
5635358
5635361
5635411
5635497
5635498
563551
5635511
563552
5635675
563583
5636094
5636104
5636106
5636107
5636108
5636113
5636331
5636332
5636602
5636615
5636681
5637853
5637854
5637855
5637856
5637857
5637858
5637859
5637860
5637861
5637862
5637863
5638081
5638082
5638083
5638090
5638096
5638115
5638116
5638117
5638118
5638120
5638125
5638128
563836
5639165
5639170
5639171
5639172
5639254
5639332
5639359
5639670
5639671
5639672
5639676
5639683
5639685
5639686
5639690
5639700
5639702
5639706
5639709
5639712
564
5640780
5640783
5640795
5640798
5640801
5640803
5640806
5640809
5640812
5640818
5640821
5640824
5640825
5643131
5643132
5643185
5643279
5643287
5643818
5643914
5643968
5645543
5645544
5645545
5645550
5645552
5645555
5645558
5645561
5645562
5645563
5645568
5645573
5645576
5645825
5645827
5645829
5645831
564727
5647932
5647933
5647936
5647939
5647942
5647945
5647948
5647950
5647952
5647955
5647958
5647961
5647962
5648001
5648418
5648798
564881
564925
565
5650090
5650095
5650134
5650145
5650154
5650185
5650190
5650195
5650234
5650268
5650273
5650306
5650313
5650318
5650323
5650360
565119
565120
565121
565122
5651750
5651754
5651806
5651877
5652123
565221
565222
565223
5652933
5652937
5652944
5652949
5652954
5652959
5652964
5652968
5652973
5652980
5652987
5652994
5652999
5653004
5653763
5653799
5660002
5660005
5660006
5660013
5660015
5661013
5661023
5661024
5661054
5661057
5661058
5661059
5661060
5661061
5661062
5661063
5661064
5661065
5661066
5661067
5661068
5661069
5661070
5661071
5661072
5661073
5661074
5661075
5661076
5661077
5661078
5661079
5661080
5661081
5661082
5661083
5661084
5661085
5661086
5661087
5661088
5661089
5661090
5661091
5661092
5661093
5661094
5661095
5661096
5661646
5662324
5662327
5662331
5662348
5662351
5662352
5662364
5662365
5662369
5662378
5662379
5662388
5662392
5662393
5662394
5662395
5662396
5662398
5662399
5662400
5662401
5662402
5662429
5662439
5662476
5664702
5664703
5664704
5664930
5666338
5666361
5666371
5666372
5666375
5666498
5666499
5666500
5666501
5666502
5666503
5666504
5666505
5666506
5666507
5666508
5666509
5666510
5666511
5666512
5666513
5666514
5666515
5666516
5666517
5666518
5666519
5666520
5666521
5666522
5666523
5666524
5666902
5667425
56747955
5680054
5680055
5680075
5680076
5680077
5680078
5680079
5680080
5680082
5680083
5680084
5680085
5680086
5680087
5680088
5680089
5680090
5680091
5680092
5680093
5680094
5680096
5680097
5680099
5680101
5680102
5680142
5680144
5680146
5681965
5682038
5682155
5682252
5682297
5682374
5682513
5682584
5682603
5682612
5682613
5682616
5682769
5682831
5682975
5682979
5682981
5683303
5683305
5683644
5684550
5684556
5684694
5684695
5684792
5684878
5684897
5684901
5684977
5686261
5686892
5686947
5686948
5688086
5688088
5688199
5688614
5688639
5689548
569
5690218
5690220
5690221
5690222
5690717
5690726
5691127
57
570
57000050
57000089
57000091
57000095
57000098
57000102
57000104
57000108
57000110
57000112
57000114
57000169
57000247
57000248
57000252
57000253
57000254
57000255
57000257
57000258
57000342
57000765
57000777
57000779
57000780
57000781
57000782
57000783
57000784
57000785
57002781
57002785
57002786
57002787
57002816
57003599
57003600
57003601
57003602
57003618
57007199
57007201
57007492
57007493
57007494
57007495
57007496
57007497
57007499
57007620
57007622
57007623
57007624
57007857
57007917
57007925
57007927
57008664
5700883
5700885
5700886
5700887
5700888
5700889
5700891
5700892
5700894
5700895
5700896
5700898
5700899
5700900
5700902
5700903
5700904
5700905
5700906
5700908
57009156
57009157
57009445
57009449
57009453
57009455
57009606
57009788
57010351
57010400
57010475
57010483
57010631
57010698
57010699
5701131
57014856
57014858
57014860
57014861
57014862
57014867
57014870
57014872
57014874
57014875
57014876
57015191
57015192
57015193
57015194
57015195
57015196
57015197
57015198
57015199
57015200
57015201
57015202
57015209
57015210
57015217
57015218
57015232
57015235
57015312
57015796
5701822
5701823
5701824
57018686
57018687
5701961
57022258
57022261
57022262
57022263
57023719
57023721
57023726
57024432
57024433
57024436
57024442
57026246
57026247
57026300
57026301
57026302
57026307
57026310
57026313
57028500
5702932
5702933
5702934
5702935
5702936
5702937
5702938
5702939
5702940
5702941
5702942
57029767
57029809
57029877
57030511
57030612
57030681
57030686
57030694
57030950
57030984
57030998
57030999
57031000
57031043
57031055
57031061
57031062
57031070
57031078
5703114
5703115
57031150
57031151
57031155
57031156
57031158
57031159
5703116
57031160
5703117
5703118
57031181
5703119
57031199
5703120
57031200
57031212
57031214
57031221
57031238
57031239
57031241
57031242
57031260
57031261
57031262
57031263
57031264
57031309
57031310
57031312
57031326
57031333
57031353
57031363
57031383
57031387
57031389
57031394
57031411
57031420
57031430
57031433
57031434
57031436
57031447
57031470
57031484
57031485
57031517
57031520
57031521
57031557
57031568
57031569
57031573
57031578
57031602
57031613
57031629
57031634
57031660
57031662
57031664
57031665
57031667
57031677
5703168
57031699
57031707
57031708
57031727
57031729
57031730
57031731
57031754
57031764
57031766
57031791
57031803
57031805
57031806
57031819
57031820
57031830
57031846
57031864
57031866
57031875
57031881
57031886
57031920
57031935
57031936
57031937
57032084
57032114
57032115
57032116
57032150
57032151
57032154
57032180
57032198
57032205
57032213
57032214
57032223
57032231
57032232
57032249
57032265
57032269
57032277
57032278
57032279
57032283
57032288
57032289
57032294
57032305
57032306
57032307
57032310
57032311
57032336
57032345
57032372
57032373
57032374
57032378
57032386
57034145
57034146
57034147
57034148
57034149
57034155
57034156
57034158
57034160
5703417
57034186
57034187
57034196
57034210
57034796
57034797
57034804
57034810
57034812
57034822
57035977
57035982
57036012
57036018
57036024
57036170
57036216
57036463
57036465
5704106
5704188
5704189
5704190
5704191
5704192
5704193
5704194
5704195
5704196
5704197
5704198
5704199
5704200
5704201
5704202
5704203
5704204
5704205
5704206
5704207
5704208
5704209
5704210
5704211
5704212
5704223
5704231
5704235
5704236
5704239
5704244
5704247
5704248
5704280
5704281
5704282
5704283
5704284
5704285
57044148
57044153
57044164
57044206
57044255
5704517
57046456
57047936
57048018
57048026
57048072
57048079
57048105
57048144
57048156
57048223
57048269
57048369
57048370
57048390
57048425
57048447
57048456
57048460
57048463
57048467
57048476
57048504
57048509
57048514
57048525
57048527
57048532
57048549
57048551
57048602
57048603
57048609
57048619
57048633
57048636
57048639
57048644
57048645
57048648
57048651
57048654
57048670
57048672
57048673
57048678
57048679
57048681
57048687
57048688
57048689
57048690
57048692
57048694
57048696
57048697
57048699
57048706
57048709
57048710
57048718
57048721
57048723
57048724
57048726
57048727
57048728
57048729
57048730
57049488
57049489
57049831
57049834
57049855
57049859
57049863
57049943
57049945
5704998
57049993
57049994
57049997
57050030
57050034
57050041
57050044
57050047
57050050
57050051
57050068
57050070
57050072
57050084
57050100
57050101
57050106
57050109
57050110
57050111
57050142
57050150
57050163
57050164
57050171
57050174
57050175
57050183
57050184
57050185
57050190
57050198
57050199
57050200
57050211
57050221
57050222
57050223
57050227
57050228
57050229
57050230
57050235
57050236
57050239
57050241
57050249
57050255
57050256
57050266
57050269
57050276
57050284
57050300
57050302
57050303
57050304
57050305
57052933
57053320
57053327
57053335
57053351
57053411
57053414
57053532
57053540
57053547
57053599
57053602
57053605
57053608
57053613
57053615
57053619
57053624
57054960
57055056
5705626
57057193
57057196
57057203
57057205
57057207
57057209
57057211
57057213
57057215
57057217
57057221
57057223
57057225
57057231
57057233
57057235
57057237
57057239
57057241
57057243
57057245
57057247
57057249
57057251
57057253
57057255
57057258
57057260
57057262
57057264
57057266
57057268
57057273
57057276
57057278
57057280
57057282
57057318
57057320
57057326
57057616
57059827
57059828
57059829
57059831
57059832
57059833
57059834
57059835
57059836
57059838
57059840
57059842
57059843
57059845
57059847
57059848
57059851
57061063
57061064
57061065
57061066
57061067
57061069
57061071
57061072
57061073
57061074
57061075
57061076
57061077
57061080
57061082
57061083
57061084
57061089
57061090
57061091
57061092
57061094
57061097
57061099
57061100
57061101
57061106
57061107
57061108
57061112
57061113
57061114
57061115
57061116
57061117
57061123
57061127
57061134
57061138
57061140
57061141
57061142
57061144
57061145
57061146
57061147
57061148
57061150
57061153
57061155
57061157
57061158
57061159
57061160
57061161
57061162
57061163
57061164
57061166
57061168
57061169
57061170
57061171
57061173
57061174
57061175
57061176
57061178
57061179
57061180
57061181
57061183
57061185
57061186
57061187
57061189
57061190
57061191
57061192
57061193
57061194
57061199
57061200
57061201
57061202
57061204
57061205
57061206
57061212
57061214
57061216
57061218
57061219
57061220
57061221
57061224
57061226
57061227
57061228
57061229
57061230
57061232
57061233
57061395
57061396
57062669
57062710
57065134
57065137
57065139
57065145
57065150
57065161
57065176
57065179
57065190
57065199
57065201
57065203
57065205
57065207
57065209
57065211
57065213
57065218
57065220
57065222
57065225
57065235
57065239
57065241
57065243
57065245
57065247
57065250
57065252
57065254
57065257
57065259
57065271
57065277
57065279
57065284
57065292
57065294
57065299
57065302
57065309
57065311
57065313
57065321
57065325
57065327
57065334
57065336
57065338
57065340
57065342
57065345
57065347
57065354
57065356
57065369
57065371
57065373
57065377
57065383
57065385
57065387
57065389
57065391
57065393
57065406
57065421
57065423
57065425
57065427
57065433
57065437
57065439
57065441
57065444
57065452
57065455
57065457
57065461
57065467
57065471
57065473
57065482
57065486
57065488
57065490
57065493
57065495
57065499
57065505
57065507
57065509
57065511
57065513
57065516
57065518
57065525
57065527
57065529
57065531
57065533
57065537
57065573
57065579
57065585
57065587
57065589
57065591
57065594
57065596
57065598
57065600
57065604
57065606
57065610
57065614
57065617
57065619
57065621
57065623
57065625
57065627
57065629
57065631
57065635
57065637
57065639
57065641
57065643
57065645
57065649
57065651
57065657
57066351
57066487
57066533
57066542
57066548
57066550
57066582
57066585
57066631
57066677
57066683
57066696
57066698
57066700
57066724
57066725
57066730
57066732
57066735
57068864
57068873
57068880
57068884
57068886
57068890
57068894
57068896
57068905
57068907
57068911
57068914
57068916
57068919
57068922
57068925
57068929
57068931
57068934
57068937
57068940
57068969
57069052
57069118
57069157
57069247
57069271
57069352
57069355
57069358
57069361
57069363
57069368
57069371
57069377
57069379
57069387
57069389
57069391
57069452
57071555
57071559
57071584
57071593
57071596
57071625
57071627
57071638
57071640
57071642
57071650
57071663
57071671
57071677
57071680
57071683
57071690
57071695
57071704
57071708
57071720
57071722
57071724
57071727
57071730
57071750
57071753
57071755
57071769
57071771
57071783
57071785
57071787
57071789
57071805
57071807
57071809
57071811
57071815
57071817
57071819
57071823
57071825
57071917
57071921
57071924
57071926
57071933
57071935
57071938
57071946
57071961
57071970
57071979
57071995
57072008
57072027
57072039
57072041
57072043
57072045
57072052
57072054
57072056
57072060
57072062
57072091
57072093
57072119
57072123
57072125
57072129
57072147
57072149
57072151
57072153
57072155
57072157
57072159
57072161
57072163
57072165
57072167
57072169
57072172
57072286
57072288
57072305
57072308
57072314
57072316
57072320
57072329
57072332
57072335
57072341
57072344
57072347
57072351
57072372
57072374
57072376
57072378
57072387
57072389
57072391
57072393
57072432
57072438
57072442
57072450
57072452
57072458
57072475
57072479
57072481
57072483
57072487
57072489
57072491
57072495
57072504
57072518
57072520
57072522
57072524
57072526
57072559
57072561
57072563
57072569
57072575
57073561
57075245
57075247
57075260
57075262
57075264
57075274
57075278
57075280
57075288
57075294
57075296
57075298
5707530
5707531
57076739
57076741
57076743
57076745
57076749
57076751
57076753
57076759
57076761
57076763
57076765
57076767
57076769
57076771
57076773
57076775
57076777
57076779
57076781
57076783
57076785
57076787
57076790
57076792
57076830
57076834
57076837
57076839
57076841
57076843
57076847
57076849
57076853
57076855
57076860
57076865
57076867
57076870
57076872
57076876
57076878
57076880
57077249
57078952
57078953
57080093
57080147
57080185
57080206
57080215
57080439
57080443
57080719
57080814
57080816
57080824
57080965
57081026
57081117
57081224
57081330
5708135
5708139
5708150
57081685
5708213
57082714
57082716
57082718
57082720
5708355
5708356
57084230
57084234
57084237
57084239
57084242
57084244
57086172
57086179
57086204
57086261
57086276
57086288
57086294
57086344
57086355
57086421
57086423
57086427
57086429
57086435
57086437
57086441
57086445
57086449
57086451
57086459
57086461
57086463
57086465
57086489
57086491
57086494
57086499
57086505
57086507
57086509
57086511
57086514
57086529
57086531
57086533
57086559
57086568
57086570
57086572
57086574
57086577
57086579
57086581
57086583
57086586
57086615
57087981
57088032
57088037
57088047
57088202
57088209
57088273
57088286
57088289
57088291
57088293
57088295
57088306
57088308
57088310
5709002
5709008
57092376
57096494
57099059
57099588
57099588alt
57099945
57099949
57099954
57099958
57100093
57100553
57100554
57100557
57100617
57100619
57100621
57102772
57102777
57102876
57102888
57102895
57102896
57102900
57102903
57102904
57102906
57102928
57102929
57104895
57105120
57105124
57105161
57105164
57105474
57105485
57105536
57106074
57106084
57106087
57106090
57106093
57106100
57106130
57106196
57106285
57107563
57107681
57107684
57107693
57107697
57107702
57107712
57107714
57107718
57107722
57107725
57107729
57107731
57107738
57107741
57107747
57107749
57107756
57107760
57107762
5710844
5710867
57109400
57109799
57109868
57109947
57109948
57110166
57110198
57110202
57110206
57110210
57110212
57110218
57110225
57110235
57110237
57110239
57110260
57110268
57110276
57110277
57110278
57110288
57110289
57110290
57110299
57110301
57110314
57110323
57110325
57110331
57110335
57110352
57110354
57110356
57110361
57110367
57110369
57110371
57110375
57110389
5711057
57110819
57110820
57110823
57111101
57113263
57113264
57113277
57113278
57113409
57113482
57113519
57113687
57113692
57113756
57113776
57113783
57113824
57113839
57113840
57113844
57113852
57113900
57114033
57114034
57114211
57114215
57114217
57114219
57114221
57114223
57114225
5711541
5711543
57115576
57115652
57115741
57115875
57115881
57115980
57115983
57116012
57116055
57116083
57116089
57116091
57116095
57116097
57116099
57117613
57117617
57117675
57117707
57117708
57117712
57117713
57117714
57117718
57117725
57117727
57117733
57117735
57117738
57117739
57117747
57117759
57117761
57117763
57117765
57117767
57117769
57117773
57117779
57117782
57117785
57117814
57117817
57117818
57117819
57117820
57118378
57118379
57118682
57119008
57119436
57119446
57119726
57119823
57119850
57119853
57119859
57120205
57120208
57120210
57120307
57120339
57120345
57121530
57121583
57121720
57121774
57121813
57121835
57121871
57121873
57121930
57121941
57121943
57121961
57121993
57121995
57121997
57121999
57122001
57122003
57122007
57122009
57122011
57122015
57122017
57122027
57124072
57125972
57125995
57126168
57126697
57126822
57127051
57127054
57127056
57127068
57127288
57127290
57127292
57127294
57127411
57127415
57127417
57127421
57127425
57127505
57127507
57129082
57129123
57129838
57129875
57129914
57129923
57129928
57129934
57129936
57129940
57131182
57131211
57131217
57131289
57132088
57132740
57133508
57133509
57133511
57133526
57133528
57133529
57133704
57133747
57135405
57135990
57139475
57141885
57141886
57141891
57141891alt
57141891alt1
57141893
57142003
57142084
57142085
57142105
57142132
57142144
57142151
57142162
57142845
57142860
57142861
57142864
57142865
57142866
57142870
57142871
57142874
57142880
57142882
57142884
57142886
57142889
57142891
57142893
57142895
57142897
57142899
57142901
57142903
57142905
57142907
57142912
57142914
57142924
57142933
57142935
57142937
57142941
57142945
57142947
57142951
57142953
57142955
57142959
57142963
57142965
57142971
57142975
57142979
57142981
57142987
57142991
57142993
57142997
57142999
57143001
57143003
57143011
57143025
57143027
57143029
57143031
57143033
57143035
57143037
57143039
57143041
57143043
57143049
57143051
57143055
57143057
57143059
57143061
57143063
57143067
57143069
57143071
57143073
57143075
57143081
57143083
57143102
57143104
57143108
57145021
57150853
57150935
57150936
57151032
57151105
57151160
57151376
57152027
57152104
57152150
57152989
57153289
57153495
57153790
57153853
57153918
57153920
57153921
57153952
57154110
57154111
57154112
57154113
57154132
57154235
57154236
57154432
57154433
57154435
57154436
57154460
57154481
57154482
57155187
57155347
57155348
57155349
57155360
57155361
57155680
57155760
57155761
57155840
57155841
57155842
57155843
57155844
57155845
57155846
57155990
57155991
57156430
57156431
57156894
57156895
57156896
57156897
57159066
57159067
57159169
57159170
57159171
57159172
57159173
57159174
57159175
57159176
57159178
57159179
57159181
57159182
57159183
57159184
57159232
57159233
57159234
57159236
57159488
57159489
57159490
57159498
57159499
57159500
57159516
57159519
57159520
57159521
57159525
57159526
57159527
57161240
57161623
57161631
57161637
57161640
57161652
57161653
57161656
57161657
57161660
57161661
57161663
57161665
57161672
57161675
57161678
57161680
57161682
57161683
57161684
57161685
57161688
57161691
57161693
57161700
57161702
57161704
57161856
57161868
57167480
57167681
57167683
57168347
57169114
57169128
57169223
57169592
57169868
57170797
57170881
57170885
57171059
57171065
57171160
57171163
57171290
57171303
57171308
57171574
57171579
57171586
57171642
57171732
57171735
57172096
57172144
57172147
57172171
57172178
57172182
57172188
57172197
57172201
57172204
57172207
57172210
57172388
57172393
57172398
57172626
57172791
57172796
57172818
57172823
57172837
57172867
57172904
57172968
57172973
57172976
57172981
57173175
57173180
57174048
57174110
57174115
57174325
57174328
57174330
57174332
57174333
57174334
57174335
57174336
57174340
57174345
57174375
57174505
57174510
57174519
57174838
57174931
57174956
57175026
57175068
57175106
57175127
57175135
57175153
57175263
57175287
57175292
57175323
57175353
57175414
57175434
57175454
57175562
57175600
57175605
57175611
57175636
57175644
57175649
57175694
57175725
57175747
57175755
57175775
57181539
57182045
57187798
57187799
57188097
57188098
57188099
57188318
57188319
57188320
57188321
57188333
57188334
57188335
57188337
57188349
57188350
57188383
57188405
57189540
57189663
57189664
57189667
57189760
57189761
57189772
57189774
57189775
57189776
57189778
57189800
57189801
57189812
57189813
57189814
57189815
57189817
57189839
57189914
57189921
57190060
57190062
57190089
57190299
57190300
57190323
57190459
57190464
57190748
57190750
57190751
57190752
57190753
57190790
57190794
57190796
57190797
57190800
57191002
57191003
57191011
57191012
57191013
57191014
57191015
57191016
57191017
57191018
57191022
57191023
57191024
57191025
57191026
57191027
57191028
57191029
57191030
57191032
57191033
57191035
57191036
57191038
57191039
57191041
572
5720002
57207224
57207388
57207468
57207505
57207668
57207780
57208093
57208103
57208115
57208120
57208240
57208364
57208365
57209035
57209036
57209994
57209995
57210019
57210066
57210315
57211563
57211564
57211565
57211566
57211569
57211570
57211571
57211602
57211603
57211604
57211605
57211606
57211607
57211608
57211610
57211614
57211618
57211620
57211621
57211622
57211623
57211639
57211640
57211641
57211643
57211644
57211645
57211646
57211647
57211650
57211651
57211654
57211655
57211656
57211659
57211660
57211661
57211662
57211663
57211664
57211666
57211667
57211668
57211669
57211670
57211671
57211672
57211673
57211674
57211675
57211676
57211677
57211766
57211823
5723320
5723562
5723564
5723568
5723645
5723682
5723683
5723684
5723685
5723686
5723688
5723693
5723694
5723695
5723696
5723697
5723699
5723700
5723701
5723908
5723910
5723913
5724404
5724406
5724407
5724408
5724409
5724410
5724717
5724876
5724946
5724967
5725038
5725043
5725044
5725045
5725046
5725047
5725048
5725049
5725050
5725051
5725052
5725053
5725054
5725055
5725056
5725057
5725058
5725059
5725060
5725061
5725062
5725063
5725064
5725065
5725066
5725067
5725068
5725069
5725070
5725071
5725072
5725073
5725074
5725175
5725176
5725227
5725229
5725230
5725242
5725323
5725717
5725721
5725722
5726058
5726212
5726214
5727073
5727116
5727144
5727240
5727241
5727242
5727243
5727244
5727245
5727248
5727249
5727250
5727251
5727252
5727253
5727254
5727255
5727256
5727257
5727258
5727259
5727260
5727261
5727262
5727263
5727264
5727265
5727266
5727267
5727269
5727270
5727272
5727274
5727275
5727276
5727277
5727278
5727279
5727324
572945
573
5732690
5740111
5740564
5740583
5740603
5740619
5740639
5740640
5740642
5740643
5740644
5740645
5740647
5740648
5740686
5740714
5740722
5740764
5740780
5740785
5740813
5740827
5740900
5741146
5741177
5741288
5741309
5741601
5741998
5742023
5742026
5742029
5742033
5742036
5742039
5742144
5742473
5742611
5742700
5742716
5742720
5742776
5742947
5742970
5742971
5742973
5742976
5742980
5742983
5742987
5742989
5742990
5742993
5742995
5742998
5743000
5743003
5743007
5743287
5743447
5743449
5743451
5743459
5743461
5743463
5743586
5743735
5743769
5743879
5743968
5743972
5743975
5743977
5743980
5743983
5743985
5743987
5744023
5744223
5744333
5744569
5744631
5744698
5744723
5744800
5744803
5744806
5744809
5744811
5744816
5744818
5744821
5744823
5744825
5744827
5744830
5744873
5745023
5745025
5745028
5745031
5745130
5745180
5745188
5745213
5745369
5745376
5745392
5745713
5745719
5745871
5745902
5745944
5746044
5746102
5746189
5746205
5746212
5746313
5746325
5746397
5746400
5746476
5746575
5746579
5746583
5746625
5746626
5746627
5746628
5746629
5746630
5746631
5746632
5746633
5746635
5746639
5746655
5746656
5746657
5746828
5746839
5747123
5747163
5747165
5747170
5747173
5747180
5747354
5747367
5747409
5747577
5747642
5747644
5747678
5747796
5747809
5747815
5747921
5747923
5747925
5747977
5748006
5748010
5748058
5748066
5748087
5748107
5748220
5748787
5749011
5749014
5749334
5749614
5749908
5750030
5750033
5750034
5750081
5750139
5751140
5751336
5751348
5751429
5751440
5751524
5751604
5752015
5752055
5752236
5752243
5752418
5752436
5753142
5753149
5753190
5753197
5753204
5753703
5753753
5753804
5753807
5753810
5753843
5753846
5753848
5753873
5753936
5753940
5753943
5753946
5753950
5753953
5753995
5754018
5754056
5754061
5754065
5754094
5754134
5754159
5754183
5754194
5754208
5754220
5754225
5754232
5754237
5754360
5754374
5754422
5754426
5754480
5754719
5754723
5754965
5755114
5755117
5755120
5755123
5755126
5755128
5755129
5755130
5755132
5755136
5755138
5755141
5755142
5755144
5755145
5755148
5755151
5755154
5755181
5755204
5755231
5756095
5756108
5756169
5756187
5756197
5756200
5756204
5756207
5756211
5756214
5756216
5756222
5756224
5756753
5756755
5756831
5756834
5756960
5756963
5756966
5756970
5756973
5757090
5757214
5757320
5759481
5759650
5759953
5760530
5760772
5761269
5762940
5762943
5764046
5764288
5764291
5764490
5764711
5764785
5764952
5765235
5765263
5765432
5765676
5766132
5766195
5766199
5766280
5766940
5770071
5770077
5770162
5770171
5773564
5773689
5773701
5773752
5773808
5773996
5774104
5774562
5774572
5774636
5774738
5774778
5774914
5775196
5775519
5775529
5775575
5775858
5777046
5777047
5777049
5777050
5777051
5777052
5777053
5777054
5777055
5777056
5777057
5777058
5777059
5777060
5777061
5777062
5777064
5777065
5779224
5779361
5779439
5779615
5779637
5779648
5779732
5779788
5779886
5779971
578
5780367
5780388
5780526
5780640
5781124
5781205
5781295
5781307
5785608
5785812
5787030
5787426
5787463
5787658
5787858
5787881
5787951
5788178
5788446
5788452
5788461
5788467
5790137
5790596
5790732
5790940
5790943
5792432
5792542
5792569
5792970
5794430
5794500
5795826
5798267
5798269
58
580
58001250
58001661
58001776
58001891
58001963
58002277
58002330
58002443
58002717
58002771
58002789
58002809
58002823
58002847
58002860
58002890
58002919
58002974
58002983
58002990
58002999
58003007
58003019
58003109
58003114
58003117
58003121
58003498
58003508
58003641
58003650
58003655
58003661
58003672
58003678
58003683
58003688
58003695
58003702
58005800
58007221
58007262
58007288
58007289
58007323
58007324
58007325
58007327
58007330
58007332
58007333
58007435
58007757
58007795
58007796
58008057
58009467
58009557
58009580
58010210
58010622
58010995
58011250
58011280
58011309
58011449
58011739
58011782
58012104
58012776
58014243
58014255
58014340
58014675
58014678
58014693
58014698
58014701
58014705
58014711
58014717
58015045
58017583
58020368
58020494
58021311
58021397
58021474
58021540
58022123
58022126
58022130
58022724
58022728
58022736
58022739
58022742
58022745
58022748
58022752
58022758
58022763
58022769
58022772
58022779
58022896
58022924
58023238
58023285
58023315
58023431
58023523
58023530
58023542
58023565
58023736
58023744
58023761
58028602
58029059
58029064
58029065
58030632
58030714
58031021
58032205
58034781
58034825
58034826
58034871
58034876
58034881
58034882
58034894
58034897
58034900
58034904
58034934
58034937
58034939
58034947
58034955
58034958
58034961
58034964
58034967
58034970
58034973
58034976
58034980
58034984
58034988
58034993
58034996
58035012
58035018
58035028
58035034
58035043
58035122
58035140
58035146
58035152
58035158
58035168
58035848
58035879
58035883
58040813
58044761
58044869
58044871
58044880
58045332
58045763
58046461
58046463
58046464
58046465
58046466
58046467
58046470
58046472
58046474
58046476
58046582
58046583
58046584
58046585
58046588
58046590
58046618
58046619
58046620
58048386
58049857
58049858
58050700
58050949
58050953
58050956
58051343
58052123
58052720
58053533
58055623
58055624
58055628
58056392
58057322
58057948
58057954
58057962
58057964
58058016
58058041
58058214
58059763
58059764
58059771
58059772
58059774
58059775
58059776
58059778
58059779
58059780
58059791
58059792
58059794
58059833
58059836
58059839
58059862
58060396
58060398
58060465
58060466
58060468
58060469
58060470
58060740
58060761
58060762
58060764
58062105
58062106
58062107
58062108
58062109
58062111
58062112
58062113
58062114
58062551
58063944
58063946
58064627
58066344
58066512
58066665
58066675
58066846
58069145
58069273
58070420
58070508
58070511
58070515
58070521
58070535
58070542
58070547
58070613
58070655
58070664
58070671
58070674
58070678
58070683
58070685
58070690
58070691
58070692
58070693
58070694
58070695
58070696
58070697
58070698
58070706
58070707
58070712
58070716
58070720
58070750
58072702
58074844
58074845
58074875
58074880
58090923
58090927
58090944
58090945
58090947
58090950
58090951
58090952
58091250
58091950
58091968
58091975
58091979
58091983
58094470
58097248
58097264
58097265
58097266
58097267
58097477
58097497
58097498
58097499
58098003
581
58101284
58102216
58102750
58102758
58102962
58103032
58103274
58103950
58103951
58104117
58104829
58106902
58106919
58106920
58106944
58106947
58106948
58106954
58106955
58106957
58107709
58108337
58112764
58113091
58113127
58113425
58116408
58116653
58116654
58116657
58116805
58116812
58116826
58116827
58116835
58116921
58116926
58116986
58116993
58117053
58117077
58117195
58117206
58117490
58117493
58117527
58118562
58118596
58122507
58125636
58126741
58126743
58126751
58126752
58126754
58126755
58126756
58126757
58126758
58126759
58126760
58126761
58126762
58126843
58126845
58126949
58126950
58127493
58128142
58128501
58129518
58131879
58131987
58132016
58132038
58135138
58135139
58135140
58135166
58135167
58135168
58135169
58135170
58135171
58135202
58135207
58135242
58135248
58135249
58135256
58135257
58135258
58135305
58135339
58135340
58137490
58137492
58137496
58137497
58137861
58139968
58139997
58139998
58141031
58142115
58142117
58145316
58145324
58145327
58145328
58145329
58145338
58145347
58145348
58145370
58145388
58145389
58145753
58145944
58148224
58148228
58149576
58150539
58150731
58151454
58151662
58151665
58153527
58153528
58153529
58153555
58153558
58153561
58153584
58153585
58153586
58153593
58153594
58153601
58153602
58153603
58153604
58153605
58155659
58155660
58157588
58158720
58197492
585
587
588
589
59
590
59000776
59000785
59000792
59000797
59000806
59001434
59001468
59001469
59001470
59001647
59001858
59002144
59002526
59002694
59003880
59004213
59004365
59004389
59004480
59004481
59004482
59005063
59005066
59005068
59005069
59005310
59005549
59005573
59005741
59005742
59005744
59005753
59005771
59005777
59005779
59005795
59005827
59005853
59005903
59005964
59006203
59006206
59006207
59006209
59006211
59006212
59006213
59006214
59006515
59006532
59006536
59006564
59006572
59006705
59006715
59006754
59006765
59006769
59006770
59006771
59006788
59006799
59006800
59006801
59006802
59006803
59006804
59006805
59006806
59006825
59006827
59006872
59006963
59006965
59006967
59006970
59006973
59006974
59006976
59006978
59006980
59006983
59006984
59006986
59006988
59006990
59007552
59007554
59007558
59007561
59007565
59007567
59007579
59007581
59007587
59007590
59007593
59007612
59007629
59007630
59007631
59007632
59007633
59007637
59007638
59007639
59007640
59007641
59007642
59007643
59007650
59007651
59007658
59007665
59007669
59007693
59007696
59007710
59007720
59007803
59007873
59007874
59007875
59007876
59007877
59007879
59007880
59007882
59007883
59007886
59007887
59007889
59007890
59007892
59007959
59007961
59007967
59007978
59007979
59007995
59008000
59008012
59008014
59008065
59008072
59008077
59008079
59008081
59008083
59008114
59008116
59008118
59008119
59008120
59008121
59008138
59008148
59008150
59008167
59008168
59008170
59008177
59008188
59008190
59008206
59008221
59008230
59008235
59008261
59008268
59008270
59008272
59008274
59008275
59008286
59008288
59008295
59008296
59008318
59008321
59008323
59008330
59008334
59008335
59008336
59008337
59008338
59008363
59008367
59008368
59008369
59008370
59008371
59008374
59008406
59008422
59008423
59008424
59008425
59008426
59008427
59008470
59008480
59008481
59008482
59008483
59008495
59008496
59008497
59008498
59008500
59008529
59008532
59008533
59008561
59008562
59008564
59008635
59008641
59008667
59008669
59008688
59008690
59008693
59008696
59008700
59008718
59008748
59008753
59008756
59008758
59008762
59008764
59008768
59008769
59008770
59008784
59008820
59008846
59008849
59008857
59008858
59008861
59008869
59008923
59008924
59008925
59008983
59008984
59009002
59009016
59009017
59009050
59009052
59009072
59009073
59009074
59009089
59009107
59009109
59009110
59009150
59009151
59009152
59009201
59009219
59009256
59009257
59009259
59009261
59009262
59009263
59009264
59009266
59009267
59009269
59009292
59009295
59009296
59009299
59009300
59009301
59009305
59009345
59009347
59009348
59009369
59009404
59009406
59009407
59009423
59009467
59009470
59009488
59009546
59009547
59009592
59009613
59009633
59009702
59009709
59009740
59009743
59010540
59010819
59012342
59012343
59012344
59012373
59013322
59013323
59013324
59013325
59013326
59013327
59013328
59013330
59016016
59016017
59016018
59016019
59016020
59016021
59016022
59016023
59016025
59016163
59016180
59016215
59016221
59016225
59016233
59016234
59016252
59016283
59016284
59016295
59016296
59016298
59016315
59016316
59016317
59016318
59016320
59016323
59016347
59016348
59016383
59016386
59016387
59016442
59016493
59016513
59016533
59016534
59016562
59016576
59016628
59016649
59016900
59016973
59017001
59017051
59017052
59017084
59017086
59017096
59017098
59017104
59017123
59017138
59017153
59017154
59017164
59017165
59017189
59017191
59017213
59017214
59017229
59017230
59017233
59017254
59017255
59017256
59017257
59017258
59017312
59017324
59017339
59017359
59017360
59017362
59017368
59017370
59017371
59017372
59017373
59017412
59017462
59017484
59017492
59017545
59017559
59017654
59017659
59017670
59017686
59017715
59017716
59017717
59017749
59017750
59019484
59020328
59020329
59020330
59020332
59020334
59020335
59020336
59020337
59020339
59020341
59020343
59020355
59020382
59020383
59020384
59020385
59020386
59020463
59020464
59020465
59020466
59020469
59020471
59020472
59020474
59020475
59020476
59020477
59020478
59020482
59020484
59020486
59020835
59022081
59022144
590225932
59022734
59022773
59023048
59023960
59023979
59025304
59025392
59025467
59025468
59025469
59025471
59025472
59025484
59025577
59025579
59025635
59025931
59025932
59026667
59026668
59028582
59028583
59028701
59028703
59028704
59028960
59028966
59028972
59028975
59028978
59028980
59028986
59028987
59028988
59028989
59028990
59028991
59029097
59029467
59029468
59029474
59029987
59029988
59029999
59030000
59030001
59030003
59030517
59030518
59030519
59030521
59030524
59030525
59030528
59030530
59030531
59030533
59031412
59031805
59031812
59031818
59031819
59031993
59032044
59032058
59032235
59032237
59033512
59034250
59034257
59034357
59035607
59035608
59036065
59036075
59036086
59036087
59036105
59036106
59036107
59036121
59036122
59036130
59036135
59036136
59036137
59036140
59036296
59036309
59036310
59036311
59036312
59036371
59036372
59036920
59037470
59037472
59037600
59037601
59037602
59038406
59038408
59038409
59038410
59038411
59038412
59038990
59038991
59039533
59039534
59039551
59039552
59039578
59039598
59039662
59041004
59041139
59041155
59041164
59042324
59042375
59044208
59044210
59045405
59045406
59045658
59045659
59045660
59045662
59045663
59045664
59045665
59045666
59047470
59048379
59059077
59059079
59059080
59059081
59059083
59059085
59059086
59059088
59059089
59059107
59059108
59059110
59059112
59059911
59059912
59059967
59059971
59060025
59060126
59060128
59062762
59063142
59063143
59063168
59063169
59063170
59063245
59065002
59065003
59066264
59066747
59066817
59066820
59066823
59066824
59069903
59069905
59069906
59069907
59069908
59069909
59069911
59069915
59069916
59070479
59070930
59070932
59071370
59071576
59071603
59073068
59073316
59073323
59073324
59073325
59073326
59073954
59073990
59073991
59074490
59076506
59076507
59076508
59076509
59076510
59076511
59076513
59076516
59076520
59076522
59076524
59077104
59077106
59077134
59077135
59077136
59090342
59091534
59091634
59091637
59091639
59091640
59091642
59091644
59091953
59091954
59091956
59091957
59091958
59091959
59091960
59091979
59091980
59092337
59092338
59092339
59092340
59092341
59092503
59092504
59092505
59092519
59093230
59093263
59093266
59093268
59093270
59093273
59093274
59093386
59093397
59093532
59093554
59093650
59093654
59093655
59093663
59093720
59093729
59093732
59093783
59093825
59093826
59093833
59093857
59093860
59093872
59093875
59093877
59093941
59094057
59094373
59094438
59094439
59094440
59094441
59094442
59094443
59094445
59094446
59094447
59094451
59094452
59094453
59094455
59094456
59094461
59094463
59094466
59094468
59094469
59094472
59094474
59094475
59094476
59094479
59094481
59094482
59094483
59094484
59094487
59094489
59094490
59094493
59094496
59094497
59094498
59094500
59094501
59094502
59094503
59094504
59094505
59094694
59094696
59094697
59094698
59094792
59095005
59095192
59095833
59095834
59095837
59095840
59095841
59095842
59095844
59095845
59095846
59095847
59095848
59095849
59095850
59095852
59095853
59095855
59095856
59095857
59095858
59095859
59095888
591
59104405
59104416
59104421
59104422
59107208
59107210
59107213
59107215
59107302
59107303
59107304
59107306
59107308
59107310
59107311
59107312
59107313
59107314
59107315
59107316
59107318
59107319
59107320
59107321
59107322
59107324
59107325
59107328
59107329
59107330
59107331
59107334
59107335
59107348
59107435
59107436
59107437
59107439
59107440
59107447
59107449
59107450
59107453
59107454
59107456
59107457
59107458
59107834
59107885
59107886
59107889
59107893
59107894
59107895
59107897
59107900
59107903
59107904
59107906
59107907
59107908
59107909
59107910
59107911
59107912
59107913
59107924
59108903
59108904
59108905
59108907
59108908
59108909
59108912
59108917
59108921
59108925
59109262
59109406
59109724
59109726
59109727
59109728
59109729
59109735
59109740
59109747
59109748
59109750
59109751
59109752
59109753
59109764
59109767
59109772
59109775
59109777
59109783
59109786
59109796
59109799
59109805
59109813
59109822
59109824
59109834
59109837
59109842
59109844
59109850
59109855
59109856
59109857
59110026
59110028
59110029
59110033
59110034
59110035
59110445
59112989
59113117
59113118
59113505
59114257
59114258
59114387
59114388
59114389
59114391
59114392
59114393
59114397
59114399
59114641
59114643
59114644
59114645
59114816
59114848
59115595
59116833
59117196
59117818
59118670
59118717
59118720
59118725
59118735
59118738
59118745
59118746
59118747
59118749
59118750
59118752
59118773
59118778
59118784
59118789
59118790
59118792
59118801
59118802
59118803
59118804
59118824
59118825
59118833
59118834
59118840
59118841
59119577
59121249
59121254
59121255
59121256
59121257
59121268
59121269
59121270
59121272
59121273
59121274
59121276
59121279
59121290
59121311
59122859
59122860
59123212
59123214
59123215
59123216
59123273
59123312
59123325
59125105
59125107
59125492
59125870
59126483
59126508
59126509
59126510
59126511
59126512
59126516
59126517
59127316
59127526
59127607
59127608
59127685
59127750
59127795
59127894
59128136
59128138
59128141
59128142
59128143
59128144
59128148
59128149
59128150
59128181
59128187
59128189
59128219
59128220
59128254
59128355
59128359
59128431
59128432
59128433
59128434
59128435
59128436
59128437
59128456
59128457
59128458
59128459
59128460
59128585
59128586
59128587
59128782
59128783
59128806
59128817
59128827
59128834
59128881
59128882
59128926
59128960
59128976
59129022
59129028
59129213
59129653
59129670
59129978
59130014
59130157
59130158
59130159
59130162
59130163
59130165
59130168
59130171
59130176
59130182
59130185
59130189
59130195
59130200
59130202
59130207
59130211
59130212
59130748
59130750
59130752
59130753
59130755
59130759
59131596
59131731
59131732
59131733
59131734
59131735
59131736
59131737
59131738
59131739
59131740
59131741
59131742
59131743
59133950
59133951
59133953
59133955
59133966
59134927
59135010
59135012
59135013
59135016
59135018
59135019
59135020
59135021
59135022
59135023
59135027
59135028
59135029
59135030
59135032
59135033
59135034
59135036
59135042
59135043
59135044
59135045
59135046
59135047
59135048
59135069
59135071
59135072
59136074
59136077
59136078
59136292
59136469
59136564
59136569
59136622
59137178
59138247
59143703
59143706
59143711
59143713
59143715
59143717
59143732
59143733
59143734
59143735
59143736
59143737
59143740
59143741
59143742
59143743
59143744
59144146
59144810
59144812
59144814
59144815
59144816
59144817
59144818
59144819
59144820
59144821
59145349
59145772
59145774
59145776
59146093
59147817
59147824
59148373
592
593
594
595
596
597
598
599
60
600
6000000
6000001
6000003
6000004
6000005
6000006
6000009
6000010
6000011
6000012
6000013
6000021
6000023
60002170
60008237
60008238
60008555
60009347
60021239
60021565
60021686
6002202
6002204
6002206
6002208
60022739
60022755
6002358
6002362
6002364
6002366
60023689
6002371
6002373
6002375
6002377
6002417
6002427
6002479
6002495
6002499
6002501
6002503
6002505
6002507
6002510
6002512
6002513
6002519
6002530
6002532
6002535
6002538
6002540
6002544
6002548
6002550
6002553
6002556
6002578
6002581
6002586
6002590
6002592
6002594
6002598
6002600
6002627
6002634
6002636
6002638
6003008
60032178
6003329
601
602
603
604
605
606
607
608
609
61
610
6100016
6100024
6100063
6100064
6100065
6100066
6100067
6100080
6100165
6100166
6100208
6100223
61002913
61002956
61003937
61006696
61006697
61006756
6100718
61013076
61014159
610158
61016129
61016130
61016131
61016132
61016133
61016134
61016135
61016136
61021817
61021819
61021821
61024203
61024204
61024205
61024207
61024210
61024211
610261
61026120
61026122
61026124
61026138
61026934
61026935
61026936
61026938
61026946
61026947
610277
610303
610322
61037769
610399
610402
610409
610415
610422
610427
61044146
61044147
61044148
61044149
61044150
61044151
61044152
61044153
61044154
61044155
61044156
61044157
61044158
61044159
61044160
61044161
61044162
61044163
61044164
61044165
61044166
61044167
61044168
61044169
61044170
61044171
61044172
61044173
61044174
61044175
61044176
61044177
61044178
61044179
61044180
61044181
61044182
61044183
61044550
61044553
61044686
61044694
61044714
610448
61045166
61045167
61045168
61045169
61045170
61045173
61045174
61045175
610456
610475
610501
610510
610515
610529
610574
61058073
61058074
61058075
61058076
61058077
61058079
61058080
61058081
61058082
61058083
61058084
61058085
61058086
61058087
61058088
61058089
61058090
61058091
61058092
61058093
61058094
61058097
61058099
61058100
61058102
61058103
61058104
61058105
61058106
61058107
61058108
61058109
61058110
61058111
61058112
61058114
61058116
61058117
61058118
61058119
61058121
61058123
61058252
61058255
61058283
61058284
61058285
61058286
61058292
61058293
61058294
61058295
61058296
61058297
61058421
61058429
61058430
61058431
61058432
61058433
61058434
61058435
61058436
61058437
61058438
61058439
61058440
610588
61063393
610634
61063604
610653
61065994
61065995
610688
61069263
610698
61072173
61072174
61072175
61072176
61072177
61073479
61073480
610750
610779
61078783
610789
61080610
61080611
610812
610831
61085107
61085109
61085110
61085112
61085673
610858
61088725
61094538
61098160
610984
610986
611
611009
611010
611011
611012
611038
611039
611040
611041
611042
611219
611220
611221
611372
611417
611418
611419
611420
611421
611422
611423
611424
611425
611426
611428
611485
611585
611596
611637
612
612216
612217
612223
612288
612291
612297
612349
612463
612469
612504
612511
612529
612576
613
613027
613656
613670
613709
613711
613828
613835
614
614172
614174
614177
614179
614181
614184
614325
614371
614519
614789
614990
615
615291
615319
615323
615331
615400
615698
615714
615718
615721
615728
615732
615735
615770
615771
615772
615773
615774
615775
615776
615788
615937
616
616009
616019
616263
616291
616313
616322
616323
616324
616325
616326
616327
616328
616329
616330
616332
616333
616334
616335
616336
616337
616338
616339
616340
616341
616342
616352
616447
616448
616449
616450
616451
616460
616473
616474
616475
616483
616544
616690
616711
616773
616840
616875
616962
617
617632
618
618177
618316
618370
618372
618378
618455
618579
618618
618622
618636
618644
618645
618962
618963
618965
618973
618981
619
619060
619064
619076
619082
619095
619144
619163
619266
619803
619816
619830
619879
619934
62
620
62000801
62000806
62001054
62001063
62001113
62001351
62001891
62001965
62001981
62002101
62002106
62002111
62002599
62003110
62003400
62003402
62003404
62003408
62004074
62004075
62004076
62004077
62004078
62007930
6201025
62010351
6201119
62011758
62013006
62013200
62013205
62013209
62013214
62013423
62013734
62014295
62014332
6201448
62014845
62014877
6201529
62015715
62015720
62015803
62015809
62015815
62015821
62015827
62015833
62015838
6201599
6201601
6201728
6201825
6201838
6201839
6201840
6201841
6201842
6201843
6201844
6201845
6201846
62021918
62021991
62022006
62022170
62022338
62022462
62024316
62024318
62024321
62024347
62024352
62026628
62026769
62026926
62027152
620276
62028372
62028481
62028862
62028867
62028872
62028877
62028882
62028921
62030404
62030410
62031841
62031842
62038353
62038498
62038507
62039270
62039280
62039286
62039489
62039495
62042377
62043098
62043318
62043341
62046525
62046533
62046539
62046967
62047197
62047304
62052403
62052574
62053977
62054256
62054334
62054761
62054772
62054791
62054977
62056170
62056185
62056363
62058708
62060332
62063172
62069465
62069795
62071053
62071057
62071065
62071090
62071092
62071129
62071709
62072526
62072898
62075539
62075548
62075558
62075568
62075577
62075582
62075588
62075593
62077196
62078385
62079503
62079531
62079613
62079674
62080675
62080926
62080937
62083392
620834
620837
62083928
62084620
62085126
62085128
62085355
620877
620901
620902
620905
620906
620911
620912
62091775
62091970
62092001
620924
620925
62092627
62092688
62092751
620928
62092898
620930
62093138
62093143
620937
62094295
620960
62096188
62096644
62097898
62097904
62097910
62097916
62097922
62098155
62099327
62099402
62099541
62099700
621
62108725
62113306
62113748
621168
62122576
62122680
62123106
621241
62124464
62124545
62125140
62125149
62126561
62126751
62126763
62126835
62126874
62126886
62127198
62127432
621282
62128381
621289
62129775
62129818
62139235
62139475
62140024
62140025
62140216
62140363
62141394
62141789
62141930
62142458
62142651
62142652
62142680
62142716
62142802
62144551
62144657
62144687
62145024
62145033
62145040
62145421
62145425
62146442
62146784
62158957
62159040
62159042
62159229
62159275
62159293
62159301
62159311
62159484
62159575
62159576
62159577
62159680
62159794
62159832
62159934
62159996
62160000
62160062
62160090
62161841
62163750
62164601
62165038
62165474
62165517
62165558
62166302
62166869
62167283
62167309
62167430
62167831
62174914
62174942
62175849
62175859
62176216
62177332
62177575
62177696
62177736
62177864
62177954
62177980
62178015
62178136
62178508
62178545
62178582
62178651
62178868
62178946
62178955
62178964
62178981
62179008
62179047
62179224
62179275
62179333
62179405
62179427
62179541
62180198
62180217
62180229
62180787
62181333
62181425
62181877
62181900
62182068
62182140
62188339
62188622
62189082
62189091
62189226
62189853
62190538
62190605
62191024
62191445
62191541
62191816
62192178
62193008
62194613
62194646
62195142
62195448
62197949
62198093
62198543
62198551
62198560
62198576
62198585
622
62200680
62200879
62201259
62201914
62202048
62202685
62202720
62204512
62204563
62205415
62214460
62214531
62215922
62216593
62216834
62217307
62217328
62217922
62217930
62218138
62219576
62219986
62220115
62220677
62221552
62221835
62224354
62224599
62232074
62232480
62232861
62233851
62246458
62246553
62246554
62248561
62248841
62249153
62250205
62250219
62250315
62250765
62251949
62260484
623
624
625
626
627
628
629
629195
63
630
63000638
63000660
63000680
63000880
63000888
63000891
63000893
63000895
63000897
63000901
63000904
63000906
63000911
63000914
63000917
63000920
63000924
63001423
63001424
63001432
63002691
63002692
63002693
63002694
63002925
63002927
63003794
63004276
63004278
63004281
63004284
63007397
63010727
63010797
63010801
63010804
63011666
63011669
63011670
63023671
63023675
63023679
63023681
63023683
63023685
63025380
63025383
63025385
63025681
63027870
63027943
63028408
63029455
63031002
63031513
63032360
63032362
63035357
63037932
63038586
631
632
633
634
635
636
637
638
639
64
640
6400006
6400020
64000339
64000356
64000374
64000398
64000405
6400043
64000667
64000674
64000679
64000736
64000743
64000750
64000753
64000762
64000768
64000933
64002304
6400243
6400254
64003052
64003055
64003058
64004198
64004937
64005063
64005217
64007135
64007145
64007878
64009168
64016117
64016339
64016986
64017018
64017049
64018735
64018775
64018800
64018970
64019166
64019168
64019169
64019293
64021597
64021626
64039061
64041037
64041411
64043236
64046180
64046346
64046347
64046389
64047153
64047807
64047819
64047958
64047959
64047960
64047961
64047962
64047964
641
6410001
6410198
6410291
6410294
6410296
6410301
6410304
6410357
6410420
6410421
6410542
6410547
6410639
6410641
6410644
6410764
6410794
6411249
6411250
6411251
6411554
6411565
642
643
644
645
646
647
648
65
650
6500015
6500017
6500025
6500051
6500069
650007
65000970
65001061
65001062
6500168
6500206
65002269
65002452
6500268
6500370
6500385
650047
65008370
65008371
65008372
65008374
65009378
65010405
65010416
65010423
65010424
65010425
65010426
65010428
65010429
65010430
65010431
65010432
65010433
65010434
65010435
65010436
65010438
65010439
65010440
65010441
65010443
65010444
65010446
65010447
65010448
65010449
65010450
65010451
65010452
65010453
65010454
65010455
65010457
65010458
65010460
65010461
65010462
65010463
65010470
65010473
65010474
65010476
65010478
65010481
65010482
65010484
65010486
65010487
65010489
65010490
65010492
65010493
65010494
65010496
65010497
65010498
65010501
65010504
65010507
65010509
65010511
65010512
65010513
65010514
65010515
65010516
65010517
65010518
65010519
65010521
65010522
65010523
65010525
65010526
65010527
65010528
65010529
65010533
65010534
65010535
65010536
65010538
65010541
65010542
65010545
65010546
65010547
65010548
65010549
65010622
65010623
65010624
65010629
65010631
65010635
65010637
65011440
65013418
65013982
65024326
65024997
65025720
65025744
65025748
65025751
65025753
65025754
65025766
65025767
65025769
65025770
65025772
65025773
65025775
65025779
65025781
65025782
65025783
65025784
65025786
65025789
65025790
65025792
65025793
65025794
65025796
65025798
65025800
65026056
65026059
65026092
65026093
65026399
65026400
65026401
65026402
65026403
65026404
65026405
65026407
65026408
65026410
65026413
65026415
65026417
65026419
65026420
65026428
65026429
65026430
65026432
65026434
65026435
65026436
65026437
65026438
65026439
65026440
65026442
65026445
65026447
65026448
65026449
65026451
65026452
65026455
65027781
65028128
65028129
65028585
65028787
65028788
65028789
65028790
65028791
65028792
65028794
65028795
65028797
65028799
65028800
65028803
65028804
65029898
65029901
65030704
65032630
65032718
65032912
65032914
65032915
65032916
65032933
65032966
65033197
65033217
65033252
65033256
65033259
65033363
65033790
65033920
65033924
65033926
65033928
65033930
65033932
65033935
65033936
65033937
65033938
65033939
65033940
65033941
65033972
65033973
65033974
65033975
65033976
65033977
65033978
65033979
65034013
65034014
65034015
65034016
65034017
65034030
65034031
65034033
65034035
65034036
65034052
65034053
65034054
65034055
65034056
65034057
65034058
65034059
65034060
65034090
65034093
65034097
65034098
65034099
65034100
65034112
65034113
65034115
65034116
65034117
65034119
65035889
65036250
65036389
65036392
65036473
65036781
65036783
65037015
65037016
65037017
65037018
65037019
65037020
65037021
65037022
65037023
65037024
65037025
65037026
65037027
65037028
65037029
65037030
65037032
65037034
65037036
65037037
65037038
65037039
65037040
65037041
65037537
65037538
65037539
65037540
65037541
65037742
65037780
65039082
65039135
65039143
65039207
65039344
65039362
65039363
65039364
65039365
65039366
65039368
65039369
65039370
65039568
65039579
65039581
65039582
65039583
65039584
65039585
65039586
65039587
65039588
65039589
65039590
65039591
65039592
65039593
65039594
65039595
65039597
65039598
65039599
65039600
65039601
65041625
65041693
65041694
65041695
65041696
65041711
65041714
65041715
65042219
65042222
65042312
65042461
65042462
65042555
65042556
65042634
65042640
65042641
65042894
65042897
65042900
65042902
65042903
65042904
65042905
65042906
65042907
65042908
65042909
65043120
65043149
65043377
650441
65045073
65045074
65045075
65045076
65045077
65045151
65045152
65045184
65045185
65045688
65045791
65045792
65045793
65045794
65045795
65045796
65045797
65045798
65045799
65045800
65045801
65045802
65045803
65045804
65045805
65045806
65045807
65045808
65045809
65045810
65045811
65045812
65045813
65045814
65045816
65045817
65045818
65045819
65045820
65045821
65045822
651
652
652649
652653
652657
652680
652828
652829
652830
653
653077
653078
653156
653157
653158
653159
653160
653161
653162
653163
653164
653165
653166
653167
653168
653169
653170
653171
653172
653173
653174
653222
653223
653224
653225
653226
653227
653228
653229
653230
653231
653232
654
655
655459
655460
655461
656
656089
656090
656091
656092
656093
657
657653
657654
657659
658
658299
658312
658345
658348
658350
658352
658353
658354
658355
658356
658357
658358
659
659403
66
660
6600029
6600030
6600031
6600032
66000521
6600087
6600092
6600093
6600094
6600095
6600096
6600097
6600098
6600099
6600100
6600101
6600102
6600103
6600104
6600105
6600106
66001253
66002191
66002222
66002955
66002956
66003915
66006663
66010007
66010039
66010040
66010041
66010042
66010043
66010057
66010543
66010548
66010550
66010553
66010556
66010562
66010567
66010570
66010571
66010577
66010578
66010579
66010580
66010582
66010583
66010584
66010589
66010592
66010603
66010604
66010608
66011708
66013618
66016318
66026062
66026681
66026705
66026707
66026800
66029603
66029609
66029610
66029611
66029612
66029613
66030389
66032298
66032840
66032842
66032844
66032848
66032900
66033365
66033366
66033420
66033429
66033430
66033431
66033433
66034891
66035957
66035958
66035960
66038126
66038127
66038128
66038129
66038130
66038131
66038132
66038139
66039783
66040770
66040771
66040772
66042230
66043319
66043320
66043321
66043323
66043327
66045526
66045527
66045528
66045529
66045530
66045531
66045532
66045534
66045535
66045536
66045865
66046957
661
661004
661008
661011
661014
661017
661022
661027
661030
661033
661036
661089
661094
661206
661544
661545
661551
661557
661564
661566
661608
661678
661680
661682
662
662167
662168
662169
662171
662172
662173
662237
662735
663
663041
663044
663045
663063
664
665
666
667
667832
668
669
67
670
6700000
6700003
67000045
67000049
67000052
67000055
67000058
6700006
67000061
67000063
67000066
67000069
67000072
67000074
67000076
67000077
67000079
67000082
67000085
67000088
67000091
67000094
67000096
67000099
67000102
67000105
67000108
67000110
67000113
67000116
67000119
67000122
67001763
67002960
67004779
67008021
67008486
67009496
6701135
67012252
67012374
67015858
67016495
67016499
67016503
67016507
67016511
67016515
67016624
67016628
67016631
67016637
67016640
67016642
67016646
67016650
67016654
67016657
67016661
67016665
67016669
67016673
67016678
67016693
67016698
67016702
67016705
67016709
67016713
67016717
67016721
67016725
67016727
67016731
67016734
67016738
67016742
67017678
67017682
67019667
67019705
67019708
67019839
67019843
67019846
67020001
67020131
67020135
67020139
67020143
67020147
67020151
67020155
67020159
67020163
67020167
67020171
67020175
67020179
67020183
67020265
67020268
67020270
67020272
67020278
67020282
67020286
67020414
67020418
67020421
67020424
67020427
67020430
67020434
67020444
67020447
67020459
67020463
67020467
67020474
67020478
67020485
67023707
67023712
67023720
67023731
67023746
67023752
67023757
67023761
67023817
67027275
67027324
6703397
67034790
67034794
67034799
67034803
67034808
67034812
67034817
67034821
67034826
67034831
67034835
67034839
67034843
67034869
67034874
67034883
67034886
67034891
67034896
67034901
67034906
67035388
67035554
67035559
67035564
67035569
67035574
67035577
67035578
67035580
67035582
67035584
67035586
6703592
6703594
67040036
67040364
67040368
67040371
67040806
67040809
67040814
67040818
67040819
67040820
67040821
67040942
67040945
67040948
67040976
67041032
67041036
67041043
67041045
67041048
67041063
67041070
67041078
67041081
67041086
67041091
67041096
67041101
67041106
67041111
6704134
67045988
67050868
67050969
67051280
67051289
67051299
67051308
67051318
67051319
67051329
67051337
67051420
67054448
67054463
67054478
6705448
67059590
67059646
67059700
67059710
67059715
67059922
67059925
67059928
67059930
67059933
67059935
67059936
67059939
67059942
67059945
67059948
67059951
67059954
67059957
67059960
67059962
67059963
67060519
67060693
67060706
67060710
67060718
67060727
67060732
67060745
67060754
67060765
67060774
67060789
67060797
6706233
6706258
6706283
6706303
6706305
6706314
6706354
6706358
6706361
6706364
6706369
6706372
6706375
6706380
6706384
6706387
6706391
67064953
67065946
67069466
67070335
67070339
67070349
67070359
67070369
67070379
67077458
67077476
67082860
67083062
67083099
67083491
67083500
67083509
67083518
67083529
67083538
67083547
67083556
67083571
67083594
67083613
67083622
67083631
67083633
67083635
67083638
67083640
67083642
67083645
67083655
67084004
67084012
67084021
67084025
67084033
67084041
67084050
67084064
67084073
6708408
67084088
67084097
67084106
67089705
67089861
67089877
67089887
67089933
67089944
67089988
67090011
67090021
67090031
67090045
67090055
67090068
67090078
67090087
67090096
67090108
67090118
67090132
67090140
67090149
67096496
67096506
67096515
67096529
67096539
67097976
67097985
67097995
67098315
67098323
67098333
67098343
67098353
67098362
67099467
671
67100025
67100034
67100057
67100086
67100108
67100136
67101277
67101300
67105694
67105703
67105712
67105721
67105730
67105736
67105742
67105751
67105760
67105769
67105778
67105787
67105793
67105802
67105811
67105820
67105828
67105837
67105846
67105855
67105864
67105873
67105882
67105888
67105894
67105900
67105906
67105913
67105922
67105929
67105935
67105941
67105950
67105959
67105968
67105977
67105986
67105992
67105998
67106007
67106014
67106022
67106065
67109224
67109570
67109585
67109595
67109604
67109614
67109624
67109635
67109645
67109655
67109665
67109676
67109686
67118522
67118655
67118666
67118675
67118690
67118700
67118711
67119613
67119624
67119634
67119645
67121454
67121464
67121473
67121483
67121493
67121504
67128041
67128067
67128073
67128079
67128085
67128091
67128100
67128109
67128503
67128508
67128513
67128519
67128533
67128538
67128543
67128556
67128560
67128570
67128589
67128595
67128600
67128681
67128684
67128687
67128689
67128700
67128704
67128710
67128714
67128718
67128721
67128722
67128725
67128729
67128733
67128737
67128741
67128747
67128751
67128757
67128763
67128769
67128774
67128779
67128784
67128790
67128796
67128801
67128807
67128812
67128817
67128822
67128827
67128832
67128837
67128842
67128847
67128851
67128855
67128859
67128864
67128914
67128918
67128922
67128927
67128933
67128938
67128944
67128949
67128953
67128958
67128963
67128967
67128971
67128977
67129114
67129119
67129122
67129127
67129144
67129150
67129155
67129160
67129165
67129170
67129175
67129180
67141715
67141721
67142513
67148325
67148438
67148457
67148466
67152823
67152828
67156312
67156318
67156323
67156328
67156617
67156620
67156621
67156623
67156625
67156626
67156631
67156633
67156646
67156649
67156651
67156652
67173952
67173955
67173957
67174019
67174020
67174024
67174026
67174027
67174030
67174099
67174171
67174172
67174187
67174188
67174190
67174196
67178318
67178492
67179923
67180027
67181426
67181485
67181496
67181498
67181500
67182750
67182751
67188379
67188512
67188517
67188524
67188529
67191110
67191125
67193438
67196133
67196154
67196202
67196204
67196208
67196211
67196214
67196235
67196237
67196246
67196248
67196818
672
67200410
67200412
67203919
67203991
67204074
67204078
67204081
67204084
67204085
67210005
67210029
67210035
67210040
67210044
67210048
67210051
67210053
67210055
67210059
67210063
67212656
67212879
67221431
67221438
67221441
67224511
67224526
67224544
67224548
67224617
67224622
67224627
67224632
67224636
67224641
67224651
67224656
67224661
67224666
67224671
67224676
67224680
67224686
67224694
67224700
67224704
67224710
67224716
67228077
67228082
67228203
67228268
67238994
67243412
67243414
67243415
67243417
67243420
67243421
67243424
67243473
67243518
67244981
67246446
67248557
67248708
67248713
67248717
67248719
67248721
67248724
67248727
67248730
67248734
67248738
67248742
67248743
67248747
67248750
67248753
67248756
67248758
67248762
67248764
67248767
67248923
67248927
67248931
67256160
67256162
67256171
67256174
67258192
67258196
67258300
67258306
67258311
67258315
67258320
67258325
67258329
67258333
67258338
67258346
67259054
67259056
67259059
67259062
67259095
67259097
67259107
67259111
67259115
67259120
67259125
67259129
67259257
67259324
67259370
67260599
67260605
67260611
67260616
67260622
67260836
67264207
67264213
67264242
67270073
67271736
67271739
67276605
67276607
67276609
67276611
67276613
67276616
67276618
67276628
67276633
67276635
67276639
67276641
67276643
67276729
67276733
67276735
67276744
67276750
67276756
67276762
67276768
67276789
67276793
67276797
67276801
67276805
67276809
67276813
67276817
67278480
67290689
67290895
67291316
67291319
67291323
67291327
67291331
67291335
67291339
67291343
67291347
67291351
67291355
67291359
67291363
67293321
67293328
67293336
67293340
67293344
67298839
673
674
675
676
676510
676645
676722
676958
676981
677
677142
677244
677316
677350
677391
677441
677500
677501
677514
677547
677630
677664
677665
677672
677750
677829
677832
677885
677919
677962
678
678102
678120
678156
678209
678226
678240
678280
678312
678342
678351
678405
678425
679
68
680
68000024
68000032
68000115
68000122
68000125
68000127
68000132
68000148
68000150
68000164
68000172
68000182
68000227
68000228
68000229
68000282
68000327
68000356
6800067
6800068
6800069
6800073
6800075
68000919
68000920
68001052
68001131
68001174
68001357
68001741
68001818
68001819
68001889
68001897
68001922
68001971
68002003
68002183
68002193
68002328
68002344
68002457
68002467
68002522
68002558
68002700
68002848
68003020
68003022
68004265
68005316
68005463
68005464
68005465
68005466
68005520
68006685
68006723
68006730
68006733
68006736
68009861
68010009
68011211
68011212
68011213
68011826
68011838
68011975
68012710
68012711
68012712
68012713
68012714
68012715
68012716
68012717
68012718
68012818
68017382
68017422
68017469
68017471
68017473
68017475
68017476
68020044
68020049
68020050
68020051
68020052
68020053
68020054
68020055
68020056
68022257
68023205
68023206
68024209
68024543
681
682
682003
682006
682009
682130
682164
682276
682355
683
684
684326
684567
684662
684663
684772
684777
684978
685
685082
685440
686
686468
686530
686555
686584
686592
686600
686612
686640
686651
686658
686659
686660
686661
686662
686663
686664
686665
686666
686770
686771
686883
687
687362
687599
687601
687602
687603
687604
687605
687606
687612
687615
687616
687617
687618
687619
687620
687621
687622
687623
687624
687625
687626
687627
687628
687629
687630
687631
687632
687633
687634
687637
687638
687639
687640
687641
687642
687643
687644
687645
687646
687647
687648
687649
687650
687651
688
689
69
690
69000873
69000897
69001090
69002643
69003731
69005058
69005059
69005060
69010272
69010273
691
691248
692
692384
693
694
694366
694367
694450
694451
694452
695
696
696703
696704
697
698
699
70
700
7000000
7000003
7000005
7000008
70000106
7000011
7000014
700006
7000088
7000097
70002578
70002930
700034
700036
70004646
7000476
7000479
70005475
700059
700060
70008751
70008780
70008823
70008836
70008837
70008877
70008920
70008921
70008954
70009355
70009356
70009403
70009404
70009439
70009575
70009592
70009629
70009717
70009743
70009756
70009916
70009987
70010031
70010064
70014450
70014453
70014468
70014512
70014574
70014598
70014622
70014641
70014666
70014687
70014721
70015530
70015610
70015611
70015683
70015764
70015817
70015958
70015979
70016204
70016232
70016233
70016622
70016787
70016812
70016859
70017208
700173
70017483
70017653
70017870
70018089
70018382
70018639
70018774
70018850
70019088
70019271
70019281
70019426
700198
70020055
70020228
70020240
70020276
70020312
700206
70020761
70021564
70022843
70023209
70027104
70027151
700275
70028001
70028002
70028003
70028004
700331
70036644
70039393
70039394
70039395
70039409
70039459
70039461
70039510
70039549
70039605
70039658
70039659
70039661
70039748
70039766
70039775
70039776
70039777
70039780
70039781
70039782
70039783
70039784
70039785
70039786
70039787
70039788
70040750
70040953
70041041
70041042
70041043
70041361
7004292
70042946
70042947
70042948
70042949
70042950
70042951
70042952
70042953
70042954
70042955
70042956
70042957
70042959
70042960
70042961
70042962
70042963
70042964
70042965
70042968
70042969
70042970
70042971
70042972
70042974
70042975
70042976
70042977
70042978
70042980
70042981
70042982
70042983
70042984
70042985
70042986
70042987
70042988
70042989
70042990
70042991
70042992
70042993
70042994
70042995
70042996
70042997
70042998
70042999
70043000
70043001
70043002
70043003
70043004
70043005
70043006
70043007
70043008
70043009
70043010
70043011
70043012
70043013
70043014
70043021
70043022
70043023
70043024
70043025
70043026
70043031
70043032
70043033
70043034
70043035
70043036
70043037
70043041
70043042
70043043
70043044
70043045
70043047
70043048
70043064
70043065
70043114
70043134
70043141
70043142
70043143
70043144
70043145
70043146
70043147
70043148
70043149
70043151
70043152
70043153
70043162
70043163
70043164
70043165
70043166
70043216
70043217
70043218
70043219
70043220
70043221
70043729
70043730
70043731
70043732
70043780
70043895
70043897
70043898
70043899
70043900
70043901
70043902
70043903
70043904
70045268
70045497
70045535
70045542
70046507
7004999
7005000
7005001
700502
70053565
70053566
70053584
70053587
70053601
70053605
70053608
70053688
70053717
70053718
70053721
70053734
70053735
70053737
70053741
70053752
70053761
70053765
70053766
70053767
70053768
70053770
70053772
70053773
70053775
70053777
70053778
70053780
70053781
70053817
70053832
70053834
70053835
70053839
70053872
70053874
70053892
70054183
70054184
70054185
70054189
70054190
70054191
70054192
70054193
70054195
70054196
70054197
70054198
70054199
70054201
70054202
70054203
70054204
70054205
70054206
70054207
70054208
70054209
70054210
70054211
70054213
70054214
70054215
70054216
70054217
70054218
70054219
70054220
70054221
70054242
70054243
70054244
70054245
70054246
70054247
70054248
70054249
70054250
70054251
70054252
70054253
70054254
70054255
70054256
70054259
70054260
70054262
70054266
70054267
70054268
70054304
70054317
70054318
70054319
70054320
70054321
70054322
70054323
70054324
70054325
70054326
70054327
70054328
70054378
70054379
70054384
70054385
70054386
700544
70054428
70054430
70054473
70054475
70054476
70054477
70054524
70054525
70054526
70054527
70054528
70054529
70054530
70054531
70054532
70054533
70054534
70054536
70054537
70054538
70054539
70054540
70054541
70054542
70054543
70054544
70054545
70054546
70054547
70054548
70054549
70054550
70054551
70054552
70054553
70054555
70054556
70054557
70054558
70054559
70054560
70054561
70054562
70054563
70054564
70054565
70054566
70054567
70054568
70054569
70054570
70054571
70054572
70054573
70054574
70054575
70054576
70054577
70054578
70054580
70054581
70054582
70054583
70055727
70055728
70055729
70055730
70055731
70055732
70055733
70055734
70055735
70055736
70055737
70055738
70055739
70055740
70055742
70055744
70055745
70055746
70055747
70055748
70055749
70055750
70055754
70055755
70055756
70055757
70055758
70055759
70055760
70055761
70055762
70055763
70055764
70055765
70055766
70055767
70055768
70055769
70055770
70056058
70056109
70056303
70057033
70057297
70057301
70057303
70057304
70057305
70057306
70057307
70057308
70057309
70057310
70057312
70057313
70057314
70057315
70057316
70057317
70057318
70057319
70058603
70059783
70059784
70059785
70059786
70059787
70059788
70059789
70059793
70059794
70059795
70059796
70061777
70061778
70061779
70061780
70061781
70061782
70061783
70061784
70061785
70061786
70061787
70061788
70061789
70061790
70061791
70061792
70061793
70061794
70061795
70061796
70061797
70061798
70061799
70061800
70061801
70061802
70061803
70061804
70061805
70061806
70061807
70061808
70061809
70061810
70061811
70061812
70061813
70061814
70061815
70061816
70061817
70061818
70061819
70061820
70061821
70061822
70061823
70061824
70061826
70061827
70061828
70061833
70061836
70061837
70061839
70061840
70061841
70061842
70061843
70061844
70062803
70064034
70064841
70064842
70064984
70064985
70065986
700693
70076203
70076204
70076206
70076208
70076209
70076210
70076211
70076213
70076214
70076215
70076216
70076217
70076218
70076219
70076221
70076222
70078154
70078155
70078156
70078157
70078158
70078159
70078160
70078161
70078162
70078163
70078164
70078166
70078167
70078168
70078169
70078170
70078171
70078172
70078173
70078174
70078175
70078176
70078177
70078178
70078179
70078180
70078181
70078182
70078183
70078184
70078185
70078186
70078187
70078188
70078189
70078190
70078191
70078192
70078650
70078991
70079026
70079030
70079066
70080470
70080484
70080498
70080521
70080528
70080955
70080956
70080957
70080958
70080959
70080960
70080961
70080962
70080963
70080964
70080965
70080966
70080967
70080968
70080969
70080970
70080971
70080972
70080973
70080974
70080975
70080976
70080977
70080978
70080979
70080980
70080981
70080982
70080983
70080984
70080985
70080986
70080987
70080988
70080989
70080990
70080991
70080992
70080993
70080995
70080996
70080997
70080998
70080999
70081000
70081001
70081002
70081003
70081004
70081005
70081006
70081008
70081009
70081010
70081011
70081014
70081015
70081016
70081017
70081018
70081019
70081020
70081021
70081022
70081023
70081024
70081025
70081026
70081027
70081028
70081029
70081030
70081031
70081032
70081035
70081036
70081037
70081038
70081039
70081040
70081041
70081042
70081043
70081044
70081045
70081046
70081048
70081049
70081050
70081051
70081052
70081053
70081054
70081055
70081056
70081057
70081058
70081059
70081060
70081061
70081062
70081063
70081064
70081065
70081066
70081067
70081069
70081070
70081071
70081072
70081073
70081074
70081075
70081076
70081077
70081078
70081079
70081080
70081081
70081082
70081084
70081085
70081086
70081087
70081089
70081090
70081091
70081092
70081093
70081094
70081095
70081096
70081097
70081098
70081099
7008110
70081100
70081101
70081102
70081103
70081104
70081105
70081107
70081108
70081109
70081110
70081111
70081112
70081113
70081114
70081115
70081116
70081117
70081118
70081119
70081120
70081121
70081122
70081123
70081124
70081125
70081126
70081128
70081129
70081130
70081131
70081132
70081133
70081134
70081135
70081136
70081137
70081138
70081139
70081140
70081141
70081142
70081143
70081144
70081145
70081146
70081147
70081148
70081149
70081150
70081151
70081152
70081153
70081154
70081155
70081156
70081157
70081158
70081159
70081160
70081161
70081162
70081163
70081164
70081165
70081166
70081167
70081168
70081170
70081171
70081172
70081173
70081174
70081175
70081176
70081177
70081178
70081179
70081180
70081181
70081182
70081183
70081184
70081185
70081186
70081187
70081188
70081189
70081190
70081191
70081192
70081193
70081194
70081195
70081196
70081197
70081198
70081199
70081200
70081202
70081203
70081204
70081205
70081206
70081207
70081208
70081209
70081210
70081211
70081212
70081213
70081214
70081215
70081216
70081217
70081218
70081219
70081220
70081221
70081222
70081223
70081224
70081225
70081226
70081227
70081228
70081229
70081230
70081231
70081232
70081233
70081234
70081235
70081236
70081237
70081238
70081239
70081240
70081241
70081242
70081243
70081244
70081245
70081246
70081247
70081248
70081249
70081250
70081251
70081252
70081253
70081254
70081255
70081256
70081257
70081260
70081261
70081262
70081263
70081264
70081265
70081266
70081267
70081268
70081269
70081271
70081272
70081273
70081274
70081275
70081276
70081277
70081278
70081280
70081281
70081282
70081283
70081284
70081285
70081286
70081287
70081288
70081289
70081290
70081291
70081292
70081293
70081295
70081296
70081297
70081298
70081299
70081300
70081301
70081302
70081303
70081304
70081305
70081306
70081307
70081308
70081309
70081310
70081312
70081313
70081314
70081315
70081316
70081317
70081318
70081320
70081321
70081323
70081324
70081325
70081326
70081327
70081328
70081329
70081330
70081331
70081332
70081333
70081334
70081335
70081336
70081337
70081338
70081340
70081341
70081342
70081343
70081344
70081345
70081346
70081347
70081348
70081349
70081350
70081351
70081352
70081353
70081354
70081355
70081356
70081357
70081358
70081359
70081360
70081361
70081362
70081363
70081364
70081365
70081366
70081367
70081368
70081369
70081370
70081371
70081372
70081373
70081374
70081375
70081376
70081377
70081378
70081379
70081380
70081381
70081382
70081383
70081384
70081385
70081386
70081387
70081388
70081389
70081390
70081391
70081392
70081393
70081394
70081395
70081396
70081397
70081398
70081399
70081400
70081401
70081402
70081403
70081404
70081405
70081406
70081407
70081408
70081409
70081410
70081411
70081412
70081413
70081414
70081415
70081416
70081417
70081418
70081419
70081420
70081421
70081422
70081423
70081425
70081426
70081427
70081428
70081430
70081431
70081432
70081433
70081434
70081435
70081436
70081437
70081438
70081439
70081440
70081441
70081442
70081443
70081444
70081445
70081446
70081447
70081448
70081449
70081450
70081451
70081452
70081453
70081454
70081455
70081457
70081458
70081459
70081460
70081461
70081462
70081463
70081464
70081465
70081466
70081467
70081468
70081469
70081470
70081471
70081472
70081473
70081474
70081477
70081478
70081481
70081483
70081484
70081485
70081486
70081487
70081488
70081489
70081490
70081491
70081492
70081493
70081494
70081495
70081496
70081497
70081498
70081499
70081500
70081501
70081502
70081503
70081504
70081505
70081506
70081507
70081508
70081509
70081510
70081511
70081512
70081513
70081514
70081515
70081516
70081517
70081518
70081519
70081520
70081521
70081522
70081523
70081524
70081525
70081526
70081527
70081528
70081529
70081530
70081531
70081532
70081533
70081534
70081535
70081536
70081537
70081538
70081539
70081540
70081541
70081542
70081544
70081545
70081546
70081547
70081548
70081549
70081550
70081551
70081552
70081553
70081554
70081555
70081556
70081557
70081558
70081559
70081560
70081561
70081562
70081563
70081564
70081565
70081566
70081567
70081568
70081569
70081571
70081572
70081573
70081574
70081575
70081577
70081578
70081579
70081580
70081581
70081582
70081583
70081584
70081585
70081586
70081587
70081588
70081589
70081590
70081591
70081592
70081593
70081594
70081596
70081597
70081599
70081600
70081601
70081602
70081604
70081605
70081606
70081607
70081608
70081609
70081610
70081611
70081612
70081613
70081614
70081615
70081616
70081617
70081618
70081619
70081621
70081622
70081623
70081624
70081625
70081626
70081627
70081628
70081629
70081630
70081631
70081633
70081634
70081635
70081636
70081637
70081638
70081639
70081640
70081641
70081642
70081643
70081644
70081645
70081646
70081647
70081648
70081649
70081650
70081651
70081652
70081653
70081654
70081655
70081656
70081657
70081658
70081659
70081660
70081661
70081662
70081663
70081664
70081665
70081666
70081667
70081668
70081669
70081670
70081671
70081672
70081673
70081674
70081675
70081676
70081677
70081678
70081679
70081680
70081681
70081682
70081683
70081684
70081685
70081686
70081687
70081688
70081689
70081690
70081691
70081692
70081693
70081694
70081695
70081696
70081697
70081698
70081699
70081700
70081701
70081702
70081703
70081704
70081705
70081706
70081707
70081708
70081709
70081710
70081711
70081712
70081713
70081714
70081715
70081716
70081717
70081718
70081720
70081721
70081723
70081724
70081725
70081726
70081727
70081728
70081729
70081730
70081731
70081732
70081733
70081734
70081735
70081736
70081737
70081738
70081739
70081740
70081741
70081742
70081743
70081744
70081745
70081746
70081747
70081748
70081749
70081750
70081752
70081753
70081754
70081755
70081756
70081757
70081758
70081759
70081760
70081761
70081762
70081763
70081764
70081765
70081766
70081767
70081768
70081769
70081770
70081773
70081774
70081775
70081776
70081777
70081778
70081779
70081780
70081781
70081782
70081783
70081784
70081785
70081786
70081787
70081788
70081789
70081790
70081791
70081792
70081793
70081794
70081795
70081796
70081797
70081799
70081800
70081801
70084836
70086097
70086098
70086099
70086100
70086101
70086102
70086103
70086104
70086106
70086107
70086108
70086109
70086110
70086112
70086113
70086114
70086115
70086116
70086117
70086118
70086119
70086120
70086121
70086123
70086124
70086126
70086127
70086128
70086129
70086130
70086131
70086132
70086133
70086134
70086135
70086136
70086137
70086138
70086139
70086140
70086141
70086142
70086143
70086144
70086145
70086146
70086147
70086148
70086149
70086150
70086151
70086152
70086153
70086154
70086155
70086156
70086157
70086158
70086159
70086160
70086161
70086162
70086163
70086164
70086165
70086166
70086167
70086168
70086169
70086170
70086171
70086172
70086173
70086174
70086176
70086178
70086179
70086180
70087621
70089906
70091527
70091610
70094367
70094568
70094988
70095099
70095100
70095159
70095334
70095335
70095377
70095457
70095462
70095687
70095735
70095745
70095754
70095780
70095851
70095864
70095886
70095943
70095963
70095984
70096018
70097409
70097869
70097899
70097991
70097992
70098286
70098287
70098288
70098291
70098292
70098293
70098990
70098991
70098992
70098993
70098994
70098995
70098996
70098997
70098998
70098999
701
70100246
70100686
70100738
70100747
70100821
70100880
70101141
70101154
70101244
70101373
70101405
70101457
70101488
70101813
70101814
70101815
70101816
70101817
70101818
70101819
70101820
70101821
70101822
70101823
70101824
70101825
70101827
70101828
70101829
70101830
70101831
70101832
70101833
70101834
70101836
70101837
70101838
70101839
70101840
70101841
70101842
70101843
70101844
70101845
70101846
70101847
70101848
70101850
70101851
70101852
70101853
70101854
70101855
70101856
70101857
70101858
70101859
70101860
70101861
70101862
70101863
70101864
70101865
70101866
70101867
70101868
70101869
70101870
70101871
70101872
70101873
70101874
70101875
70101876
70101877
70101878
70101879
70101880
70101881
70101882
70101883
70101884
70101885
70101886
70101887
70101888
70101889
70101890
70101892
70101893
70101895
70101896
70101897
70101898
70101899
70101900
70101901
70101902
70101903
70101904
70101905
70101906
70101907
70101908
70101909
70101910
70101911
70101912
70101913
70101914
70101915
70101916
70101917
70102451
70104872
70104873
70104874
70104875
70104876
70104877
70104878
70104879
70104880
70104881
70104882
70105016
70105017
70105018
70105019
70105020
70105021
70105022
70105023
70105025
70105026
70105027
70105028
70105029
70105030
70105031
70105032
70105034
70105035
70105036
70105037
70105038
70105039
70105040
70105041
70105042
70105043
70105044
70105045
70105046
70105047
70105048
70105049
70105050
70105052
70105053
70105054
70105055
70105056
70105057
70105058
70105059
70105060
70105061
70105062
70105063
70105064
70105065
70105066
70105067
70105068
70105069
70105070
70105071
70105072
70107798
70107799
70107800
70107801
70107802
70107803
70107804
70107805
70107807
70107809
70107812
70107813
70107814
70108371
70108372
70108374
70108375
70108376
70108377
70108378
70108379
70108380
70108381
70108382
70108383
70108384
70108385
70108386
70108387
70108388
70108389
70108390
70108391
70108392
70108393
70108394
70108395
70108396
70108397
70108398
70108399
70108400
70108401
70108402
70108403
70108404
70108405
70108406
70108407
70108408
70108409
70108410
70108411
70108412
70108413
70108414
70108415
70108416
70108417
70108418
70108419
70108420
70108421
70108422
70108423
70108424
70108425
70108426
70108427
70108428
70108429
70108430
70108431
70108432
70108433
70108434
70108435
70108436
70108437
70108438
70108439
70108440
70108441
70108442
70108444
70108445
70108446
70108447
70108448
70108449
70108450
70108451
70108452
70108453
70108454
70108455
70108456
70108457
70108458
70108459
70108461
70108462
70108463
70108464
70108465
70108466
70108468
70108469
70108470
70108471
70108472
70108473
70108474
70108475
70108476
70108477
70108478
70108479
70108480
70108481
70108482
70108483
70108484
70108485
70108486
70108487
70108488
70108489
70108490
70108491
70108492
70108493
70108494
70108495
70108496
70108497
70108498
70108499
70108500
70108501
70108502
70108503
70108504
70108505
70108506
70108507
70108508
70108509
70108510
70108511
70108512
70108513
70108514
70108515
70108516
70108517
70108518
70108519
70108520
70108521
70108522
70108523
70108524
70108525
70108526
70108527
70108528
70108529
70108530
70108531
70108532
70108533
70108534
70108535
70108536
70108537
70108538
70108539
70108540
70108541
70108542
70108543
70108544
70108545
70108546
70108547
70108548
70108549
70108550
70108551
70108552
70108553
70108554
70108555
70108556
70108557
70108558
70108559
70108560
70108561
70108562
70108563
70108564
70108565
70108566
70108567
70108568
70108569
70108570
70108571
70108572
70108573
70108574
70108575
70108576
70108577
70108578
70108579
70108580
70108581
70108582
70108583
70108584
70108585
70108586
70108587
70108588
70108589
70108590
70108591
70108592
70108593
70108594
70108595
70108596
70108597
70108598
70108599
70108600
70108601
70108602
70108603
70108604
70108605
70108606
70108607
70108608
70108609
70108610
70108611
70108612
70108613
70108614
70108615
70108616
70108617
70108618
70108619
70108620
70108621
70108622
70108623
70108624
70108625
70108626
70108627
70108628
70108629
70108630
70108631
70108632
70108633
70108634
70108635
70108636
70108637
70108638
70108639
70108640
70108641
70108642
70108643
70108644
70108645
70108646
70108647
70108648
70108649
70108650
70108652
70108653
70108654
70108655
70108656
70108657
70108658
70108659
70108660
70108661
70108662
70108663
70108664
70108665
70108666
70108667
70108668
70108669
70108670
70108671
70108672
70108673
70108674
70108675
70108676
70108677
70108678
70108679
70108680
70108681
70108682
70108683
70108684
70108685
70108686
70108687
70108688
70108689
70108690
70108691
70108692
70108693
70108694
70108695
70108696
70108697
70108698
70108699
70108700
70108701
70108702
70108703
70108704
70108705
70108706
70108707
70108708
70108709
70108710
70108711
70108712
70108713
70108714
70108715
70108716
70108717
70108718
70108720
70108721
70108722
70108723
70108724
70108725
70108726
70108727
70108728
70108729
70108730
70108731
70108732
70108733
70108734
70108735
70108736
70108737
70108739
70108740
70108741
70108743
70108744
70108745
70108746
70108747
70108748
70108749
70108750
70108751
70108752
70108753
70108754
70108755
70108756
70108757
70108758
70108759
70108760
70108761
70108762
70108763
70108764
70108765
70108766
70108767
70108768
70108769
70108770
70108771
70108772
70108773
70108774
70108775
70108776
70108777
70108778
70108779
70108780
70108781
70108782
70108783
70108784
70108785
70108786
70108787
70108788
70108789
70108790
70108791
70108792
70108793
70108794
70108795
70108796
70108797
70108798
70108799
70108800
70108801
70108802
70108803
70108804
70108805
70108806
70108807
70108808
70108809
70108810
70108811
70108812
70108813
70108814
70108815
70108816
70108817
70108818
701091
70111318
70111622
70111715
70112139
70112362
70112363
70113036
70114529
70114555
70114648
70114795
70114859
70114921
70114922
70118256
70118257
70118258
70118709
70119046
70119047
70119048
70119049
70119050
70119051
70119052
70119053
70119054
70119056
70119057
70119058
70119059
70119060
70119061
70119687
70119688
70119689
70119690
70119691
70119692
70119693
70119694
70119695
701197
70120261
70121753
70122276
70122277
70122278
70122279
70122280
70122281
70122282
70122283
70122284
70122285
70122286
70122287
70122288
70122289
70122293
70123242
70123243
70123244
70124376
70124377
701264
70131697
70131698
70132474
70132475
70132476
70132477
70132478
70132480
70132481
70132482
70132483
70132484
70132485
70132486
70132487
70132488
70132489
70132490
70132492
70132493
70132494
70132495
70132496
70132497
70132498
70132499
70132500
70132501
70132502
70132504
70132506
70133898
70133899
70133900
70133901
70133902
70133903
70133904
70133905
70133906
70133907
70133908
70133909
70133910
70133912
70133913
70133914
70133915
70133916
70133917
70133918
70133919
70133920
70133921
70133922
70133923
70133924
70133925
70134585
70134586
70134587
70134588
70134589
70134590
70134591
70134592
70134593
70134594
70134595
70134596
70134597
70134598
70134599
70135210
70135211
70135212
70135213
70135214
70135215
70135216
70135217
70135916
70135917
70135918
70135919
70135920
70135921
70135922
70135923
70135924
70135925
70135926
70135927
70135928
70135929
70135930
70135931
70135933
70135935
70135936
70135937
70135938
70135939
70135940
70135941
70135943
70135944
70135945
70135946
70135947
70135948
70135949
70135950
70135951
70135952
70135953
70135954
70135955
70135956
70135957
70135958
70135959
70135961
70135962
70135963
70135964
70135965
70135966
70135967
70135971
70135973
70135974
70135975
70135976
70135977
70135978
70135979
70135980
70135981
70135982
70135983
70135984
70135985
70135986
70135987
70135988
70135989
70135990
70135991
70135992
70135993
70135995
70135996
70135997
70135998
70135999
70136000
70136001
70136002
70136003
70136004
70136005
70136006
70136007
70136008
70136009
70136010
70136011
70136012
70136017
70136018
70136020
70136021
70136022
70136023
70136024
70136025
70136026
70136027
70136028
70136031
70136032
70136033
70136034
70136035
70136036
70136037
70136039
70136040
70136041
70136042
70136043
70136044
70136045
70136046
70136047
70136048
70136049
70136050
70136051
70136052
70136053
70136054
70136055
70136056
70136057
70136058
70136059
70136060
70136061
70136062
70136063
70136064
70136065
70136066
70136067
70136068
70136069
70136070
70136071
70136072
70136073
70136074
70136075
70136076
70136077
70136078
70136079
70136080
70136081
70136082
70136083
70136084
70136085
70136086
70136087
70136088
70136089
70136090
70136091
70136092
70136093
70136094
70136095
70136096
70136097
70136098
70136099
70136100
70136101
70136103
70136104
70136105
70136106
70136107
70136108
70136109
70136110
70136111
70136112
70136113
70136114
70136115
70136116
70136117
70136118
70136119
70136121
70136122
70136123
70136124
70136125
70136126
70136127
70136128
70136129
70136130
70136131
70136132
70136133
70136135
70136136
70136137
70136138
70136139
70136140
70136141
70136142
70136143
70136144
70136145
70136146
70136147
70136148
70136149
70136150
70136151
70136152
70136153
70136154
70136155
70136156
70136157
70136158
70136159
70136160
70136162
70136163
70136164
70136165
70136166
70136167
70136168
70136169
70136170
70136171
70136172
70136173
70136174
70136176
70136177
70136178
70136179
70136180
70136182
70136183
70136184
70136185
70136186
70136187
70136188
70136189
70136190
70136191
70136192
70136193
70136195
70136196
70136197
70136198
70136199
70136200
70136201
70136202
70136203
70136204
70136205
70136206
70136207
70136208
70136209
70136210
70136211
70136212
70136213
70136214
70136215
70136216
70136217
70136218
70136219
70136220
70136221
70136222
70136223
70136224
70136225
70136226
70136227
70136229
70136230
70136231
70136232
70136234
70136235
70136236
70136237
70136239
70136240
70136241
70136242
70136243
70136244
70136245
70136246
70136247
70136248
70136250
70136251
70136252
70136253
70136254
70136255
70136256
70136257
70136258
70137198
70137339
70137340
70137341
70137342
70137343
70137344
70137345
70137346
70137347
70137348
70137349
70137350
70137351
70137994
70137995
70137996
70137997
70138576
70138577
70138578
70138579
70138580
70138581
70138582
70138583
702
702170
702265
702321
702490
703
704
705
706
706743
707
707637
707643
707646
707648
707651
707654
708
709
71
710
710001
71000386
7100042
710005
710008
710011
710012
71001359
71001370
710017
710019
710020
710021
710024
710025
71002559
710026
710027
710030
710031
710032
71003465
71003473
71003475
71003630
71003682
71004249
71004721
710052
71005226
71005227
71005228
71005229
71005230
71005231
71005232
71005349
71007216
71007487
71007559
71007601
71009737
71009738
71010512
71010825
71010827
71010829
71010831
71012215
71012218
71012414
71012697
71012700
71012701
71012703
71012704
71012705
71012707
71012712
71012716
71012717
71016301
71016302
71016303
71016304
71016305
71016306
71016307
71016308
71016309
71016311
71016312
71016313
71016314
71016315
71016316
71016317
71016318
71016320
71016321
71016322
71016323
71016324
71016325
71016326
71016328
71016329
71016330
71016331
71016332
71016333
71016335
71016336
71016339
71016340
71016341
71016342
71016343
71016344
71016345
71016347
71016348
71016350
71016352
71016353
71016356
71016358
71016359
71016360
71016361
71016362
71016499
71016613
71016614
71016615
71016617
71016618
71016619
71016620
71016622
71016623
71016624
71016631
71016632
71016633
71016634
71016635
71016636
71016637
71016638
71016639
71016640
71016644
71016646
71016666
71016667
71016668
71016669
71016670
71016671
71016672
71016674
71016676
71016677
71016679
71016680
71016681
71016708
71016709
71016711
71016712
71016715
71016716
71016717
71016719
71016721
71016722
71016725
71016728
71016729
71016750
71016751
71016753
71016755
71016756
71016761
71016762
71016764
71016765
71016766
71016768
71016769
71016770
71016772
71016774
71016775
71016776
71016778
71016779
71016783
71016784
71016785
71016787
71016789
71016791
71016798
71016801
71016803
71016804
71016805
71016808
71016809
71016810
71016814
71016819
71016822
71016823
71016824
71016825
71016826
71016827
71016828
71016829
71016830
71016831
71016832
71016834
71016836
71016837
71016838
71016840
71016842
71016843
71016844
71016847
71016851
71016853
71016854
71016855
71016856
71016857
71016858
71016859
71016860
71016970
71017164
71017165
7101765
71017725
71017726
71017729
71017730
71017731
71017763
71017790
71017791
71017793
71017795
71017796
71017798
71017799
71017800
71017801
71017807
71017809
71017811
71017813
71017816
71017818
71017825
71017828
71017830
71017831
71017834
71017837
71017841
71017843
71017847
71017848
71017851
71017853
71017930
71017932
71017934
71017935
71017936
71020153
71020167
71022714
71022722
71023014
71023016
71023017
71023018
71023021
71023022
71023405
71024097
71024178
71024197
71024219
71024225
71024226
71024235
71024244
71024245
71024246
71024247
71024248
71024257
71024265
71024294
71024328
71024341
71024344
71024345
71024346
71024347
71024348
71024353
71024360
71024361
71024366
71024368
71024374
71024441
71024448
71024451
71024464
71024467
71024470
71024476
71024933
71024935
71024936
71024937
71026734
71026748
71026750
71026751
71026752
71026758
71026761
71026765
71026777
71026778
71026785
71026793
71026796
71026798
71026800
71026801
71026805
71026806
71026807
71026808
71026811
71026812
71026832
71027335
71027336
71027337
71027630
71027907
71027913
71027916
71027923
71027924
71028330
71029426
71029428
71029430
71029859
71029941
71029983
71030035
71030193
71030291
71030293
71030424
71030438
71030450
71030581
71030584
71030592
71030617
71030618
71030680
71030731
71030877
71030896
71030958
71031007
71031273
71031463
71031744
71031813
71032048
71032051
71032053
71032054
71032104
71032170
71032258
71032305
71032321
71032600
71032842
71032948
71032978
71033022
71033060
71033074
71033146
71033258
71033266
71033268
71033269
71033270
71033273
71033338
71033352
71033356
71033359
71033369
71033370
71033373
71033376
71033426
71033438
71033442
71033443
71033519
71033520
71033521
71033522
71033523
71033524
71033525
71033526
71033527
71033528
71033530
71033533
71033537
71033538
71033539
71033544
71033547
71033549
71033550
71033664
71033683
71033687
71033703
71033858
71033860
71033862
71033865
71033866
71033910
71033976
71034004
71034005
71034006
71034007
71034008
71034070
71034216
71034271
71034277
71034278
71034282
71034336
71034337
71034339
71034344
71034349
71034374
71034517
71034519
71034520
71034525
71034528
71034534
71034588
71034612
71035837
71036098
71036562
71036791
71036813
71036832
71036845
71036846
71036965
71036979
71037125
71037126
71037282
71037407
71037408
71037462
71037473
71037517
71037625
71038214
71038237
71038337
71038382
71038447
71038448
71038656
71038802
71039045
71039448
71039539
71039660
71039682
71039815
71039822
71041335
71041549
71042209
71042228
71042400
71042588
71042921
71042937
71043458
71043643
71043803
71043985
71044337
71044340
71044399
71044650
71044837
71044895
71044990
71045023
71045024
71045045
71045053
71045054
71045056
71045057
71045062
71045063
71045065
71045067
71045170
71045201
71045203
71045204
71045210
71045213
71045215
71045220
71045222
71045224
71045226
71045228
71045234
71045235
71045236
71045240
71045249
71045250
71045251
71045252
71045355
71045356
71045370
71045371
71045372
71045374
71045376
71045378
71045380
71045386
71045389
71045392
71045396
71045402
71045418
71045420
71045422
71045424
71045426
71045428
71045432
71045434
71045480
71045482
71045484
71045485
71045489
71045493
71045497
71045499
71045509
71045515
71045517
71045518
71045520
71045522
71045523
71045526
71045534
71045536
71045537
71045538
71045543
71045544
71045545
71045547
71045548
71045554
71045555
71045556
71045558
71045561
71045563
71045565
71045586
71045592
71045599
71045601
71045605
71045608
71045635
71045639
71045641
71045645
71045647
71045649
71045650
71045654
71045655
71045663
71045678
71045681
71045687
71045690
71045692
71045694
71045695
71045698
71045701
71045707
71045713
71045716
71045717
71045719
71045737
71045740
71045741
71045743
71045745
71045747
71045748
71045749
71045751
71045758
71045759
71045780
71045781
71045782
71045850
71045868
71045891
71045950
71046233
71046332
71046355
71046387
71046388
71046392
71046393
71046395
71046396
71046398
71046402
71046500
71046506
71046777
71046778
71046779
71046780
71046982
71047273
71047343
71047349
71047364
71047378
71047449
71047450
71047453
71047454
71047458
71047464
71047471
71047505
71047506
71047507
71047513
71047515
71047519
71047530
71047535
71047536
71047538
71047539
71047541
71047542
71048148
71048615
71048699
71049526
71050320
71050585
71050701
71050718
71050719
71050720
71050722
71050723
71050725
71050727
71050731
71050963
71051009
71051013
71051015
71051017
71051018
71051019
71051021
71051026
71051027
71051029
71051030
71051031
71051032
71051033
71051135
71051136
71051137
71051252
71051727
71051729
71051748
71051750
71051751
71051754
71051755
71051760
71051763
71051764
71051964
71051966
71051967
71051971
71051975
71051977
71051978
71051979
71051992
71052216
71052243
71052244
71052248
71052249
71052252
71052254
71052258
71052262
71052264
71052276
71052278
71052280
71052306
71052307
71052316
71052317
71052325
71052326
71052331
71052356
71052357
71052363
71052366
71052369
71052370
71052371
71052379
71052380
71052382
71052389
71053139
71053140
71053141
71053142
71053145
71053146
71053148
71053150
71053154
71053281
71053283
71053284
71053285
71053286
71053314
71053315
71053316
71053317
71053319
71053320
71053321
71053322
71053339
71053342
71053345
71053346
71053347
71053350
71053351
71053352
71053353
71053355
71053356
71053357
71053358
71053360
71053366
71053369
71053371
71053376
71053384
71053386
71053388
71053389
71053394
71053403
71053404
71053412
71053427
71053437
71053439
71053440
71053441
71053557
71053563
71057588
71063212
71063213
71063217
71063219
71063221
71063223
71063227
71063229
71063230
71063231
71063232
71063233
71063235
71063236
710634
710635
71063695
710638
71063832
71063833
710639
71064093
71064094
71064100
71064101
71064109
71064114
71064115
71064632
71064634
71064635
71064639
71064640
71064650
71064653
71064655
71064660
71064661
71064662
71064663
71064769
71064986
71064990
71064998
71065000
71065002
71065004
71065006
71065008
71065014
71065015
71065027
71065049
71065051
71065053
71065055
71065056
71065057
71065059
71065061
71065062
71065067
71065401
71065405
71065407
71065408
71065411
71065413
71065416
71065417
71065419
71065421
71065422
71065427
71065430
71065431
71065435
71065437
71065439
71065443
71065444
71065446
71065448
71065450
71065452
71065455
71065456
71065457
71065459
71065461
71065464
71065466
71065467
71066058
71067773
71068940
71068942
71071136
71071821
71073275
71073278
71073279
71073281
71073944
71074970
71074999
71075348
71075457
71075501
71076185
71076802
71077006
71077123
71077147
71077432
71077454
71077607
71077933
71078470
71079463
71079658
71082580
71082588
710826
71083005
71083317
71083360
71083655
71085266
71085366
71085429
71085689
71086647
71086655
71086678
71086696
71086992
71087013
71087017
71087071
71087095
71087109
71087218
71087225
71087229
71087652
71087714
71087814
71087823
71087994
71088008
71088170
71088345
71088350
71088411
71088538
71088646
71088647
71089476
71089478
71089479
71089511
71089520
71089578
71089682
71089807
71089812
71089813
71089848
71089866
71089915
71089945
71089946
71090676
71090744
71091184
71091231
71091237
71091269
71091270
71091295
71091324
71091337
71091360
71091371
71091382
71091784
71091789
71091880
71092249
71092602
71093432
71093482
71093532
71093550
71093551
71093552
71093611
71093705
71093757
71093892
71093992
71093995
71093998
71094017
71094109
71094111
71094119
71094130
71094294
71094324
71094364
71094415
71094444
71094499
71094631
71095219
71095227
71095270
71095282
71095316
71095355
71095428
71095466
71095467
71095468
71095606
71095619
71095982
71096014
71096015
71096017
71096018
71096020
71096021
71096023
71096024
71096039
71096040
71096042
71096044
71096047
71096152
71096155
71096156
710965045
71097012
71097042
71097121
71097399
71097516
71097551
71097553
71098591
71099430
71099441
711
71100065
71100066
71100067
71100071
71100093
71100094
71100095
71100476
71100477
71100478
71100479
71101116
71101629
71105154
71105155
71105171
71105172
71105173
71105174
71105175
71105176
71105177
71105178
71105179
71105180
71105181
71105182
71105186
71105187
71105189
71105191
71105192
71105194
71105195
71105196
71105199
71105201
71105202
71105204
71105211
71105212
71105213
71105214
71105217
71105218
71105219
71105222
71105231
71105276
71105362
71105385
71105554
71105555
71105556
71107216
71107224
71107225
71107227
71107246
71107247
71107255
71108530
71108911
71110206
71111366
71111824
71112163
71112826
71112827
71112828
71113363
71113486
71113487
71113488
71113651
71113858
71115270
711726
712
712217
712523
713
714
714200
714208
714209
714211
714212
714213
714214
714215
714216
714221
714222
714225
714227
714230
714233
714234
714235
714236
714237
714238
714240
714651
715
715908
715911
715912
716
717
717313
717315
717319
717322
717325
717327
717330
717332
717335
717338
717340
717343
717346
717348
717351
717677
717678
717733
717835
718
718239
718314
718317
719
7195
72
720
7200000
72000112
72000160
72000167
72000214
72000215
72000216
72000218
72000219
72000220
72000221
72000222
72000223
72000295
72000775
72000777
72000789
72000925
72001785
72004377
72004378
72004402
72004403
72004404
72004405
72004406
72004407
72004408
72004409
72004410
72004411
72004412
72004413
72004414
72004415
72004443
72004444
72004445
72004447
72004448
72004449
72004450
72004451
72004452
72004453
72004454
72004455
72004456
72004457
72004458
72004459
72004460
72004461
72004462
72004463
72004464
72004465
72004466
72004467
72004468
72004469
72004470
72004471
72004472
72004473
72004474
72004475
72004476
72004477
72004478
72005153
72005991
72005993
72005994
72005995
72005996
72005997
72005998
72005999
72006000
72006001
72006002
72006003
72006004
72006005
72006006
72006007
72006008
72006009
72006010
72006011
72006012
72006013
72006014
72006015
72006016
72006066
72006067
72006068
72006069
72006070
72006071
72006507
72006961
72006962
72006963
72006964
72006965
72006966
72006967
72006968
72006969
72006970
72006971
72006972
72006973
72006974
72006975
72007402
72008279
72009557
72009881
72009882
72009883
72009884
72009885
72009886
72009887
72009888
72009889
72009890
72009891
72009892
72009893
72009894
72010863
72010864
72011073
72011074
72011075
72011076
72011077
72011079
72011080
72014006
72014193
72017518
72018540
72018692
72018756
72018903
72018904
72018944
72018946
72018949
72018953
72018956
72018957
72018961
72018964
72018965
72019000
72020909
72021008
72021010
72021426
72021427
72021428
72021429
72021430
72021818
72021819
72021820
72022086
72022087
72022088
72022089
72022090
72022091
72022092
72022093
72022094
72022095
72022096
72022097
72022098
72022099
72022100
72022101
72022102
72022103
72022104
72022105
72022106
72022108
72022109
72022110
72022111
72022112
72022116
72023150
72023151
72023152
72023745
72023746
72023748
72023761
72023763
72023764
72023765
72023766
72023767
72023769
72023770
72023771
72023772
72023773
72023774
72023775
72023776
72023777
72023778
72023779
72023780
72023781
72023782
72023783
72023784
72023785
72023786
72023787
72023789
72023790
72023791
72023792
72023793
72023794
72023795
72023796
72023797
72023798
72023799
72023800
72023801
72023802
72023803
72023804
72023805
72023806
72023807
72023808
72023809
72023810
72023811
72023812
72023813
72023814
72023815
72023816
72023817
72023818
72023819
72023820
72023821
72023822
72023823
72023824
72023995
72023996
72023997
72023998
72023999
72024000
72024001
72024002
72024003
72024004
72024005
72024006
72024007
72024008
72025185
72025660
72026368
72036896
72037352
72037354
72041885
72042356
72042360
72043001
72043002
72043003
72043004
72043005
72043006
72043007
72043008
72043009
72043010
72043012
72043013
72043015
72043016
72043017
72043018
72043019
72043020
72043021
72043022
72043023
72043025
72043026
72043027
72043028
72043029
72043030
72043032
72043040
72043041
72043487
72043489
72043490
72043491
72043492
72043493
72044430
72045518
72047296
72047536
72049313
72049317
72052048
72053036
72053495
721
722
722089
722093
722096
722097
722099
722102
722106
722109
722112
722115
722116
722118
722120
722123
722125
722128
722131
722134
722137
723
724
725
725010
725011
725012
725021
725024
725027
725034
725036
725038
725040
725042
725048
725050
725054
725057
725060
725072
725073
725074
725140
725239
725633
725636
726
727
728
7289814
729
729457
729458
729459
729461
729464
729466
729469
729472
729475
729477
729480
729483
729486
729500
729707
729749
7300002
73000053
73000054
73000172
73000198
731
73100000
73100001
73100002
73100003
73100004
73100006
73100009
73100010
73100016
73100017
73100018
73100019
73100022
732
733
733324
733653
733870
733996
734
734115
734116
734117
734118
734119
734120
734121
734122
734123
734124
734125
734126
734127
734128
734129
734130
734131
734132
734133
734134
734135
734357
734360
735
735714
735842
736
736254
736258
736267
736269
736272
736275
736280
737
738
739
74
740
7400002
7400003
7400004
7400005
7400006
7400007
7400008
7400009
7400010
7400011
7400012
74000842
74000846
74000848
74000850
74000966
74001010
74001453
7400195
7400196
7400197
7400199
7400200
7400201
7400202
7400204
7400205
7400206
7400207
74002438
7400578
7400630
7400631
7400927
74009301
74009477
7400957
7400958
7400959
7400960
74009600
7400961
74009611
74009612
74009613
74009614
74009615
7400962
74009621
74009623
74009624
74009625
7400963
74009636
74009639
7400964
74009640
74009641
74009642
74009643
74009644
74009645
74009646
74009647
74009648
74009649
74009650
74009651
74009706
74009707
74009708
74009709
74009710
74009711
74009712
74009713
74009714
74009715
74009716
74009717
74009718
74009719
74009720
74009721
74009722
74009750
74009751
74009753
74009754
74009755
74009757
74009758
74009760
74009761
74009797
74009799
74009800
74009819
74009820
74009821
74009822
74009823
74009824
74009825
74009826
74009827
74009828
74009829
74009830
74009831
74009870
74009871
74009872
74009873
74009874
74009875
74009876
74009877
74009878
74009879
74009880
74009881
74009882
74009883
74009884
74009885
74009886
74009910
74009911
74009912
74009913
74009914
74009915
74009916
74009917
74009918
74009919
74010032
7401006
74010080
74010083
74010085
74010093
74010094
74010095
74010096
74010097
74010098
74010099
74010100
74010101
74010102
74010110
74010111
74010112
74010113
74010114
74010115
74010116
74010117
74010119
74010129
74010130
74010131
74010132
74010133
74010134
74010135
74010136
74010137
74010138
74010142
74010143
74010146
74010147
74010148
74010149
74010150
74010151
74010152
74010153
74010154
74010155
74010156
74010157
74010171
74010172
74010173
74010174
74010175
74010176
74010177
74010178
74010179
74010189
74010190
74010191
74010192
74010193
74010194
74010195
74010196
74010197
74010198
74010199
74010200
74010201
74010202
74010204
74010205
74010206
74010207
74010226
74010227
74010228
74010229
74010230
74010231
74010232
74010233
74010234
74010235
74010236
74010237
74010238
74010239
74010240
74010252
74010253
74010254
74010313
74010314
74010316
74010317
74010318
74010319
74010320
74010321
74010322
74010325
74010326
74010327
74010328
74010329
74010405
74010406
7401046
74010702
74010820
74010833
74010834
74010835
74010836
74010838
74010839
74010841
74010842
74010843
74010845
74010846
74010877
74010913
74010914
74011034
74011035
74011036
74011037
74011038
74011039
74011041
74011042
74011044
74011045
74011055
74011056
74011057
74011058
74011059
74011067
74011068
74011069
74011073
74011075
74011078
74011083
74011084
74011088
74011089
74011090
74011091
74011156
74011325
74013432
74013557
74013561
74013562
74014398
74014410
74014537
74014538
74014539
74014540
74014541
74014542
74014543
74014544
74014545
74014546
74014547
74014669
74014670
74014672
74014676
74014677
74014678
74014681
74014683
74015194
74015286
74015288
74015290
74015291
74015330
74015335
74015336
74015337
74015339
74015341
74015343
74015346
74015347
74015349
74015351
74015369
74015437
74015438
74015439
74016746
74016753
74016755
74016763
74017872
7401904
74028399
74028515
74028521
74029117
74029125
74029466
74029604
74029608
74029611
74029817
74029833
74030734
74030983
74031060
74031308
74031481
74032523
74032529
74032559
74033418
74033518
74033656
74034141
74034145
74034149
74034361
74034371
74034529
74034590
74034675
74034808
74034835
74034901
7403523
74036871
74036914
74036970
74036979
74037009
74037458
74037551
74037710
74037728
74037742
74037983
74038133
74038182
74039744
74039747
74039749
74039751
74039753
74039756
74039757
74039780
74039788
74039790
74039798
74039829
74039830
74039831
74039832
74039833
74039834
74039835
74039909
74040530
74040560
74040572
74040677
74041055
74042156
74043471
74044584
74044585
74044609
74044611
74044612
740465
74046602
74046677
74046679
74046688
740468
74046806
74046892
74046982
74047209
74047328
74047392
740482
74048221
74048230
74048237
74048247
740485
740488
740491
740492
740495
74049659
74049869
740499
740502
740503
74050543
74050552
740506
74050792
740509
74050956
74050961
740512
74051224
740515
74051822
74051836
74051851
74051870
74051881
74051901
74051909
74051910
74051911
74051992
74052007
74052139
74052169
74052500
74052502
740527
74054954
74054957
74055221
74055230
74055253
74055262
74055577
74055818
74055842
74055850
74055858
74057168
741
741380
741496
741497
741621
742
7420095
7420096
7420097
7420098
743
743226
744
7440956
7441039
7441042
7441045
7441048
7441051
7441057
7441060
7441062
7441065
7441068
7441071
7441078
7441081
7441083
7441086
7441088
7441091
7441094
7441097
7441099
7442930
7442995
7442999
7443019
7443033
7443036
7443168
744319
7443191
744320
7443336
7443476
7443945
7443983
7444307
7444459
7444631
7445154
7445181
7445184
7445236
7446183
7446359
7446362
7446365
7446367
7446368
7446370
7446373
7446375
7446378
7446381
7446384
7446387
7446390
7446393
7446396
7446398
7446401
7446404
7446407
7446410
7446413
7446416
7446418
7446421
7446424
7446427
7446430
7446432
7446435
7446438
7446441
7446444
7446447
7446450
7446453
7446458
7446461
7446462
744724
7448009
7452053
7452056
7452059
7452061
7452064
7452067
7452070
7452071
7452072
7452074
7452075
7452078
7452081
7452084
7452087
7452090
7452093
7452096
7452099
7452102
7452105
7452108
7452111
7452114
7452117
7452120
7452123
7452125
7452128
7452131
7452134
7452136
7452139
7452142
7452145
7452149
7452151
7452154
7452155
7452158
7456324
7456325
7456326
7456485
745805
745810
745976
746
7460512
746631
7480058
7480060
7480175
7480691
7480847
7481153
7481154
7481155
7481171
7481245
7481295
7481328
7481807
7481808
7481809
7481820
7483150
7483388
7483392
7483443
7484292
7484293
7484294
7484304
7484305
7484306
7484307
7485067
7485610
7486426
75
750
75000006
75000007
75000008
75000009
75000010
75000011
75000012
75000013
75000014
75000015
75000016
75000017
75000018
75000019
75001840
75003193
75003194
75003195
75003196
75003197
75003198
75003200
75003201
75003202
75003203
75003204
75003205
75003206
7500335
7500336
7500337
7500338
7500339
7500340
7500341
7500342
7500343
7500344
7500346
7500347
7500349
7500350
7500352
7500386
7500387
7500388
7500389
7500390
7500392
7500393
7500394
7500395
7500396
7500397
7500398
7500399
7500401
7500402
7500403
7500405
7500406
7500407
7500408
7500409
7500410
7500411
7500412
7500414
7500415
7500416
7500417
7500418
7500419
7500420
7500421
7500422
7500423
7500424
7500425
7500426
7500428
7500429
7500431
7500432
7500434
7500435
7500436
7500437
7500438
7500442
75004744
75004745
75004746
75004747
75004748
75004749
75004750
75004751
7500563
75007086
75007087
75007145
7500911
7500912
7500913
7500915
7500916
7500917
7500918
7500919
7500920
7500921
7500922
7500923
7500924
7500925
7500926
7500929
75015825
75016816
75016817
75016818
75016819
75016820
75016821
75016830
75016831
75016832
75017468
75017472
75017486
75017505
75017591
75019120
75019122
75019124
7501924
7501925
7501926
7501927
7501928
7501930
7501931
7501932
7501933
7501934
7501936
7501937
7501938
7503103
7503128
7503293
7503314
75034124
75034125
75034126
75034127
75034128
75034129
75034130
75034131
75034132
75034133
75034134
75034135
75034136
75034140
75034141
75034142
75034143
75034144
75034811
75035850
75035851
75035852
75035853
75035854
75035855
75035856
75035857
7503715
7503718
750375
7503776
7504007
75041132
75041272
75041279
75041286
75041293
75041300
75041307
75041314
75041321
75041328
75041335
75041342
75041349
75041356
75041367
75041376
7504283
7504295
7504299
75043128
75043129
75043143
75043144
75043145
75043146
75043147
75043148
75043149
75043150
7504329
7504469
75045965
750476
750482
75049562
75049563
75049564
75049565
75049566
75049569
75049570
75049571
75050453
75050454
75050455
75050456
75050457
75050458
75050459
75050460
75050461
75050462
75050463
75050464
75050465
75050466
75050467
75050468
75050469
75050470
75050471
75050472
75050475
75050476
75050477
75050478
75050479
75050480
75050481
75050484
7505089
75051145
75051146
75053373
75053374
75053375
75053376
75053377
75053378
75053504
75053505
75054638
750549
75054968
7505770
7505779
750578
7505788
7505799
7505803
75058226
75058227
75058228
75058229
75058230
75058231
75058232
75058233
7505855
7505859
7505872
7505936
7505940
7505947
7505950
7505956
7505960
7505965
7505976
7505980
7505989
7505999
7506005
7506010
7506013
7506018
7506025
7506032
7506039
7506043
7506055
7506060
7506068
7506079
750608
7506099
7506105
7506121
7506124
7506125
750614
750616
750619
750624
750630
750633
7506468
7506471
750662
7506964
750705
750750
750765
750767
750770
750774
750775
750776
750777
750778
750779
750780
7508332
750844
7508538
7508549
7508559
7508574
7508581
7508587
7508590
7508602
7508605
7508608
7508614
7508617
7508623
7508628
7508631
7508634
7508637
7508640
7508643
7508646
7508649
7508652
7508655
7508658
7508661
7508664
7508667
7508670
7508673
7508676
7508679
7508691
7508694
7508697
7508700
7508703
7508712
7508715
7508718
750872
7508721
7508724
7508727
7508730
7508733
7508736
7508739
7508742
7508745
7508748
7508751
7508754
7508755
7508757
7508760
7508763
7508766
7508769
7508772
7508775
7508778
7508781
7508784
7508796
750880
7508805
7508811
7508817
7508820
7508823
7508826
7508829
7508835
7508838
7508844
7508849
7508855
7508858
7508861
7508865
7508871
7508874
7508877
7508880
7508883
7508886
7508889
7508898
7508901
7508907
7508913
7508916
7508919
7508922
7508925
7508944
7509082
7509142
7509401
750950
750965
751
7510557
7510566
751130
75116095
7511755
751234
751253
7512688
7512703
7512727
7512919
7512923
7512926
7512958
751324
751520
751539
751587
751869
751928
751939
7520459
7520460
7520461
7520462
7520463
7520464
7520466
7520467
7520469
7520470
7520471
7520472
7520473
752086
7521255
7521256
7521257
7521258
7521259
7521260
7521261
7521262
7521263
7521264
7521265
7521266
7521267
7521268
7521269
7521270
7521271
7521272
7521273
7521274
7521275
7521276
7521277
7521278
7521279
7521280
7521281
7521282
7521283
7521285
7521286
7521287
7521288
7521289
7521290
7521291
7521292
7521293
7521294
7521295
7521296
7521297
7521298
7521299
7521300
7521301
7521302
7521303
7521304
7521305
7521306
7521307
7521308
7521309
7521310
7521311
7521312
7521313
7521314
7521315
7521316
7521317
7521318
7521319
7521320
7521321
7521322
7521323
7521324
7521325
7521326
7521327
7521328
7521329
7521330
7521331
7521332
7521333
7521334
7521335
7521336
7521337
7521338
7521339
7521340
7521341
7521342
7521343
7521344
7521345
7521450
7522611
7522625
7522626
7522627
7522628
7522629
7522630
7522631
7522632
7522633
7522634
7522635
7522636
7522637
7522638
7522639
7522763
7522764
7522765
7522801
7522810
7522811
7522812
7522813
752364
752405
7524223
7524224
7524231
7524233
7524296
7524297
752448
752470
7524765
752496
752561
752571
752587
752588
752675
752689
752821
752858
753166
753207
753245
753423
753604
753808
753817
753877
753882
753915
753996
7540025
7540027
7540029
7540031
7540033
7540035
7540038
7540042
7540044
7540046
7540049
7540051
7540054
7540057
7540059
7540061
7540063
7540065
7540067
7540072
7540076
7540080
7540081
7540086
7540090
7540205
7540445
7540446
7540447
7540448
7540449
7540450
7540451
7540453
7540454
754191
7541997
7542071
7542194
7542195
7542196
7542197
7542199
7542200
7542201
7542202
7542203
7542204
7542205
754226
754228
754234
754238
754242
7542450
7542451
7542452
7542453
7542454
7542455
7542456
754251
754260
7542687
754272
754276
7542765
754283
7543102
7543265
7543276
7543568
7543631
7543791
7544054
7544092
7544096
7544102
7544114
7544116
7544134
7544139
7544369
7544887
7544893
7545117
7545680
7545684
754632
7546335
7546336
7546337
7546350
7546368
754638
7546404
7546405
7546430
7546432
7546743
7546756
7546757
7546758
7546759
7546760
7546761
7546779
7546798
7546800
7546801
754683
7546995
7547031
7547036
7547553
7547562
7547569
7547570
7547571
7547572
7547593
7547613
7547883
7547953
7549073
754928
754972
755125
755163
755249
755708
755774
755776
755781
755783
755786
755788
755792
755795
755798
755800
755804
755807
7560015
7560016
7560017
7560018
7560019
7560020
7560021
7560050
756045
7560706
7560710
7560711
7560712
7560713
756125
7562533
7562537
7562539
7562540
7563781
7563782
7563783
7563786
756436
7564894
7564895
7565206
7565209
7565210
7565211
756535
756596
757668
7580041
7580042
7580043
7580044
7580055
7580056
7580059
7580285
7580539
7580708
7580709
7580710
7580828
7580943
7580966
7581080
7581081
7581082
7581087
7581325
7581326
7581445
7581525
7581622
7581713
7581861
7581975
758199
7582015
7582032
7582048
7582373
758297
758302
7583189
7583424
7583425
7583426
7583427
7583428
7583590
7583600
7583601
758385
758387
758390
7584115
7584260
7584269
7584334
7584335
7584346
7584347
7584348
758438
7584795
7584922
7585329
7585547
7585548
758599
758611
7586250
7586282
7586621
7586643
7586982
7586985
7586986
7587020
7587021
758771
758775
758785
758972
758980
759137
759312
759318
759557
76
760002
76000529
7600060
7600117
7600120
7600156
76003517
76003535
76003761
76003772
76003774
76003780
76003781
76003782
76003785
76003787
76003790
76003791
76003794
76003797
76003798
76003801
76003804
76003807
76003809
76003822
76004125
7600575
76005877
76006068
76006071
76006073
76006075
7600724
7600726
7600854
7600989
76010901
7601275
7601276
7601277
760138
76014786
76014787
76014790
76014792
76014794
76014796
76014798
760148
76014800
76014802
76014803
76014804
76014805
76014806
76014807
760149
7601621
7601653
7601665
7601675
7601795
7601797
76019314
76023193
76033284
76034837
76034850
76034968
76036918
76039812
76040720
76040917
76040918
76040919
76040920
76040921
76040923
76041434
76041773
76041774
76041775
76041776
76041777
76041778
76041779
76041780
76041781
76041782
76041783
76042835
76045729
76046381
76046760
76057246
76057251
76058672
76058805
76058839
76058872
76062174
76063693
76063701
76063711
76063713
760642
76066099
760840
760980
760991
761942
761977
762095
762148
762191
762209
762212
762216
762217
762225
762277
762302
762331
762379
762382
762385
762390
762391
762414
763289
763464
763563
763999
7640002
7640206
7641313
7641314
7641873
764194
7641985
7642365
7642394
7642395
7642531
7642559
7642741
7643096
7643168
7643471
7643498
7643502
7643506
7643870
7644125
764457
764672
764884
765963
766164
766217
766252
766260
766284
766408
766430
766529
766550
766560
766564
766572
766610
766897
766899
766946
767049
767053
767123
767202
767649
767937
768
7681005
7681007
7681010
7681543
7681696
7681958
768852
769021
769210
769605
7700001
7700006
7700016
7700019
77000393
77000394
7700122
77001503
77001682
77001686
77001691
77001695
77001697
77001701
77001704
77001708
77001714
77001716
77001720
77001724
77001727
77001730
77001733
77001735
77001823
77002090
77003078
77003079
77003080
77003082
77003119
77003120
77004036
77004040
77004041
77004042
77004043
77004045
77004047
77004056
77004057
77004060
77004062
77004063
77004065
77004066
77004067
77004068
77004069
77004070
77004071
77004073
77004074
77004075
77004077
77004088
77004090
77004091
77004092
77004093
77004230
77004609
77004703
77005763
77005796
77005815
77005834
77008792
77008813
77012227
77012260
77012629
77012630
77012631
77012632
77012926
77013065
77013066
77013067
77013070
77013153
77013388
77013598
77013652
77013660
77013864
77013867
77013952
77013961
77013992
77013994
77013995
77013996
77013997
77014004
77014224
77015129
77015312
77015899
77015902
77015974
77015979
77016088
77016402
77016700
77016704
77016717
77017082
77017118
77027912
77027923
77027948
77028494
77028737
77029473
77029503
77029511
77029534
77029556
77029564
77029579
77029596
77029606
77031003
77031564
77032098
77032168
77032192
77032197
77032438
77033922
77034044
77034084
77034119
77034134
770343
77044575
77044579
77044594
77044601
77044614
77044624
77044641
77044669
77045787
77045795
77045805
77045808
77045819
77045828
77045836
77045843
77045850
77045858
77045869
77045984
77046425
77046456
77046469
77046940
77046941
77046948
77046955
77046970
77046980
77046992
77046999
77047006
77047013
77047020
77047034
77047041
77047049
77047119
77047126
77048392
77048410
77048426
77048436
77048585
77048625
77048634
77048871
77050930
77050942
77050952
77051044
77051285
77051300
77051307
77051317
77051326
77051333
77051337
77051348
77051355
77051362
77051369
77051378
77051388
77051394
77051401
77051408
77051415
77051422
77051430
77051437
77051444
77051451
77051492
77051503
77051513
77051520
77051527
77051534
77051543
77051550
77051557
77051849
77051861
77052374
77052610
77052626
77052707
77053259
77055296
77055556
77055572
77055579
77055586
77055805
77055813
77056794
77056803
77056820
77056832
77056840
77056850
77056864
77056874
77056897
77059712
77059737
77060049
77060065
77060073
77060085
77060092
77060228
77060324
77060325
77060496
77060566
77060770
77060817
77060902
77060941
77061018
77061068
77062708
77062868
77062879
77064268
771247
771254
7720037
7720039
7720054
772780
772821
7740896
7741126
7741275
7741409
7741422
7741454
7741512
7742131
7742377
7742409
7742461
7742798
7742801
7742802
7742803
7742804
7742805
7742806
7742807
7742808
7742831
7742832
7742833
7742855
7742856
7742871
7742872
7742876
7742940
7743236
7743260
7743261
7743366
7744722
7746334
7746528
7746529
7746530
7746531
7746532
7746533
7746557
7746558
7746745
7746746
7746764
7746766
7747056
7747141
7748401
7749291
7749295
7749297
7749301
7749306
7749309
7749312
7749315
7749317
7749318
7749321
7749322
775154
775155
775156
775157
775159
775160
775161
775163
775165
775166
775185
775186
775187
775197
775198
775199
775200
775201
775202
775203
775204
775205
775206
775207
775209
775211
775212
775213
775214
775266
775267
775268
775269
775357
775358
775359
775360
775361
775362
775363
775364
775365
776277
776278
776279
776280
776284
776285
776286
776287
776288
777
78
7800000
7800063
7800064
7800330
7800332
7800333
7800334
7800341
78004135
78004136
78004207
7800482
7800483
7800516
78008624
78008625
78008658
7800917
7800918
78009701
7800985
7800986
7800987
7800988
7800990
7800991
7801116
7801117
7801119
7801120
7801122
7801123
78012164
78014831
78014907
78014916
78014917
78014918
78014919
78014920
78014921
78014923
78014924
78014925
78014926
78014927
78014928
78014929
78014930
78014931
78016110
78016112
78016114
78016879
78016880
78021119
78022246
78023541
78023584
78024494
78025273
78025617
78025638
78025729
78026229
78026457
78026676
78027338
78027478
78027481
78030328
78030362
78030380
78031231
78031246
78031254
78037078
78037094
78037123
78037145
78037328
78037666
78037929
78038748
78039462
78041593
78045970
78046486
78046496
78046503
78046511
78046517
78046523
78046534
78046541
78046547
78046553
78046574
78046974
78047154
78047440
78047452
78047487
78047503
78047509
78047545
78047556
78047795
78047833
78048281
78048289
78048306
78048331
78048470
78048664
78048673
78048682
78048694
78048710
780518
780519
780520
780521
780522
780523
78058044
78058060
78058252
78058274
78058291
78058310
78059988
78060000
78060018
78060036
78060052
78060084
78060100
78060142
78060165
78060181
78060263
78060278
78060302
78060319
78060358
78061057
78061732
78061755
78061774
78061794
78061809
78061834
78061845
78061862
78061885
78061947
78061974
78062014
78062021
78062030
78062043
78062214
78062723
78062748
78062774
78062798
78062844
78063307
78063324
78063416
78063426
78063466
78063490
78065816
78067544
78067561
78067586
78067598
78067606
78067612
78067619
78067627
78067656
78067703
78067715
78067728
78067740
78067747
78067758
78067784
78067791
78067824
78067834
78067846
78067864
78068024
78068036
78068082
78068114
78068147
780682
78068205
78068223
78068243
78068261
78068277
780683
78068320
78068343
78068355
780684
78068455
78068496
780685
780686
78068623
78068642
78068656
78069169
78069177
78069186
78069216
78069768
78070029
78070073
78070095
78070118
78070138
78070158
78070166
78070197
78070224
78070254
78070267
78070280
78070422
78070433
78070441
78070455
78070461
78070878
78070896
78071067
78071083
78071095
78071131
78071177
78071198
78071209
78071224
78071239
78071270
78071382
78071424
78071435
78071450
78071560
78071679
78071738
78071983
78072005
78072017
78072192
78072205
78072260
78072369
78072410
78072441
78072568
78072596
78072611
78072637
78072682
78072799
78072872
78072884
78072928
78072958
78072999
78073049
78073068
78073082
78073124
78073141
78073159
78073170
78073183
78073241
78073256
78073273
78073305
78073318
78073329
78073423
78073489
78073507
78073515
78073542
78073549
78073560
78073568
78073575
78073582
78073600
78073621
78073632
78073660
78073678
78073692
78073699
78073728
78073743
78073881
78073890
78073903
78073921
78073935
78073954
78074042
78074160
78074169
78074476
78074484
78074530
78074661
78074675
78074693
78074704
78074746
78074813
78074834
78074849
78074864
78074909
78074970
78074992
78075016
78075138
78075218
78075263
78075310
78075326
78075406
78075498
78075668
78075741
78075804
78077868
78078023
780784
78078587
78078718
78078789
78078798
78078975
78078993
78079175
78079228
78079389
78079688
78079795
78079807
78079824
780801
780802
78082418
78082432
78082439
78082644
78085671
78085686
78085902
78087240
78088177
78088256
78088280
78100606
78101550
78101761
78101762
78101763
78101764
78101765
78101766
78101767
78101768
78101860
781042
781053
7820488
782467
782882
783049
783725
783726
783737
783738
783739
783756
783798
783799
783801
7840005
7840106
7840107
7840108
7840109
7840110
7840111
7840112
7840113
7840114
7840131
7840140
7840141
7841425
7841426
7841979
7841980
7841981
7842247
7842686
7842707
7842820
7842821
7842822
7842823
7842824
7842825
7842955
7843560
7860039
7860040
7860056
7860058
7860059
7860060
7860061
7860419
7860420
7860421
7860422
7860423
7860424
7860899
7860906
7860907
7860919
7860920
7860921
7860925
7861687
7861688
7861695
7861698
7861699
7861700
7861701
7861702
7861705
7861713
7861716
7861717
7861719
7861738
7862069
7862546
7862548
7862549
7862551
7862552
7862554
7862556
7862559
7862560
7862561
7862562
7862563
7862564
7862566
7862665
7862670
7862683
7862690
7862710
7862785
7862840
7862872
7862921
7863071
786323
7863322
786372
786384
786385
786386
786397
786398
786400
7864051
786417
786419
786445
786446
7864534
7864594
7864760
786512
786513
786514
786515
786516
786518
786519
786520
786521
786522
786523
786524
786525
786526
786527
786528
786529
786530
786531
786532
786533
786534
786535
786536
786537
786538
786539
786540
786541
786542
786544
786545
786546
786547
786548
786549
786550
786551
786552
786554
786555
786556
786557
786558
786559
786560
786561
786562
786564
786565
786566
786567
786568
786569
786572
786573
786574
786575
786576
7866872
7867984
7867996
7868534
7868547
7868636
7868707
7868750
7868776
7868795
7868886
7869022
7869280
7869303
7869776
7869863
787756
787757
787758
787759
787760
787761
787762
787800
787801
787802
787803
787804
787808
787809
7880000
7880049
7880050
7880051
7880052
7880053
7880054
7880073
7880079
7880080
7880107
7880134
7880209
7880311
788831
788832
788833
788834
788837
788838
788839
788840
788842
788844
788845
788846
788847
788848
788849
788850
788852
788853
788854
788855
788856
788857
788858
788859
788860
788861
788862
788863
788864
788865
788866
788867
788868
788869
788870
788871
788872
788875
788879
788880
788881
788883
788885
788886
788888
788890
788891
788892
788893
788894
788895
788896
788897
788898
788900
788901
788902
788903
788904
788905
788906
788907
788908
788909
788910
788911
788912
788913
788915
788916
788917
788918
788919
788921
788922
788923
788924
788925
788926
788927
788928
788929
788930
788931
788932
788933
788934
788935
788936
788937
788938
788939
788940
788941
788944
788946
788947
788948
788949
788950
788951
788952
788953
788955
788957
788958
788959
788960
788961
788963
788964
788965
788966
788967
788969
788970
788971
788972
788973
788976
788978
788979
788985
788989
788990
788993
788994
788997
790002
79002070
79003052
7900346
7900347
7900348
7900349
7900350
7900351
7900353
7900355
7900428
79004826
7900547
7900601
7900602
7900613
79007385
79010299
79010300
79012071
79012073
79012076
79012659
79013279
79013280
79013281
79013282
79013283
79013284
79013881
79013887
79013889
79013891
79013895
79024243
79024244
79024245
79025998
79027303
79027306
79027308
79029139
79029140
79029146
79029148
79030590
79030593
79030596
79030599
79030600
79030601
79030602
79032352
79032354
79032355
79032877
79032883
79032886
79032889
79032890
79032894
79033840
79033848
79033849
79033852
79033853
79033865
79033866
79035420
79035421
79035422
79035423
79035424
79035425
79035426
79035427
79035428
79035429
79035430
79035431
79035432
79035433
79035434
790926
790927
790928
790929
790930
790931
790932
790963
790964
790967
790968
790971
790972
790973
790975
790976
790977
790978
790979
790980
790982
790983
790990
790992
790993
790996
790997
790998
790999
791000
791002
791004
791048
791049
791050
791051
791052
791053
791054
791055
791056
791057
791058
791059
791060
791061
791067
791068
791083
791084
791085
791141
791142
791143
7920260
7920296
7920336
7920351
7920352
7920353
7920354
7920355
7920356
7920357
7920358
7920359
7920360
7920361
7920362
7920363
7920364
7920365
7920366
7920488
7920489
7920490
7920491
7920492
7920493
7920494
7920495
7920496
7920497
7920498
7920499
7920500
7920501
7920502
7920503
7920504
792244
792245
792246
792248
792250
792251
792252
792253
792254
792255
792256
792257
792258
792259
792261
792262
792265
792266
792267
792268
792269
792270
792271
792272
792273
792274
792276
792277
792278
792279
792280
792281
792282
792283
792285
792286
792287
792288
792289
792290
792291
792292
792295
792296
792297
792298
792299
792306
792314
792315
792316
792317
792318
792319
792320
792322
792323
792324
792325
792327
792328
792329
792330
792331
792332
792333
792334
792335
792336
792337
792338
792341
792345
792347
792349
792350
792351
792352
792353
792354
792355
792356
792357
792359
792361
792362
792363
792365
792367
792368
792369
792370
792372
792373
792374
7923742
792375
792376
792381
792385
792386
792387
792389
792390
792393
792394
792395
792398
792399
792401
792403
792405
792406
792434
792436
792437
792439
792442
792443
792444
792448
792449
792451
792453
792455
792459
792462
792463
792465
792468
792472
792476
792477
792478
792479
792480
792481
792482
792486
7940103
7940149
7940162
7940186
7940193
7940199
7940201
7940203
7940206
7940210
7940212
7940214
7940217
7940219
7940222
7940226
7940229
7940232
7940235
7940240
7940242
7940245
7940248
7940256
7940266
7940269
7940276
7940281
7940284
7940286
7940287
7940288
7940289
7940290
7940292
7940294
7940296
7940299
7940301
7940304
7940306
7940309
7940311
7940313
7940315
7940318
7940320
7940323
7940326
7940329
7940331
7940336
7940339
7940342
7940344
7940346
7940349
7940357
7940381
7940383
7940385
7940387
7940389
7940391
7940392
7940395
7940399
7940402
7940404
7940407
7940409
7940410
7940412
7940415
7940418
7940419
7940421
7940423
7940425
7940427
7940429
7940432
7940435
7940438
7940440
7940443
7940445
7940447
7940448
7940449
7940451
7940453
7940455
7940457
7940458
7940460
7940462
7940465
7940467
7940469
7940471
7940474
7940476
7940478
7940482
7940484
7940486
7940489
7940491
7940493
7940495
7940497
7940500
7940502
7940504
7940505
7940508
7940509
7940511
7940520
7940869
7940962
7941157
7941254
794744
7960002
7960003
7961091
7961149
7980046
7980047
7980048
7980049
7980050
7980051
7980052
7980053
7980054
7980055
7980056
7980057
7980063
7980064
7980065
7980067
7980354
7980355
7980356
7980357
7980359
7980360
7980362
7980363
7980364
7980365
7980367
7980368
7980373
7980374
7980797
7980800
7981245
7981249
7981253
7981639
7981643
7981649
7981650
7982814
7982815
7982848
7983159
7983160
7983161
7983162
7983163
7983164
7983434
7983435
7983703
7983704
7983705
7983706
7983707
7983708
7983709
798371
7983710
7983711
7983712
7983713
7983714
7983715
7983716
7983717
7983718
7983719
7983720
7983721
7983722
7983723
7983724
7983725
7983726
7983727
7983728
7983729
7983730
7983731
7983732
7983733
7983734
7983735
7983736
7983737
7983738
7983739
7983740
7983741
7983742
7983743
7983744
7983745
7983746
7983747
7983748
7983749
7983750
7983751
7983752
7983753
7983754
7983755
7983756
7983757
7983758
7983759
7983760
7983761
7983762
7983763
7983764
7983765
7983766
7983767
7983768
7983769
7983820
7984172
7986915
7986919
7986929
7987939
7987940
7987941
7987942
7987943
7987944
7987945
7987946
7987947
7987948
7987949
7987950
7987951
7987952
7987953
7987954
7987955
7987956
7987957
7987958
80
800
800000773
80000082
800000855
80000097
80000476
80000569
80000576
80000605
80000610
80000637
80000638
80000641
80000642
80000643
80000644
80000645
80000646
80000647
80000648
80000649
80000650
80000651
80000652
80000653
80000654
80000656
80000657
80000658
80000659
80000690
80000711
80000712
80000713
80000714
80000715
80000716
80000717
80000718
80000719
80000765
80000771
80000772
80000773
80000857
80000858
80000859
80000860
80000861
80000862
80000863
80000864
80000920
80001234
80001276
80001277
80001366
80001405
80001406
80001407
800017
800032
800055
80006732
80006733
80006734
80006891
80006892
80010008
80010010
80010011
80010012
80010013
80010014
80010015
80010016
80010017
80010023
80010025
80010086
80010087
80010104
80010106
80010107
80010108
80010110
80010111
80010112
80010113
80010114
80010115
80010190
80010191
80010192
80010193
80010194
80011247
80011248
800118
800122
80012619
80012622
800133
80013398
800140
80024182
80024183
80024184
80024185
80024186
80024187
80024188
80024189
80024190
80024191
80024192
80024193
80024194
80024195
80024197
80024198
80024199
80024200
800256
80025645
80025704
800258
80027074
80027079
80027080
80027081
80028098
80028099
80028100
800285
80029240
80029503
80030063
80030074
80030079
80030080
80030081
80030082
80030083
80030084
80030085
80030086
80030087
80030088
80030089
80030090
80031928
80032002
80032009
80032010
80032014
80032018
80032022
80032148
80033814
80033836
80033843
80033849
80034056
80034058
80034060
80034062
80034064
80034066
80035753
80035760
80036098
80036105
800366
800776
800796
800830
800875
800955
800962
801051
80107139
801154
801440
801490
801552
801637
801697
801756
801812
801867
801870
801903
801910
802143
802171
802198
802203
802236
802266
802270
802288
802305
802308
802359
803
804
8048227
805
8050049
8050050
8050051
8050074
8050075
8050077
8050179
8050324
8050325
8050326
8050327
8050330
8050331
8050332
8050397
8050399
8050400
8050401
8050402
8050403
8050405
8050406
8050407
8050409
8050410
8050413
8050414
8050416
8050417
8050418
8050419
8050420
8050423
8050424
8050425
8050429
8050437
8050496
8050547
8050586
8050897
8050938
8050944
8050945
8050946
8050947
8050948
8050949
8050950
8050951
8050952
8051331
8052060
8053609
8053610
8053611
8053612
8053613
8054120
8055390
8055399
8055758
8055759
8055773
8055847
8055870
8055985
8055987
8055996
8056013
8056018
8056021
8056025
8056027
8056028
8056030
8056031
8056032
8056034
8056036
8056038
8056104
8056105
8056106
8056133
8056148
8056434
8056954
8056959
8056961
8058078
8058409
8058410
8058411
8058918
8059110
8059239
8059283
8059368
8059397
8059789
8059830
806
8060063
8060084
8060557
8060766
8060941
8060942
8060945
8060946
8060970
8060971
8060972
8060973
8060975
8060976
8060979
8060980
8060981
8061031
8061054
8061326
8061472
8062002
8062126
8062319
8062380
8063057
8064339
8064348
8064416
8065646
8066912
8066916
8066921
8066924
8066949
8066969
8066975
8066991
8067007
8067025
8067029
8067033
8067038
8067060
8067075
8067091
8067102
8067105
8067173
8067192
8067787
8067897
8067937
8067987
8068106
8068247
8070946
8071467
8071468
8071470
8071587
8071592
8071597
8071628
8071631
8071638
8071652
8071655
8071659
8071662
8071666
8071670
8071681
8071691
8071708
8071714
8071718
8071723
8071730
8071735
8071743
8071786
8071789
8071820
8071826
8071839
8071845
8071873
8071876
8071881
8071969
8072071
8072511
8073000
8073829
8073851
8073891
8073895
8073914
8074004
8074007
8074053
8074090
8074113
8074125
8074128
8074151
8074200
8074209
8074215
8074218
8074224
8074240
8074249
8074252
8074344
8074347
8074350
8074372
8074375
8074387
8074445
8074448
8074451
8074454
8074468
8074471
8074483
8074498
8074516
8074519
8074545
8074573
8074594
8074617
8074648
8074739
8074742
8074798
8074807
8074881
8074890
8074949
8074966
8075000
8075024
8075072
8075075
8075096
8075102
8075105
8075111
8075135
8075202
8075234
8075252
8075267
8075270
8075420
8075424
8075460
8075476
8075498
8075501
8075512
8075522
8075525
8075581
8075615
8075618
8075648
8075660
8075683
8075736
8075739
8075743
8075766
8076029
8076344
8076416
8076417
8076602
8076630
8076631
8076632
8076658
8076675
8076683
8076707
8076708
8076709
8076724
8076743
8076744
8076745
8076746
8076747
8076749
8076767
8076768
8076769
8076770
8076793
8076794
8076843
8076844
8076845
8076846
8076847
8076849
8076863
8076897
8076898
8076899
8076936
8077021
8077597
8079333
808
8080729
8081702
8082068
8082069
8082070
8082072
8082073
8082075
8082077
8083031
8083336
8083876
8083879
8084039
8084175
8084193
8084198
8084203
8084208
8084213
8084220
8084224
8084227
8084230
8084233
8084236
8084243
8084246
8084250
8085589
8085605
8086191
809
81
810
81000004
81000042
81000514
81000554
81000555
8100058
81000639
8100080
8100104
8100129
81001684
81001737
81001739
81001742
81001748
81001751
81001753
81001756
81002776
8100363
8100527
8100532
8100533
8100632
8100711
8100741
8100746
8100747
8100783
8100786
810087
8100875
810090
8100900
8100916
810093
81009529
81009547
81009556
81009557
81009559
81009561
81009562
81009762
81010085
81010086
81010102
81010126
81010134
81010381
81010699
81010711
81010713
81010716
81010718
8101079
81010889
81010942
81010944
81010947
81010949
81010950
81010984
81010987
8101103
8101202
8101218
810125
81012788
81012799
810128
81012811
81012817
8101282
81012852
81012861
810130
8101301
810132
8101334
8101369
8101421
8101565
810187
8102026
8102028
8102030
8102032
8102034
8102036
8102039
8102040
8102041
8102043
8102044
8102348
8102427
8102437
8102468
8102590
81027612
81027732
8102781
8102796
81028196
8102976
81029960
81030419
81030433
81030894
81031589
81031613
81031615
81031616
8103207
8103210
8103298
81034404
81034405
81035159
8103641
8103642
81039685
81040498
81041452
8104219
8104315
81043972
8104469
8104511
8104518
8104680
8104681
8104682
8104683
8104684
8104685
8104686
8105004
8105108
8105386
8105388
8105460
8105564
8105698
8105827
8106134
8106138
8106308
8106702
8106752
8106786
8106801
8106804
8106883
8106973
8106978
8107062
8107065
8107142
8107474
8107476
8107784
8108027
8108471
8108816
8109030
8109380
8109381
8109563
810987
811
8110343
8110482
8110489
8110491
8110493
8110494
8110499
8110500
8110505
8110507
8111422
8111438
8111533
8112364
8112375
8112917
8112928
8112929
8112930
8112931
8112932
8112933
8112934
8112935
8113012
8113013
8113017
811339
8114879
8114880
8115047
8115048
8115821
8116010
8117087
8117093
8118001
8118035
8119819
8119988
8119999
813
813849
813905
813966
813971
813974
813978
814042
814045
814048
814050
814053
814056
814059
814062
814065
814068
814071
814074
814077
814080
814085
814086
814089
814092
814094
814095
814098
814101
814104
814344
814345
814350
814354
814356
814359
814361
814364
814367
814370
814373
814375
814378
814381
814384
814387
814390
814391
814394
814396
814399
814401
814404
814410
814413
814416
814419
814422
814426
814429
814431
814434
814437
814440
814443
814446
814449
814452
814455
814458
814461
814462
814465
814468
814474
814481
814485
814486
814489
814492
814495
814499
814500
814503
814506
814508
814511
814514
814517
814587
814590
814593
814596
814599
814602
814605
814608
814611
814614
814617
814620
814623
814626
814629
814632
814635
814638
814641
814644
814647
814650
814653
814656
814659
814662
814665
814668
814671
814674
814677
814680
814683
814687
814690
814693
814695
814698
814701
814703
814706
814709
814712
814715
814718
814721
814724
814727
814730
814733
814736
814739
814741
814743
814746
814749
814752
814755
814758
814829
814832
814834
814837
814840
814843
814846
814849
814852
814855
814858
814861
814864
814865
814868
814871
814874
814877
814880
814883
814886
814889
814892
814895
814898
814901
814904
814907
814909
814912
814915
814918
814921
814923
814926
814929
814932
814935
814937
814940
814943
814946
814949
814950
814952
814954
814957
814960
814963
814965
814968
814971
814974
814977
814980
814983
815
8150262
8150265
8150268
8150271
8150272
8150273
8150278
8150284
8150286
8150289
8150292
8150295
8150298
8150346
8150347
8150348
8150349
8150350
8150351
8150352
8150353
8150354
8150355
8150356
8150797
8150866
8150879
8150884
8150905
8150906
8150907
8150908
8150909
8150910
8150911
8150942
8150960
8150967
8150969
8150972
8150975
8150976
8150977
8150978
8150979
8150986
8150990
8151007
8151009
8151016
8151021
8151022
8151029
8151119
8151157
8151485
8151493
8151504
8151518
8151525
8151528
8151530
8151545
8151549
8151554
8151558
8151560
8151564
8151572
8151580
8151593
8151596
8151602
8151618
8151619
8151622
8151624
8151792
8151826
8151827
8151848
8151855
8151860
8151936
8151947
8151966
8152328
8152330
8152383
8152384
8152468
8152546
8152732
8152736
8152815
8152821
8152826
8152841
8152848
8152849
8152850
8152851
8152852
8152853
8152854
8152855
8152856
8152873
8152876
8152915
8153241
8153245
8153278
8153279
8153301
8153670
8153732
8153757
8154117
8154228
8154229
8154241
8154261
8154473
8154477
8154718
8154719
8154720
8154721
8154723
8154724
8154725
8154726
8154727
8154728
8154729
8154740
8154743
8154745
8154748
8154749
8154750
8154751
8154752
8154753
8154754
8154755
8154756
8154757
8154758
8154759
8154760
8154761
8154762
8154763
8154764
8154765
8154766
8154805
8155035
8155370
8155410
8155413
8155416
8155418
8156370
8156373
8156381
8156435
8156457
8156458
8156468
8156471
8156522
8156992
8156993
8157175
8157203
8157260
8157357
8157370
8157473
8157703
8157780
8157786
8157791
8157795
8157797
8157888
8157913
8158048
8158053
8158142
8158147
8158155
8158158
8158204
8158210
8158218
8158228
8158230
8158253
8158260
8158263
8158274
8158277
8158282
8158285
8158287
8158295
8158300
8158303
8158355
8158358
8158367
8158376
8158380
8158382
8158392
8158504
8158516
8158624
8158816
8158829
8158837
8158843
8158850
8158857
8158863
8158870
8159188
8159213
8159215
8159217
8159591
8159668
8159727
8159732
8159735
8159742
816
8160007
8160012
8160018
8160031
8160135
8160138
8160143
8160177
8160240
8160295
8160405
8160411
8160450
8160452
8160456
8160753
8160777
8160781
8160803
8160824
8160842
8160845
8160852
8160979
8161092
8161106
8161153
8161264
8161343
8161362
8161397
8161518
8161601
8161605
8161611
8161624
8161685
8161690
8161693
8161703
8161714
8161752
8161811
8161815
8161831
8161838
8161842
8162151
8162152
8162153
8162155
8162157
8162166
8162167
8162168
8162169
8162170
8162171
8162172
8162173
8162174
8162176
8162184
8162185
8162186
8162187
8162188
8162189
8162190
8162191
8162192
8162193
8162194
8162195
8162196
8162197
8162198
8162199
8162211
8162213
8162217
8162219
8162224
8162225
8162226
8162227
8162233
8162236
8162238
8162240
8162242
8162246
8162251
8162263
8162272
8162281
8162284
8162290
8162293
8162298
8162301
8162312
8162319
8162328
8162331
8162334
8162609
8162610
8162611
8162613
8162616
8162617
8162618
8162620
8162621
8162622
8162654
8164143
8164144
8164192
8164194
8164195
8165502
8165505
8165845
8167559
8167569
8167675
8168158
8169085
8169130
8169488
8169489
8169508
8169515
8169516
8169528
8169539
8169542
817
8170034
8170039
8170694
8173369
8174174
8174660
8174682
8174765
8174904
8175281
8175493
8175844
8176020
8176223
8176292
8176516
8176685
8176694
8176704
8176739
8176763
8177192
8177203
8177215
8177231
8177669
8178020
8178065
8178198
8178407
8178593
8178610
8178927
8179013
8179150
8179174
8179267
8179274
8179292
8179307
8179327
8179335
8179391
8179396
8179414
8179463
8179475
8179686
818
8180132
8180281
8180557
8180638
8180681
8180690
8181000
8181057
8181062
8181193
8181312
8181545
8181589
8181595
8181998
8182005
8182060
8182085
8182095
8182255
8182630
8183676
8184085
8184181
8184715
8184789
8184828
8185492
8186780
8186871
8187174
8187243
8187254
8188125
8188131
8188398
819
819101
819111
819114
819243
819250
82
820
82000000
82000481
82000897
82000926
82000927
82001175
82001202
82001203
82001205
82001206
82001207
82001209
8200121
82001210
82001212
82001213
82001384
82001385
82001387
82001390
82001391
82001393
82001395
82001396
82001397
82001400
82001401
82002753
82002895
82002898
82003106
82003198
82003199
82003230
82003363
82003574
82003575
82022260
82046944
82050086
82050087
82050088
82050089
82050090
82050228
82050229
82050232
82050233
82050234
82050354
82060147
82060189
82060253
82060271
82060287
82060332
82060833
82060843
82060845
82060898
82060906
82060909
82060948
82060957
82061059
82061065
82061074
82061080
82061085
82061101
82061105
82061133
82061549
82061560
82061620
82061648
82061675
82061686
82061701
82061706
82061710
82061715
82061725
82061734
82061740
82061752
82061758
82061764
82061771
82061777
82061782
82061788
82061792
82061806
82061812
82061818
82061820
82061826
82061830
82061836
82061843
82061849
82061853
82061867
82061878
82061880
82061891
82061892
82061896
82061900
82061904
82061905
82061906
82061976
82061983
82062104
82062108
82062112
82062116
82062180
82062187
82062211
82062351
82062380
82062385
82062391
82062398
82062458
82062470
82062476
82062481
82062485
82062556
82062562
82062567
82062624
82062628
82062636
82062643
82062649
82062654
82062875
82062951
82063025
82063030
82063132
82063139
82063148
82063149
82063153
82063259
82063273
82063279
82063284
82063291
82063296
82063327
82063328
82063333
82063339
82063340
82063463
82063639
82063675
82063711
82063718
82063986
82064450
82064475
82064484
82064492
82064499
82064713
82064738
82065004
82065156
82065799
82065803
82065808
82065847
82070144
82070147
82070155
82070163
82070175
82070182
82070448
82070529
82070576
82070607
82070958
82070998
82071162
82071170
82071177
82071186
82071192
82071729
82071773
82071976
82071982
82071991
82072028
82072031
82072042
82072053
82072442
82072457
82072515
82072690
82072912
82073612
82073632
82074033
82074039
82074050
82074059
82074234
82074238
82074257
82074265
82074269
82074274
82074311
82074317
82074339
82074555
82074590
82074934
82074991
82075240
82075256
82075842
82076126
82076134
82076143
82076151
82076157
82076176
82076187
82076193
82076724
82076985
82077298
82077400
82077549
82077753
82077768
82077781
82077910
82077918
82077923
82078024
82078062
82078076
82078092
82078096
82078795
82078821
82078830
82078892
82078912
82078915
82078923
82078928
82078930
82078958
82078981
82079039
82079057
82079060
82079066
82079072
82079085
82079111
82079117
82079127
82079132
82079135
82079137
82079158
82079160
82079168
82079218
82079288
82079347
82079349
82079391
82079419
82079430
82079444
82079448
82079452
82079454
82079458
82079462
82079464
82079567
82079577
82079591
82079594
82079664
82079885
82079899
82079901
82080088
82080108
82080125
82080285
82081029
82081035
82081042
82081051
82081059
82081065
82081229
82081232
82081237
82081239
82081248
82081251
82081254
82081262
82081263
82081272
82081498
82081504
82081785
82081927
82082044
82082097
82082124
82082149
82082151
82082260
82082264
82082295
82082526
82082543
82082546
82082548
82082550
82082814
82082873
82082880
82082961
82083032
82083039
82083072
82083073
82083075
82083077
82083078
82083079
82083081
82083082
82083083
82083084
82083086
82083087
82083089
82083091
82083093
82083094
82083140
82083144
82083147
82083208
82083214
82083235
82083243
82083776
82083798
82083832
82084743
82084745
82084762
82084768
82084769
82084780
82084784
82084828
82085936
82085939
82086011
82086042
82086371
82086384
82086400
82086436
82086449
82086457
82086465
82086489
82086500
82086508
82086514
82086517
82086558
82086569
82086807
82086830
82086834
82086836
82086839
82086843
82086845
82086893
82086950
82086951
82087010
82087024
82087029
82087042
82087051
82087053
82087056
82087058
82087132
82087174
82087207
82087218
82087291
82087297
82087573
82087823
82087848
82087851
82087941
82088116
82088243
82088266
82088274
82088381
82088783
82089035
82089281
82089491
82090009
82090040
82090049
82090051
82090075
821
822
823
824
824126
824175
824228
824317
824393
824409
824476
824503
824523
824573
825
826
827
828
829
829170
829171
829172
829173
829174
829175
829176
829177
829178
829195
83
83000121
83000122
8300262
8300365
8300366
8300367
8300368
8300369
830975
830978
831
831037
83105647
831113
83111318
831114
831115
831116
831117
83111757
83111758
83111759
83111760
83111761
83111762
83111763
83111764
83111765
83111766
83111767
83111768
83111769
83111770
83111771
83111772
83111773
83111774
83111775
83111776
83111777
831118
831119
831121
831122
831123
83112904
83112905
83112906
83112907
83112908
83112909
83112959
83113340
83113667
83113669
83113793
83113794
83113796
83113797
83113798
83113799
83113800
83113802
83113803
83113804
83113805
83113806
83113807
83113808
83113809
83113810
83113811
83113812
83113813
83113814
83113815
83113816
83113817
83113818
83113819
83113820
83113821
83113822
83113823
83113824
83113825
83113826
83113828
83113829
83113830
83113831
83113832
83113833
83113834
83113835
83113836
83113837
83113838
83113839
83113840
83113841
83113842
83113843
83113844
83113845
83113846
83113847
83113848
83113849
83113850
83113851
83113852
83113853
83113854
83113855
83113856
83113857
83113858
83113859
83113860
83113861
83113862
83113863
83113864
83113865
83113866
83113867
83113868
83113869
83113870
83113871
83113872
83113873
83113874
83114836
831154
831155
831156
831157
831159
831160
831161
831162
831163
831165
831167
831168
831195
831196
831197
831198
831199
831200
831201
831202
831203
831204
831205
831206
831207
831234
831235
831236
831237
831238
831239
831240
831241
831242
831243
831244
831245
831246
831277
831278
831280
831281
831282
831283
831284
831285
831286
831287
831288
831289
831290
831291
831343
831344
831345
831346
831347
831348
831349
831350
831351
831352
831353
831354
831355
831356
831357
831359
831360
831361
831362
831363
831364
831365
831366
831367
831368
831369
83148894
83149254
83149256
83153506
83153507
83153508
83153509
83154578
83163672
83163969
83163980
83164115
83168979
83169222
83169223
83169313
83174692
83174693
83174696
83191846
83191863
83191864
83191894
83191910
83191913
83191919
83191927
83191939
83191942
83191974
83191988
83192023
83192054
83192066
83192079
83192097
83192104
83192106
83192108
83192111
83192118
83192119
83192120
83192130
832
83202718
83202719
83202720
83202721
83202722
83202723
83202724
83202725
83202726
83202727
83202832
83208744
83208745
83208746
83208747
83208748
83208749
83208750
83208751
83208752
83208753
83208754
83210010
83210012
83210014
832136
832137
832138
832139
832140
832141
832142
832143
832144
832145
832146
832147
832148
832149
832150
832151
832152
832153
832154
832155
83215529
83215530
832156
832157
832158
832159
832160
832161
83216196
83216197
832162
832163
832164
83216626
83216630
83216631
83216633
83216635
83216636
83216638
83216640
83216642
83216644
83216646
83218649
83218651
83218652
83218653
83218654
83218655
83218775
83218776
83218777
83222866
83222868
83222870
83222904
83222916
83222918
83222973
83223394
83223472
83223478
83223507
83223511
83223515
83223555
83223556
83223609
83231654
83231655
83231656
83231657
83231658
83231659
83231660
83231661
83231662
83231663
83231664
83231665
83231666
83231667
83231668
83231669
83231670
83231671
83231672
83231673
83231674
83231675
83231676
83231677
83231678
83231679
83231680
83231681
83231682
83231683
83231684
83231685
83231686
83231687
83231688
83231689
83231690
83231691
83231692
83231693
83231694
83231697
8325003
8325004
8325005
8325006
8325007
8325008
8325009
8325010
8325011
8325012
8325013
8325014
8325015
8325016
8325017
8325018
8325019
8325020
8325021
8325022
8325023
8325024
8325025
8325026
8325027
8325028
8325029
8325030
8325031
8325032
8325033
8325034
8325035
8325036
8325037
8325038
8325039
8325040
8325041
8325042
8325043
8325044
8325045
8325046
8325047
8325048
8325049
8325050
8325051
8325052
8325053
8325054
8325055
8325056
8325057
8325058
8325059
8325060
8325061
8325062
8325063
8325064
8325065
8325066
8325067
8325068
8325069
8325070
8325071
8325072
8325073
8325074
8325075
8325076
8325077
8325078
8325079
8325080
8325081
8325082
8325083
8325084
8325085
8325086
8325087
8325088
8325089
8325090
8325091
8325092
8325093
8325094
8325095
8325096
8325097
8325098
8325099
8325100
8325101
8325102
8325103
8325104
8325105
8325106
8325107
8325108
8325109
8325110
8325111
8325112
8325113
8325114
8325115
8325116
8325117
8325118
8325119
8325120
8325121
8325122
8325123
8325124
8325125
8325126
8325127
8325128
8325129
8325130
8325131
8325132
8325133
8325134
8325135
8325136
8325137
8325138
8325139
8325140
8325141
8325142
8325143
8325144
8325145
8325146
8325147
8325148
8325149
8325150
8325151
8325152
8325153
8325154
8325156
8325157
8325158
8325159
8325160
8325161
8325162
8325163
8325164
8325165
8325166
8325167
8325168
8325169
8325170
8325171
8325172
8325173
8325174
8325175
8325176
8325177
8325178
8325179
8325180
8325181
8325182
8325183
8325184
8325185
8325186
8325187
8325188
8325189
8325190
8325191
8325192
8325193
8325194
8325195
8325196
8325197
8325198
8325199
8325200
8325201
8325202
8325203
8325204
8325205
8325206
8325207
8325208
8325209
8325210
8325211
8325212
8325213
8325214
8325215
8325216
8325217
8325218
8325219
8325220
8325221
8325222
8325223
8325224
8325225
8325226
8325227
8325228
8325229
8325230
8325231
8325232
8325233
8325234
8325235
8325236
8325237
8325238
8325239
8325240
8325241
8325242
8325243
8325244
8325245
8325255
8325256
8325257
8325258
8325286
8325326
83255937
83256282
83256285
83256286
83256288
832647
832649
832656
832659
832668
8326865
832852
83293161
83293163
83293165
83301114
83301115
83301125
83301126
83301920
83303236
83303237
83303244
83303247
83303248
83303292
83303293
83314396
83314397
83314544
83314550
83329525
83329527
83329531
83329532
83329542
83329543
83329548
834
8344946
834830
834831
834832
834833
834834
834835
834836
834837
834838
834839
834840
834841
834842
834843
834844
834845
834846
834847
834848
834849
834850
834851
834852
834897
834899
834900
834901
8350953
8351148
8351375
8351376
8351379
8351380
8351381
8351382
8351383
8351384
8351385
8351387
8351388
8351389
8351390
8351391
8351392
8351393
8351453
8351576
8351577
8351579
8351581
8351582
8351583
8351584
8351585
8351586
8351587
8351588
8351589
8351590
8351591
8352167
836
8367797
836795
836797
837
838
838175
838179
8383
8384
8385
8386
838846
839
839177
840
8401107
8401295
8402969
8403673
8403700
8403714
8403732
8403733
8403734
8403735
8403736
8403737
8403738
8403739
8403740
8403741
8403742
8403743
8403744
8403745
8403746
8403747
8403748
8403749
8403750
8403751
8403752
8403753
8403755
8403756
8403757
8403759
8403761
8403792
8403794
8403795
8403798
8403799
8403802
8403806
8403807
8403810
8403812
8403813
8403815
8403817
8403819
8403821
8403822
8403825
8403827
8403831
8403847
8403888
8403890
8403892
8404697
8404698
8404699
8404700
8404701
8404702
8404703
8404704
8404705
8404706
8404707
8404708
8404709
8404746
8407364
8407704
8407824
8408401
8408410
84107052
84107054
84107055
84107056
84107057
84107058
84107059
84107060
84107061
84107062
84107063
84107064
84107065
84107066
84107067
84107068
84107069
84107070
84107071
84107072
84107073
84107074
84107075
84107076
84107077
84107078
84107079
84107080
84107081
84107082
84107083
84107084
84107085
84107086
84107087
84107088
84107089
84107090
84107091
84107092
84107093
84107094
84107095
84107096
84107097
84107098
84107099
84107100
84107101
84107102
84107103
84107104
84107105
84107106
84107107
84107108
84107109
84107110
84107111
84107112
84107113
84107114
84107115
84107116
84107117
84107118
84107119
84107120
84107121
84107122
84107123
84107124
84107125
84107126
84107127
84107128
84107129
84107130
84107131
84107132
84107133
84107134
84107135
84107136
84107137
84107138
84107139
84107140
84107141
84107142
84107143
84107144
84107145
84107146
84107147
84107148
84107149
84107150
84107151
84107152
84107153
84107154
84107155
84107156
84107157
84107158
84107159
84107160
84107161
84107162
84107163
84107164
84107165
84107166
84107167
84107168
84107169
84107170
84107171
84107172
84107173
84107174
84107175
84107176
84107177
84107178
84107179
84107180
84107181
84107182
84107183
84107184
84107185
84107186
84107187
84107188
84107189
84107190
84107191
84107192
84107193
84107194
84107195
84107196
84107197
84107198
84107199
84107200
84107201
84107202
84107203
84107204
84107205
84107206
84107207
84107208
84107209
84107210
84107211
84107212
84107213
84107214
84107215
84107332
84107366
84107368
84107370
84107371
84108212
84108481
84109964
84109965
84109966
84109967
84109969
84113333
84113334
84113336
84113337
84113338
84113339
84113340
84113341
84113342
84113343
84113344
84113345
84113346
84116586
84116587
84152882
842
8425808
8426573
8426582
8427402
8427633
8427634
8427635
8427636
8429167
843
8430419
8430454
8430464
8430670
8430731
8430847
8430979
8431000
8431056
8431069
8431344
8431346
8431362
8431415
8432338
8434415
8434778
8436551
8436552
8436553
8436555
8436557
8436558
8436559
8436560
8436561
8436562
8436563
8436564
8436565
8436570
8436572
8436733
8436734
8436735
8436740
8436742
8436743
8436744
8436745
8436746
8436747
8436754
8436760
8437449
8437457
8437526
8437927
8438633
8438639
8438823
8439075
8439683
844
8440739
8441021
8442353
8442355
8442615
8442842
8442875
8443641
8444331
8444598
8444785
8447736
8449204
8449234
8449786
8449848
845
8454241
8455344
8455345
8455346
845573
8455751
8455753
8455771
8455772
8455940
8455942
8455944
8455945
8455946
8456049
8457492
846
8460424
8460425
8475278
8475319
8475758
8478376
848
8480022
8480611
8480617
8480727
8480745
8481007
8481880
8483968
8485133
8485134
8485146
8485943
8486000
8486610
8486627
8486658
8487004
8487116
8487191
8487466
8487764
8488049
8488389
8488407
8488863
8488992
8488997
8489134
8489146
8489249
8489255
8489328
8490785
8490994
8491577
8491578
85
8500035
85000605
85000654
85000760
8500079
85001022
85001041
85001043
85001166
85001829
850022
85002232
85002252
85002261
85002358
85002538
85002755
85003052
85003059
85003067
85003085
85003086
85003087
85003088
85003454
85003525
85004869
85005405
85005673
85006108
85006652
85007732
85007866
85008196
85008214
85008224
85008503
85008929
85010088
85010212
85010736
85012189
85012299
85012321
85012340
85012390
85012420
85012508
85012690
85012713
85012774
85012799
85014368
85014693
85015530
85015827
85016110
85016555
85016974
85016996
85017026
85017372
85017877
85017895
85017934
85017983
85018021
85018154
85018385
85018952
85018980
85018981
85018995
85019067
85019127
85019128
85019209
85019233
85019627
85019640
85019647
85019670
85019676
85020120
85020188
85020216
85021009
85021063
85021110
85021772
85021821
85021931
85021936
85021942
85021951
85021966
85021972
85021976
85021977
85021978
85021983
85022604
85022926
85023043
85023334
85023389
85023785
85023893
85024057
85024058
85024059
85024060
85024391
8502461
85028445
85028484
85028533
85029147
85031328
85031484
85031541
85031580
8503181
85032455
85032544
85032603
85032611
85032625
85032632
85032673
85033098
85036341
85036342
85036346
85036355
85036362
85036372
85036380
85036400
85036438
85036440
85036441
85036442
85036450
85036458
85036527
85036787
85036807
85036835
85036839
8503740
85037445
85037456
85037459
85037968
85038012
85038200
85038223
85038224
85038270
85038329
85038544
85038553
85038557
85038559
85038812
85038848
85038965
85039043
85039260
85040022
85040034
85040164
85040180
85040272
85040273
85040712
85040732
85040757
85040769
85040782
85040792
85040893
85040970
85041071
85041211
85041220
85041330
85041390
85041391
85041393
85041394
85041395
85041396
85041708
85041737
85042138
85042141
85043567
85043692
85043696
85043815
85044092
85044534
85044819
85044856
85044889
85046921
85046943
85046944
85047133
85047140
85047141
85047189
85047195
85047241
85047282
85047377
85047394
85047443
85047503
85047592
85047652
85047686
85047878
85048062
85048178
85048189
85048223
85048238
85048262
85048324
85048344
85048366
85048385
85048391
85048395
85048402
85048419
85048428
85048444
85048482
85048591
85048613
85048626
85048640
85048649
85048666
85048768
85049017
85049069
85049119
85049448
85050011
85050218
85050230
85050300
85050482
85050525
85052335
85052507
85052537
85052544
85052554
85052581
85052582
85052595
85052652
85052675
85052726
85052735
85052758
85052785
85052825
85052922
85052933
85052995
85053131
85053149
85053255
85053330
85053425
85053518
85053577
85053714
85053854
85053896
85054058
85054093
85054125
85054156
85054157
85054245
85054397
85054408
85054457
85054487
85054510
85054797
85054828
85054859
85055055
85055292
85055356
85055768
85055812
8505598
8505599
85056037
85056039
85056051
85056158
85056173
85056179
85056732
85056787
85059008
85059034
85059826
85059841
85059977
85060009
85060027
85060065
85060101
85060102
85060117
85060443
85060476
85060504
85060506
85060507
85060584
85060641
85060651
85060659
85060735
85060878
85060960
85060966
85060968
85060969
85060970
85060989
85061101
85061104
85061133
8506122
85061346
85061386
85061387
85061452
85061473
85061496
85061502
85061611
85061663
85061669
85061700
85061714
85061816
85061893
85061952
85062053
85062198
85062245
85062259
85062302
85062333
85062338
85062372
85064279
85064424
85064730
85064796
85064827
85064846
85064866
85064972
85065012
85065064
85065306
85065341
85065435
85065592
85065762
85065786
85065841
85065894
85066181
85066259
85066270
85066280
85066352
85066357
85066378
85066443
85066475
85066479
85066517
85066534
85066753
85066760
85066817
85066851
85066864
85066899
85066917
85066918
85067053
8506727
85067516
85067562
85067582
85067704
85067738
85067753
85067773
85067798
85067812
85067835
85067850
85067870
85067954
85067982
85067987
8506803
85068108
85068265
85068364
85068378
85068383
85068451
85070223
85070296
85070406
85070619
85070669
85070685
85071414
85071571
85071810
85071894
85071965
85071966
85071975
85072066
85072321
85072329
85072363
8507303
8507304
8507306
8507307
8507308
8507309
8507310
8507311
8507313
8507315
8507316
8507319
85073296
85073482
85073487
8507387
8507390
8507391
8507393
85075916
85076051
85076079
85076088
85076234
85076445
85076606
85076745
85076870
85076922
85077693
85077793
85077921
85078128
85078324
85078374
85078409
85078666
85078669
85078672
85078674
85078675
85078676
85078678
85078772
85078807
85078808
85078847
8507947
8507948
8507951
8507953
85081517
85081543
85081597
85081641
85081985
85082064
85082201
85082206
85082296
85082324
85082335
85082385
85082447
85082521
85082721
85082726
85082898
85083095
85083227
85083297
85083322
85083927
85085369
85085413
85085443
85085444
85085674
85085684
85085718
85085764
85085850
85085980
85086000
85086036
85086045
85086056
85086067
85086088
85086105
85086148
85086244
85086402
85086554
85088794
85088854
85088884
85088904
85088924
85089153
85089167
85089179
85089198
85089216
85089428
85089447
85089633
85089890
85090006
85090070
85090118
85090171
85090252
85090263
85090514
85090668
85090776
85091283
85092351
85092418
85092466
85092467
85092472
85092517
85092815
85093036
85093330
85093471
85093732
85093910
85093923
85093924
85093935
85093936
85094151
85094609
85094695
85095117
85095131
85095205
85095304
85095326
85095340
85095491
85095512
85095679
85097162
85097197
85097219
85097242
85097321
85097360
85097518
85097598
85097745
85097761
85097901
85097929
85097950
85097998
85098486
85098707
85098821
85098834
85099136
85099247
85099430
85099441
851
85100740
85100764
85100782
85100801
85100830
85100958
85101007
85101017
85101028
85101127
85101205
85101260
85101373
85101450
85101460
85101497
85101566
85101590
85101606
85101946
85101961
85101967
85102040
85102130
85102167
85102195
85102229
85102257
85102267
85102308
85102359
85102507
85102572
85102636
85102665
85102732
85102773
85102785
85103035
85103152
85103388
85103478
85103570
85103727
8510373
85103904
85110522
85110652
85110707
85110793
85110805
85110867
85110979
85111047
85111099
85111100
85111132
85111144
85111175
85111198
85111236
85111297
85111374
85111435
85111460
85111480
85111490
85111523
85111557
85111747
85111758
85111771
85111862
85112058
85112142
85112222
85112438
85112459
85113641
85113748
85113775
85113815
85113984
85114375
85114394
85114426
85114479
85114497
85114602
85114935
85114970
85115344
85115416
85115437
85115458
85115487
85115682
85115754
85115834
85115850
85115861
85115897
85115972
85116067
85116390
85116417
85116438
85116442
85116444
85116446
85117357
85117358
85117524
85117687
85118988
85120796
85120837
85122756
85122768
85125002
85125044
85125132
85125161
85125165
85125167
85125334
85125382
85125441
85125487
85125510
85125570
85125576
85125580
85125608
85125611
85125640
85125702
85125733
85125753
85125776
85125792
85125894
85125957
85125958
85125969
85126029
85126288
85126347
85126364
85126590
85126737
85126738
85126863
85126874
85126956
85128665
85128763
85128796
85128802
85130481
85130499
85130550
85130740
85130859
85130879
85130944
85131023
85131072
85131073
85131087
85131142
85131202
85131361
85131521
85131551
85131708
85131714
85131979
85131980
85132119
85132485
85136065
85136157
85136200
85136446
85137178
85138880
85138902
85138917
85139414
85139441
85139922
85140220
85140242
85140446
85140469
85140752
85141059
85141179
85142749
85143843
85143962
85144041
85144055
85144909
85146266
85146281
851544
851545
851546
851547
851548
851549
851550
851551
851553
851670
851671
851672
851673
851674
851675
851676
851677
851678
851679
851680
851681
851683
851684
851685
851686
851687
851688
852
85203785
8521297
852177
853
854
854087
855
8550050
855757
855759
855873
856
856118
856119
856120
856121
856173
856175
856457
856539
856845
856846
856949
857
857222
857223
857231
857721
857773
858
858010
858707
858773
859
859087
859117
859310
859733
859764
859830
859851
859852
86
860
86000019
86000023
86000024
86000025
86000028
86000029
86000030
86000032
86000033
86000034
86000096
86000198
86000289
860024
8600366
86005803
86005805
86005806
86005810
86005811
86005813
86005816
86005817
86005818
86005819
86005820
86005822
86005823
86006015
86006022
8600618
86006957
8600698
86008546
86008549
86008552
86008553
86008554
86009006
86009009
86009962
86010061
86010062
86010063
86010075
86010083
86010087
86010095
86010099
86010103
86010110
86010119
86010123
86010130
86010132
86010136
86011804
86012632
86012634
86012636
86012639
86012640
86013255
86013257
86013258
86013259
86013260
8601330
8601331
8601332
8601333
8601334
8601335
8601336
8601337
8601338
8601339
8601340
8601341
8601342
8601343
8601344
8601345
8601346
8601347
8601348
8601349
8601350
8601352
8601353
8601354
8601355
8601356
8601357
8601358
8601359
8601360
8601361
8601363
8601364
8601365
8601366
8601368
8601369
8601370
8601371
8601372
8601373
8601374
8601375
8601376
8601377
8601378
8601379
8601380
8601381
8601382
8601383
8601384
8601385
8601386
8601387
8601388
8601389
8601390
8601391
8601392
8601393
8601394
8601395
8601396
8601397
8601398
8601399
8601400
86016143
86017258
86017412
86017415
86017417
86018286
86018287
86018290
86018291
8602688
8602689
86027319
86027745
86028377
86029606
86029608
86029610
86029611
86029612
86030096
86031480
86031481
86031483
86031486
86032914
86034052
86034054
86034056
86034057
86034058
86034571
86034572
86034575
86034576
8603699
86037298
86037307
86037308
86037311
86037312
86037315
86037319
86037322
86037324
86037326
86037328
86037331
86037334
86037335
86037337
86037340
86037341
86038954
86038961
86038963
86038966
86038968
86041876
86041877
86041878
8604269
8604272
86042766
86042768
86042770
86042772
86042773
86042774
86042776
86042777
86042778
86042780
86042782
86042787
86042788
86042789
86042790
86047464
86047632
86047633
86047634
86048033
86048034
86048035
86049068
86049070
86049071
86049072
86049073
86049074
86049075
86049076
86049079
86049081
86053634
86053843
86054224
8605429
86054347
86054740
86054741
86054742
86055009
86055139
86055140
86055141
86055142
86055143
86058988
86058990
86061573
86061574
86061575
86061576
86061577
86064072
86064077
86064078
86070149
86070151
86070152
86070153
86070154
86070155
86070156
86070157
86075307
86075311
86075313
86075319
86075322
86075323
86075324
86076273
86076275
86076277
86076279
86076280
86076282
86076284
8609454
861
8611092
861618
861650
862
862076
862092
862338
8623440
862395
862435
862437
8625306
8625326
8625327
8625328
8625329
8625330
8625331
8625332
8625333
8625334
8625335
8625336
8625659
8625660
8625964
8626284
8626287
8626328
8626797
8626798
8626799
8626853
8626854
8626864
8626865
8626867
8626868
8627090
8627093
8627094
8627095
8627126
8627127
8627128
8627520
8627521
8627522
862771
862775
862776
862777
8627770
8627773
862778
862779
862781
862782
862783
862785
862787
862788
862789
8628445
8628446
8628594
8628595
8628596
8628597
8628692
8628723
8628732
8629428
8629435
8629450
8629797
8629808
863
8630097
8630098
8631278
8631279
8631280
8631287
8631506
863176
8632134
8632213
8632214
8632215
8632301
8632447
8632448
8632449
8632450
8632563
8632564
8632565
8632566
8632567
8632568
8632632
8632633
8632634
8632696
8632697
8632698
8632699
8632700
8632778
8632779
8632780
8632781
8632782
8632784
8632840
8633039
8633040
8633047
8633274
8633275
8633276
8633277
8633278
8633279
8633280
8633281
8633282
8633283
8633308
8633852
8633855
8633856
8633857
8633858
8633859
8633861
8633862
8633863
8633864
8635492
863878
864
865
8651101
8651102
8651104
8651105
8651106
866
867
868
869
87
870
87000115
8700013
8700014
8700016
87000160
87000385
87000390
87000392
87000456
87000467
87000470
87000473
87000475
87000492
87000496
87000499
87000504
8700062
8700068
87000758
87000858
87000912
87000913
87001117
87001118
87001120
87001362
87001466
87001717
87001733
87001734
87001743
87001845
87001849
87001865
87001880
87001945
8700207
8700212
8700214
8700216
8700218
8700220
87002201
8700222
8700224
8700230
8700234
8700236
8700238
8700240
8700241
8700243
8700245
8700247
8700252
8700254
8700258
8700260
8700262
8700266
8700268
8700270
8700272
8700275
8700277
87002783
87002787
87002789
8700279
87002792
87002794
87002797
8700281
8700283
87002836
8700285
8700289
8700291
8700293
8700294
8700296
8700300
8700304
8700306
8700309
8700312
8700314
8700318
8700322
8700324
8700330
8700332
8700338
8700340
87003402
8700342
8700344
8700346
8700348
8700352
8700354
8700356
8700358
8700360
8700362
8700368
8700373
8700374
87003777
87003807
8700382
8700383
8700384
8700385
8700388
8700399
87003992
8700403
8700406
8700412
8700418
8700419
8700420
8700434
8700435
8700436
8700437
8700444
8700445
8700455
8700458
8700459
8700470
8700471
8700472
8700474
8700483
8700485
8700492
8700494
8700496
8700504
8700505
8700506
8700507
8700519
8700520
8700523
8700532
8700533
8700535
8700536
8700537
87006813
87006847
87006909
87006915
87009783
87009801
87010649
87010718
87010719
87010722
87010724
87010725
87010731
87011686
87011689
87011690
87011691
87011693
87011694
87011877
87015563
87015776
87016184
87016374
87016394
87017651
87017658
87017728
87018340
87019030
87030241
87030726
8703112
87031173
87031591
87031595
87031631
87031951
87032277
87032279
87032282
8703346
87033704
87033729
87034302
87034849
87035540
87035734
8703754
87038007
87038422
87038441
8703854
87039607
87039934
87040015
87040019
87040020
87040024
87040049
87040051
87040052
87040054
87040057
87040213
87040216
87040219
87040222
87040225
87040228
87040231
87040234
87040237
87040240
87040243
87040248
87040251
87040254
87040257
87040260
87041993
87041994
87041996
87041998
87042000
87042002
87042004
87042006
87042008
87042010
87042012
87042015
87043467
87043471
87043804
87043809
87043813
87043814
87043818
87043822
87043826
87043830
8704659
8705812
8705941
8706346
8708203
8708859
8709023
8709032
8709077
8709080
8709099
8709118
8709221
8709238
8709239
8709256
8709257
8709258
8709331
8709347
8709365
8709366
8709385
8709386
8709387
8709388
8709408
8709409
8709486
8709487
8709506
8709527
8709546
8709583
8709584
8709601
8709619
8709638
8709639
8709640
8709696
8709717
8709729
8709730
8709746
8709753
8709754
8709780
8709796
8709882
8709883
8709884
8709890
8709918
8709935
8709952
871
8710017
8710023
8710040
8710057
8710058
8710600
8710883
8710904
8710947
8710968
8710969
8711031
8711052
8711541
8711542
8711559
8711576
8711677
8711678
8711694
8711712
8711713
8711714
8711731
8711732
8711733
8711818
8711835
8711852
8711885
8711892
8711893
8711894
8711897
8711898
8711899
8711900
8711901
8711902
8711903
8712008
8712009
8712059
8712060
8712328
8712345
8712353
8712357
8712361
8712365
8712440
8712444
8712448
8712451
8712455
8712471
8712534
8712595
8712624
87128704
8714658
8715219
8715826
8719224
872
8723252
8723255
8723258
8723261
8723264
8723267
8723276
8725658
8728026
8728030
873
874
875
876
876367
876474
876475
876841
876842
876843
876844
876857
876858
876869
876913
877
877063
877097
877106
877109
877165
877169
877173
877192
877198
877200
877202
877204
877206
877208
877209
877211
877213
877215
877219
877221
877238
877240
8775012
878
879185
879187
879189
879191
879193
879197
879199
879201
879203
879205
879207
879209
879211
879213
879215
879217
879219
879221
879223
879224
879226
879228
879230
879232
879234
879236
879238
879240
879244
879246
879248
879250
879252
879256
879258
879260
879262
879264
879266
879270
879272
879274
879276
879278
879280
879282
879283
879285
879287
879289
879291
879295
879297
879299
879301
879303
879305
879307
879309
879311
879313
879325
879332
879334
879340
879343
879390
879392
879394
879396
879398
879400
879402
879406
879408
879414
879420
879424
879426
879428
879434
879446
879450
879453
879457
879459
879461
879463
879467
879471
879473
879477
879483
879485
879487
879490
879496
879498
879500
879502
879514
879516
879585
879592
879594
879598
879603
879607
879612
879614
879616
879618
879620
879623
879625
879627
879629
879632
879635
879637
879641
879643
879651
879653
879655
879657
879661
879663
879665
879667
879669
879671
879673
879677
879685
879687
879689
879691
879693
879695
879697
879707
879708
879709
879715
879717
879719
879721
879723
879727
879733
879739
879741
879743
879745
879752
879754
879758
879760
879854
879856
879858
879870
879874
879878
879880
879882
879884
879886
879890
879892
879898
879902
879906
879909
879911
879913
879915
879917
879919
879921
879929
879931
879933
879937
879941
879943
879947
879949
879953
879954
879956
879960
879962
879964
879966
879968
879970
879972
879974
879976
879980
879985
879987
879989
879993
879995
879999
88
880
8800000
8800001
8800002
880001
88000392
88000393
88000394
88000396
88000398
88000399
88000400
880004000
88000401
88000402
88000403
88000404
88000419
88000420
88000421
880005
880007
880009
88000948
88000949
88000989
880011
88001271
880015
880017
880020
880021
880025
880027
880029
880037
880039
880041
880045
880051
880053
880055
88006366
88006541
88006545
88007516
88007517
88007525
8800948
88010201
880186
880188
880196
880202
880204
880208
88021020
880211
88021196
880215
88021562
880217
880219
88021946
88021949
880221
880223
880225
880230
880234
880236
880238
880240
88024005
880242
880243
88024404
880245
880247
880249
880255
880261
88026293
88026294
880263
880265
880267
88027105
880273
880275
88027823
88027824
88027825
880284
880287
880289
88028954
880293
880295
88029531
880297
880299
880302
880304
880312
880314
880318
880324
880326
880328
880330
880334
880336
880338
880340
880342
880344
880351
880355
880357
880360
880362
880366
880370
880371
880373
880375
880379
880381
880383
880385
880387
880389
880391
880393
880399
880405
880407
880409
880411
880417
880425
880431
880433
880441
880445
880447
880449
880453
880455
880457
880463
880465
880467
881
882
8825221
8825222
8825223
8825224
8825225
8825473
8825672
8825686
8825687
8825812
8825813
8825826
8825827
8825828
8825829
8825830
8825831
8826562
8826657
8826662
8826665
8827034
8827172
8827272
8829747
883
8830831
8830832
8832317
8832320
8832323
8832325
8832327
8832329
883233
8832332
8832334
8832336
8832339
8832342
8832344
8832346
8832348
8832350
8832352
8832362
8832363
8832364
8832365
8832366
8832369
8832370
8832487
8832995
884
885
885581
886
8870631
8870691
8871878
8871881
8871884
8871888
8872056
8872060
8872064
8872068
8875762
8875820
8875823
8876089
8877662
8877738
8877756
8877761
8877769
8877773
8877777
8877781
8877786
8877790
8877796
8877800
8877804
8877810
8877812
8877816
8877820
8877824
8877828
8877832
8877836
8877843
8877848
8877850
8877854
8877865
8877873
8877877
8877881
8877888
8878194
8878198
8878206
8878348
8878352
888
889
8893739
89
890
89002836
89002839
89002841
89007537
89007539
89007553
89007576
89007578
89007580
89007588
89007589
89007608
89017732
89022659
89024132
89025052
89050936
89051359
89051506
89051507
89051512
89051513
89051514
89051515
89052045
89052047
89052049
89057374
891
891222
892
892526
892778
892922
892923
892924
893049
893051
893061
8934
894
894773
896
897
898
899
90
900
90002272
90002300
90018523
90018536
90018556
90018558
900204
90021360
90023012
90024580
90037931
90038921
90039158
90041261
90041264
90041744
90042401
90042415
90042432
90042436
90042450
90042586
90042706
90047249
90048437
90052773
90052774
90053309
90053393
90053396
90055297
90057387
90059181
90059182
90059183
90059184
90059185
90059187
90059189
90060453
90060767
90061930
90061983
90063292
90063293
90063294
90063296
90063297
90063298
90065290
90065327
90065328
90065329
90065331
90065338
90065339
90065712
90065713
90065714
90065715
90065716
90067791
900678
90067841
90067842
90067843
90069859
90069860
90069861
90069862
90069863
90069864
90069865
90069866
90069867
90069868
90069869
90069870
90069937
90069938
90069939
90069940
90069941
90069942
90069943
90069944
90069945
90069946
90069947
90069948
90069949
90069950
90069951
90069952
90069954
90069955
90069956
90069957
90069958
90069959
90069960
90069961
90069962
90069963
90069964
90069965
90069966
90069967
90069968
90069969
90069970
90069971
90069972
90069973
90069974
90069975
90069976
90069977
90069978
90069979
90069980
90069981
90069982
90069983
90069984
90070836
90071497
90071498
90071499
90071547
90071621
90071622
90071624
90071625
90071626
90071627
90071628
90071629
90071630
90071631
90071632
90071634
90071636
90071637
90071638
90071755
90071756
90071757
90071758
90071759
90071760
90071761
90071762
90071763
90071764
90075524
90075525
90075613
90077048
90080719
90083912
90083913
90086669
90086693
90087238
90091213
900996
901
901184
902
904
905
907
908
91
91013386
91013388
91013553
91013555
91016561
91016562
91016864
91016866
91016867
91016868
91016869
91016870
911
91100656
91100715
91100719
91100723
91100728
91100732
91100737
91100741
91100745
91100749
91100753
91100757
91119330
91125437
91125812
91125948
91135508
91135512
91135516
91147784
91147785
91147792
91147856
91147857
91147864
91147865
91147872
91147876
91147972
91147976
91147980
91147984
91147988
91147992
91147996
91148000
91148004
91148008
91148012
91148016
91148020
91148024
91148028
91148032
91148036
91148040
91148044
91148048
91148052
91148056
91148060
91148064
91148070
91148073
91148077
91148081
91148085
91148089
91148093
91148097
91148101
91148105
91148109
91148113
91148117
91148121
91148125
91148129
91148132
91148136
91148140
91148143
91148147
91148151
91148155
91148159
91148163
91148167
91148171
91148175
91148180
91148184
91148188
91148192
91148198
91148201
91148205
91148209
91148213
91148217
91148221
91148225
91148229
91148233
91148237
91148241
91148245
91148249
91148253
91148257
91148260
91148264
91148268
91148272
91148276
91148280
91148284
91148288
91148292
91148296
91148300
91148304
91148308
91148312
91148316
91148320
91148324
91148328
91148332
91148336
91148340
91148344
91148348
91148352
91148356
91148360
91148364
91148368
91148372
91148376
91148380
91148384
91148388
91148392
91148396
91148400
91148404
91148408
91148412
91148416
91148420
91148424
91148428
91148432
91148438
91148442
91148446
91148450
91148454
91148458
91148462
91148465
91148469
91148473
91148477
91148481
91148485
91148490
91148494
91148498
91148501
91148505
91148509
91148514
91148518
91148522
91148526
91148530
91148534
91148538
91148542
91148546
91148550
91148554
91148558
91148562
91148566
91148570
91148574
91148578
91148582
91148586
91148590
91148594
91148598
91148602
91148606
91148610
91148614
91148618
91148622
91148626
91148630
91148634
91148638
91148642
91148646
91148650
91148654
91148658
91148662
91148666
91148670
91148674
91148678
91148682
91148686
91148747
91148751
91148755
91148759
91148763
91148767
91148771
91148775
91148779
91148783
91148787
91148791
91148795
91148799
91148803
91148807
91148810
91148814
91148818
91148822
91148826
91148830
91148834
91148838
91148842
91148846
91148850
91148854
91148858
91148862
91148866
91148870
91148874
91148878
91148882
91148886
91148890
91148894
91148898
91148902
91148906
91148910
91148914
91148918
91148922
91148926
91148930
91148934
91148938
91148942
91148946
91148950
91148954
91148958
91148962
91148966
91148970
91148974
91148978
91148982
91148986
91148990
91148994
91148998
91149002
91149006
91149010
91149014
91149018
91149022
91149026
91149030
91149034
91149038
91149042
91149046
91149050
91149054
91149058
91149062
91149066
91149077
91149081
91149085
91149089
91149093
91149098
91149102
91149106
91149110
91149114
91149118
91149122
91149126
91149130
91149134
91149138
91149143
91149147
91149151
91149155
91149159
91149163
91149167
91149171
91149175
91149179
91149183
91149187
91149191
91149195
91149199
91149203
91149207
91149211
91149221
91149225
91149229
91149233
91149237
91149241
91149245
91149249
91149253
91149257
91149261
91149271
91149275
91149279
91149283
91149287
91149291
91149295
91149299
91149303
91149307
91149311
91149315
91149319
91149323
91149327
91149331
91149335
91149339
91149343
91149347
91149351
91149355
91149359
91149363
91149367
91149371
91149375
91149379
91149383
91149391
91149395
91149399
91149403
91149407
91149411
91149422
91149426
91149430
91149434
91149438
91149442
91149446
91149450
91149875
91156578
91156584
91156588
91156642
91156647
91156655
91156662
91156668
91156672
91156680
91156687
91156697
91156704
91156710
91156717
91156724
91156729
91156736
91156743
91156748
91156752
91156757
91156761
91156766
91156770
91156776
91156781
91156785
91156790
91156797
91156804
91156811
91156818
91156825
91156830
91156837
91156842
91156849
91156854
91156861
91156868
91156873
91156880
91156887
91156892
91156897
91156902
91156907
91156914
91156919
91156926
91156931
91156936
91156943
91156947
91156954
91156959
91156963
91156967
91156974
91156981
91156986
91156990
91156994
91156998
91157005
91157010
91157021
91157028
91157035
91157040
91157047
91157052
91157057
91157064
91157069
91157076
91157083
91157090
91157097
91157102
91157107
91157112
91157117
91157124
91157129
91157133
91157140
91157145
91157149
91157156
91157163
91157167
91157174
91157178
91157183
91157188
91157193
91157200
91157205
91157210
91157215
91157219
91157227
91157232
91157237
91157241
91157246
91157253
91157258
91157263
91157268
91157272
91157278
91165906
91166555
91166563
91166809
91166814
91173681
91173685
91173691
91173749
91173902
91173907
91173912
91173916
91173921
91173926
91173932
91173937
91173942
91173947
91173952
91173957
91173962
91173967
91173972
91173981
91173990
91173994
91173998
91174003
91174008
91174202
91174206
91174212
91174216
91174221
91174226
91174230
91174235
91174240
91174245
91174250
91174255
91174260
91174265
91174295
91174300
91174305
91174310
91174315
91174320
91174325
91174330
91174335
91174341
91174346
91174351
91174356
91174361
91174366
91174371
91174376
91174381
91174386
91174391
91174395
91174397
91174402
91174407
91174412
91174417
91174422
91174427
91174432
91174437
91174442
91174447
91174452
91174457
91174462
91174467
91174472
91174476
91174481
91174486
91174491
91174496
91174501
91174506
91174511
91175375
91175379
91175384
91175391
91175398
91175405
91175410
91175414
91175418
91175422
91175430
91175437
91175442
91175446
91175451
91175455
91175459
91176189
91176196
91176201
91176205
91176212
91176217
91176222
91176227
91176231
91176236
91176240
91176244
91181157
91181160
91181165
91181168
91181184
91181187
91181203
91181233
91181238
91181245
91182949
91182956
91182963
91182973
91182980
91182992
91182999
91183006
91183013
91183019
91183027
91183034
91183041
91183052
91183059
91183066
91183073
91183076
91183098
91183105
91183112
91183119
91183126
91183133
91183140
91183147
91183154
91183161
91183167
91183176
91183182
91183188
91183200
91183206
91183212
91183226
91183232
91183238
91183244
91183250
91183256
91183271
91183277
91183283
91183289
91183295
91183301
91183315
91183318
91183324
91183330
91183336
91183343
91183353
91183359
91183365
91183371
91183379
91183386
91183392
91183398
91183414
91183420
91183426
91183432
91183438
91183444
91183450
91183468
91183474
91183480
91183486
91183492
91183498
91188496
91188503
91188510
91188517
91188524
91188531
91188545
91188552
91188559
91188567
91188578
91188585
91188596
91188603
91188610
91188617
91188642
91188649
91188656
91188663
91188670
91188677
91188684
91188691
91188698
91188705
91188716
91188723
91189317
91189324
91189331
91189338
91189345
91189352
91189359
91189366
91189373
91189389
91189396
91189403
91189410
91189417
91189438
91189445
91189452
91189459
91189466
91189473
91189480
91189487
91189499
91189506
91189513
91189520
91189527
91189541
91189548
91189555
91189562
91189569
91189576
91189583
91189595
91189602
91189609
91189616
91189629
91189636
91189652
91189659
91189666
91189673
91189686
91189693
91189700
91189707
91189754
91189762
91189786
91189794
91190169
912
91200199
91200403
91200411
91200423
91200449
91200455
91200462
91200468
91200472
91200763
91200769
91200775
91200781
91200789
91200800
91200808
91200819
91200827
91200859
91200867
91200875
91200991
91201000
91201161
91201175
91201184
91201193
91201247
91201256
91201298
91201304
91201317
91201326
91201556
91201574
91201628
91201659
91201668
91201718
91201748
91201757
91201917
91201927
91201936
91202053
91202257
91202292
91202458
91202467
91202476
91202531
91202768
91202777
91202786
91202795
91202806
91203112
91203117
91203122
91203330
91203339
91203348
91203359
91203368
91203377
91203386
91203396
91203713
91203722
91203731
91203740
91203795
91203807
912276
912981
913
913156
913466
913715
913911
914544
914545
914547
914548
914549
914550
914551
914553
914554
914555
914556
914557
914558
914559
914560
914562
914563
914564
914565
914567
914568
914570
914571
914573
914574
914575
914603
914607
914613
914633
914673
914685
915
916
917103
917498
918
918471
918741
918742
918743
918744
919
919027
919112
919113
919114
919115
919116
919117
919118
919119
919120
919121
919122
919123
919124
919125
919126
919127
919128
919318
919529
919530
919661
92
920
92030902
92030904
92055644
92055645
92060229
92067187
92091413
921
922
925009
925010
925050
925538
925730
925987
926611
926866
926867
927
928
928293
928471
928474
928485
928586
928820
928827
928828
928829
929016
929017
929299
929388
929839
929936
93
930
930043
930065
930105
930171
930173
930177
930181
930183
930184
930187
93018992
93018994
93018995
93018996
93018997
93018998
93018999
930190
93019000
93019001
93019002
930192
930196
930199
93020185
930202
930206
930208
930210
93021210
93021212
93021214
93021219
93021224
930214
930216
93023028
93023153
93023154
93023155
93023157
930238
930240
930242
930246
93024634
930248
930250
930253
93025503
93025504
93025505
93025517
93025518
93025519
93025520
93025521
93025522
93025524
930256
930258
930261
930263
930266
930267
930269
930272
930274
930276
930278
930281
930283
930285
930287
930289
93030433
93030434
93030437
93030438
93030439
93030440
93030441
93032706
93032708
93032710
93032712
93032715
93032716
93032733
93033054
93033057
93033076
93033077
93034575
93034587
93034592
93034594
93034596
930350
93035010
93035031
93038557
93038558
93038923
93038924
93038925
93050623
93050847
93050848
93050868
93050869
93050901
93050908
93050950
93050957
93050961
93050964
93050967
93050971
93050979
93050983
93052552
93052554
93052555
93052720
93053133
93053134
93053135
93053136
93053137
93053684
93053685
93053858
93053859
93054582
93054636
93054690
93054694
93054699
93054701
93055260
93055262
93056497
93056498
93056499
93056637
93056640
93056642
93056644
93056654
93056655
93056988
93056990
93056993
93056995
93057209
93057213
93057689
93057923
93058059
93058662
93060114
93060261
93060662
93060664
93060665
93060676
93061168
93061169
93061225
93062058
93062059
930621
930622
930624
930625
93063377
93063381
93063383
93063389
93063393
93063395
930635
93063575
93063630
93063631
93064871
93064906
93064921
93065396
93065629
93067240
93067241
93067242
93067244
93067545
93067546
93067547
93067889
93068398
93068399
93068401
93068403
93068405
93068407
93068434
93068449
93068451
93068453
93068472
93068473
93068474
93068505
93068506
93068572
93068897
93069201
93069202
93069203
93069209
93069212
93069216
93069327
93069345
93069401
93069404
93069405
93069417
93069418
93069524
93069678
93069679
93069680
93069681
93069682
93069683
930698
93069870
93070460
93070502
93070506
93070862
93070871
93070903
93070905
93070916
93070917
93070921
93070922
93070926
93070928
93070937
93070992
93070993
93070994
93070995
93070996
93070997
93070998
93071002
93071003
93071004
93071006
93071066
93071067
93071068
93071069
93071103
93071104
93071178
93071179
93071364
93071401
93071402
93071427
93071429
93071488
93071489
93071490
93071491
93071510
93071724
93071725
93071844
93071845
93071846
93075248
93075253
93075255
93075805
93075810
93078612
93078645
93078646
93078686
93078690
93078691
93078692
93078694
93078695
930790
93079038
93079042
93080423
93080444
93080605
93080606
93080607
93080659
93080891
93080892
93080908
93080946
93080981
93080982
93081000
93081098
93081126
93081129
93081132
93081133
93081134
93081135
93081136
93081137
93081140
93081141
930816
93081826
93081828
93082517
93082518
93082519
93082521
93082529
93082530
93082531
93082532
93082535
93082536
93082537
93082539
93082540
93082541
93083232
93083233
93084073
93084074
93084075
93084078
93084082
93084360
93084707
93084708
93085608
93085651
93085907
93086041
93086057
93086065
93086072
93086078
93086354
93086362
93086366
93086383
93086391
93086505
93086541
93086545
93086546
93086547
93086548
93086549
93086584
93086585
93086586
930868
93086965
93086966
93087461
93088316
93088774
93088783
93088784
93088785
93088786
93088787
93089117
93089152
93089158
93089167
93089245
93089246
93089247
93089248
93089250
93089254
93089341
93089342
93089343
93089415
93089429
93089435
93089470
93089556
93089576
93089578
93089579
93089609
93089622
93089678
93089835
93089836
93089857
93089860
93089861
93089864
93089865
93089867
93089903
93089956
93090515
93091182
93091191
93091192
93092468
93096349
93096722
93097030
93097088
93097089
93097091
93097522
93097540
93097541
93097555
93097557
93097564
93097587
93097588
93097601
93097648
93097707
93097886
93097889
93097890
93098002
93099435
931
93100206
93100255
93100256
93100269
93100284
93100352
93100995
93100996
93100997
93100998
93100999
93101000
93101146
93101147
93101150
93101151
93101152
93101153
93101154
93101155
93101156
93101157
93101163
93101164
93101166
93101167
93101168
93101169
93101173
93101174
93101175
93101176
93101177
93101178
93101179
93101188
93101189
93101191
93101192
93101199
93101202
93101203
93101204
93101205
93101207
93101209
93101212
93101213
93101214
93101216
93101217
93101218
93101220
93101221
93101301
93101305
93101307
93101308
93101309
93101310
93101326
931029
93104143
93104144
93104145
93104146
93104147
93104148
93104246
93104599
93104619
93104627
93104657
93105632
93105712
93105713
93105784
93106093
93107361
93107372
931079
93108110
93108111
93108180
93108235
93108249
93108598
93111452
93114605
93117696
93118400
93118424
93120696
93121591
93121594
93121595
93123129
93123134
93124015
93124052
93124639
93124717
93125817
93125925
93127206
93127221
93127254
93127281
93127286
93127330
93127332
93127334
93127336
93127337
93127338
93127339
93127340
93128106
93128107
93128108
93128109
93128290
93128331
93128332
93128333
93128334
93128587
93128588
93129347
93129348
93129383
93132190
93132192
93132195
93132363
93135847
93135897
93136093
93136393
93136439
93136442
93136507
931376
93140176
93140203
93140268
93140452
93140501
93140614
93140615
93143640
93143677
93143678
93144231
93146170
93146429
93146434
931466
93146613
931475
93147527
931504
93150944
93154509
931682
932
932038
932439
932440
932441
932442
932443
932448
932450
932453
932456
932459
932461
932464
932467
932470
932475
932478
932480
932861
933
933838
933841
933847
933849
933853
933860
933868
933870
933872
933875
933895
933898
933902
933904
933907
933920
933921
933924
933928
933929
933932
933935
933940
933943
933945
933947
933949
933952
933954
933957
933960
934281
934286
934366
934396
934937
935
935311
935314
935317
935321
935324
935327
935374
936502
936651
936664
936708
936741
937
937567
937593
937928
938406
938791
939032
939347
94
940
94001501
94001831
94002070
94005095
94005704
94008245
94008868
94009324
94009479
94009530
94009960
94009961
94009962
94009964
94009965
94010218
94010219
94010582
94010948
94010978
94011053
94011054
94011057
94011058
94011060
94011061
94011457
94011458
94011460
94011466
94011473
94011484
94011688
94011689
94011788
94011826
94011830
94011995
94012008
94012187
94012374
94012527
94012532
94012590
94012605
94012679
94013021
94013080
94013081
94013821
94013827
94014062
94014337
94014700
94014738
94014879
94014884
94014989
94014998
94015522
94015546
94015551
94015558
94015723
94015735
94015763
94015782
94015809
94016111
94016439
94016468
94016616
94016801
94016834
94016860
94016868
94017218
94017393
94017454
94017455
94017544
94018193
94018494
94029813
94029816
94029823
94029937
94030648
94030684
94030756
94030940
94031032
94031041
94031042
94031433
94031434
94031436
94031487
94031520
94031523
94031537
94031570
94031700
94031814
94031815
94031816
94031860
94032447
94032652
94033022
94033076
94033107
94033163
94033243
94033409
94033453
94033504
94033651
94033814
94033907
94033953
94034080
94034413
94034534
94034656
94034829
94035056
94035138
94035212
94035213
94035214
94035283
94035372
94035376
94035504
94036131
94036318
940366
940369
94038815
94038823
94038844
94040513
94040660
94041462
94041548
94041565
94041572
94041617
94041620
94041643
94041706
94041855
94042191
94043304
94047159
94047295
94047419
94047559
94048238
94050491
94050735
94050964
94051824
94051923
94052477
94052495
94052497
94052914
94055064
94055299
94055442
941
941268
941272
941847
941852
941855
941858
941861
941865
941869
942
943
943823
943835
943891
943893
943902
943906
943924
943928
943933
943934
943939
943941
944
944803
944872
944904
945
945015
94502783
94502803
94502809
94502813
94502822
94502828
94502834
94502839
94502845
94502851
94502858
94502865
94502870
94502876
94502883
94502889
94502895
94502902
94502968
94502977
945418
945879
945966
945967
946
946022
946268
946798
947
947278
947585
948
949
95
95002803
95002808
950231
950376
95050114
95053354
95053463
95054461
95054465
95054466
95054468
95054470
95054471
95054481
95054880
95054883
95054886
95054889
95054890
95054988
95055261
95055272
95055273
95055274
95055275
95055278
95055280
95058231
95058238
95058242
95058243
95058244
95058245
95058246
95058247
95058251
95058252
95058253
95058254
95058255
95058257
95058370
95059526
95059527
95059583
95059587
95059588
95059592
95059596
95059598
95059605
95059606
95059607
95059608
95059609
95061132
95061152
95061236
95063274
95063408
95063414
95063615
95064110
95066380
95066381
95066382
95066383
95066389
95066418
95066419
95066420
95066421
95066422
95066423
95066424
95066425
95066426
95066427
95066428
95066430
95066499
95066514
95066515
95066516
95066522
95066526
95066624
95067380
95067458
95067469
95067812
95068164
95068310
95068460
95068567
95074044
95079470
95079479
95079794
95080036
95080049
95080052
95080101
95080153
95080159
95080162
95080165
95080166
95080167
95080168
95080169
95080170
95080171
95080172
95080173
95080174
95080175
95080176
95080177
95080178
95080179
95080180
951312
951314
951327
951330
951332
951334
951337
951340
951342
951826
952685
952691
952693
952695
952697
952702
952704
952707
952708
952710
952713
952716
952718
952721
952724
952727
952728
952730
952731
952734
952737
952740
952744
952745
952746
952751
952752
952753
952755
952758
953783
953790
954
955
955208
955211
955214
955216
955218
955220
955268
955711
956
956889
956891
957
958
958199
958201
959
96
960
96000058
96000060
96004278
96006550
96011049
96012104
96012105
96012106
96012107
96012108
96012813
96013009
96016795
96016818
96019222
96019330
96019590
96019596
96019597
96019792
96019953
96020194
96021643
96021839
96021840
96021846
96021847
96021875
96021918
96021967
96022224
96022603
96023087
96023090
96023666
96028369
96028594
96029919
96029923
96029926
96030166
96030167
96030168
96030169
96030170
96030171
96030172
96030295
96030338
96030339
96030340
96030341
96030342
96030925
96031411
96031569
96040888
96040889
96040890
96040891
96040892
96040893
96040894
96040895
96040987
96041050
96041051
96041052
96041053
96041054
96041055
96041056
96041057
96041315
96044159
96047696
96049674
96049757
96050991
96051398
96051399
96051496
96051929
96052436
96052438
96052440
96052443
96052445
96052448
96053465
96053467
96053848
96054136
96054415
96054439
96054875
96054882
96054897
96054938
96054941
96054942
96054943
96055049
96055842
96055860
96055872
96055928
96056284
96056286
96056361
96056529
96056623
96056624
96056625
96056627
96057113
96057114
96057177
96057181
9605720
96057205
96057483
96057883
96058994
96060284
96062585
96062690
96063146
96064867
96064868
96065500
96065502
96065506
96065753
96065764
96065765
96065767
96065769
96065774
96065825
96065831
96066136
96066185
96066221
96066237
96066255
96066269
9606633
96066332
96066353
96066500
96066506
96066564
96066644
96066668
96066950
96066975
96067046
96067088
96067122
96067123
96067186
96067196
96067203
96067226
96067270
96067492
96068197
96068521
96068604
96068605
96068606
96068607
96069293
96069297
96069299
96069349
96069350
96069351
96069352
96069353
96069354
96069355
96069356
96069357
96069358
96069360
96069361
96069363
96070254
96071991
96076003
96076081
96076185
96078143
96079692
96079695
96079808
96080748
96081274
96081275
96081354
96081762
96082662
96082714
96083151
96083276
96083277
96083344
96083355
96083769
96083835
96084248
96085068
96085407
96085912
96085951
96086886
96089466
96089671
96092788
96092811
96092812
96093176
96093184
96093388
96093640
96093644
96093679
96093691
96093744
961
96100697
96101091
96101119
96101199
96101269
96101270
96109393
96109403
96109406
96110181
96110190
96113552
96113553
96113567
96113572
96113995
96114018
96114025
96114029
96114035
96114036
96114040
96114056
96114126
96114234
96114236
96115599
96115779
96116248
96117091
96117102
96117103
96120904
96120905
96120906
96120907
96121051
96124348
96124680
96124732
96124736
96124746
96124937
96124938
96124939
96124940
96127229
96128840
96129896
96130121
96130278
96130279
96130281
96130284
96130285
96130286
96130287
96130288
96130290
96130293
96130294
96130295
96130296
96130297
96130301
96130302
96130303
96130304
96130305
96130310
96130311
96130312
96130313
96130314
96130315
96130527
96130528
96130529
96130530
96130531
96130533
96130626
96130627
96130628
96130631
96130668
96132910
96134365
96135635
96136112
96136752
961370
961373
961376
96140105
96140141
96140493
96140493alt
96140495
96142074
96142075
96142526
96143421
96143496
96144400
96145422
96146004
96146478
96146593
96146597
96146602
96146603
96146604
96146605
96149167
96149671
96150544
96151050
96151421
96151739
96151773
96153227
96153238
96153239
96153261
96153302
96153303
96153304
96153305
96155727
96157955
96161394
96161397
96161398
96162121
962
962693
963
965
96500522
96500539
96500540
96500541
96500543
96500962
96501382
96501384
96501385
96501386
96501387
96501388
96501389
96501390
96501391
96502150
96502151
96502152
96502154
96502155
96502157
96502372
96502373
965366
965369
965372
965375
965378
967
968
969
970
97000858
971
97196246
972
97200002
97200008
97200009
97200011
97200013
97200015
97200017
97200018
97207959
97207960
97207961
97207964
97207966
97207968
97207970
97207972
97207974
97207975
97207977
97207979
97207980
97207981
97208008
97208548
97208550
97208552
97208554
97208556
97208559
97208561
97208563
97208564
97208565
97208566
97208567
97208568
97208569
97208672
97208673
97208674
97208675
97208676
97208677
973
975
975489
975527
975542
975779
975911
976
976551
977
978
978086
978091
978102
978108
978110
979
979360
98
980
98000023
98000113
98000116
98000117
98000118
98000148
98000153
98000154
98000168
98000175
98000180
98000197
98000233
98000239
98000251
98000289
98000309
98000340
98000382
98000391
98000411
98000450
98000611
98000628
98000646
98000654
98000660
98000662
98000664
98000666
98000668
98000670
98000844
98000869
98000956
98001905
98001978
98002186
98002353
98002500
98002501
98002504
98003424
98003426
98003428
98003431
98003433
98003435
98003437
98003819
98004504
98004836
98004839
98005081
98005365
98005366
98005367
98005368
98005369
98005370
98005472
98005473
98005474
98005475
98005650
98005651
98005652
98005653
98005654
98005655
98005656
98005657
98005658
98005705
98005738
98005739
98005740
98005741
98005742
98005743
98005744
98005745
98005746
98005747
98005748
98005749
98005750
98005751
98005752
98005828
98005836
98005843
98005873
98005908
98005959
98006028
98006205
98006347
98006583
98008267
98008321
98008376
98008531
98008690
98008696
98008697
98008702
98008770
98008779
98008782
98008789
98008790
98008791
98008797
98008798
98008799
98008806
98008807
98008808
98009909
98009910
98009911
98009912
98009913
98009914
98009915
98009916
98009917
98009918
98009919
98009920
98009921
98009922
98009923
98009924
98009925
98009926
98009927
98009928
98009929
98009930
98009931
98009932
98009933
98009934
98009935
98009936
98009937
98009938
98009939
98009940
98009941
98009942
98009943
98009944
98009945
98009946
98009947
98009948
98009949
98009950
98009951
98009952
98009953
98009954
98009955
98009956
98009957
98009958
98009959
98009960
98009961
98009962
98009963
98009964
98009965
98009966
98009967
98009968
98009969
98009970
98009971
98009972
98009973
98009974
98009975
98009976
98009977
98009978
98009979
98009980
98009981
98009982
98009983
98009984
98009985
98009986
98009987
98009988
98009989
98009990
98009991
98009992
98009993
98009994
98009995
98009996
98009997
98009998
98009999
98010000
98010001
98010002
98010003
98010004
98010005
98010006
98010007
98010008
98010009
98010010
98010011
98010012
98010013
98010014
98010015
98010016
98010017
98010018
98010019
98010020
98010021
98010022
98010023
98010024
98010025
98010026
98010027
98010028
98010029
98010030
98010031
98010032
98010033
98010034
98010035
98010036
98010037
98010038
98010039
98010040
98010041
98010042
98010043
98010044
98010045
98010046
98010047
98010048
98010049
98010050
98010051
98010052
98010053
98010054
98010055
98010056
98010057
98010058
98010059
98010060
98010061
98010062
98010063
98010064
98010065
98010066
98010067
98010068
98010069
98010070
98010071
98010072
98010073
98010074
98010075
98010076
98010077
98010078
98010079
98010080
98010081
98010082
98010083
98010084
98010085
98010086
98010087
98010088
98010089
98010090
98010091
98010092
98010093
98010094
98010095
98010096
98010097
98010098
98010099
98010100
98010101
98010102
98010103
98010104
98010105
98010106
98010107
98010108
98010109
98010110
98010111
98010112
98010113
98010114
98010115
98010116
98010117
98010118
98010119
98010120
98010121
98010122
98010123
98010124
98010125
98010126
98010127
98010128
98010153
98010504
98010509
98010510
98010515
98010678
98029157
98030904
98030909
98030912
98030914
98032815
98035232
98035328
98035330
98035488
98035490
98035492
98035493
98035503
98035504
98035509
98039954
98040198
98040199
98040200
98040201
98042201
98042202
98042212
98042213
98042220
98042224
98042230
98042232
98042237
98042271
98042417
98042421
98042508
98042511
98042515
98043498
98043499
980449
98046205
98046207
98046211
98046475
98046545
98046810
98047309
98048895
98048896
98048897
98048898
98048899
98048900
98049109
980542
980543
980593
98059569
981
981306
981732
981735
981736
981737
981738
981739
981740
981741
981742
981744
981745
981746
981747
981748
981749
981750
981751
981752
981753
981754
981755
981756
981757
981758
981759
981760
981761
981762
981763
981764
981765
981766
981767
981768
981769
981770
981771
981772
981773
981774
981775
981776
981777
981778
981782
981783
981784
981785
981786
981787
981788
981789
981790
981791
981792
981793
981794
981795
981796
981797
981798
981799
981800
981801
981802
981803
981804
981805
981806
981807
981808
981809
981810
981811
981812
981813
981814
981815
981816
981817
982
982319
982543
982544
982547
982556
982697
982893
982894
983
984
985
986
988
989
99
991
992
994
995
996
999
config
