"Unique ID";"Name";"Nation";"Division";"Rep";"Av Age";"Balance";"Trn Budget S";"Trn Budget R";"Wage Budget";"Status";"TF";"YF";"JC";"Stad Cap";"Av Att";"Rating";"Pot Rating"
"301.260";"15 de Novembro";"Brazil";"Eerste klasse A";"400";"0,0";"0";"0";"0";"0";"Professional";"9";"5";"5";"2.000";"1.500";"0,0%";"0,0%"
"314.592";"1º de Maio";"Brazil";"Clubes Sem Divisão Nacional/Fora da Série D";"650";"34,5";"0";"0";"0";"0";"Professional";"5";"2";"4";"3.118";"800";"10,9%";"11,0%"
"301.242";"4 de Julho";"Brazil";"Clubes Sem Divisão Nacional/Fora da Série D";"1.450";"32,0";"0";"0";"0";"0";"Professional";"2";"2";"2";"8.000";"1.100";"5,8%";"5,8%"
"19.296.881";"5 de Agosto (PB)";"Brazil";"Eerste klasse A";"1";"0,0";"0";"0";"0";"0";"Semi-Professional";"2";"1";"1";"0";"250";"0,0%";"0,0%"
"19.337.242";"7 de Abril";"Brazil";"Clubes Sem Divisão Nacional/Fora da Série D";"750";"0,0";"0";"0";"0";"0";"Professional";"5";"4";"4";"6.300";"100";"0,0%";"0,0%"
"309.738";"9° Reg. Infantaria";"Brazil";"Eerste klasse A";"1";"0,0";"0";"0";"0";"0";"Semi-Professional";"2";"1";"1";"0";"250";"0,0%";"0,0%"
"309.752";"AA da Bahia (BA)";"Brazil";"Eerste klasse A";"1";"0,0";"0";"0";"0";"0";"Semi-Professional";"3";"2";"1";"0";"250";"0,0%";"0,0%"
"302.139";"AA Palmeiras (SP)";"Brazil";"Eerste klasse A";"1";"0,0";"0";"0";"0";"0";"Semi-Professional";"2";"1";"1";"0";"250";"0,0%";"0,0%"
"313.581";"AA Rodoviária";"Brazil";"Eerste klasse A";"1";"0,0";"0";"0";"0";"0";"Semi-Professional";"3";"2";"1";"0";"250";"0,0%";"0,0%"
"311.841";"AA São Bento (SP)";"Brazil";"Eerste klasse A";"1";"0,0";"0";"0";"0";"0";"Semi-Professional";"2";"1";"1";"0";"250";"0,0%";"0,0%"
"107.205";"ABC";"Brazil";"Brasileirão Série B Betano";"5.000";"30,3";"27.540";"0";"0";"9.850";"Professional";"9";"7";"7";"15.082";"3.534";"66,3%";"68,7%"
"2.000.136.192";"ABD FC";"Brazil";"Clubes Sem Divisão Nacional/Fora da Série D";"450";"0,0";"0";"0";"0";"0";"Professional";"4";"4";"3";"4.000";"200";"0,0%";"0,0%"
"19.337.749";"ABECAT";"Brazil";"Clubes Sem Divisão Nacional/Fora da Série D";"950";"0,0";"0";"0";"0";"0";"Professional";"5";"6";"6";"1.000";"100";"0,0%";"0,0%"
"19.342.404";"Academia (MT)";"Brazil";"Clubes Sem Divisão Nacional/Fora da Série D";"1.150";"29,0";"0";"0";"0";"0";"Professional";"5";"6";"6";"16.000";"200";"44,2%";"46,3%"
"19.056.649";"Ação";"Brazil";"Clubes Sem Divisão Nacional/Fora da Série D";"900";"0,0";"0";"0";"0";"0";"Professional";"5";"2";"4";"4.500";"600";"0,0%";"0,0%"
"301.240";"AD Vitória (PE)";"Brazil";"Eerste klasse A";"1";"0,0";"0";"0";"0";"0";"Professional";"3";"2";"2";"10.911";"600";"0,0%";"0,0%"
"318.875";"ADAP";"Brazil";"Eerste klasse A";"1";"0,0";"0";"0";"0";"0";"Professional";"10";"8";"6";"2.500";"4.672";"0,0%";"0,0%"
"313.242";"ADESG";"Brazil";"Clubes Sem Divisão Nacional/Fora da Série D";"850";"23,0";"0";"0";"0";"0";"Professional";"8";"3";"6";"2.000";"1.500";"11,6%";"13,0%"
"312.330";"Adolpho Konder (SC)";"Brazil";"Eerste klasse A";"1";"0,0";"0";"0";"0";"0";"Semi-Professional";"3";"2";"1";"0";"250";"0,0%";"0,0%"
"19.253.694";"Afogados";"Brazil";"Clubes Sem Divisão Nacional/Fora da Série D";"1.750";"27,3";"10";"0";"0";"0";"Professional";"5";"5";"6";"2.000";"1.000";"62,7%";"67,3%"
"309.616";"AGA";"Brazil";"Eerste klasse A";"1";"0,0";"0";"0";"0";"0";"Professional";"5";"3";"3";"6.356";"2.000";"0,0%";"0,0%"
"19.334.270";"Agrimaq";"Brazil";"Clubes Sem Divisão Nacional/Fora da Série D";"350";"0,0";"0";"0";"0";"0";"Professional";"5";"5";"6";"4.000";"250";"0,0%";"0,0%"
"19.200.887";"Água Santa";"Brazil";"Clubes Sem Divisão Nacional/Fora da Série D";"3.300";"28,7";"0";"0";"0";"0";"Professional";"7";"7";"9";"10.000";"4.000";"70,1%";"72,6%"
"309.778";"Água Verde";"Brazil";"Eerste klasse A";"1";"0,0";"0";"0";"0";"0";"Semi-Professional";"2";"1";"1";"0";"250";"0,0%";"0,0%"
"2.000.320.598";"Águia de Cumaru";"Brazil";"Clubes Sem Divisão Nacional/Fora da Série D";"550";"0,0";"0";"0";"0";"0";"Professional";"2";"2";"8";"5.000";"40";"0,0%";"0,0%"
"308.939";"Águia de Marabá";"Brazil";"Brasileirão Série D";"2.300";"28,8";"0";"0";"0";"0";"Professional";"6";"6";"3";"4.000";"1.700";"62,3%";"65,1%"
"314.963";"Águia Negra";"Brazil";"Clubes Sem Divisão Nacional/Fora da Série D";"1.000";"0,0";"0";"0";"0";"0";"Professional";"8";"6";"5";"8.000";"1.500";"0,0%";"0,0%"
"19.009.976";"Aimoré";"Brazil";"Brasileirão Série D";"2.400";"0,0";"0";"0";"0";"0";"Professional";"4";"4";"5";"12.000";"695";"0,0%";"0,0%"
"2.000.135.794";"Albion (SP)";"Brazil";"Eerste klasse A";"1";"0,0";"0";"0";"0";"0";"Semi-Professional";"1";"1";"1";"0";"250";"0,0%";"0,0%"
"301.257";"Alecrim";"Brazil";"Clubes Sem Divisão Nacional/Fora da Série D";"1.000";"0,0";"0";"0";"0";"0";"Professional";"6";"7";"4";"4.500";"3.100";"0,0%";"0,0%"
"310.389";"Alegrense";"Brazil";"Eerste klasse A";"1";"0,0";"0";"0";"0";"0";"Professional";"8";"5";"3";"5.000";"1.800";"0,0%";"0,0%"
"313.440";"Alexandria (AL)";"Brazil";"Eerste klasse A";"1";"0,0";"0";"0";"0";"0";"Semi-Professional";"3";"2";"1";"0";"250";"0,0%";"0,0%"
"301.105";"Aliança (AP)";"Brazil";"Eerste klasse A";"1";"0,0";"0";"0";"0";"0";"Professional";"4";"4";"4";"3.000";"600";"0,0%";"0,0%"
"19.165.042";"Aliança Atlética";"Brazil";"Clubes Sem Divisão Nacional/Fora da Série D";"450";"0,0";"0";"0";"0";"0";"Professional";"4";"4";"5";"22.000";"200";"0,0%";"0,0%"
"312.328";"Almirante Barroso [EXT]";"Brazil";"Eerste klasse A";"1";"0,0";"0";"0";"0";"0";"Semi-Professional";"1";"1";"1";"0";"250";"0,0%";"0,0%"
"2.000.152.147";"Altamira (PA)";"Brazil";"Clubes Sem Divisão Nacional/Fora da Série D";"450";"0,0";"0";"0";"0";"0";"Professional";"2";"2";"3";"2.000";"100";"0,0%";"0,0%"
"19.273.578";"Altos (PI)";"Brazil";"Brasileirão Série C";"3.750";"25,2";"159.900";"0";"0";"3.070";"Professional";"7";"8";"7";"5.000";"650";"59,1%";"63,6%"
"19.339.649";"Alves Nogueira";"Brazil";"Eerste klasse A";"1";"0,0";"0";"0";"0";"0";"Semi-Professional";"1";"1";"1";"0";"250";"0,0%";"0,0%"
"19.005.327";"Alves Nogueira (MG)";"Brazil";"Eerste klasse A";"1";"0,0";"0";"0";"0";"0";"Semi-Professional";"2";"1";"1";"0";"250";"0,0%";"0,0%"
"313.333";"Alvorada (TO)";"Brazil";"Eerste klasse A";"350";"0,0";"0";"0";"0";"0";"Professional";"2";"2";"2";"2.500";"900";"0,0%";"0,0%"
"313.315";"Amadense";"Brazil";"Clubes Sem Divisão Nacional/Fora da Série D";"850";"0,0";"0";"0";"0";"0";"Professional";"2";"3";"3";"7.000";"600";"0,0%";"0,0%"
"313.253";"Amapá";"Brazil";"Eerste klasse A";"1";"0,0";"0";"0";"0";"0";"Professional";"8";"3";"6";"13.680";"600";"0,0%";"0,0%"
"19.398.655";"Amazonas";"Brazil";"Brasileirão Série C";"4.400";"29,5";"611.800";"40.220";"40.220";"27.280";"Professional";"4";"4";"5";"11.000";"200";"68,7%";"71,7%"
"2.000.122.197";"Amazônia IFC";"Brazil";"Clubes Sem Divisão Nacional/Fora da Série D";"900";"0,0";"0";"0";"0";"0";"Professional";"4";"4";"3";"500";"200";"0,0%";"0,0%"
"313.380";"América (AC)";"Brazil";"Eerste klasse A";"1";"0,0";"0";"0";"0";"0";"Professional";"1";"1";"1";"5.000";"320";"0,0%";"0,0%"
"308.384";"América (AM)";"Brazil";"Eerste klasse A";"1";"0,0";"0";"0";"0";"0";"Professional";"3";"4";"3";"11.000";"1.000";"0,0%";"0,0%"
"313.263";"América (CE)";"Brazil";"Eerste klasse A";"400";"0,0";"0";"0";"0";"0";"Professional";"6";"2";"3";"22.000";"750";"0,0%";"0,0%"
"314.317";"América (ES)";"Brazil";"Eerste klasse A";"1";"0,0";"0";"0";"0";"0";"Semi-Professional";"3";"2";"1";"0";"250";"0,0%";"0,0%"
"314.942";"América (GO)";"Brazil";"Clubes Sem Divisão Nacional/Fora da Série D";"550";"0,0";"0";"0";"0";"0";"Professional";"3";"2";"4";"5.040";"600";"0,0%";"0,0%"
"107.201";"América (MG)";"Brazil";"Brasileirão Assaí";"6.100";"26,6";"2.869.540";"1.286.980";"1.286.980";"93.230";"Professional";"13";"11";"13";"23.018";"4.910";"73,0%";"75,0%"
"314.312";"América (PB)";"Brazil";"Eerste klasse A";"1";"0,0";"0";"0";"0";"0";"Semi-Professional";"1";"1";"1";"2.000";"250";"0,0%";"0,0%"
"303.013";"América (PE)";"Brazil";"Clubes Sem Divisão Nacional/Fora da Série D";"850";"0,0";"0";"0";"0";"0";"Professional";"3";"2";"2";"12.000";"710";"0,0%";"0,0%"
"900.996";"America (RJ)";"Brazil";"Clubes Sem Divisão Nacional/Fora da Série D";"2.150";"0,0";"0";"0";"0";"0";"Professional";"8";"8";"6";"13.544";"1.100";"0,0%";"0,0%"
"107.203";"América (RN)";"Brazil";"Brasileirão Série C";"4.250";"28,6";"130.580";"0";"0";"23.990";"Professional";"10";"7";"7";"32.000";"1.584";"67,3%";"70,1%"
"309.757";"América (SC)";"Brazil";"Eerste klasse A";"1";"0,0";"0";"0";"0";"0";"Semi-Professional";"3";"2";"1";"0";"250";"0,0%";"0,0%"
"301.333";"América (SP)";"Brazil";"Clubes Sem Divisão Nacional/Fora da Série D";"950";"30,0";"0";"0";"0";"0";"Professional";"4";"7";"7";"32.168";"3.000";"5,5%";"6,0%"
"314.971";"América de Caaporã";"Brazil";"Eerste klasse A";"1";"0,0";"0";"0";"0";"0";"Amateur";"1";"3";"1";"3.500";"800";"0,0%";"0,0%"
"19.367.841";"América de Pedrinhas";"Brazil";"Clubes Sem Divisão Nacional/Fora da Série D";"850";"0,0";"0";"0";"0";"0";"Professional";"5";"4";"4";"600";"200";"0,0%";"0,0%"
"314.297";"América de Propriá";"Brazil";"Clubes Sem Divisão Nacional/Fora da Série D";"1.150";"0,0";"0";"0";"0";"0";"Professional";"7";"3";"6";"2.000";"600";"0,0%";"0,0%"
"309.782";"América Paranaense";"Brazil";"Eerste klasse A";"1";"0,0";"0";"0";"0";"0";"Semi-Professional";"3";"2";"1";"0";"250";"0,0%";"0,0%"
"19.113.685";"América TO (MG)";"Brazil";"Clubes Sem Divisão Nacional/Fora da Série D";"1.000";"0,0";"0";"0";"0";"0";"Professional";"4";"4";"4";"5.000";"300";"0,0%";"0,0%"
"311.108";"América TR (RJ)";"Brazil";"Eerste klasse A";"1";"0,0";"0";"0";"0";"0";"Professional";"3";"3";"3";"5.000";"500";"0,0%";"0,0%"
"104.887";"Americano";"Brazil";"Clubes Sem Divisão Nacional/Fora da Série D";"2.100";"0,0";"0";"0";"0";"0";"Professional";"9";"9";"5";"3.000";"875";"0,0%";"0,0%"
"314.319";"Americano (ES)";"Brazil";"Eerste klasse A";"1";"0,0";"0";"0";"0";"0";"Semi-Professional";"3";"2";"1";"0";"250";"0,0%";"0,0%"
"309.656";"Americano (MA)";"Brazil";"Clubes Sem Divisão Nacional/Fora da Série D";"450";"0,0";"0";"0";"0";"0";"Professional";"4";"5";"5";"7.856";"632";"0,0%";"0,0%"
"313.904";"Americano (MT)";"Brazil";"Eerste klasse A";"1";"0,0";"0";"0";"0";"0";"Semi-Professional";"1";"1";"1";"0";"250";"0,0%";"0,0%"
"309.737";"Americano (RS)";"Brazil";"Eerste klasse A";"1";"0,0";"0";"0";"0";"0";"Semi-Professional";"3";"2";"1";"3.000";"250";"0,0%";"0,0%"
"302.146";"Americano (SP)";"Brazil";"Eerste klasse A";"1";"0,0";"0";"0";"0";"0";"Semi-Professional";"3";"2";"1";"0";"250";"0,0%";"0,0%"
"19.027.339";"Amparo";"Brazil";"Clubes Sem Divisão Nacional/Fora da Série D";"700";"0,0";"0";"0";"0";"0";"Professional";"3";"3";"4";"5.000";"250";"0,0%";"0,0%"
"314.744";"Ananindeua";"Brazil";"Eerste klasse A";"400";"0,0";"0";"0";"0";"0";"Professional";"7";"4";"5";"5.000";"600";"0,0%";"0,0%"
"301.146";"Anapolina";"Brazil";"Clubes Sem Divisão Nacional/Fora da Série D";"1.350";"0,0";"0";"0";"0";"0";"Professional";"9";"8";"6";"14.400";"3.255";"0,0%";"0,0%"
"301.148";"Anápolis";"Brazil";"Brasileirão Série D";"2.400";"28,2";"0";"0";"0";"0";"Professional";"6";"6";"6";"14.400";"3.319";"52,4%";"55,4%"
"2.000.004.148";"Anchieta (RJ)";"Brazil";"Eerste klasse A";"1";"0,0";"0";"0";"0";"0";"Semi-Professional";"3";"2";"1";"0";"250";"0,0%";"0,0%"
"314.783";"Andarahy";"Brazil";"Eerste klasse A";"1";"0,0";"0";"0";"0";"0";"Semi-Professional";"1";"1";"1";"0";"250";"0,0%";"0,0%"
"309.637";"Andirá";"Brazil";"Clubes Sem Divisão Nacional/Fora da Série D";"700";"31,0";"0";"0";"0";"0";"Professional";"4";"2";"2";"10.000";"1.600";"5,3%";"5,5%"
"19.354.609";"Andradina";"Brazil";"Clubes Sem Divisão Nacional/Fora da Série D";"450";"0,0";"0";"0";"0";"0";"Professional";"4";"4";"5";"8.390";"100";"0,0%";"0,0%"
"19.069.555";"Andraus";"Brazil";"Clubes Sem Divisão Nacional/Fora da Série D";"2.000";"26,6";"-3.150";"0";"0";"0";"Professional";"3";"3";"5";"1.200";"500";"44,3%";"47,6%"
"319.620";"Angra dos Reis";"Brazil";"Clubes Sem Divisão Nacional/Fora da Série D";"700";"0,0";"0";"0";"0";"0";"Professional";"3";"3";"3";"5.000";"600";"0,0%";"0,0%"
"2.000.210.044";"Anjos do Céu";"Brazil";"Clubes Sem Divisão Nacional/Fora da Série D";"350";"0,0";"0";"0";"0";"0";"Semi-Professional";"2";"3";"4";"8.000";"250";"0,0%";"0,0%"
"301.149";"Aparecida (GO)";"Brazil";"Clubes Sem Divisão Nacional/Fora da Série D";"800";"25,0";"0";"0";"0";"0";"Professional";"2";"2";"2";"8.000";"600";"5,8%";"6,4%"
"319.141";"Aparecidense";"Brazil";"Brasileirão Série C";"4.350";"26,1";"128.660";"0";"0";"8.560";"Professional";"3";"2";"4";"8.000";"1.500";"63,9%";"67,8%"
"19.053.110";"Aperibeense";"Brazil";"Eerste klasse A";"1";"0,0";"0";"0";"0";"0";"Professional";"3";"3";"3";"3.000";"250";"0,0%";"0,0%"
"19.253.215";"Apucarana Sports";"Brazil";"Clubes Sem Divisão Nacional/Fora da Série D";"1.300";"0,0";"0";"0";"0";"0";"Professional";"7";"7";"6";"4.500";"200";"0,0%";"0,0%"
"19.139.649";"Aquidauanense";"Brazil";"Clubes Sem Divisão Nacional/Fora da Série D";"1.250";"28,3";"0";"0";"0";"0";"Professional";"4";"6";"6";"4.000";"300";"17,3%";"18,3%"
"19.342.407";"Aracaju";"Brazil";"Clubes Sem Divisão Nacional/Fora da Série D";"500";"0,0";"0";"0";"0";"0";"Professional";"6";"6";"6";"15.575";"300";"0,0%";"0,0%"
"308.938";"Araçatuba";"Brazil";"Eerste klasse A";"350";"0,0";"0";"0";"0";"0";"Professional";"5";"3";"3";"11.284";"2.000";"0,0%";"0,0%"
"313.275";"Aracruz";"Brazil";"Eerste klasse A";"600";"0,0";"0";"0";"0";"0";"Professional";"3";"2";"5";"5.058";"300";"0,0%";"0,0%"
"19.401.165";"Araguacema";"Brazil";"Clubes Sem Divisão Nacional/Fora da Série D";"700";"0,0";"0";"0";"0";"0";"Professional";"3";"3";"4";"1.500";"100";"0,0%";"0,0%"
"19.289.425";"Araguaia";"Brazil";"Clubes Sem Divisão Nacional/Fora da Série D";"1.100";"28,0";"0";"0";"0";"0";"Professional";"5";"6";"6";"5.000";"200";"11,6%";"12,1%"
"19.056.642";"Araguaia AC";"Brazil";"Eerste klasse A";"1";"0,0";"0";"0";"0";"0";"Professional";"5";"3";"4";"3.000";"900";"0,0%";"0,0%"
"313.341";"Araguaína";"Brazil";"Clubes Sem Divisão Nacional/Fora da Série D";"1.000";"32,0";"0";"0";"0";"0";"Professional";"7";"5";"7";"6.000";"1.900";"17,5%";"18,0%"
"19.170.070";"Araguari";"Brazil";"Clubes Sem Divisão Nacional/Fora da Série D";"400";"0,0";"0";"0";"0";"0";"Professional";"4";"3";"3";"6.000";"200";"0,0%";"0,0%"
"19.218.393";"Araioses";"Brazil";"Clubes Sem Divisão Nacional/Fora da Série D";"400";"0,0";"0";"0";"0";"0";"Professional";"5";"5";"5";"4.000";"138";"0,0%";"0,0%"
"314.944";"Arapongas";"Brazil";"Clubes Sem Divisão Nacional/Fora da Série D";"850";"0,0";"0";"0";"0";"0";"Professional";"3";"2";"5";"6.240";"900";"0,0%";"0,0%"
"19.157.320";"Araranguá";"Brazil";"Eerste klasse A";"1";"0,0";"0";"0";"0";"0";"Semi-Professional";"1";"1";"1";"0";"250";"0,0%";"0,0%"
"19.107.499";"Araripina";"Brazil";"Eerste klasse A";"500";"0,0";"0";"0";"0";"0";"Professional";"2";"3";"3";"5.341";"750";"0,0%";"0,0%"
"19.344.102";"Araruama";"Brazil";"Clubes Sem Divisão Nacional/Fora da Série D";"1.450";"0,0";"0";"0";"0";"0";"Professional";"5";"6";"5";"3.000";"100";"0,0%";"0,0%"
"19.392.506";"Araucária";"Brazil";"Clubes Sem Divisão Nacional/Fora da Série D";"900";"0,0";"0";"0";"0";"0";"Professional";"4";"5";"5";"4.043";"250";"0,0%";"0,0%"
"19.005.168";"Araxá";"Brazil";"Clubes Sem Divisão Nacional/Fora da Série D";"950";"0,0";"0";"0";"0";"0";"Professional";"5";"5";"6";"10.000";"893";"0,0%";"0,0%"
"313.310";"Ariquemes";"Brazil";"Eerste klasse A";"500";"0,0";"0";"0";"0";"0";"Professional";"3";"3";"3";"5.000";"2.000";"0,0%";"0,0%"
"19.295.792";"Arsenal (PB)";"Brazil";"Eerste klasse A";"1";"0,0";"0";"0";"0";"0";"Semi-Professional";"3";"2";"1";"0";"250";"0,0%";"0,0%"
"19.373.866";"Arsenal (TO)";"Brazil";"Clubes Sem Divisão Nacional/Fora da Série D";"550";"0,0";"0";"0";"0";"0";"Professional";"4";"4";"5";"6.000";"100";"0,0%";"0,0%"
"19.108.524";"Arsenal de Caridade";"Brazil";"Clubes Sem Divisão Nacional/Fora da Série D";"450";"0,0";"0";"0";"0";"0";"Professional";"2";"2";"3";"1.000";"300";"0,0%";"0,0%"
"314.097";"Artístico FC (PI)";"Brazil";"Eerste klasse A";"1";"0,0";"0";"0";"0";"0";"Semi-Professional";"3";"2";"1";"0";"250";"0,0%";"0,0%"
"2.100.850";"Artsul";"Brazil";"Clubes Sem Divisão Nacional/Fora da Série D";"1.650";"0,0";"0";"0";"0";"0";"Professional";"8";"5";"5";"1.000";"600";"0,0%";"0,0%"
"313.264";"ARUC";"Brazil";"Clubes Sem Divisão Nacional/Fora da Série D";"650";"0,0";"0";"0";"0";"0";"Professional";"6";"5";"5";"2.000";"1.000";"0,0%";"0,0%"
"301.100";"ASA";"Brazil";"Brasileirão Série D";"2.900";"28,5";"0";"0";"0";"0";"Professional";"8";"7";"7";"12.500";"1.624";"62,0%";"64,8%"
"19.071.614";"ASEEV";"Brazil";"Clubes Sem Divisão Nacional/Fora da Série D";"1.050";"0,0";"0";"0";"0";"0";"Professional";"5";"6";"6";"2.000";"200";"0,0%";"0,0%"
"19.009.824";"Assisense";"Brazil";"Clubes Sem Divisão Nacional/Fora da Série D";"550";"0,0";"0";"0";"0";"0";"Professional";"2";"2";"3";"8.525";"104";"0,0%";"0,0%"
"309.633";"ASSU";"Brazil";"Clubes Sem Divisão Nacional/Fora da Série D";"900";"0,0";"0";"0";"0";"0";"Professional";"6";"4";"3";"12.000";"1.200";"0,0%";"0,0%"
"2.000.085.733";"Aster Brasil";"Brazil";"Clubes Sem Divisão Nacional/Fora da Série D";"800";"0,0";"0";"0";"0";"0";"Professional";"10";"7";"8";"21.000";"100";"0,0%";"0,0%"
"2.000.310.120";"Aster Itaquá";"Brazil";"Eerste klasse A";"250";"0,0";"0";"0";"0";"0";"Amateur";"5";"6";"5";"3.800";"50";"0,0%";"0,0%"
"19.342.677";"Athletic Club (MG)";"Brazil";"Brasileirão Série D";"3.750";"25,9";"0";"0";"0";"0";"Professional";"5";"5";"5";"6.000";"150";"65,5%";"70,0%"
"107.206";"Athletico Paranaense";"Brazil";"Brasileirão Assaí";"7.000";"25,4";"6.679.020";"6.434.880";"6.434.880";"204.530";"Professional";"18";"13";"13";"42.370";"22.283";"75,9%";"78,5%"
"309.766";"Atl. Catarinense FLN";"Brazil";"Eerste klasse A";"1";"0,0";"0";"0";"0";"0";"Semi-Professional";"2";"1";"1";"0";"250";"0,0%";"0,0%"
"319.117";"Atlântico";"Brazil";"Eerste klasse A";"500";"0,0";"0";"0";"0";"0";"Professional";"3";"3";"3";"1.000";"750";"0,0%";"0,0%"
"19.156.147";"Atlético (ES)";"Brazil";"Clubes Sem Divisão Nacional/Fora da Série D";"1.000";"0,0";"0";"0";"0";"0";"Professional";"3";"3";"4";"3.000";"100";"0,0%";"0,0%"
"309.638";"Atlético Acreano";"Brazil";"Clubes Sem Divisão Nacional/Fora da Série D";"2.000";"0,0";"0";"0";"0";"0";"Professional";"6";"4";"4";"13.700";"1.600";"0,0%";"0,0%"
"2.000.049.649";"Atlético Amazonense";"Brazil";"Clubes Sem Divisão Nacional/Fora da Série D";"550";"0,0";"0";"0";"0";"0";"Professional";"4";"4";"4";"11.000";"200";"0,0%";"0,0%"
"2.000.067.549";"Atlético Batistense";"Brazil";"Clubes Sem Divisão Nacional/Fora da Série D";"450";"0,0";"0";"0";"0";"0";"Professional";"3";"3";"2";"2.500";"200";"0,0%";"0,0%"
"19.354.605";"Atlético Carioca";"Brazil";"Clubes Sem Divisão Nacional/Fora da Série D";"550";"0,0";"0";"0";"0";"0";"Professional";"5";"5";"4";"4.000";"200";"0,0%";"0,0%"
"19.214.762";"Atlético Catarinense";"Brazil";"Clubes Sem Divisão Nacional/Fora da Série D";"1.250";"0,0";"0";"0";"0";"0";"Professional";"5";"5";"6";"3.000";"200";"0,0%";"0,0%"
"310.392";"Atlético Cearense";"Brazil";"Brasileirão Série D";"2.800";"27,5";"0";"0";"0";"0";"Professional";"8";"7";"5";"22.000";"2.500";"24,7%";"26,2%"
"19.140.897";"Atlético Cerrado";"Brazil";"Clubes Sem Divisão Nacional/Fora da Série D";"550";"0,0";"0";"0";"0";"0";"Professional";"2";"3";"3";"4.000";"300";"0,0%";"0,0%"
"301.113";"Atlético de Alagoinhas";"Brazil";"Brasileirão Série D";"3.100";"29,1";"0";"0";"0";"0";"Professional";"8";"6";"6";"16.000";"3.500";"63,5%";"66,1%"
"311.951";"Atlético de Cajazeiras";"Brazil";"Clubes Sem Divisão Nacional/Fora da Série D";"1.200";"30,6";"0";"0";"0";"0";"Professional";"8";"6";"6";"12.000";"2.100";"28,7%";"29,1%"
"2.000.024.120";"Atlético de Salvador";"Brazil";"Eerste klasse A";"1";"0,0";"0";"0";"0";"0";"Semi-Professional";"1";"1";"1";"0";"250";"0,0%";"0,0%"
"19.081.219";"Atlético Gloriense";"Brazil";"Clubes Sem Divisão Nacional/Fora da Série D";"1.200";"36,0";"0";"0";"0";"0";"Professional";"3";"4";"4";"3.000";"200";"5,8%";"5,8%"
"301.151";"Atlético Goianiense";"Brazil";"Brasileirão Série B Betano";"6.050";"25,7";"1.566.110";"804.360";"804.360";"83.780";"Professional";"11";"8";"7";"12.500";"6.995";"72,4%";"75,6%"
"313.903";"Atlético Matogrossense";"Brazil";"Eerste klasse A";"500";"0,0";"0";"0";"0";"0";"Professional";"4";"4";"3";"44.000";"250";"0,0%";"0,0%"
"314";"Atlético Mineiro";"Brazil";"Brasileirão Assaí";"7.500";"28,2";"6.780.510";"8.043.600";"8.043.600";"471.690";"Professional";"17";"17";"12";"44.892";"34.000";"77,6%";"79,3%"
"19.340.916";"Atlético Mineiro B";"Brazil";"Eerste klasse A";"1";"0,0";"0";"0";"0";"0";"Professional";"12";"12";"12";"2.000";"1.000";"0,0%";"0,0%"
"19.042.951";"Atlético Mogi";"Brazil";"Clubes Sem Divisão Nacional/Fora da Série D";"550";"0,0";"0";"0";"0";"0";"Professional";"3";"4";"4";"14.384";"240";"0,0%";"0,0%"
"19.372.315";"Atlético Paraense";"Brazil";"Clubes Sem Divisão Nacional/Fora da Série D";"700";"0,0";"0";"0";"0";"0";"Professional";"5";"5";"4";"10.000";"200";"0,0%";"0,0%"
"19.295.781";"Atlético Parahybano";"Brazil";"Eerste klasse A";"1";"0,0";"0";"0";"0";"0";"Semi-Professional";"1";"1";"1";"0";"250";"0,0%";"0,0%"
"19.295.431";"Atlético Patrocinense";"Brazil";"Brasileirão Série D";"2.250";"26,1";"0";"0";"0";"0";"Professional";"2";"2";"3";"8.633";"1.375";"63,9%";"67,6%"
"19.023.857";"Atlético Pernambucano";"Brazil";"Clubes Sem Divisão Nacional/Fora da Série D";"800";"0,0";"0";"0";"0";"0";"Professional";"5";"4";"4";"3.500";"214";"0,0%";"0,0%"
"318.920";"Atlético Potengi";"Brazil";"Clubes Sem Divisão Nacional/Fora da Série D";"550";"0,0";"0";"0";"0";"0";"Professional";"5";"2";"2";"4.500";"1.200";"0,0%";"0,0%"
"309.145";"Atlético Roraima";"Brazil";"Clubes Sem Divisão Nacional/Fora da Série D";"950";"0,0";"0";"0";"0";"0";"Professional";"7";"6";"6";"5.000";"2.500";"0,0%";"0,0%"
"311.030";"Atlético Sorocaba";"Brazil";"Eerste klasse A";"750";"0,0";"0";"0";"0";"0";"Professional";"10";"5";"5";"13.772";"3.000";"0,0%";"0,0%"
"303.861";"Atlético Taguatinga";"Brazil";"Eerste klasse A";"1";"0,0";"0";"0";"0";"0";"Professional";"5";"7";"5";"3.000";"1.500";"0,0%";"0,0%"
"310.902";"Atlético TC";"Brazil";"Clubes Sem Divisão Nacional/Fora da Série D";"750";"0,0";"0";"0";"0";"0";"Professional";"3";"3";"3";"5.000";"820";"0,0%";"0,0%"
"2.000.209.180";"Atlético Torres";"Brazil";"Clubes Sem Divisão Nacional/Fora da Série D";"750";"0,0";"0";"0";"0";"0";"Professional";"6";"7";"10";"46.154";"150";"0,0%";"0,0%"
"19.009.037";"Atlético Tubarão";"Brazil";"Clubes Sem Divisão Nacional/Fora da Série D";"1.000";"0,0";"0";"0";"0";"0";"Professional";"4";"3";"3";"3.500";"329";"0,0%";"0,0%"
"311.959";"Atlético Universitário";"Brazil";"Clubes Sem Divisão Nacional/Fora da Série D";"600";"0,0";"0";"0";"0";"0";"Professional";"3";"4";"4";"3.000";"1.000";"0,0%";"0,0%"
"19.227.768";"Audax (SP)";"Brazil";"Clubes Sem Divisão Nacional/Fora da Série D";"1.400";"27,3";"0";"0";"0";"0";"Professional";"12";"12";"10";"17.430";"1.500";"17,5%";"19,0%"
"19.076.257";"Audax Rio";"Brazil";"Clubes Sem Divisão Nacional/Fora da Série D";"3.100";"27,6";"0";"0";"0";"0";"Professional";"8";"8";"10";"8.500";"100";"63,2%";"66,0%"
"2.102.147";"Audax São Paulo";"Brazil";"Eerste klasse A";"1";"0,0";"0";"0";"0";"0";"Professional";"13";"10";"6";"10.800";"500";"0,0%";"0,0%"
"312.295";"Auto EC";"Brazil";"Eerste klasse A";"1";"0,0";"0";"0";"0";"0";"Semi-Professional";"3";"2";"1";"0";"250";"0,0%";"0,0%"
"309.643";"Auto Esporte (PB)";"Brazil";"Clubes Sem Divisão Nacional/Fora da Série D";"1.100";"0,0";"0";"0";"0";"0";"Professional";"5";"3";"2";"35.000";"2.700";"0,0%";"0,0%"
"313.367";"Auto Esporte (PI)";"Brazil";"Eerste klasse A";"1";"0,0";"0";"0";"0";"0";"Professional";"5";"2";"4";"5.144";"750";"0,0%";"0,0%"
"107.208";"Avaí";"Brazil";"Brasileirão Série B Betano";"5.800";"29,1";"-83.390";"80.440";"80.440";"69.220";"Professional";"11";"10";"8";"17.800";"10.332";"71,1%";"73,0%"
"301.262";"Avenida";"Brazil";"Clubes Sem Divisão Nacional/Fora da Série D";"2.500";"30,2";"0";"0";"0";"0";"Professional";"4";"3";"3";"6.000";"1.500";"64,8%";"67,8%"
"2.000.066.145";"Aymorés (MG)";"Brazil";"Clubes Sem Divisão Nacional/Fora da Série D";"1.300";"0,0";"0";"0";"0";"0";"Professional";"5";"4";"3";"2.000";"400";"0,0%";"0,0%"
"19.392.509";"Azuriz";"Brazil";"Clubes Sem Divisão Nacional/Fora da Série D";"2.300";"25,7";"0";"0";"0";"0";"Professional";"10";"10";"8";"2.100";"250";"65,4%";"70,0%"
"309.654";"Bacabal";"Brazil";"Clubes Sem Divisão Nacional/Fora da Série D";"850";"0,0";"0";"0";"0";"0";"Professional";"4";"5";"5";"7.856";"1.584";"0,0%";"0,0%"
"309.735";"Bagé";"Brazil";"Clubes Sem Divisão Nacional/Fora da Série D";"1.250";"0,0";"0";"0";"0";"0";"Professional";"3";"4";"6";"10.000";"900";"0,0%";"0,0%"
"315";"Bahia";"Brazil";"Brasileirão Assaí";"6.300";"26,8";"8.029.430";"4.826.160";"4.826.160";"260.580";"Professional";"16";"14";"9";"50.025";"36.489";"75,8%";"77,9%"
"320.262";"Bahia de Feira";"Brazil";"Brasileirão Série D";"3.000";"29,8";"0";"0";"0";"0";"Professional";"6";"4";"4";"4.000";"1.200";"62,6%";"65,3%"
"309.753";"Baiano de Tênis (BA)";"Brazil";"Eerste klasse A";"1";"0,0";"0";"0";"0";"0";"Semi-Professional";"2";"1";"1";"0";"250";"0,0%";"0,0%"
"309.673";"Bandeirante (SP)";"Brazil";"Clubes Sem Divisão Nacional/Fora da Série D";"1.250";"26,5";"0";"0";"0";"0";"Professional";"4";"5";"5";"8.240";"1.700";"44,3%";"47,5%"
"104.775";"Bangu";"Brazil";"Clubes Sem Divisão Nacional/Fora da Série D";"3.700";"26,7";"0";"0";"0";"0";"Professional";"7";"7";"7";"9.564";"750";"62,4%";"67,2%"
"309.628";"Baraúnas";"Brazil";"Clubes Sem Divisão Nacional/Fora da Série D";"1.050";"27,6";"0";"0";"0";"0";"Professional";"9";"5";"6";"5.000";"2.000";"45,0%";"47,8%"
"319.124";"Barbalha";"Brazil";"Clubes Sem Divisão Nacional/Fora da Série D";"1.650";"29,5";"0";"0";"0";"0";"Professional";"3";"2";"3";"3.000";"500";"11,1%";"11,7%"
"320.391";"Barbará (RJ)";"Brazil";"Eerste klasse A";"1";"0,0";"0";"0";"0";"0";"Semi-Professional";"1";"1";"1";"0";"250";"0,0%";"0,0%"
"2.110.429";"Barcelona (RJ)";"Brazil";"Clubes Sem Divisão Nacional/Fora da Série D";"500";"0,0";"0";"0";"0";"0";"Professional";"3";"2";"2";"8.300";"600";"0,0%";"0,0%"
"19.318.744";"Barcelona (RO)";"Brazil";"Clubes Sem Divisão Nacional/Fora da Série D";"800";"0,0";"0";"0";"0";"0";"Professional";"5";"5";"4";"5.000";"200";"0,0%";"0,0%"
"19.023.759";"Barcelona (SP)";"Brazil";"Clubes Sem Divisão Nacional/Fora da Série D";"550";"0,0";"0";"0";"0";"0";"Professional";"4";"5";"5";"10.800";"125";"0,0%";"0,0%"
"2.000.053.639";"Barcelona de Ilhéus";"Brazil";"Clubes Sem Divisão Nacional/Fora da Série D";"1.550";"28,5";"0";"0";"0";"0";"Professional";"4";"4";"5";"5.379";"200";"61,5%";"64,8%"
"301.296";"Baré";"Brazil";"Clubes Sem Divisão Nacional/Fora da Série D";"1.000";"0,0";"0";"0";"0";"0";"Professional";"7";"3";"6";"5.000";"1.600";"0,0%";"0,0%"
"19.213.392";"Barra (SC)";"Brazil";"Clubes Sem Divisão Nacional/Fora da Série D";"1.800";"28,4";"0";"0";"0";"0";"Professional";"6";"6";"5";"10.000";"250";"65,3%";"67,8%"
"19.367.845";"Barra (SE)";"Brazil";"Clubes Sem Divisão Nacional/Fora da Série D";"750";"0,0";"0";"0";"0";"0";"Professional";"5";"6";"6";"2.000";"200";"0,0%";"0,0%"
"19.156.764";"Barra da Tijuca";"Brazil";"Clubes Sem Divisão Nacional/Fora da Série D";"1.000";"0,0";"0";"0";"0";"0";"Professional";"3";"2";"3";"5.014";"501";"0,0%";"0,0%"
"314.777";"Barra de Teresópolis";"Brazil";"Eerste klasse A";"1";"0,0";"0";"0";"0";"0";"Professional";"1";"1";"1";"6.000";"600";"0,0%";"0,0%"
"313.190";"Barra do Garças";"Brazil";"Eerste klasse A";"1";"0,0";"0";"0";"0";"0";"Professional";"5";"3";"5";"5.000";"700";"0,0%";"0,0%"
"19.025.445";"Barra Mansa";"Brazil";"Clubes Sem Divisão Nacional/Fora da Série D";"700";"0,0";"0";"0";"0";"0";"Professional";"4";"2";"5";"5.000";"500";"0,0%";"0,0%"
"19.006.627";"Barras";"Brazil";"Eerste klasse A";"1";"0,0";"0";"0";"0";"0";"Professional";"7";"6";"6";"5.000";"2.257";"0,0%";"0,0%"
"19.275.450";"Barreiros";"Brazil";"Clubes Sem Divisão Nacional/Fora da Série D";"600";"0,0";"0";"0";"0";"0";"Professional";"6";"5";"5";"1.200";"250";"0,0%";"0,0%"
"316.785";"Barretos";"Brazil";"Clubes Sem Divisão Nacional/Fora da Série D";"1.200";"28,5";"0";"0";"0";"0";"Professional";"4";"2";"3";"13.000";"800";"10,8%";"11,6%"
"313.439";"Barroso (AL)";"Brazil";"Eerste klasse A";"1";"0,0";"0";"0";"0";"0";"Semi-Professional";"2";"1";"1";"0";"250";"0,0%";"0,0%"
"19.041.305";"Baruch Imbituba";"Brazil";"Clubes Sem Divisão Nacional/Fora da Série D";"600";"0,0";"0";"0";"0";"0";"Professional";"3";"3";"5";"5.000";"250";"0,0%";"0,0%"
"2.000.318.090";"Batalhão (TO)";"Brazil";"Clubes Sem Divisão Nacional/Fora da Série D";"950";"29,0";"0";"0";"0";"0";"Professional";"3";"3";"4";"8.000";"250";"17,0%";"18,1%"
"318.889";"Batatais";"Brazil";"Clubes Sem Divisão Nacional/Fora da Série D";"800";"0,0";"0";"0";"0";"0";"Professional";"4";"3";"3";"13.000";"620";"0,0%";"0,0%"
"301.214";"Batel";"Brazil";"Clubes Sem Divisão Nacional/Fora da Série D";"800";"0,0";"0";"0";"0";"0";"Professional";"7";"5";"3";"2.300";"1.500";"0,0%";"0,0%"
"314.779";"Bayer (RJ)";"Brazil";"Eerste klasse A";"1";"0,0";"0";"0";"0";"0";"Semi-Professional";"1";"1";"1";"0";"250";"0,0%";"0,0%"
"2.000.135.658";"Bela Vista (GO)";"Brazil";"Clubes Sem Divisão Nacional/Fora da Série D";"500";"0,0";"0";"0";"0";"0";"Professional";"3";"2";"2";"3.000";"200";"0,0%";"0,0%"
"19.169.996";"Bela Vista (RJ)";"Brazil";"Clubes Sem Divisão Nacional/Fora da Série D";"400";"0,0";"0";"0";"0";"0";"Professional";"4";"4";"5";"4.000";"200";"0,0%";"0,0%"
"2.000.156.264";"Bela Vista (TO)";"Brazil";"Clubes Sem Divisão Nacional/Fora da Série D";"1.100";"0,0";"0";"0";"0";"0";"Professional";"3";"3";"5";"2.000";"200";"0,0%";"0,0%"
"2.000.240.045";"Belenense (PA)";"Brazil";"Clubes Sem Divisão Nacional/Fora da Série D";"500";"0,0";"0";"0";"0";"0";"Professional";"5";"3";"4";"300";"100";"0,0%";"0,0%"
"2.000.098.765";"Belford Roxo";"Brazil";"Clubes Sem Divisão Nacional/Fora da Série D";"900";"0,0";"0";"0";"0";"0";"Professional";"3";"3";"4";"5.000";"200";"0,0%";"0,0%"
"19.023.850";"Belo Jardim";"Brazil";"Clubes Sem Divisão Nacional/Fora da Série D";"1.000";"0,0";"0";"0";"0";"0";"Professional";"3";"4";"5";"7.050";"250";"0,0%";"0,0%"
"19.170.069";"Betim Futebol";"Brazil";"Clubes Sem Divisão Nacional/Fora da Série D";"1.650";"0,0";"0";"0";"0";"0";"Professional";"4";"4";"3";"2.000";"150";"0,0%";"0,0%"
"19.339.792";"Betis (MG)";"Brazil";"Clubes Sem Divisão Nacional/Fora da Série D";"450";"0,0";"0";"0";"0";"0";"Professional";"5";"5";"6";"5.000";"200";"0,0%";"0,0%"
"19.018.706";"Blumenau";"Brazil";"Clubes Sem Divisão Nacional/Fora da Série D";"950";"0,0";"0";"0";"0";"0";"Professional";"4";"5";"5";"2.500";"345";"0,0%";"0,0%"
"316.773";"Blumenau EC";"Brazil";"Eerste klasse A";"1";"0,0";"0";"0";"0";"0";"Professional";"1";"1";"1";"4.000";"2.000";"0,0%";"0,0%"
"310.700";"Boa";"Brazil";"Clubes Sem Divisão Nacional/Fora da Série D";"1.850";"23,0";"0";"0";"0";"0";"Professional";"10";"2";"2";"15.471";"750";"11,2%";"12,2%"
"309.137";"Boavista (RJ)";"Brazil";"Clubes Sem Divisão Nacional/Fora da Série D";"3.400";"25,1";"0";"0";"0";"0";"Professional";"7";"7";"7";"8.500";"800";"64,2%";"69,3%"
"2.103.277";"Boca Júnior (SE)";"Brazil";"Clubes Sem Divisão Nacional/Fora da Série D";"900";"0,0";"0";"0";"0";"0";"Professional";"3";"2";"2";"2.000";"700";"0,0%";"0,0%"
"2.000.283.722";"Bom Jesus (RS)";"Brazil";"Eerste klasse A";"1";"0,0";"0";"0";"0";"0";"Amateur";"2";"1";"1";"0";"250";"0,0%";"0,0%"
"309.138";"Bonsucesso";"Brazil";"Clubes Sem Divisão Nacional/Fora da Série D";"950";"0,0";"0";"0";"0";"0";"Professional";"4";"4";"4";"2.390";"600";"0,0%";"0,0%"
"19.145.262";"Boquinhense";"Brazil";"Clubes Sem Divisão Nacional/Fora da Série D";"850";"0,0";"0";"0";"0";"0";"Professional";"3";"2";"2";"5.000";"200";"0,0%";"0,0%"
"19.363.426";"Boston City (MG)";"Brazil";"Clubes Sem Divisão Nacional/Fora da Série D";"650";"0,0";"0";"0";"0";"0";"Professional";"5";"6";"5";"8.000";"200";"0,0%";"0,0%"
"316";"Botafogo";"Brazil";"Brasileirão Assaí";"7.200";"27,2";"4.374.400";"4.021.800";"4.021.800";"262.490";"Professional";"13";"11";"12";"44.461";"26.691";"76,4%";"78,6%"
"309.751";"Botafogo (BA)";"Brazil";"Clubes Sem Divisão Nacional/Fora da Série D";"700";"0,0";"0";"0";"0";"0";"Professional";"2";"3";"3";"6.000";"500";"0,0%";"0,0%"
"19.027.012";"Botafogo (DF)";"Brazil";"Clubes Sem Divisão Nacional/Fora da Série D";"750";"0,0";"0";"0";"0";"0";"Professional";"8";"3";"6";"27.000";"1.860";"0,0%";"0,0%"
"301.208";"Botafogo (PB)";"Brazil";"Brasileirão Série C";"4.500";"27,4";"303.350";"0";"0";"15.350";"Professional";"10";"8";"7";"35.000";"6.052";"65,2%";"69,1%"
"314.098";"Botafogo (PI)";"Brazil";"Eerste klasse A";"1";"0,0";"0";"0";"0";"0";"Professional";"4";"2";"4";"5.144";"730";"0,0%";"0,0%"
"314.620";"Botafogo (RO)";"Brazil";"Eerste klasse A";"1";"0,0";"0";"0";"0";"0";"Semi-Professional";"3";"2";"1";"0";"250";"0,0%";"0,0%"
"19.317.912";"Botafogo (SE)";"Brazil";"Clubes Sem Divisão Nacional/Fora da Série D";"600";"0,0";"0";"0";"0";"0";"Professional";"5";"5";"6";"8.000";"200";"0,0%";"0,0%"
"121.265";"Botafogo (SP)";"Brazil";"Brasileirão Série B Betano";"5.200";"27,1";"302.280";"64.350";"64.350";"32.800";"Professional";"9";"8";"7";"29.292";"3.071";"69,0%";"71,6%"
"313.279";"Bragantino (PA)";"Brazil";"Clubes Sem Divisão Nacional/Fora da Série D";"1.700";"28,0";"0";"0";"0";"0";"Professional";"7";"6";"6";"5.000";"1.400";"16,3%";"16,9%"
"314.612";"Brasil (CE)";"Brazil";"Eerste klasse A";"1";"0,0";"0";"0";"0";"0";"Semi-Professional";"2";"1";"1";"0";"250";"0,0%";"0,0%"
"19.295.783";"Brasil (PB)";"Brazil";"Eerste klasse A";"1";"0,0";"0";"0";"0";"0";"Semi-Professional";"3";"2";"1";"0";"250";"0,0%";"0,0%"
"19.044.039";"Brasil (RJ)";"Brazil";"Eerste klasse A";"1";"0,0";"0";"0";"0";"0";"Semi-Professional";"3";"2";"1";"0";"250";"0,0%";"0,0%"
"308.236";"Brasil de Farroupilha";"Brazil";"Clubes Sem Divisão Nacional/Fora da Série D";"1.350";"0,0";"0";"0";"0";"0";"Professional";"6";"5";"5";"5.000";"1.500";"0,0%";"0,0%"
"301.264";"Brasil de Pelotas";"Brazil";"Brasileirão Série D";"3.900";"23,7";"0";"0";"0";"0";"Professional";"7";"7";"7";"15.361";"3.276";"62,4%";"68,8%"
"2.000.004.150";"Brasil Suburbano";"Brazil";"Eerste klasse A";"1";"0,0";"0";"0";"0";"0";"Semi-Professional";"3";"2";"1";"0";"250";"0,0%";"0,0%"
"19.339.780";"Brasileirinho";"Brazil";"Clubes Sem Divisão Nacional/Fora da Série D";"400";"0,0";"0";"0";"0";"0";"Professional";"4";"5";"6";"8.300";"200";"0,0%";"0,0%"
"301.135";"Brasília";"Brazil";"Clubes Sem Divisão Nacional/Fora da Série D";"1.050";"27,0";"0";"0";"0";"0";"Professional";"6";"4";"4";"72.788";"1.000";"6,0%";"6,5%"
"309.670";"Brasiliense";"Brazil";"Brasileirão Série D";"3.400";"29,6";"0";"0";"0";"0";"Professional";"10";"8";"7";"27.000";"1.500";"64,3%";"66,7%"
"19.040.411";"Brasilis";"Brazil";"Clubes Sem Divisão Nacional/Fora da Série D";"450";"0,0";"0";"0";"0";"0";"Professional";"9";"9";"9";"3.500";"300";"0,0%";"0,0%"
"301.136";"Brazlândia";"Brazil";"Clubes Sem Divisão Nacional/Fora da Série D";"750";"0,0";"0";"0";"0";"0";"Professional";"5";"4";"4";"5.000";"1.400";"0,0%";"0,0%"
"309.781";"Britânia (PR)";"Brazil";"Eerste klasse A";"1";"0,0";"0";"0";"0";"0";"Semi-Professional";"2";"1";"1";"0";"250";"0,0%";"0,0%"
"301.302";"Brusque";"Brazil";"Brasileirão Série C";"5.050";"28,6";"137.110";"8.040";"8.040";"27.240";"Professional";"9";"7";"7";"2.000";"1.300";"68,7%";"70,4%"
"309.770";"Brusquense";"Brazil";"Eerste klasse A";"1";"0,0";"0";"0";"0";"0";"Professional";"2";"3";"3";"5.000";"800";"0,0%";"0,0%"
"19.036.923";"Búzios";"Brazil";"Clubes Sem Divisão Nacional/Fora da Série D";"550";"0,0";"0";"0";"0";"0";"Professional";"3";"3";"3";"1.000";"200";"0,0%";"0,0%"
"19.019.864";"CA Audax (SP)";"Brazil";"Eerste klasse A";"1";"0,0";"0";"0";"0";"0";"Semi-Professional";"1";"1";"1";"0";"250";"0,0%";"0,0%"
"320.680";"CA Estudantes (SP)";"Brazil";"Eerste klasse A";"1";"0,0";"0";"0";"0";"0";"Semi-Professional";"3";"2";"1";"0";"250";"0,0%";"0,0%"
"314.781";"CA Guanabara (RJ)";"Brazil";"Eerste klasse A";"1";"0,0";"0";"0";"0";"0";"Semi-Professional";"2";"1";"1";"0";"250";"0,0%";"0,0%"
"19.374.757";"CAAC Brasil";"Brazil";"Clubes Sem Divisão Nacional/Fora da Série D";"550";"0,0";"0";"0";"0";"0";"Professional";"5";"5";"6";"1.000";"50";"0,0%";"0,0%"
"303.014";"Cabense";"Brazil";"Clubes Sem Divisão Nacional/Fora da Série D";"750";"0,0";"0";"0";"0";"0";"Professional";"4";"2";"3";"5.459";"870";"0,0%";"0,0%"
"314.309";"Cabo Branco (PB)";"Brazil";"Eerste klasse A";"1";"0,0";"0";"0";"0";"0";"Semi-Professional";"2";"1";"1";"1.000";"250";"0,0%";"0,0%"
"301.247";"Cabofriense";"Brazil";"Clubes Sem Divisão Nacional/Fora da Série D";"2.050";"0,0";"0";"0";"0";"0";"Professional";"10";"5";"5";"12.000";"1.000";"0,0%";"0,0%"
"19.052.629";"Caçadorense";"Brazil";"Clubes Sem Divisão Nacional/Fora da Série D";"900";"0,0";"0";"0";"0";"0";"Professional";"6";"5";"4";"6.500";"200";"0,0%";"0,0%"
"19.019.939";"Cacerense";"Brazil";"Clubes Sem Divisão Nacional/Fora da Série D";"1.000";"0,0";"0";"0";"0";"0";"Professional";"7";"3";"6";"5.000";"345";"0,0%";"0,0%"
"313.222";"Cáceres";"Brazil";"Clubes Sem Divisão Nacional/Fora da Série D";"750";"0,0";"0";"0";"0";"0";"Professional";"2";"2";"2";"5.000";"830";"0,0%";"0,0%"
"311.957";"Cachoeiro";"Brazil";"Eerste klasse A";"250";"0,0";"0";"0";"0";"0";"Professional";"3";"4";"4";"5.000";"900";"0,0%";"0,0%"
"2.000.012.133";"Caeté";"Brazil";"Clubes Sem Divisão Nacional/Fora da Série D";"1.200";"33,3";"0";"0";"0";"0";"Professional";"3";"4";"4";"5.000";"100";"17,5%";"17,8%"
"313.299";"Caiçara";"Brazil";"Clubes Sem Divisão Nacional/Fora da Série D";"450";"0,0";"0";"0";"0";"0";"Professional";"3";"2";"2";"8.000";"600";"0,0%";"0,0%"
"19.005.303";"Calafete (MG)";"Brazil";"Eerste klasse A";"1";"0,0";"0";"0";"0";"0";"Semi-Professional";"3";"2";"1";"0";"250";"0,0%";"0,0%"
"301.182";"Caldense";"Brazil";"Clubes Sem Divisão Nacional/Fora da Série D";"2.350";"25,0";"0";"0";"0";"0";"Professional";"8";"3";"4";"7.600";"2.000";"6,3%";"6,6%"
"313.675";"Calouros do Ar";"Brazil";"Clubes Sem Divisão Nacional/Fora da Série D";"550";"0,0";"0";"0";"0";"0";"Professional";"3";"3";"3";"22.000";"700";"0,0%";"0,0%"
"301.115";"Camaçari";"Brazil";"Clubes Sem Divisão Nacional/Fora da Série D";"550";"0,0";"0";"0";"0";"0";"Professional";"8";"5";"6";"7.000";"1.520";"0,0%";"0,0%"
"8.832.329";"Camaçariense";"Brazil";"Clubes Sem Divisão Nacional/Fora da Série D";"500";"0,0";"0";"0";"0";"0";"Professional";"3";"2";"2";"7.000";"1.200";"0,0%";"0,0%"
"19.066.402";"Cambará";"Brazil";"Eerste klasse A";"1";"0,0";"0";"0";"0";"0";"Semi-Professional";"1";"1";"1";"0";"250";"0,0%";"0,0%"
"19.023.901";"Cambé";"Brazil";"Clubes Sem Divisão Nacional/Fora da Série D";"700";"0,0";"0";"0";"0";"0";"Professional";"3";"5";"4";"26.000";"234";"0,0%";"0,0%"
"8.832.366";"Camboriú";"Brazil";"Brasileirão Série D";"1.700";"22,0";"0";"0";"0";"0";"Professional";"4";"4";"4";"2.000";"600";"5,6%";"6,3%"
"19.112.044";"Cametá";"Brazil";"Clubes Sem Divisão Nacional/Fora da Série D";"1.350";"26,8";"0";"0";"0";"0";"Professional";"4";"4";"5";"8.000";"900";"21,9%";"23,2%"
"19.152.077";"Campineira";"Brazil";"Eerste klasse A";"1";"0,0";"0";"0";"0";"0";"Semi-Professional";"3";"2";"1";"0";"250";"0,0%";"0,0%"
"301.210";"Campinense";"Brazil";"Brasileirão Série D";"3.350";"24,2";"0";"0";"0";"0";"Professional";"9";"7";"8";"35.000";"4.100";"61,5%";"66,5%"
"19.342.669";"Campo Grande (CE)";"Brazil";"Clubes Sem Divisão Nacional/Fora da Série D";"650";"0,0";"0";"0";"0";"0";"Professional";"5";"5";"5";"17.000";"300";"0,0%";"0,0%"
"301.249";"Campo Grande (RJ)";"Brazil";"Clubes Sem Divisão Nacional/Fora da Série D";"800";"0,0";"0";"0";"0";"0";"Professional";"3";"3";"3";"18.000";"500";"0,0%";"0,0%"
"19.066.531";"Campo Mourão";"Brazil";"Clubes Sem Divisão Nacional/Fora da Série D";"750";"0,0";"0";"0";"0";"0";"Professional";"4";"4";"4";"2.500";"400";"0,0%";"0,0%"
"2.000.255.424";"Campo Novo";"Brazil";"Clubes Sem Divisão Nacional/Fora da Série D";"650";"0,0";"0";"0";"0";"0";"Professional";"3";"3";"3";"3.500";"200";"0,0%";"0,0%"
"19.325.790";"Campos (RJ)";"Brazil";"Clubes Sem Divisão Nacional/Fora da Série D";"650";"0,0";"0";"0";"0";"0";"Professional";"6";"6";"7";"2.000";"200";"0,0%";"0,0%"
"312.294";"Campos Elísios";"Brazil";"Eerste klasse A";"1";"0,0";"0";"0";"0";"0";"Semi-Professional";"3";"2";"1";"0";"250";"0,0%";"0,0%"
"19.382.026";"Canaã (DF)";"Brazil";"Clubes Sem Divisão Nacional/Fora da Série D";"700";"0,0";"0";"0";"0";"0";"Professional";"5";"5";"4";"27.000";"250";"0,0%";"0,0%"
"2.000.281.081";"Canaã (PA)";"Brazil";"Clubes Sem Divisão Nacional/Fora da Série D";"1.000";"29,8";"0";"0";"0";"0";"Professional";"2";"3";"3";"5.000";"100";"44,6%";"45,9%"
"19.023.909";"Canindé";"Brazil";"Clubes Sem Divisão Nacional/Fora da Série D";"800";"0,0";"0";"0";"0";"0";"Professional";"3";"4";"5";"3.000";"210";"0,0%";"0,0%"
"314.976";"Canoas SC";"Brazil";"Eerste klasse A";"1";"0,0";"0";"0";"0";"0";"Professional";"8";"6";"5";"10.000";"1.500";"0,0%";"0,0%"
"19.204.044";"Canoinhas";"Brazil";"Clubes Sem Divisão Nacional/Fora da Série D";"400";"0,0";"0";"0";"0";"0";"Professional";"6";"6";"6";"3.000";"200";"0,0%";"0,0%"
"311.112";"Canto do Rio";"Brazil";"Eerste klasse A";"350";"0,0";"0";"0";"0";"0";"Professional";"4";"4";"4";"4.000";"700";"0,0%";"0,0%"
"313.442";"Capelense (AL)";"Brazil";"Eerste klasse A";"1";"0,0";"0";"0";"0";"0";"Professional";"5";"3";"5";"5.000";"497";"0,0%";"0,0%"
"19.005.469";"Capital (DF)";"Brazil";"Clubes Sem Divisão Nacional/Fora da Série D";"1.300";"31,6";"0";"0";"0";"0";"Professional";"6";"4";"5";"12.000";"1.023";"65,2%";"66,7%"
"19.275.235";"Capital (TO)";"Brazil";"Clubes Sem Divisão Nacional/Fora da Série D";"1.350";"32,0";"0";"0";"0";"0";"Professional";"4";"4";"5";"8.000";"300";"17,3%";"17,8%"
"2.000.152.145";"Capitão Poço";"Brazil";"Clubes Sem Divisão Nacional/Fora da Série D";"750";"0,0";"0";"0";"0";"0";"Professional";"3";"3";"2";"3.500";"200";"0,0%";"0,0%"
"318.891";"Capivariano";"Brazil";"Clubes Sem Divisão Nacional/Fora da Série D";"1.700";"25,5";"-2.750";"0";"0";"0";"Professional";"2";"4";"4";"15.406";"900";"63,2%";"68,1%"
"19.143.843";"Capixaba";"Brazil";"Clubes Sem Divisão Nacional/Fora da Série D";"750";"44,0";"0";"0";"0";"0";"Professional";"3";"3";"2";"1.000";"300";"5,6%";"5,6%"
"308.940";"Carajás";"Brazil";"Clubes Sem Divisão Nacional/Fora da Série D";"850";"22,0";"0";"0";"0";"0";"Professional";"4";"2";"3";"5.000";"759";"5,6%";"5,9%"
"19.169.995";"Carapebus";"Brazil";"Clubes Sem Divisão Nacional/Fora da Série D";"700";"0,0";"0";"0";"0";"0";"Professional";"4";"4";"5";"3.000";"200";"0,0%";"0,0%"
"2.000.133.606";"Caravaggio (SC)";"Brazil";"Clubes Sem Divisão Nacional/Fora da Série D";"1.000";"0,0";"0";"0";"0";"0";"Professional";"4";"4";"6";"1.000";"200";"0,0%";"0,0%"
"19.112.462";"Carazinho";"Brazil";"Clubes Sem Divisão Nacional/Fora da Série D";"400";"0,0";"0";"0";"0";"0";"Professional";"4";"4";"5";"4.000";"300";"0,0%";"0,0%"
"2.000.004.151";"Carbonífera";"Brazil";"Eerste klasse A";"1";"0,0";"0";"0";"0";"0";"Semi-Professional";"2";"1";"1";"0";"250";"0,0%";"0,0%"
"314.782";"Carioca (RJ)";"Brazil";"Eerste klasse A";"1";"0,0";"0";"0";"0";"0";"Semi-Professional";"1";"1";"1";"0";"250";"0,0%";"0,0%"
"2.000.079.925";"Cariri";"Brazil";"Clubes Sem Divisão Nacional/Fora da Série D";"900";"0,0";"0";"0";"0";"0";"Professional";"5";"4";"4";"17.000";"200";"0,0%";"0,0%"
"19.341.556";"Carlos Renaux";"Brazil";"Clubes Sem Divisão Nacional/Fora da Série D";"1.000";"0,0";"0";"0";"0";"0";"Professional";"10";"8";"5";"5.000";"300";"0,0%";"0,0%"
"2.000.288.716";"Carmópolis";"Brazil";"Clubes Sem Divisão Nacional/Fora da Série D";"1.050";"32,2";"0";"0";"0";"0";"Professional";"1";"1";"1";"5.000";"100";"46,1%";"47,2%"
"19.338.533";"Caruaru City";"Brazil";"Clubes Sem Divisão Nacional/Fora da Série D";"1.000";"0,0";"50";"0";"0";"0";"Professional";"10";"8";"5";"6.000";"200";"0,0%";"0,0%"
"301.370";"Cascavel CR";"Brazil";"Clubes Sem Divisão Nacional/Fora da Série D";"700";"0,0";"0";"0";"0";"0";"Professional";"5";"5";"5";"28.125";"700";"0,0%";"0,0%"
"19.046.984";"Cascavel EC";"Brazil";"Eerste klasse A";"1";"0,0";"0";"0";"0";"0";"Professional";"3";"2";"1";"0";"250";"0,0%";"0,0%"
"311.962";"Casimiro de Abreu";"Brazil";"Clubes Sem Divisão Nacional/Fora da Série D";"350";"0,0";"0";"0";"0";"0";"Professional";"4";"3";"3";"5.000";"850";"0,0%";"0,0%"
"313.234";"Cassilandense";"Brazil";"Eerste klasse A";"1";"0,0";"0";"0";"0";"0";"Professional";"5";"2";"6";"5.000";"720";"0,0%";"0,0%"
"301.206";"Castanhal";"Brazil";"Clubes Sem Divisão Nacional/Fora da Série D";"1.900";"31,3";"0";"0";"0";"0";"Professional";"8";"5";"6";"5.000";"1.200";"63,6%";"65,9%"
"19.128.177";"Castelense (ES)";"Brazil";"Clubes Sem Divisão Nacional/Fora da Série D";"550";"0,0";"0";"0";"0";"0";"Professional";"3";"3";"3";"3.000";"300";"0,0%";"0,0%"
"313.355";"Castelo";"Brazil";"Clubes Sem Divisão Nacional/Fora da Série D";"600";"0,0";"0";"0";"0";"0";"Professional";"3";"3";"3";"3.000";"600";"0,0%";"0,0%"
"19.354.437";"Catanduva";"Brazil";"Clubes Sem Divisão Nacional/Fora da Série D";"1.000";"27,8";"0";"0";"0";"0";"Professional";"5";"5";"4";"15.210";"250";"60,7%";"64,6%"
"314.784";"Cattete";"Brazil";"Eerste klasse A";"1";"0,0";"0";"0";"0";"0";"Semi-Professional";"1";"1";"1";"0";"250";"0,0%";"0,0%"
"311.960";"Catuense";"Brazil";"Eerste klasse A";"750";"0,0";"0";"0";"0";"0";"Professional";"6";"5";"5";"5.774";"1.500";"0,0%";"0,0%"
"19.019.862";"Caucaia";"Brazil";"Brasileirão Série D";"2.250";"30,6";"0";"0";"0";"0";"Professional";"4";"3";"5";"3.000";"331";"28,9%";"30,0%"
"301.266";"Caxias";"Brazil";"Brasileirão Série D";"4.450";"27,2";"0";"0";"0";"0";"Professional";"9";"7";"7";"25.000";"6.150";"65,1%";"68,6%"
"314.320";"Caxias (ES)";"Brazil";"Eerste klasse A";"150";"0,0";"0";"0";"0";"0";"Amateur";"4";"5";"5";"7.700";"400";"0,0%";"0,0%"
"309.744";"Caxias (SC)";"Brazil";"Eerste klasse A";"1";"0,0";"0";"0";"0";"0";"Professional";"5";"3";"6";"5.000";"1.500";"0,0%";"0,0%"
"311.949";"Caxiense";"Brazil";"Eerste klasse A";"1";"0,0";"0";"0";"0";"0";"Professional";"4";"3";"3";"6.000";"650";"0,0%";"0,0%"
"19.048.283";"CDC";"Brazil";"Clubes Sem Divisão Nacional/Fora da Série D";"650";"0,0";"0";"0";"0";"0";"Professional";"4";"3";"5";"3.000";"200";"0,0%";"0,0%"
"313.515";"CEA (AP)";"Brazil";"Eerste klasse A";"1";"0,0";"0";"0";"0";"0";"Semi-Professional";"2";"1";"1";"0";"250";"0,0%";"0,0%"
"311.103";"CEAC/Araruama";"Brazil";"Eerste klasse A";"1.450";"0,0";"0";"0";"0";"0";"Professional";"4";"3";"4";"12.000";"500";"0,0%";"0,0%"
"104.749";"Ceará";"Brazil";"Brasileirão Série B Betano";"5.950";"26,8";"538.850";"482.620";"482.620";"94.960";"Professional";"11";"11";"10";"63.903";"29.778";"72,0%";"74,9%"
"2.000.235.287";"Ceart";"Brazil";"Clubes Sem Divisão Nacional/Fora da Série D";"550";"0,0";"0";"0";"0";"0";"Professional";"2";"2";"2";"4.000";"100";"0,0%";"0,0%"
"2.000.029.691";"CEFAT";"Brazil";"Clubes Sem Divisão Nacional/Fora da Série D";"950";"0,0";"0";"0";"0";"0";"Professional";"3";"2";"2";"8.000";"50";"0,0%";"0,0%"
"313.351";"Ceilandense";"Brazil";"Clubes Sem Divisão Nacional/Fora da Série D";"1.050";"32,0";"0";"0";"0";"0";"Professional";"3";"3";"4";"5.000";"700";"11,3%";"11,4%"
"311.000";"Ceilândia";"Brazil";"Brasileirão Série D";"2.100";"30,5";"0";"0";"0";"0";"Professional";"8";"6";"6";"5.000";"1.200";"63,0%";"64,8%"
"311.955";"CENE";"Brazil";"Eerste klasse A";"750";"0,0";"0";"0";"0";"0";"Professional";"10";"6";"7";"10.000";"1.100";"0,0%";"0,0%"
"301.230";"Central (PE)";"Brazil";"Clubes Sem Divisão Nacional/Fora da Série D";"2.100";"30,4";"0";"0";"0";"0";"Professional";"8";"6";"6";"19.478";"2.500";"58,7%";"60,4%"
"320.390";"Central de Barra";"Brazil";"Eerste klasse A";"1";"0,0";"0";"0";"0";"0";"Semi-Professional";"1";"1";"1";"0";"250";"0,0%";"0,0%"
"2.000.232.734";"Central Paraíso";"Brazil";"Clubes Sem Divisão Nacional/Fora da Série D";"500";"0,0";"0";"0";"0";"0";"Professional";"3";"3";"2";"4.000";"100";"0,0%";"0,0%"
"309.614";"Centro Limoeirense";"Brazil";"Clubes Sem Divisão Nacional/Fora da Série D";"750";"0,0";"0";"0";"0";"0";"Professional";"2";"2";"2";"5.000";"900";"0,0%";"0,0%"
"2.000.154.412";"Centro Oeste";"Brazil";"Clubes Sem Divisão Nacional/Fora da Série D";"950";"0,0";"0";"0";"0";"0";"Professional";"2";"3";"3";"4.380";"250";"0,0%";"0,0%"
"19.019.936";"CEO";"Brazil";"Clubes Sem Divisão Nacional/Fora da Série D";"950";"0,0";"0";"0";"0";"0";"Professional";"2";"3";"3";"6.000";"652";"0,0%";"0,0%"
"19.045.623";"Cerâmica";"Brazil";"Eerste klasse A";"500";"0,0";"0";"0";"0";"0";"Professional";"3";"4";"4";"2.000";"500";"0,0%";"0,0%"
"311.964";"Ceres (RJ)";"Brazil";"Clubes Sem Divisão Nacional/Fora da Série D";"500";"0,0";"0";"0";"0";"0";"Professional";"4";"3";"3";"3.000";"600";"0,0%";"0,0%"
"2.000.138.605";"Cerrado (GO)";"Brazil";"Clubes Sem Divisão Nacional/Fora da Série D";"750";"0,0";"0";"0";"0";"0";"Professional";"2";"3";"4";"8.000";"200";"0,0%";"0,0%"
"314.614";"CEUB (DF)";"Brazil";"Eerste klasse A";"1";"0,0";"0";"0";"0";"0";"Semi-Professional";"1";"1";"1";"0";"250";"0,0%";"0,0%"
"314.735";"CFA";"Brazil";"Eerste klasse A";"1";"0,0";"0";"0";"0";"0";"Professional";"8";"6";"4";"5.000";"1.500";"0,0%";"0,0%"
"313.352";"CFZ (DF)";"Brazil";"Eerste klasse A";"500";"0,0";"0";"0";"0";"0";"Professional";"11";"7";"5";"20.000";"3.000";"0,0%";"0,0%"
"107.228";"CFZ (RJ)";"Brazil";"Eerste klasse A";"1";"0,0";"0";"0";"0";"0";"Professional";"9";"8";"7";"774";"600";"0,0%";"0,0%"
"8.832.346";"Chã Grande";"Brazil";"Clubes Sem Divisão Nacional/Fora da Série D";"500";"0,0";"0";"0";"0";"0";"Professional";"3";"2";"3";"3.400";"1.000";"0,0%";"0,0%"
"318.918";"Chapadinha";"Brazil";"Clubes Sem Divisão Nacional/Fora da Série D";"1.050";"0,0";"0";"0";"0";"0";"Professional";"4";"4";"6";"8.000";"893";"0,0%";"0,0%"
"301.304";"Chapecoense";"Brazil";"Brasileirão Série B Betano";"5.650";"26,1";"-400.570";"48.260";"48.260";"35.820";"Professional";"12";"8";"9";"20.089";"6.000";"68,3%";"72,0%"
"314.600";"Cianorte";"Brazil";"Clubes Sem Divisão Nacional/Fora da Série D";"3.100";"25,0";"-4.590";"0";"0";"0";"Professional";"9";"5";"7";"4.000";"1.648";"64,7%";"69,6%"
"309.767";"CIP (SC)";"Brazil";"Eerste klasse A";"1";"0,0";"0";"0";"0";"0";"Semi-Professional";"1";"1";"1";"0";"250";"0,0%";"0,0%"
"19.152.072";"Civilsan";"Brazil";"Eerste klasse A";"1";"0,0";"0";"0";"0";"0";"Semi-Professional";"3";"2";"1";"0";"250";"0,0%";"0,0%"
"309.650";"Clíper";"Brazil";"Clubes Sem Divisão Nacional/Fora da Série D";"950";"0,0";"0";"0";"0";"0";"Professional";"3";"3";"3";"44.000";"600";"0,0%";"0,0%"
"314.313";"Clube Astréa";"Brazil";"Eerste klasse A";"1";"0,0";"0";"0";"0";"0";"Semi-Professional";"3";"2";"1";"0";"250";"0,0%";"0,0%"
"19.152.071";"Coenge";"Brazil";"Eerste klasse A";"1";"0,0";"0";"0";"0";"0";"Semi-Professional";"1";"1";"1";"0";"250";"0,0%";"0,0%"
"19.143.263";"Coimbra";"Brazil";"Clubes Sem Divisão Nacional/Fora da Série D";"1.100";"21,7";"0";"0";"0";"0";"Professional";"3";"3";"2";"23.018";"1.350";"16,4%";"17,7%"
"314.328";"Colatina (ES)";"Brazil";"Eerste klasse A";"1";"0,0";"0";"0";"0";"0";"Professional";"1";"1";"1";"10.000";"750";"0,0%";"0,0%"
"19.151.901";"Colatina SE";"Brazil";"Eerste klasse A";"400";"0,0";"0";"0";"0";"0";"Professional";"4";"4";"3";"10.000";"200";"0,0%";"0,0%"
"313.337";"Colinas";"Brazil";"Eerste klasse A";"500";"0,0";"0";"0";"0";"0";"Professional";"8";"4";"6";"5.000";"750";"0,0%";"0,0%"
"301.117";"Colo-Colo (BA)";"Brazil";"Clubes Sem Divisão Nacional/Fora da Série D";"950";"0,0";"0";"0";"0";"0";"Professional";"8";"7";"7";"5.379";"1.600";"0,0%";"0,0%"
"19.152.066";"Colombo (DF)";"Brazil";"Eerste klasse A";"1";"0,0";"0";"0";"0";"0";"Semi-Professional";"2";"1";"1";"0";"250";"0,0%";"0,0%"
"2.000.118.713";"Colorado Caieiras";"Brazil";"Clubes Sem Divisão Nacional/Fora da Série D";"650";"0,0";"0";"0";"0";"0";"Professional";"1";"2";"2";"6.195";"150";"0,0%";"0,0%"
"309.777";"Colorado EC (PR)";"Brazil";"Eerste klasse A";"1";"0,0";"0";"0";"0";"0";"Semi-Professional";"3";"2";"1";"0";"250";"0,0%";"0,0%"
"314.688";"Comercial (ES)";"Brazil";"Eerste klasse A";"1";"0,0";"0";"0";"0";"0";"Professional";"3";"2";"3";"5.000";"850";"0,0%";"0,0%"
"301.181";"Comercial (MS)";"Brazil";"Clubes Sem Divisão Nacional/Fora da Série D";"1.050";"0,0";"0";"0";"0";"0";"Professional";"4";"4";"6";"45.000";"5.000";"0,0%";"0,0%"
"313.366";"Comercial (PI)";"Brazil";"Clubes Sem Divisão Nacional/Fora da Série D";"950";"0,0";"0";"0";"0";"0";"Professional";"3";"2";"4";"8.000";"700";"0,0%";"0,0%"
"309.786";"Comercial (PR)";"Brazil";"Eerste klasse A";"1";"0,0";"0";"0";"0";"0";"Professional";"3";"4";"3";"6.000";"800";"0,0%";"0,0%"
"301.336";"Comercial (SP)";"Brazil";"Clubes Sem Divisão Nacional/Fora da Série D";"1.900";"28,6";"0";"0";"0";"0";"Professional";"6";"6";"5";"18.277";"2.500";"50,8%";"53,3%"
"312.327";"Comercial de Joaçaba";"Brazil";"Eerste klasse A";"1";"0,0";"0";"0";"0";"0";"Semi-Professional";"1";"1";"1";"0";"250";"0,0%";"0,0%"
"2.000.214.116";"Comercial Tietê";"Brazil";"Eerste klasse A";"300";"0,0";"0";"0";"0";"0";"Amateur";"3";"3";"3";"4.500";"100";"0,0%";"0,0%"
"2.000.240.525";"Comercial TL";"Brazil";"Clubes Sem Divisão Nacional/Fora da Série D";"500";"0,0";"0";"0";"0";"0";"Professional";"3";"3";"2";"6.200";"100";"0,0%";"0,0%"
"19.281.310";"Conceição (PE)";"Brazil";"Eerste klasse A";"50";"0,0";"0";"0";"0";"0";"Amateur";"2";"2";"3";"1.000";"50";"0,0%";"0,0%"
"8.832.365";"Concórdia";"Brazil";"Brasileirão Série D";"2.200";"25,9";"0";"0";"0";"0";"Professional";"3";"2";"3";"5.000";"600";"62,2%";"65,6%"
"19.044.044";"Confiança (RJ)";"Brazil";"Eerste klasse A";"1";"0,0";"0";"0";"0";"0";"Semi-Professional";"1";"1";"1";"0";"250";"0,0%";"0,0%"
"301.323";"Confiança (SE)";"Brazil";"Brasileirão Série C";"4.600";"27,4";"164.420";"0";"0";"14.960";"Professional";"9";"6";"7";"15.575";"4.427";"66,2%";"69,8%"
"314.291";"Confiança de Sapé";"Brazil";"Clubes Sem Divisão Nacional/Fora da Série D";"800";"0,0";"0";"0";"0";"0";"Professional";"3";"3";"5";"1.500";"800";"0,0%";"0,0%"
"19.164.274";"Conilon";"Brazil";"Eerste klasse A";"400";"0,0";"0";"0";"0";"0";"Professional";"4";"5";"5";"2.664";"300";"0,0%";"0,0%"
"19.107.394";"Contagem";"Brazil";"Clubes Sem Divisão Nacional/Fora da Série D";"800";"0,0";"0";"0";"0";"0";"Professional";"3";"3";"4";"2.000";"200";"0,0%";"0,0%"
"19.138.845";"Cordino";"Brazil";"Brasileirão Série D";"1.550";"33,6";"20";"0";"0";"0";"Professional";"3";"3";"4";"5.000";"401";"28,5%";"29,0%"
"319";"Corinthians";"Brazil";"Brasileirão Assaí";"7.350";"25,3";"2.213.880";"8.043.600";"8.043.600";"316.640";"Professional";"18";"12";"12";"47.605";"38.433";"76,0%";"79,1%"
"2.000.003.894";"Corinthians de São Bernardo do Campo";"Brazil";"Eerste klasse A";"1";"0,0";"0";"0";"0";"0";"Semi-Professional";"2";"1";"1";"0";"250";"0,0%";"0,0%"
"314.773";"Corinthians PP";"Brazil";"Eerste klasse A";"1";"0,0";"0";"0";"0";"0";"Semi-Professional";"2";"1";"1";"0";"250";"0,0%";"0,0%"
"309.629";"Corintians de Caicó";"Brazil";"Eerste klasse A";"400";"0,0";"0";"0";"0";"0";"Professional";"4";"4";"3";"3.000";"1.100";"0,0%";"0,0%"
"313.301";"Corisabbá";"Brazil";"Clubes Sem Divisão Nacional/Fora da Série D";"1.100";"26,0";"0";"0";"0";"0";"Professional";"3";"2";"2";"5.500";"1.200";"11,0%";"11,4%"
"104.776";"Coritiba";"Brazil";"Brasileirão Assaí";"6.050";"25,7";"1.835.190";"965.230";"965.230";"93.460";"Professional";"14";"12";"12";"40.502";"21.466";"73,1%";"75,4%"
"309.621";"Coritiba (SE)";"Brazil";"Clubes Sem Divisão Nacional/Fora da Série D";"650";"0,0";"0";"0";"0";"0";"Professional";"3";"3";"3";"10.000";"1.000";"0,0%";"0,0%"
"313.787";"Coroatá";"Brazil";"Eerste klasse A";"1";"0,0";"0";"0";"0";"0";"Professional";"4";"2";"4";"5.000";"700";"0,0%";"0,0%"
"313.901";"Corumbaense";"Brazil";"Clubes Sem Divisão Nacional/Fora da Série D";"1.000";"25,0";"0";"0";"0";"0";"Professional";"4";"2";"4";"10.000";"800";"16,8%";"18,3%"
"8.832.327";"Coruripe";"Brazil";"Clubes Sem Divisão Nacional/Fora da Série D";"1.600";"25,7";"0";"0";"0";"0";"Professional";"8";"4";"5";"7.000";"1.103";"51,5%";"55,3%"
"19.036.102";"Costa Rica (MS)";"Brazil";"Clubes Sem Divisão Nacional/Fora da Série D";"2.000";"27,2";"0";"0";"0";"0";"Professional";"3";"2";"3";"5.000";"200";"22,5%";"23,4%"
"314.767";"Costeira";"Brazil";"Eerste klasse A";"1";"0,0";"0";"0";"0";"0";"Professional";"4";"2";"3";"15.000";"600";"0,0%";"0,0%"
"313.325";"Cotingüiba";"Brazil";"Eerste klasse A";"400";"0,0";"0";"0";"0";"0";"Professional";"4";"2";"3";"15.575";"780";"0,0%";"0,0%"
"314.973";"Coxim";"Brazil";"Clubes Sem Divisão Nacional/Fora da Série D";"1.050";"0,0";"0";"0";"0";"0";"Professional";"7";"4";"6";"3.000";"700";"0,0%";"0,0%"
"311.002";"CR Guará";"Brazil";"Eerste klasse A";"1";"0,0";"0";"0";"0";"0";"Professional";"5";"3";"3";"12.000";"1.200";"0,0%";"0,0%"
"303.018";"CRAC";"Brazil";"Brasileirão Série D";"2.300";"27,2";"10";"0";"0";"0";"Professional";"8";"7";"7";"8.500";"2.137";"62,9%";"66,2%"
"2.108.162";"Crateús";"Brazil";"Clubes Sem Divisão Nacional/Fora da Série D";"850";"0,0";"0";"0";"0";"0";"Professional";"5";"2";"5";"5.000";"950";"0,0%";"0,0%"
"318.864";"Crato (CE)";"Brazil";"Clubes Sem Divisão Nacional/Fora da Série D";"1.150";"0,0";"0";"0";"0";"0";"Professional";"3";"2";"3";"10.000";"900";"0,0%";"0,0%"
"301.102";"CRB";"Brazil";"Brasileirão Série B Betano";"5.550";"26,4";"34.170";"24.130";"24.130";"34.080";"Professional";"9";"9";"7";"20.000";"5.301";"70,4%";"73,8%"
"320";"Criciúma";"Brazil";"Brasileirão Série B Betano";"5.950";"28,9";"793.310";"321.740";"321.740";"57.560";"Professional";"11";"9";"8";"19.225";"5.000";"71,4%";"73,5%"
"313.254";"Cristal (AP)";"Brazil";"Eerste klasse A";"1";"0,0";"0";"0";"0";"0";"Professional";"5";"3";"4";"13.680";"700";"0,0%";"0,0%"
"19.354.772";"Cruz Alta";"Brazil";"Clubes Sem Divisão Nacional/Fora da Série D";"600";"0,0";"0";"0";"0";"0";"Professional";"5";"5";"6";"1.200";"150";"0,0%";"0,0%"
"321";"Cruzeiro";"Brazil";"Brasileirão Assaí";"6.700";"25,3";"2.378.360";"2.413.080";"2.413.080";"271.690";"Professional";"17";"11";"12";"61.846";"29.667";"75,2%";"78,8%"
"301.121";"Cruzeiro (BA)";"Brazil";"Eerste klasse A";"1";"0,0";"0";"0";"0";"0";"Professional";"4";"3";"3";"12.000";"800";"0,0%";"0,0%"
"19.023.490";"Cruzeiro (DF)";"Brazil";"Clubes Sem Divisão Nacional/Fora da Série D";"650";"0,0";"0";"0";"0";"0";"Professional";"2";"3";"3";"2.000";"213";"0,0%";"0,0%"
"313.312";"Cruzeiro (RO)";"Brazil";"Eerste klasse A";"1";"0,0";"0";"0";"0";"0";"Professional";"5";"2";"4";"5.000";"1.060";"0,0%";"0,0%"
"309.736";"Cruzeiro (RS)";"Brazil";"Clubes Sem Divisão Nacional/Fora da Série D";"1.250";"0,0";"0";"0";"0";"0";"Professional";"7";"7";"7";"16.000";"1.000";"0,0%";"0,0%"
"19.216.006";"Cruzeiro de Arapiraca";"Brazil";"Brasileirão Série D";"1.400";"29,0";"0";"0";"0";"0";"Professional";"5";"5";"6";"12.500";"200";"50,4%";"51,6%"
"19.041.084";"Cruzeiro de Itaporanga";"Brazil";"Clubes Sem Divisão Nacional/Fora da Série D";"600";"0,0";"0";"0";"0";"0";"Professional";"3";"3";"5";"3.000";"200";"0,0%";"0,0%"
"313.575";"Cruzeiro do Sul (AM)";"Brazil";"Eerste klasse A";"1";"0,0";"0";"0";"0";"0";"Semi-Professional";"1";"1";"1";"0";"250";"0,0%";"0,0%"
"19.152.084";"Cruzeiro do Sul (DF)";"Brazil";"Eerste klasse A";"1";"0,0";"0";"0";"0";"0";"Semi-Professional";"2";"1";"1";"0";"250";"0,0%";"0,0%"
"107.210";"CSA";"Brazil";"Brasileirão Série C";"5.050";"27,9";"137.230";"8.040";"8.040";"19.400";"Professional";"8";"6";"6";"20.000";"10.700";"67,4%";"70,8%"
"313.251";"CSE";"Brazil";"Clubes Sem Divisão Nacional/Fora da Série D";"1.450";"28,4";"0";"0";"0";"0";"Professional";"2";"2";"4";"7.000";"1.976";"63,3%";"67,7%"
"19.009.945";"CSP";"Brazil";"Clubes Sem Divisão Nacional/Fora da Série D";"1.250";"23,6";"0";"0";"0";"0";"Professional";"5";"6";"5";"35.000";"500";"50,0%";"55,2%"
"19.152.078";"CSU";"Brazil";"Eerste klasse A";"1";"0,0";"0";"0";"0";"0";"Semi-Professional";"3";"2";"1";"0";"250";"0,0%";"0,0%"
"19.174.915";"CTE Colatina";"Brazil";"Clubes Sem Divisão Nacional/Fora da Série D";"950";"0,0";"0";"0";"0";"0";"Professional";"6";"7";"7";"10.000";"250";"0,0%";"0,0%"
"318.915";"Cuiabá";"Brazil";"Brasileirão Assaí";"6.100";"26,1";"2.411.160";"1.608.720";"1.608.720";"119.750";"Professional";"15";"13";"11";"44.000";"14.780";"73,7%";"76,2%"
"19.341.592";"Decisão";"Brazil";"Clubes Sem Divisão Nacional/Fora da Série D";"900";"0,0";"0";"0";"0";"0";"Professional";"5";"5";"7";"5.000";"500";"0,0%";"0,0%"
"19.152.081";"Defelê";"Brazil";"Eerste klasse A";"1";"0,0";"0";"0";"0";"0";"Semi-Professional";"1";"1";"1";"0";"250";"0,0%";"0,0%"
"19.014.100";"Democrata (BA)";"Brazil";"Eerste klasse A";"1";"0,0";"0";"0";"0";"0";"Semi-Professional";"3";"2";"1";"32.157";"250";"0,0%";"0,0%"
"301.184";"Democrata GV";"Brazil";"Brasileirão Série D";"2.850";"28,0";"0";"0";"0";"0";"Professional";"6";"7";"3";"8.675";"3.000";"62,9%";"65,8%"
"311.869";"Democrata SL";"Brazil";"Clubes Sem Divisão Nacional/Fora da Série D";"2.000";"0,0";"0";"0";"0";"0";"Professional";"3";"3";"6";"18.870";"1.600";"0,0%";"0,0%"
"104.975";"Desportiva";"Brazil";"Clubes Sem Divisão Nacional/Fora da Série D";"1.800";"26,0";"0";"0";"0";"0";"Professional";"10";"9";"7";"7.700";"5.000";"63,1%";"68,1%"
"19.307.964";"Desportiva (PA)";"Brazil";"Eerste klasse A";"300";"0,0";"0";"0";"0";"0";"Professional";"5";"5";"4";"6.500";"200";"0,0%";"0,0%"
"314.208";"Desportiva (RN)";"Brazil";"Eerste klasse A";"1";"0,0";"0";"0";"0";"0";"Semi-Professional";"1";"1";"1";"0";"250";"0,0%";"0,0%"
"19.295.789";"Desportiva Borborema";"Brazil";"Eerste klasse A";"1";"0,0";"0";"0";"0";"0";"Semi-Professional";"1";"1";"1";"0";"250";"0,0%";"0,0%"
"311.953";"Desportiva Guarabira";"Brazil";"Clubes Sem Divisão Nacional/Fora da Série D";"750";"0,0";"0";"0";"0";"0";"Professional";"4";"2";"2";"4.000";"800";"0,0%";"0,0%"
"19.255.066";"Desportivo Aliança";"Brazil";"Clubes Sem Divisão Nacional/Fora da Série D";"1.000";"0,0";"0";"0";"0";"0";"Professional";"6";"6";"5";"4.000";"200";"0,0%";"0,0%"
"19.046.641";"Desportivo Brasil";"Brazil";"Clubes Sem Divisão Nacional/Fora da Série D";"1.300";"26,3";"0";"0";"0";"0";"Professional";"17";"14";"10";"6.160";"300";"62,5%";"67,3%"
"319.121";"Dimensão Saúde";"Brazil";"Clubes Sem Divisão Nacional/Fora da Série D";"900";"0,0";"0";"0";"0";"0";"Professional";"5";"2";"4";"4.000";"900";"0,0%";"0,0%"
"313.348";"Dínamo (AL)";"Brazil";"Clubes Sem Divisão Nacional/Fora da Série D";"500";"0,0";"0";"0";"0";"0";"Professional";"5";"2";"4";"4.000";"850";"0,0%";"0,0%"
"19.152.067";"Dínamo (DF)";"Brazil";"Eerste klasse A";"1";"0,0";"0";"0";"0";"0";"Semi-Professional";"3";"2";"1";"0";"250";"0,0%";"0,0%"
"2.000.063.304";"Dínamo Araxá (MG)";"Brazil";"Eerste klasse A";"1";"0,0";"0";"0";"0";"0";"Semi-Professional";"2";"1";"1";"10.000";"250";"0,0%";"0,0%"
"19.075.749";"Doce Mel";"Brazil";"Clubes Sem Divisão Nacional/Fora da Série D";"1.400";"0,0";"0";"0";"0";"0";"Professional";"3";"2";"2";"3.000";"500";"0,0%";"0,0%"
"313.224";"Dom Bosco";"Brazil";"Clubes Sem Divisão Nacional/Fora da Série D";"1.400";"24,0";"0";"0";"0";"0";"Professional";"4";"2";"2";"44.000";"500";"16,7%";"17,9%"
"313.317";"Dorense";"Brazil";"Clubes Sem Divisão Nacional/Fora da Série D";"1.150";"36,0";"0";"0";"0";"0";"Professional";"3";"2";"3";"4.000";"1.200";"11,9%";"11,9%"
"314.721";"Douradense (MS)";"Brazil";"Eerste klasse A";"1";"0,0";"0";"0";"0";"0";"Semi-Professional";"1";"1";"1";"0";"250";"0,0%";"0,0%"
"2.000.079.933";"Dourados";"Brazil";"Clubes Sem Divisão Nacional/Fora da Série D";"1.300";"27,2";"0";"0";"0";"0";"Professional";"6";"6";"4";"30.000";"200";"32,9%";"35,1%"
"19.258.282";"Doze";"Brazil";"Eerste klasse A";"600";"0,0";"0";"0";"0";"0";"Professional";"10";"10";"6";"3.000";"100";"0,0%";"0,0%"
"19.007.826";"Duque de Caxias";"Brazil";"Clubes Sem Divisão Nacional/Fora da Série D";"1.400";"0,0";"0";"0";"0";"0";"Professional";"10";"7";"5";"7.000";"65";"0,0%";"0,0%"
"311.097";"Duquecaxiense";"Brazil";"Clubes Sem Divisão Nacional/Fora da Série D";"300";"0,0";"0";"0";"0";"0";"Professional";"3";"2";"2";"4.000";"300";"0,0%";"0,0%"
"312.303";"EC Paraná de Londrina (PR)";"Brazil";"Eerste klasse A";"1";"0,0";"0";"0";"0";"0";"Semi-Professional";"2";"1";"1";"0";"250";"0,0%";"0,0%"
"19.339.799";"EC Resende";"Brazil";"Clubes Sem Divisão Nacional/Fora da Série D";"450";"0,0";"0";"0";"0";"0";"Professional";"4";"5";"5";"4.600";"200";"0,0%";"0,0%"
"19.179.979";"EC São Bernardo";"Brazil";"Clubes Sem Divisão Nacional/Fora da Série D";"1.500";"24,6";"0";"0";"0";"0";"Professional";"5";"7";"7";"15.759";"200";"39,5%";"42,8%"
"19.019.863";"EC Sírio (SP)";"Brazil";"Eerste klasse A";"1";"0,0";"0";"0";"0";"0";"Semi-Professional";"3";"2";"1";"0";"250";"0,0%";"0,0%"
"19.014.171";"ECO";"Brazil";"Eerste klasse A";"1";"0,0";"0";"0";"0";"0";"Professional";"4";"4";"4";"17.430";"234";"0,0%";"0,0%"
"318.893";"ECUS";"Brazil";"Clubes Sem Divisão Nacional/Fora da Série D";"600";"0,0";"0";"0";"0";"0";"Professional";"4";"5";"5";"5.034";"800";"0,0%";"0,0%"
"2.000.099.932";"Egipciense";"Brazil";"Eerste klasse A";"1";"0,0";"0";"0";"0";"0";"Semi-Professional";"3";"2";"1";"0";"250";"0,0%";"0,0%"
"19.326.202";"Elite (RS)";"Brazil";"Clubes Sem Divisão Nacional/Fora da Série D";"800";"0,0";"0";"0";"0";"0";"Professional";"5";"6";"6";"7.000";"150";"0,0%";"0,0%"
"312.306";"Energia Circular (BA)";"Brazil";"Eerste klasse A";"1";"0,0";"0";"0";"0";"0";"Semi-Professional";"2";"1";"1";"0";"250";"0,0%";"0,0%"
"320.676";"Engenho de Dentro";"Brazil";"Eerste klasse A";"1";"0,0";"0";"0";"0";"0";"Semi-Professional";"3";"2";"1";"0";"250";"0,0%";"0,0%"
"311.113";"Entrerriense";"Brazil";"Eerste klasse A";"1";"0,0";"0";"0";"0";"0";"Professional";"4";"3";"4";"10.000";"1.500";"0,0%";"0,0%"
"2.000.152.152";"ESMAC";"Brazil";"Clubes Sem Divisão Nacional/Fora da Série D";"600";"0,0";"0";"0";"0";"0";"Professional";"2";"2";"3";"45.007";"100";"0,0%";"0,0%"
"19.088.042";"Espigão";"Brazil";"Eerste klasse A";"400";"0,0";"0";"0";"0";"0";"Professional";"3";"3";"6";"2.500";"200";"0,0%";"0,0%"
"19.088.838";"Espírito Santo FC";"Brazil";"Eerste klasse A";"500";"0,0";"0";"0";"0";"0";"Professional";"7";"2";"5";"21.000";"200";"0,0%";"0,0%"
"318.868";"Espírito Santo SE";"Brazil";"Eerste klasse A";"900";"0,0";"0";"0";"0";"0";"Professional";"6";"5";"5";"10.000";"1.200";"0,0%";"0,0%"
"314.962";"Esporte";"Brazil";"Clubes Sem Divisão Nacional/Fora da Série D";"750";"0,0";"0";"0";"0";"0";"Professional";"5";"2";"4";"11.000";"600";"0,0%";"0,0%"
"19.341.236";"Esporte Limoeiro";"Brazil";"Clubes Sem Divisão Nacional/Fora da Série D";"650";"0,0";"0";"0";"0";"0";"Professional";"6";"7";"6";"5.000";"500";"0,0%";"0,0%"
"19.000.203";"Esportiva Guaratinguetá";"Brazil";"Eerste klasse A";"1";"0,0";"0";"0";"0";"0";"Semi-Professional";"3";"2";"1";"0";"250";"0,0%";"0,0%"
"19.027.434";"Esportiva Itapirense";"Brazil";"Clubes Sem Divisão Nacional/Fora da Série D";"1.200";"31,8";"0";"0";"0";"0";"Professional";"4";"3";"3";"5.652";"400";"34,3%";"35,6%"
"301.268";"Esportivo";"Brazil";"Clubes Sem Divisão Nacional/Fora da Série D";"2.350";"0,0";"0";"0";"0";"0";"Professional";"8";"7";"6";"15.000";"2.500";"0,0%";"0,0%"
"19.219.019";"Esportivo (MG)";"Brazil";"Eerste klasse A";"1";"0,0";"0";"0";"0";"0";"Professional";"6";"6";"6";"13.000";"100";"0,0%";"0,0%"
"313.327";"Estanciano";"Brazil";"Clubes Sem Divisão Nacional/Fora da Série D";"1.000";"0,0";"0";"0";"0";"0";"Professional";"3";"2";"3";"7.000";"700";"0,0%";"0,0%"
"314.316";"Estrela do Mar";"Brazil";"Eerste klasse A";"1";"0,0";"0";"0";"0";"0";"Semi-Professional";"3";"2";"1";"0";"250";"0,0%";"0,0%"
"302.108";"Estrela do Norte";"Brazil";"Clubes Sem Divisão Nacional/Fora da Série D";"1.350";"29,9";"0";"0";"0";"0";"Professional";"2";"2";"6";"6.000";"2.000";"62,1%";"65,0%"
"310.908";"Estrela Potiguar";"Brazil";"Clubes Sem Divisão Nacional/Fora da Série D";"750";"0,0";"0";"0";"0";"0";"Professional";"4";"3";"3";"3.000";"700";"0,0%";"0,0%"
"19.005.117";"Estudantes";"Brazil";"Eerste klasse A";"1";"0,0";"0";"0";"0";"0";"Professional";"5";"6";"6";"5.000";"2.112";"0,0%";"0,0%"
"313.283";"Expressinho";"Brazil";"Clubes Sem Divisão Nacional/Fora da Série D";"550";"0,0";"0";"0";"0";"0";"Professional";"4";"2";"3";"11.429";"350";"0,0%";"0,0%"
"309.764";"Externato (SC)";"Brazil";"Eerste klasse A";"1";"0,0";"0";"0";"0";"0";"Semi-Professional";"2";"1";"1";"0";"250";"0,0%";"0,0%"
"2.000.106.888";"Falcon (SE)";"Brazil";"Brasileirão Série D";"1.550";"29,2";"0";"0";"0";"0";"Professional";"4";"4";"3";"15.575";"200";"54,9%";"57,3%"
"311.867";"Farroupilha";"Brazil";"Clubes Sem Divisão Nacional/Fora da Série D";"550";"0,0";"0";"0";"0";"0";"Professional";"3";"3";"3";"5.500";"1.500";"0,0%";"0,0%"
"309.651";"Fast Clube";"Brazil";"Clubes Sem Divisão Nacional/Fora da Série D";"1.100";"0,0";"0";"0";"0";"0";"Professional";"8";"8";"6";"11.000";"2.000";"0,0%";"0,0%"
"19.072.706";"FC Cascavel";"Brazil";"Brasileirão Série D";"3.450";"28,1";"0";"0";"0";"0";"Professional";"6";"8";"5";"28.125";"5.000";"65,2%";"68,4%"
"19.220.676";"FC Marau";"Brazil";"Clubes Sem Divisão Nacional/Fora da Série D";"400";"0,0";"0";"0";"0";"0";"Professional";"5";"5";"5";"2.000";"200";"0,0%";"0,0%"
"2.000.029.587";"FC Pará";"Brazil";"Clubes Sem Divisão Nacional/Fora da Série D";"550";"0,0";"0";"0";"0";"0";"Professional";"2";"1";"1";"45.007";"200";"0,0%";"0,0%"
"314.314";"Felipéia (PB)";"Brazil";"Eerste klasse A";"1";"0,0";"0";"0";"0";"0";"Semi-Professional";"3";"2";"1";"0";"250";"0,0%";"0,0%"
"19.294.426";"Femar";"Brazil";"Clubes Sem Divisão Nacional/Fora da Série D";"550";"0,0";"0";"0";"0";"0";"Professional";"6";"6";"5";"2.000";"200";"0,0%";"0,0%"
"313.780";"Fênix (MA)";"Brazil";"Eerste klasse A";"1";"0,0";"0";"0";"0";"0";"Semi-Professional";"3";"2";"1";"0";"250";"0,0%";"0,0%"
"318.895";"Fernandópolis";"Brazil";"Clubes Sem Divisão Nacional/Fora da Série D";"650";"0,0";"0";"0";"0";"0";"Professional";"4";"3";"3";"9.188";"800";"0,0%";"0,0%"
"19.005.348";"Ferrocarril (RS)";"Brazil";"Eerste klasse A";"1";"0,0";"0";"0";"0";"0";"Semi-Professional";"2";"1";"1";"0";"250";"0,0%";"0,0%"
"302.144";"Ferroviária (SP)";"Brazil";"Brasileirão Série D";"4.100";"26,9";"83.730";"0";"0";"0";"Professional";"12";"13";"10";"20.421";"2.000";"64,7%";"69,2%"
"2.000.135.793";"Ferroviária de Pindamonha";"Brazil";"Eerste klasse A";"1";"0,0";"0";"0";"0";"0";"Semi-Professional";"1";"1";"1";"0";"250";"0,0%";"0,0%"
"313.441";"Ferroviário (AL)";"Brazil";"Eerste klasse A";"1";"0,0";"0";"0";"0";"0";"Professional";"4";"2";"4";"4.000";"600";"0,0%";"0,0%"
"301.129";"Ferroviário (CE)";"Brazil";"Brasileirão Série D";"4.250";"28,4";"0";"0";"0";"0";"Professional";"7";"7";"7";"63.903";"2.307";"64,1%";"67,5%"
"313.361";"Ferroviário (MA)";"Brazil";"Eerste klasse A";"1";"0,0";"0";"0";"0";"0";"Professional";"2";"2";"3";"11.429";"800";"0,0%";"0,0%"
"19.302.103";"Ferroviário (PI)";"Brazil";"Clubes Sem Divisão Nacional/Fora da Série D";"650";"0,0";"0";"0";"0";"0";"Professional";"5";"4";"4";"4.700";"300";"0,0%";"0,0%"
"309.784";"Ferroviário (PR)";"Brazil";"Eerste klasse A";"1";"0,0";"0";"0";"0";"0";"Semi-Professional";"1";"1";"1";"0";"250";"0,0%";"0,0%"
"314.078";"Ferroviário (RO)";"Brazil";"Eerste klasse A";"1";"0,0";"0";"0";"0";"0";"Professional";"2";"2";"2";"5.000";"400";"0,0%";"0,0%"
"309.758";"Ferroviário (SC)";"Brazil";"Eerste klasse A";"1";"0,0";"0";"0";"0";"0";"Semi-Professional";"2";"1";"1";"0";"250";"0,0%";"0,0%"
"301.232";"Ferroviário de Serra";"Brazil";"Eerste klasse A";"1";"0,0";"0";"0";"0";"0";"Professional";"4";"4";"4";"5.000";"900";"0,0%";"0,0%"
"319.154";"Ferroviário do Cabo";"Brazil";"Clubes Sem Divisão Nacional/Fora da Série D";"700";"0,0";"0";"0";"0";"0";"Professional";"4";"2";"4";"5.459";"800";"0,0%";"0,0%"
"319.152";"Ferroviário do Recife";"Brazil";"Eerste klasse A";"1";"0,0";"0";"0";"0";"0";"Professional";"3";"2";"3";"2.000";"600";"0,0%";"0,0%"
"19.168.612";"FF Sport";"Brazil";"Clubes Sem Divisão Nacional/Fora da Série D";"800";"0,0";"0";"0";"0";"0";"Professional";"4";"4";"4";"2.000";"200";"0,0%";"0,0%"
"301.306";"Figueirense";"Brazil";"Brasileirão Série C";"4.600";"25,2";"-1.059.860";"0";"0";"12.580";"Professional";"13";"10";"9";"19.584";"3.618";"65,4%";"69,9%"
"19.271.063";"Figueirense (MG)";"Brazil";"Clubes Sem Divisão Nacional/Fora da Série D";"550";"0,0";"0";"0";"0";"0";"Professional";"5";"5";"6";"3.000";"200";"0,0%";"0,0%"
"2.114.453";"Figueirense B";"Brazil";"Eerste klasse A";"500";"0,0";"0";"0";"0";"0";"Professional";"3";"3";"6";"500";"200";"0,0%";"0,0%"
"322";"Flamengo";"Brazil";"Brasileirão Assaí";"7.750";"26,2";"6.851.730";"6.434.880";"6.434.880";"466.560";"Professional";"18";"15";"14";"78.838";"54.499";"77,8%";"80,8%"
"308.183";"Flamengo (PI)";"Brazil";"Clubes Sem Divisão Nacional/Fora da Série D";"1.100";"0,0";"0";"0";"0";"0";"Professional";"8";"3";"7";"52.296";"2.000";"0,0%";"0,0%"
"314.616";"Flamengo (RO)";"Brazil";"Eerste klasse A";"1";"0,0";"0";"0";"0";"0";"Professional";"4";"2";"4";"5.000";"1.200";"0,0%";"0,0%"
"2.000.291.266";"Flamengo (SE)";"Brazil";"Clubes Sem Divisão Nacional/Fora da Série D";"550";"0,0";"0";"0";"0";"0";"Professional";"3";"2";"4";"3.000";"100";"0,0%";"0,0%"
"311.020";"Flamengo (SP)";"Brazil";"Clubes Sem Divisão Nacional/Fora da Série D";"900";"0,0";"0";"0";"0";"0";"Professional";"6";"6";"5";"6.925";"1.500";"0,0%";"0,0%"
"309.771";"Flamengo de Arcoverde";"Brazil";"Clubes Sem Divisão Nacional/Fora da Série D";"1.050";"25,2";"0";"0";"0";"0";"Professional";"4";"3";"4";"3.000";"800";"33,8%";"37,8%"
"19.205.119";"Flamengo de Guanambi";"Brazil";"Clubes Sem Divisão Nacional/Fora da Série D";"650";"0,0";"0";"0";"0";"0";"Professional";"5";"6";"6";"2.000";"250";"0,0%";"0,0%"
"19.190.039";"Flamengo de Recife";"Brazil";"Eerste klasse A";"1";"0,0";"0";"0";"0";"0";"Semi-Professional";"1";"1";"1";"0";"250";"0,0%";"0,0%"
"2.000.003.895";"Flamengo EC de Curitibanos";"Brazil";"Eerste klasse A";"1";"0,0";"0";"0";"0";"0";"Semi-Professional";"3";"2";"1";"0";"250";"0,0%";"0,0%"
"19.270.038";"Floresta (CE)";"Brazil";"Brasileirão Série C";"4.000";"27,1";"144.610";"0";"0";"5.240";"Professional";"5";"5";"6";"22.000";"700";"62,2%";"66,0%"
"309.741";"Floriano (ES)";"Brazil";"Eerste klasse A";"1";"0,0";"0";"0";"0";"0";"Semi-Professional";"2";"1";"1";"0";"250";"0,0%";"0,0%"
"323";"Fluminense";"Brazil";"Brasileirão Assaí";"7.400";"29,5";"4.265.230";"4.021.800";"4.021.800";"332.380";"Professional";"13";"13";"14";"78.838";"29.783";"77,7%";"79,4%"
"319.158";"Fluminense (PI)";"Brazil";"Brasileirão Série D";"1.850";"30,0";"0";"0";"0";"0";"Professional";"3";"5";"7";"52.296";"800";"11,9%";"12,2%"
"301.123";"Fluminense de Feira";"Brazil";"Clubes Sem Divisão Nacional/Fora da Série D";"1.500";"34,0";"0";"0";"0";"0";"Professional";"9";"7";"7";"16.274";"1.400";"5,2%";"5,2%"
"19.247.178";"Fluminense do Itaum";"Brazil";"Clubes Sem Divisão Nacional/Fora da Série D";"650";"0,0";"0";"0";"0";"0";"Professional";"5";"5";"4";"22.000";"200";"0,0%";"0,0%"
"320.389";"Fonseca (RJ)";"Brazil";"Eerste klasse A";"1";"0,0";"0";"0";"0";"0";"Semi-Professional";"1";"1";"1";"0";"250";"0,0%";"0,0%"
"19.005.336";"Football & Athletic";"Brazil";"Eerste klasse A";"1";"0,0";"0";"0";"0";"0";"Semi-Professional";"3";"2";"1";"0";"250";"0,0%";"0,0%"
"313.782";"Football AC (MA)";"Brazil";"Eerste klasse A";"1";"0,0";"0";"0";"0";"0";"Semi-Professional";"2";"1";"1";"0";"250";"0,0%";"0,0%"
"19.274.801";"Força e Luz";"Brazil";"Clubes Sem Divisão Nacional/Fora da Série D";"1.100";"29,0";"0";"0";"0";"0";"Professional";"5";"5";"7";"32.000";"300";"11,6%";"11,9%"
"19.105.650";"Força Jovem Aquidabã";"Brazil";"Clubes Sem Divisão Nacional/Fora da Série D";"600";"0,0";"0";"0";"0";"0";"Professional";"2";"2";"3";"1.500";"200";"0,0%";"0,0%"
"318.866";"Formosa";"Brazil";"Clubes Sem Divisão Nacional/Fora da Série D";"700";"0,0";"0";"0";"0";"0";"Professional";"4";"2";"4";"12.000";"600";"0,0%";"0,0%"
"104.750";"Fortaleza";"Brazil";"Brasileirão Assaí";"6.400";"28,1";"2.204.000";"1.608.720";"1.608.720";"253.510";"Professional";"12";"9";"7";"63.903";"32.787";"74,9%";"76,4%"
"19.066.538";"Foz do Iguaçu";"Brazil";"Clubes Sem Divisão Nacional/Fora da Série D";"1.850";"0,0";"0";"0";"0";"0";"Professional";"3";"3";"5";"5.000";"450";"0,0%";"0,0%"
"19.215.308";"Fragata FC";"Brazil";"Eerste klasse A";"1";"0,0";"0";"0";"0";"0";"Amateur";"6";"4";"5";"500";"50";"0,0%";"0,0%"
"301.340";"Francana";"Brazil";"Clubes Sem Divisão Nacional/Fora da Série D";"950";"25,0";"0";"0";"0";"0";"Professional";"7";"5";"4";"18.000";"1.000";"5,6%";"5,8%"
"19.306.269";"Freipaulistano";"Brazil";"Clubes Sem Divisão Nacional/Fora da Série D";"1.100";"0,0";"0";"0";"0";"0";"Professional";"5";"5";"6";"4.000";"100";"0,0%";"0,0%"
"107.212";"Friburguense";"Brazil";"Clubes Sem Divisão Nacional/Fora da Série D";"1.500";"0,0";"0";"0";"0";"0";"Professional";"9";"5";"5";"6.550";"800";"0,0%";"0,0%"
"19.106.492";"Funorte";"Brazil";"Clubes Sem Divisão Nacional/Fora da Série D";"250";"0,0";"0";"0";"0";"0";"Professional";"5";"5";"4";"5.000";"150";"0,0%";"0,0%"
"2.000.297.236";"Futebol com Vida";"Brazil";"Clubes Sem Divisão Nacional/Fora da Série D";"900";"0,0";"0";"0";"0";"0";"Professional";"3";"2";"1";"16.000";"250";"0,0%";"0,0%"
"2.000.278.502";"Futsal Club (Brazil)";"Brazil";"Eerste klasse A";"1";"0,0";"0";"0";"0";"0";"Semi-Professional";"3";"2";"1";"0";"250";"0,0%";"0,0%"
"301.363";"Galícia";"Brazil";"Clubes Sem Divisão Nacional/Fora da Série D";"1.000";"0,0";"0";"0";"0";"0";"Professional";"6";"5";"5";"32.157";"2.000";"0,0%";"0,0%"
"2.000.095.603";"Galo Maringá";"Brazil";"Clubes Sem Divisão Nacional/Fora da Série D";"2.000";"26,3";"-3.150";"0";"0";"0";"Professional";"3";"3";"4";"16.226";"150";"61,4%";"64,8%"
"19.164.456";"Galvez (AC)";"Brazil";"Clubes Sem Divisão Nacional/Fora da Série D";"1.400";"0,0";"0";"0";"0";"0";"Professional";"3";"3";"4";"10.000";"200";"0,0%";"0,0%"
"121.262";"Gama";"Brazil";"Clubes Sem Divisão Nacional/Fora da Série D";"2.500";"28,6";"0";"0";"0";"0";"Professional";"11";"9";"7";"20.000";"3.000";"63,2%";"66,1%"
"19.005.850";"Garibaldi";"Brazil";"Clubes Sem Divisão Nacional/Fora da Série D";"450";"0,0";"0";"0";"0";"0";"Professional";"2";"2";"2";"5.000";"265";"0,0%";"0,0%"
"301.298";"GAS";"Brazil";"Clubes Sem Divisão Nacional/Fora da Série D";"950";"0,0";"0";"0";"0";"0";"Professional";"4";"2";"2";"5.000";"1.500";"0,0%";"0,0%"
"314.938";"Gaúcho";"Brazil";"Clubes Sem Divisão Nacional/Fora da Série D";"1.400";"0,0";"0";"0";"0";"0";"Professional";"3";"6";"5";"5.500";"800";"0,0%";"0,0%"
"19.105.956";"Gavião Kyikatejê";"Brazil";"Clubes Sem Divisão Nacional/Fora da Série D";"850";"0,0";"0";"0";"0";"0";"Professional";"3";"2";"3";"4.000";"50";"0,0%";"0,0%"
"19.019.868";"GE Catanduvense (SP)";"Brazil";"Eerste klasse A";"1";"0,0";"0";"0";"0";"0";"Semi-Professional";"2";"1";"1";"0";"250";"0,0%";"0,0%"
"313.674";"Gentilândia (CE)";"Brazil";"Eerste klasse A";"1";"0,0";"0";"0";"0";"0";"Semi-Professional";"1";"1";"1";"0";"250";"0,0%";"0,0%"
"301.290";"Genus";"Brazil";"Clubes Sem Divisão Nacional/Fora da Série D";"950";"0,0";"0";"0";"0";"0";"Professional";"9";"5";"6";"5.000";"2.000";"0,0%";"0,0%"
"104.885";"Germânia";"Brazil";"Eerste klasse A";"1";"0,0";"0";"0";"0";"0";"Semi-Professional";"2";"1";"1";"0";"250";"0,0%";"0,0%"
"19.222.407";"Globo";"Brazil";"Brasileirão Série D";"2.750";"29,0";"0";"0";"0";"0";"Professional";"4";"5";"6";"10.000";"200";"5,3%";"5,6%"
"314.936";"Glória";"Brazil";"Clubes Sem Divisão Nacional/Fora da Série D";"1.750";"0,0";"0";"0";"0";"0";"Professional";"6";"2";"5";"8.000";"4.000";"0,0%";"0,0%"
"301.155";"Goianésia";"Brazil";"Clubes Sem Divisão Nacional/Fora da Série D";"2.000";"29,4";"-3.140";"0";"0";"0";"Professional";"3";"2";"3";"8.110";"1.050";"64,0%";"66,2%"
"301.157";"Goiânia";"Brazil";"Clubes Sem Divisão Nacional/Fora da Série D";"1.900";"26,9";"0";"0";"0";"0";"Professional";"8";"9";"6";"13.500";"2.000";"64,6%";"68,0%"
"102.555";"Goiás";"Brazil";"Brasileirão Assaí";"6.000";"26,8";"1.544.830";"804.360";"804.360";"52.870";"Professional";"12";"11";"8";"15.000";"7.698";"71,6%";"74,4%"
"301.159";"Goiatuba";"Brazil";"Clubes Sem Divisão Nacional/Fora da Série D";"1.650";"27,8";"0";"0";"0";"0";"Professional";"3";"3";"3";"5.000";"1.000";"61,8%";"64,5%"
"19.248.712";"Gonçalense";"Brazil";"Clubes Sem Divisão Nacional/Fora da Série D";"1.700";"0,0";"0";"0";"0";"0";"Professional";"5";"5";"6";"4.000";"150";"0,0%";"0,0%"
"302.143";"Goytacaz";"Brazil";"Clubes Sem Divisão Nacional/Fora da Série D";"1.200";"0,0";"0";"0";"0";"0";"Professional";"3";"3";"3";"15.000";"800";"0,0%";"0,0%"
"19.147.284";"Gramadense";"Brazil";"Clubes Sem Divisão Nacional/Fora da Série D";"700";"0,0";"0";"0";"0";"0";"Professional";"2";"2";"2";"1.500";"200";"0,0%";"0,0%"
"314.204";"Grapiúna";"Brazil";"Clubes Sem Divisão Nacional/Fora da Série D";"700";"0,0";"0";"0";"0";"0";"Professional";"3";"2";"3";"11.745";"800";"0,0%";"0,0%"
"324";"Grêmio";"Brazil";"Brasileirão Assaí";"7.250";"26,8";"-1.672.950";"3.217.440";"3.217.440";"296.540";"Professional";"16";"15";"13";"55.662";"31.385";"76,1%";"78,4%"
"19.343.094";"Grêmio (PE)";"Brazil";"Eerste klasse A";"50";"0,0";"0";"0";"0";"0";"Amateur";"3";"3";"2";"1.000";"50";"0,0%";"0,0%"
"309.139";"Grêmio Anápolis";"Brazil";"Clubes Sem Divisão Nacional/Fora da Série D";"1.800";"0,0";"20";"0";"0";"0";"Professional";"7";"6";"5";"14.400";"1.000";"0,0%";"0,0%"
"2.106.554";"Grêmio Barueri";"Brazil";"Eerste klasse A";"750";"0,0";"0";"0";"0";"0";"Professional";"10";"7";"7";"31.452";"915";"0,0%";"0,0%"
"19.100.644";"Grêmio Brasiliense";"Brazil";"Eerste klasse A";"1";"0,0";"0";"0";"0";"0";"Semi-Professional";"1";"1";"1";"0";"250";"0,0%";"0,0%"
"314.776";"Grêmio Catanduvense";"Brazil";"Clubes Sem Divisão Nacional/Fora da Série D";"500";"0,0";"0";"0";"0";"0";"Professional";"4";"2";"3";"15.210";"254";"0,0%";"0,0%"
"8.832.363";"Grêmio Coariense";"Brazil";"Eerste klasse A";"1";"0,0";"0";"0";"0";"0";"Professional";"9";"3";"7";"7.000";"900";"0,0%";"0,0%"
"19.015.572";"Grêmio Laranjeiras";"Brazil";"Clubes Sem Divisão Nacional/Fora da Série D";"750";"0,0";"0";"0";"0";"0";"Professional";"2";"2";"2";"2.500";"215";"0,0%";"0,0%"
"303.020";"Grêmio Maringá";"Brazil";"Clubes Sem Divisão Nacional/Fora da Série D";"1.200";"0,0";"0";"0";"0";"0";"Professional";"8";"6";"6";"16.226";"1.000";"0,0%";"0,0%"
"19.144.990";"Grêmio Novorizontino";"Brazil";"Brasileirão Série B Betano";"5.200";"28,9";"290.600";"24.130";"24.130";"52.550";"Professional";"7";"9";"10";"20.000";"3.000";"70,9%";"72,6%"
"19.060.644";"Grêmio Osasco";"Brazil";"Clubes Sem Divisão Nacional/Fora da Série D";"750";"0,0";"0";"0";"0";"0";"Professional";"12";"9";"7";"17.430";"250";"0,0%";"0,0%"
"8.832.348";"Grêmio Petrolândia";"Brazil";"Eerste klasse A";"1";"0,0";"0";"0";"0";"0";"Professional";"2";"2";"2";"5.000";"800";"0,0%";"0,0%"
"19.042.909";"Grêmio Prudente";"Brazil";"Clubes Sem Divisão Nacional/Fora da Série D";"1.350";"27,9";"0";"0";"0";"0";"Professional";"3";"3";"4";"45.954";"200";"62,7%";"66,1%"
"314.082";"Grêmio Rondoniense";"Brazil";"Eerste klasse A";"1";"0,0";"0";"0";"0";"0";"Professional";"5";"2";"3";"0";"600";"0,0%";"0,0%"
"309.739";"Grêmio Santanense";"Brazil";"Eerste klasse A";"1";"0,0";"0";"0";"0";"0";"Professional";"4";"2";"2";"4.000";"1.000";"0,0%";"0,0%"
"2.000.192.526";"Gre^mio Valparaíso";"Brazil";"Clubes Sem Divisão Nacional/Fora da Série D";"650";"0,0";"0";"0";"0";"0";"Professional";"4";"4";"3";"6.000";"100";"0,0%";"0,0%"
"19.026.809";"Guaçuano";"Brazil";"Clubes Sem Divisão Nacional/Fora da Série D";"300";"0,0";"0";"0";"0";"0";"Professional";"3";"4";"5";"3.400";"450";"0,0%";"0,0%"
"309.618";"Guajará";"Brazil";"Clubes Sem Divisão Nacional/Fora da Série D";"400";"0,0";"0";"0";"0";"0";"Professional";"4";"3";"3";"3.000";"1.500";"0,0%";"0,0%"
"19.152.085";"Guanabara (DF)";"Brazil";"Eerste klasse A";"1";"0,0";"0";"0";"0";"0";"Semi-Professional";"3";"2";"1";"0";"250";"0,0%";"0,0%"
"2.000.138.749";"Guanabara City";"Brazil";"Clubes Sem Divisão Nacional/Fora da Série D";"650";"0,0";"0";"0";"0";"0";"Professional";"3";"3";"2";"10.500";"100";"0,0%";"0,0%"
"19.373.913";"Guaporé";"Brazil";"Clubes Sem Divisão Nacional/Fora da Série D";"800";"0,0";"0";"0";"0";"0";"Professional";"5";"5";"4";"4.000";"250";"0,0%";"0,0%"
"19.140.899";"Guaraí";"Brazil";"Clubes Sem Divisão Nacional/Fora da Série D";"600";"0,0";"0";"0";"0";"0";"Professional";"3";"3";"3";"3.500";"200";"0,0%";"0,0%"
"325";"Guarani";"Brazil";"Brasileirão Série B Betano";"5.650";"26,6";"35.550";"48.260";"48.260";"50.800";"Professional";"11";"8";"10";"29.130";"3.901";"70,4%";"73,5%"
"301.188";"Guarani (MG)";"Brazil";"Clubes Sem Divisão Nacional/Fora da Série D";"950";"0,0";"0";"0";"0";"0";"Professional";"3";"3";"4";"5.000";"1.200";"0,0%";"0,0%"
"312.302";"Guarani (PR)";"Brazil";"Eerste klasse A";"1";"0,0";"0";"0";"0";"0";"Semi-Professional";"1";"1";"1";"0";"250";"0,0%";"0,0%"
"312.334";"Guarani de Alegrete (RS)";"Brazil";"Eerste klasse A";"1";"0,0";"0";"0";"0";"0";"Semi-Professional";"1";"1";"1";"0";"250";"0,0%";"0,0%"
"314.607";"Guarani de Juazeiro";"Brazil";"Clubes Sem Divisão Nacional/Fora da Série D";"1.600";"33,0";"0";"0";"0";"0";"Professional";"4";"2";"5";"17.000";"1.000";"11,0%";"11,5%"
"301.377";"Guarani de Palhoça";"Brazil";"Clubes Sem Divisão Nacional/Fora da Série D";"1.050";"21,0";"0";"0";"0";"0";"Professional";"5";"3";"3";"3.000";"1.700";"5,6%";"5,8%"
"319.170";"Guarani de Pouso Alegre";"Brazil";"Eerste klasse A";"1";"0,0";"0";"0";"0";"0";"Professional";"3";"3";"3";"26.000";"900";"0,0%";"0,0%"
"301.270";"Guarani VA";"Brazil";"Clubes Sem Divisão Nacional/Fora da Série D";"1.150";"0,0";"0";"0";"0";"0";"Professional";"6";"3";"3";"4.000";"215";"0,0%";"0,0%"
"313.516";"Guarany (AP)";"Brazil";"Eerste klasse A";"1";"0,0";"0";"0";"0";"0";"Semi-Professional";"2";"1";"1";"0";"250";"0,0%";"0,0%"
"309.755";"Guarany (BA)";"Brazil";"Eerste klasse A";"1";"0,0";"0";"0";"0";"0";"Semi-Professional";"3";"2";"1";"0";"250";"0,0%";"0,0%"
"314.692";"Guarany (PA)";"Brazil";"Eerste klasse A";"1";"0,0";"0";"0";"0";"0";"Semi-Professional";"3";"2";"1";"0";"250";"0,0%";"0,0%"
"314.969";"Guarany (SE)";"Brazil";"Clubes Sem Divisão Nacional/Fora da Série D";"850";"0,0";"0";"0";"0";"0";"Professional";"4";"4";"4";"3.000";"1.100";"0,0%";"0,0%"
"2.000.140.203";"Guarany Alagoano";"Brazil";"Clubes Sem Divisão Nacional/Fora da Série D";"600";"0,0";"0";"0";"0";"0";"Professional";"2";"2";"3";"2.000";"50";"0,0%";"0,0%"
"142.370";"Guarany de Bagé";"Brazil";"Clubes Sem Divisão Nacional/Fora da Série D";"2.200";"29,1";"0";"0";"0";"0";"Professional";"4";"3";"3";"10.000";"1.600";"62,7%";"65,3%"
"311.868";"Guarany de Cachoeira";"Brazil";"Eerste klasse A";"1";"0,0";"0";"0";"0";"0";"Semi-Professional";"3";"2";"1";"0";"250";"0,0%";"0,0%"
"310.642";"Guarany de Sobral";"Brazil";"Clubes Sem Divisão Nacional/Fora da Série D";"1.500";"0,0";"0";"0";"0";"0";"Professional";"10";"7";"7";"10.000";"3.300";"0,0%";"0,0%"
"314.336";"Guarapari";"Brazil";"Eerste klasse A";"1";"0,0";"0";"0";"0";"0";"Professional";"4";"2";"3";"2.000";"700";"0,0%";"0,0%"
"2.110.399";"Guarujá";"Brazil";"Eerste klasse A";"350";"0,0";"0";"0";"0";"0";"Professional";"3";"2";"4";"7.000";"600";"0,0%";"0,0%"
"19.026.810";"Guarulhos";"Brazil";"Clubes Sem Divisão Nacional/Fora da Série D";"650";"0,0";"0";"0";"0";"0";"Professional";"4";"4";"6";"6.925";"399";"0,0%";"0,0%"
"309.624";"Gurupi";"Brazil";"Clubes Sem Divisão Nacional/Fora da Série D";"1.200";"31,0";"0";"0";"0";"0";"Professional";"7";"5";"6";"3.000";"1.000";"11,0%";"11,4%"
"314.789";"Helênico (RJ)";"Brazil";"Eerste klasse A";"1";"0,0";"0";"0";"0";"0";"Semi-Professional";"3";"2";"1";"0";"250";"0,0%";"0,0%"
"309.743";"Hercílio Luz";"Brazil";"Brasileirão Série D";"2.500";"27,0";"-15.220";"0";"0";"0";"Professional";"5";"4";"4";"15.000";"500";"65,3%";"69,2%"
"314.757";"Hermann Aichinger";"Brazil";"Eerste klasse A";"450";"0,0";"0";"0";"0";"0";"Professional";"7";"5";"6";"6.000";"2.600";"0,0%";"0,0%"
"19.048.265";"Holanda";"Brazil";"Eerste klasse A";"600";"0,0";"0";"0";"0";"0";"Professional";"3";"3";"4";"5.000";"300";"0,0%";"0,0%"
"78.038.748";"Hope";"Brazil";"Clubes Sem Divisão Nacional/Fora da Série D";"700";"0,0";"0";"0";"0";"0";"Professional";"2";"4";"5";"2.000";"100";"0,0%";"0,0%"
"19.019.881";"Horizonte";"Brazil";"Clubes Sem Divisão Nacional/Fora da Série D";"1.600";"30,0";"0";"0";"0";"0";"Professional";"6";"5";"7";"10.500";"384";"39,2%";"40,7%"
"19.300.082";"Humaitá (AC)";"Brazil";"Brasileirão Série D";"1.600";"30,8";"0";"0";"0";"0";"Professional";"3";"3";"4";"13.700";"200";"28,1%";"29,0%"
"19.080.172";"IAPE FC";"Brazil";"Clubes Sem Divisão Nacional/Fora da Série D";"1.000";"39,0";"0";"0";"0";"0";"Professional";"3";"3";"5";"11.429";"350";"5,7%";"5,7%"
"314.334";"Ibiraçu";"Brazil";"Eerste klasse A";"1";"0,0";"0";"0";"0";"0";"Amateur";"4";"3";"3";"5.000";"900";"0,0%";"0,0%"
"301.234";"Íbis";"Brazil";"Clubes Sem Divisão Nacional/Fora da Série D";"950";"23,0";"0";"0";"0";"0";"Professional";"5";"2";"2";"12.000";"1.500";"5,4%";"6,1%"
"19.295.790";"Íbis (PB)";"Brazil";"Eerste klasse A";"1";"0,0";"0";"0";"0";"0";"Semi-Professional";"2";"1";"1";"0";"250";"0,0%";"0,0%"
"2.000.114.158";"Ibrachina";"Brazil";"Eerste klasse A";"400";"20,0";"0";"0";"0";"0";"Amateur";"9";"12";"12";"500";"100";"5,1%";"6,1%"
"313.749";"Icasa";"Brazil";"Clubes Sem Divisão Nacional/Fora da Série D";"1.700";"30,4";"0";"0";"0";"0";"Professional";"8";"7";"7";"17.000";"2.500";"44,9%";"46,6%"
"19.296.880";"Igrejinha";"Brazil";"Clubes Sem Divisão Nacional/Fora da Série D";"900";"0,0";"0";"0";"0";"0";"Professional";"5";"5";"5";"3.000";"700";"0,0%";"0,0%"
"19.384.176";"Iguaçu";"Brazil";"Clubes Sem Divisão Nacional/Fora da Série D";"1.300";"0,0";"0";"0";"0";"0";"Professional";"5";"5";"6";"2.500";"200";"0,0%";"0,0%"
"19.189.354";"Iguatu";"Brazil";"Brasileirão Série D";"2.300";"28,2";"50";"0";"0";"0";"Professional";"4";"4";"5";"3.600";"200";"62,3%";"64,8%"
"301.169";"Imperatriz";"Brazil";"Clubes Sem Divisão Nacional/Fora da Série D";"1.750";"30,8";"0";"0";"0";"0";"Professional";"7";"6";"5";"10.000";"2.673";"44,5%";"45,6%"
"2.000.090.692";"Império Serrano";"Brazil";"Clubes Sem Divisão Nacional/Fora da Série D";"500";"0,0";"0";"0";"0";"0";"Professional";"5";"6";"5";"5.014";"200";"0,0%";"0,0%"
"104.874";"Independência";"Brazil";"Clubes Sem Divisão Nacional/Fora da Série D";"950";"0,0";"0";"0";"0";"0";"Professional";"7";"4";"6";"5.000";"1.100";"0,0%";"0,0%"
"320.679";"Independência (SP)";"Brazil";"Eerste klasse A";"1";"0,0";"0";"0";"0";"0";"Semi-Professional";"3";"2";"1";"0";"250";"0,0%";"0,0%"
"313.255";"Independente (AP)";"Brazil";"Clubes Sem Divisão Nacional/Fora da Série D";"1.050";"32,8";"0";"0";"0";"0";"Professional";"2";"2";"2";"5.000";"800";"22,6%";"23,0%"
"318.922";"Independente (PA)";"Brazil";"Clubes Sem Divisão Nacional/Fora da Série D";"1.350";"0,0";"0";"0";"0";"0";"Professional";"3";"3";"4";"8.000";"600";"0,0%";"0,0%"
"19.375.489";"Independente (RJ)";"Brazil";"Clubes Sem Divisão Nacional/Fora da Série D";"350";"0,0";"0";"0";"0";"0";"Professional";"5";"5";"8";"5.000";"200";"0,0%";"0,0%"
"19.309.399";"Independente (SE)";"Brazil";"Clubes Sem Divisão Nacional/Fora da Série D";"700";"0,0";"0";"0";"0";"0";"Professional";"5";"5";"5";"5.000";"300";"0,0%";"0,0%"
"311.024";"Independente (SP)";"Brazil";"Clubes Sem Divisão Nacional/Fora da Série D";"900";"20,0";"0";"0";"0";"0";"Professional";"2";"2";"2";"13.000";"1.100";"5,0%";"5,9%"
"19.250.470";"Independente de Rio Verde";"Brazil";"Clubes Sem Divisão Nacional/Fora da Série D";"450";"0,0";"0";"0";"0";"0";"Professional";"4";"3";"3";"8.000";"200";"0,0%";"0,0%"
"314.299";"Industrial FC (SE)";"Brazil";"Eerste klasse A";"1";"0,0";"0";"0";"0";"0";"Semi-Professional";"3";"2";"1";"0";"250";"0,0%";"0,0%"
"19.223.517";"Inhumas";"Brazil";"Clubes Sem Divisão Nacional/Fora da Série D";"1.350";"0,0";"0";"0";"0";"0";"Professional";"6";"6";"7";"4.380";"200";"0,0%";"0,0%"
"311.042";"Inter de Bebedouro";"Brazil";"Clubes Sem Divisão Nacional/Fora da Série D";"850";"0,0";"0";"0";"0";"0";"Professional";"3";"3";"3";"6.100";"2.000";"0,0%";"0,0%"
"309.142";"Inter de Lages";"Brazil";"Clubes Sem Divisão Nacional/Fora da Série D";"1.450";"27,7";"0";"0";"0";"0";"Professional";"5";"2";"2";"6.000";"1.500";"62,5%";"65,1%"
"104.979";"Inter de Limeira";"Brazil";"Brasileirão Série D";"3.500";"27,8";"0";"0";"0";"0";"Professional";"12";"8";"7";"23.475";"2.000";"68,3%";"71,6%"
"19.337.485";"Inter de Minas";"Brazil";"Clubes Sem Divisão Nacional/Fora da Série D";"700";"0,0";"0";"0";"0";"0";"Professional";"5";"6";"6";"3.000";"125";"0,0%";"0,0%"
"2.000.194.597";"Inter SG";"Brazil";"Clubes Sem Divisão Nacional/Fora da Série D";"450";"0,0";"0";"0";"0";"0";"Professional";"4";"4";"3";"3.000";"100";"0,0%";"0,0%"
"301.272";"Inter SM";"Brazil";"Clubes Sem Divisão Nacional/Fora da Série D";"1.450";"33,5";"0";"0";"0";"0";"Professional";"3";"3";"3";"7.000";"1.500";"12,1%";"12,5%"
"314.967";"Intercontinental";"Brazil";"Eerste klasse A";"1";"0,0";"0";"0";"0";"0";"Professional";"4";"2";"2";"8.000";"900";"0,0%";"0,0%"
"326";"Internacional";"Brazil";"Brasileirão Assaí";"7.050";"27,4";"-652.040";"2.413.080";"2.413.080";"359.950";"Professional";"16";"11";"12";"50.128";"27.325";"77,2%";"78,8%"
"309.748";"Internacional (BA)";"Brazil";"Eerste klasse A";"1";"0,0";"0";"0";"0";"0";"Semi-Professional";"2";"1";"1";"0";"250";"0,0%";"0,0%"
"19.058.813";"Internacional (PB)";"Brazil";"Clubes Sem Divisão Nacional/Fora da Série D";"450";"0,0";"0";"0";"0";"0";"Professional";"2";"2";"3";"1.200";"400";"0,0%";"0,0%"
"309.780";"Internacional (PR)";"Brazil";"Eerste klasse A";"1";"0,0";"0";"0";"0";"0";"Semi-Professional";"1";"1";"1";"0";"250";"0,0%";"0,0%"
"2.112.284";"Internacional B";"Brazil";"Eerste klasse A";"500";"0,0";"0";"0";"0";"0";"Professional";"10";"10";"12";"2.000";"300";"0,0%";"0,0%"
"19.295.785";"Internacional de Cabedelo";"Brazil";"Eerste klasse A";"1";"0,0";"0";"0";"0";"0";"Semi-Professional";"1";"1";"1";"0";"250";"0,0%";"0,0%"
"301.327";"Interporto";"Brazil";"Brasileirão Série D";"1.200";"0,0";"0";"0";"0";"0";"Professional";"3";"3";"3";"4.000";"850";"0,0%";"0,0%"
"301.190";"Ipatinga";"Brazil";"Clubes Sem Divisão Nacional/Fora da Série D";"2.450";"27,2";"0";"0";"0";"0";"Professional";"9";"7";"7";"24.500";"330";"63,9%";"67,1%"
"301.192";"Ipiranga (MG)";"Brazil";"Eerste klasse A";"1";"0,0";"0";"0";"0";"0";"Professional";"4";"2";"2";"8.000";"1.200";"0,0%";"0,0%"
"19.295.787";"Ipiranga (PB)";"Brazil";"Eerste klasse A";"1";"0,0";"0";"0";"0";"0";"Semi-Professional";"1";"1";"1";"0";"250";"0,0%";"0,0%"
"19.023.432";"Ipiranga (SC)";"Brazil";"Eerste klasse A";"1";"0,0";"0";"0";"0";"0";"Semi-Professional";"3";"2";"1";"0";"250";"0,0%";"0,0%"
"314.301";"Ipiranga (SE)";"Brazil";"Eerste klasse A";"1";"0,0";"0";"0";"0";"0";"Semi-Professional";"2";"1";"1";"0";"250";"0,0%";"0,0%"
"19.388.277";"Ipojuca";"Brazil";"Clubes Sem Divisão Nacional/Fora da Série D";"700";"0,0";"0";"0";"0";"0";"Professional";"3";"4";"4";"3.000";"200";"0,0%";"0,0%"
"19.013.850";"Iporá";"Brazil";"Brasileirão Série D";"2.300";"27,2";"0";"0";"0";"0";"Professional";"2";"3";"4";"6.520";"915";"61,7%";"65,4%"
"19.168.663";"Iranduba";"Brazil";"Clubes Sem Divisão Nacional/Fora da Série D";"750";"0,0";"0";"0";"0";"0";"Professional";"4";"3";"3";"2.000";"300";"0,0%";"0,0%"
"303.022";"Iraty";"Brazil";"Clubes Sem Divisão Nacional/Fora da Série D";"850";"0,0";"0";"0";"0";"0";"Professional";"10";"8";"7";"2.300";"600";"0,0%";"0,0%"
"19.019.865";"Iris (PE)";"Brazil";"Eerste klasse A";"1";"0,0";"0";"0";"0";"0";"Semi-Professional";"2";"1";"1";"0";"250";"0,0%";"0,0%"
"309.774";"Íris (SC)";"Brazil";"Eerste klasse A";"1";"0,0";"0";"0";"0";"0";"Semi-Professional";"1";"1";"1";"0";"250";"0,0%";"0,0%"
"301.325";"Itabaiana";"Brazil";"Clubes Sem Divisão Nacional/Fora da Série D";"2.950";"29,5";"0";"0";"0";"0";"Professional";"8";"4";"6";"10.000";"3.000";"62,9%";"65,9%"
"19.113.194";"Itaberaí";"Brazil";"Clubes Sem Divisão Nacional/Fora da Série D";"600";"0,0";"0";"0";"0";"0";"Professional";"3";"3";"4";"3.000";"200";"0,0%";"0,0%"
"2.000.193.910";"Itabirito";"Brazil";"Clubes Sem Divisão Nacional/Fora da Série D";"1.900";"27,4";"0";"0";"0";"0";"Professional";"4";"5";"4";"3.000";"100";"65,7%";"69,2%"
"19.169.872";"Itaboraí";"Brazil";"Eerste klasse A";"500";"0,0";"0";"0";"0";"0";"Professional";"4";"4";"3";"4.000";"100";"0,0%";"0,0%"
"2.114.726";"Itaboraí Profute";"Brazil";"Clubes Sem Divisão Nacional/Fora da Série D";"550";"0,0";"0";"0";"0";"0";"Professional";"4";"4";"3";"6.000";"200";"0,0%";"0,0%"
"312.324";"Itabuna";"Brazil";"Clubes Sem Divisão Nacional/Fora da Série D";"2.100";"28,9";"0";"0";"0";"0";"Professional";"7";"7";"5";"11.745";"800";"56,0%";"58,3%"
"317.242";"Itacuruba";"Brazil";"Eerste klasse A";"1";"0,0";"0";"0";"0";"0";"Professional";"4";"3";"3";"3.949";"2.200";"0,0%";"0,0%"
"107.214";"Itaperuna";"Brazil";"Eerste klasse A";"350";"0,0";"0";"0";"0";"0";"Professional";"4";"4";"3";"12.000";"600";"0,0%";"0,0%"
"301.131";"Itapipoca";"Brazil";"Clubes Sem Divisão Nacional/Fora da Série D";"1.000";"0,0";"0";"0";"0";"0";"Professional";"8";"3";"5";"8.000";"2.750";"0,0%";"0,0%"
"2.106.412";"Itararé";"Brazil";"Clubes Sem Divisão Nacional/Fora da Série D";"600";"0,0";"0";"0";"0";"0";"Professional";"2";"3";"3";"5.010";"600";"0,0%";"0,0%"
"2.000.079.931";"Itarema";"Brazil";"Clubes Sem Divisão Nacional/Fora da Série D";"600";"0,0";"0";"0";"0";"0";"Professional";"4";"4";"3";"4.000";"200";"0,0%";"0,0%"
"107.216";"Ituano";"Brazil";"Brasileirão Série B Betano";"5.300";"25,3";"119.620";"24.130";"24.130";"26.250";"Professional";"11";"11";"10";"18.560";"1.500";"69,3%";"73,1%"
"19.170.178";"Ituiutaba";"Brazil";"Eerste klasse A";"1";"0,0";"0";"0";"0";"0";"Semi-Professional";"3";"2";"1";"0";"250";"0,0%";"0,0%"
"301.163";"Itumbiara";"Brazil";"Clubes Sem Divisão Nacional/Fora da Série D";"900";"0,0";"0";"0";"0";"0";"Professional";"8";"7";"5";"14.500";"10.000";"0,0%";"0,0%"
"19.400.991";"Itupiranga";"Brazil";"Clubes Sem Divisão Nacional/Fora da Série D";"1.100";"0,0";"0";"0";"0";"0";"Professional";"5";"6";"6";"3.000";"100";"0,0%";"0,0%"
"19.392.634";"ITZ Sport";"Brazil";"Clubes Sem Divisão Nacional/Fora da Série D";"650";"0,0";"0";"0";"0";"0";"Professional";"5";"5";"5";"10.000";"200";"0,0%";"0,0%"
"313.248";"Ivinhema";"Brazil";"Clubes Sem Divisão Nacional/Fora da Série D";"1.100";"0,0";"0";"0";"0";"0";"Professional";"2";"2";"5";"5.000";"600";"0,0%";"0,0%"
"314.199";"Izabelense";"Brazil";"Clubes Sem Divisão Nacional/Fora da Série D";"750";"0,0";"0";"0";"0";"0";"Professional";"3";"2";"3";"3.000";"700";"0,0%";"0,0%"
"301.218";"J. Malucelli";"Brazil";"Eerste klasse A";"300";"0,0";"0";"0";"0";"0";"Professional";"10";"7";"7";"3.150";"594";"0,0%";"0,0%"
"319.168";"Jabaquara";"Brazil";"Clubes Sem Divisão Nacional/Fora da Série D";"850";"37,0";"0";"0";"0";"0";"Professional";"5";"5";"5";"7.228";"1.200";"11,3%";"11,3%"
"303.614";"Jaboticabal";"Brazil";"Eerste klasse A";"1";"0,0";"0";"0";"0";"0";"Professional";"3";"2";"3";"0";"1.200";"0,0%";"0,0%"
"312.298";"Jacarezinho (PR)";"Brazil";"Eerste klasse A";"1";"0,0";"0";"0";"0";"0";"Professional";"3";"3";"3";"6.000";"500";"0,0%";"0,0%"
"317.943";"Jaciara";"Brazil";"Eerste klasse A";"1";"0,0";"0";"0";"0";"0";"Professional";"9";"4";"4";"5.000";"800";"0,0%";"0,0%"
"19.239.452";"Jacobina";"Brazil";"Clubes Sem Divisão Nacional/Fora da Série D";"1.550";"29,7";"0";"0";"0";"0";"Professional";"5";"5";"6";"5.000";"500";"51,3%";"53,5%"
"19.306.328";"Jacobinense";"Brazil";"Clubes Sem Divisão Nacional/Fora da Série D";"1.350";"0,0";"0";"0";"0";"0";"Professional";"5";"5";"6";"5.000";"200";"0,0%";"0,0%"
"319.115";"Jacuipense";"Brazil";"Brasileirão Série D";"3.350";"27,5";"-4.920";"0";"0";"0";"Professional";"6";"7";"7";"5.000";"1.000";"64,5%";"68,6%"
"19.370.233";"Jacyobá";"Brazil";"Clubes Sem Divisão Nacional/Fora da Série D";"900";"0,0";"0";"0";"0";"0";"Professional";"5";"5";"5";"4.000";"200";"0,0%";"0,0%"
"19.244.654";"Jaguar";"Brazil";"Clubes Sem Divisão Nacional/Fora da Série D";"700";"0,0";"0";"0";"0";"0";"Professional";"6";"6";"5";"5.000";"100";"0,0%";"0,0%"
"19.152.076";"Jaguar (DF)";"Brazil";"Eerste klasse A";"1";"0,0";"0";"0";"0";"0";"Semi-Professional";"1";"1";"1";"0";"250";"0,0%";"0,0%"
"319.135";"Jaguaré";"Brazil";"Clubes Sem Divisão Nacional/Fora da Série D";"1.000";"27,5";"0";"0";"0";"0";"Professional";"9";"6";"5";"2.664";"750";"22,5%";"23,4%"
"19.335.065";"Jaguariúna";"Brazil";"Eerste klasse A";"350";"0,0";"0";"0";"0";"0";"Professional";"4";"5";"4";"15.000";"200";"0,0%";"0,0%"
"19.137.714";"Jaraguá (GO)";"Brazil";"Clubes Sem Divisão Nacional/Fora da Série D";"1.000";"0,0";"0";"0";"0";"0";"Professional";"5";"5";"6";"4.000";"1.446";"0,0%";"0,0%"
"19.165.192";"Jaraguá (SC)";"Brazil";"Clubes Sem Divisão Nacional/Fora da Série D";"450";"0,0";"0";"0";"0";"0";"Professional";"4";"4";"3";"6.000";"200";"0,0%";"0,0%"
"19.014.083";"Jaruense";"Brazil";"Eerste klasse A";"1";"0,0";"0";"0";"0";"0";"Professional";"8";"4";"5";"4.000";"221";"0,0%";"0,0%"
"301.367";"Jataiense";"Brazil";"Clubes Sem Divisão Nacional/Fora da Série D";"1.650";"30,9";"10";"0";"0";"0";"Professional";"4";"3";"6";"17.000";"1.200";"63,6%";"65,5%"
"2.000.053.712";"JC";"Brazil";"Clubes Sem Divisão Nacional/Fora da Série D";"850";"0,0";"0";"0";"0";"0";"Professional";"3";"3";"3";"2.710";"200";"0,0%";"0,0%"
"19.044.051";"Jequiá";"Brazil";"Eerste klasse A";"1";"0,0";"0";"0";"0";"0";"Semi-Professional";"3";"2";"1";"0";"250";"0,0%";"0,0%"
"314.206";"Jequié";"Brazil";"Clubes Sem Divisão Nacional/Fora da Série D";"1.600";"28,9";"0";"0";"0";"0";"Professional";"3";"2";"3";"10.000";"1.100";"62,2%";"65,0%"
"301.292";"Ji-Paraná";"Brazil";"Clubes Sem Divisão Nacional/Fora da Série D";"1.100";"30,0";"0";"0";"0";"0";"Professional";"6";"3";"6";"5.000";"2.500";"5,8%";"6,1%"
"301.310";"Joinville";"Brazil";"Clubes Sem Divisão Nacional/Fora da Série D";"2.500";"27,5";"0";"0";"0";"0";"Professional";"10";"7";"7";"22.000";"3.785";"64,6%";"68,5%"
"19.106.016";"José Bonifácio";"Brazil";"Clubes Sem Divisão Nacional/Fora da Série D";"400";"0,0";"0";"0";"0";"0";"Professional";"3";"3";"4";"8.000";"300";"0,0%";"0,0%"
"319.623";"Joseense";"Brazil";"Clubes Sem Divisão Nacional/Fora da Série D";"850";"36,0";"0";"0";"0";"0";"Professional";"3";"3";"3";"5.000";"900";"6,0%";"6,0%"
"19.079.916";"Juazeirense";"Brazil";"Clubes Sem Divisão Nacional/Fora da Série D";"3.200";"31,4";"0";"0";"0";"0";"Professional";"3";"3";"5";"5.018";"745";"62,7%";"64,4%"
"301.125";"Juazeiro (BA)";"Brazil";"Clubes Sem Divisão Nacional/Fora da Série D";"850";"0,0";"0";"0";"0";"0";"Professional";"10";"8";"6";"5.018";"2.000";"0,0%";"0,0%"
"301.133";"Juazeiro (CE)";"Brazil";"Eerste klasse A";"350";"0,0";"0";"0";"0";"0";"Professional";"4";"4";"4";"17.000";"750";"0,0%";"0,0%"
"19.007.775";"Junior Team";"Brazil";"Eerste klasse A";"450";"0,0";"0";"0";"0";"0";"Professional";"12";"9";"7";"1.818";"640";"0,0%";"0,0%"
"327";"Juventude";"Brazil";"Brasileirão Série B Betano";"5.950";"26,7";"1.286.180";"965.230";"965.230";"77.140";"Professional";"11";"10";"9";"19.924";"3.959";"72,1%";"74,7%"
"301.173";"Juventude (MT)";"Brazil";"Eerste klasse A";"1";"0,0";"0";"0";"0";"0";"Professional";"8";"4";"6";"5.000";"1.300";"0,0%";"0,0%"
"19.006.291";"Juventude Samas";"Brazil";"Clubes Sem Divisão Nacional/Fora da Série D";"900";"0,0";"0";"0";"0";"0";"Professional";"2";"2";"3";"2.000";"356";"0,0%";"0,0%"
"313.244";"Juventus (AC)";"Brazil";"Eerste klasse A";"1";"0,0";"0";"0";"0";"0";"Professional";"7";"6";"5";"13.700";"1.000";"0,0%";"0,0%"
"313.517";"Juventus (AP)";"Brazil";"Eerste klasse A";"1";"0,0";"0";"0";"0";"0";"Semi-Professional";"2";"1";"1";"0";"250";"0,0%";"0,0%"
"19.138.869";"Juventus (RJ)";"Brazil";"Clubes Sem Divisão Nacional/Fora da Série D";"500";"0,0";"0";"0";"0";"0";"Professional";"3";"3";"3";"3.000";"100";"0,0%";"0,0%"
"107.218";"Juventus (SP)";"Brazil";"Clubes Sem Divisão Nacional/Fora da Série D";"2.150";"26,7";"0";"0";"0";"0";"Professional";"10";"10";"6";"4.000";"2.000";"64,8%";"69,0%"
"312.326";"Juventus Jaraguá";"Brazil";"Clubes Sem Divisão Nacional/Fora da Série D";"1.300";"0,0";"0";"0";"0";"0";"Professional";"5";"5";"4";"10.000";"450";"0,0%";"0,0%"
"19.015.030";"Juventus Minasnovense";"Brazil";"Clubes Sem Divisão Nacional/Fora da Série D";"550";"0,0";"0";"0";"0";"0";"Professional";"2";"2";"3";"5.000";"236";"0,0%";"0,0%"
"19.059.605";"JV Lideral";"Brazil";"Clubes Sem Divisão Nacional/Fora da Série D";"350";"0,0";"0";"0";"0";"0";"Professional";"8";"6";"5";"10.000";"130";"0,0%";"0,0%"
"313.773";"Kaburé";"Brazil";"Eerste klasse A";"500";"0,0";"0";"0";"0";"0";"Professional";"5";"2";"4";"8.000";"1.100";"0,0%";"0,0%"
"309.622";"Lagartense";"Brazil";"Eerste klasse A";"400";"0,0";"0";"0";"0";"0";"Professional";"4";"3";"3";"8.000";"3.000";"0,0%";"0,0%"
"19.112.334";"Lagarto (SE)";"Brazil";"Clubes Sem Divisão Nacional/Fora da Série D";"1.500";"30,9";"0";"0";"0";"0";"Professional";"5";"5";"4";"8.000";"300";"51,9%";"53,9%"
"314.304";"Lagarto EC (SE)";"Brazil";"Eerste klasse A";"1";"0,0";"0";"0";"0";"0";"Semi-Professional";"2";"1";"1";"0";"250";"0,0%";"0,0%"
"2.000.210.017";"Laguna (RN)";"Brazil";"Clubes Sem Divisão Nacional/Fora da Série D";"750";"0,0";"0";"0";"0";"0";"Professional";"4";"4";"3";"3.000";"250";"0,0%";"0,0%"
"314.911";"Lajeadense";"Brazil";"Clubes Sem Divisão Nacional/Fora da Série D";"1.900";"0,0";"0";"0";"0";"0";"Professional";"4";"3";"3";"7.000";"800";"0,0%";"0,0%"
"19.163.369";"Laranja Mecânica";"Brazil";"Clubes Sem Divisão Nacional/Fora da Série D";"1.200";"0,0";"0";"0";"0";"0";"Professional";"3";"3";"5";"6.240";"50";"0,0%";"0,0%"
"309.765";"Lauro Müller (SC)";"Brazil";"Eerste klasse A";"1";"0,0";"0";"0";"0";"0";"Semi-Professional";"2";"1";"1";"0";"250";"0,0%";"0,0%"
"19.024.262";"Legião";"Brazil";"Clubes Sem Divisão Nacional/Fora da Série D";"850";"0,0";"0";"0";"0";"0";"Professional";"4";"5";"5";"72.788";"300";"0,0%";"0,0%"
"19.048.215";"Lemense";"Brazil";"Clubes Sem Divisão Nacional/Fora da Série D";"1.700";"30,0";"0";"0";"0";"0";"Professional";"3";"4";"4";"7.700";"1.000";"33,9%";"35,4%"
"309.759";"Leônico";"Brazil";"Clubes Sem Divisão Nacional/Fora da Série D";"600";"0,0";"0";"0";"0";"0";"Professional";"3";"3";"3";"4.000";"2.000";"0,0%";"0,0%"
"2.000.208.897";"Librade";"Brazil";"Clubes Sem Divisão Nacional/Fora da Série D";"600";"0,0";"0";"0";"0";"0";"Professional";"3";"3";"4";"5.000";"150";"0,0%";"0,0%"
"314.598";"Limoeiro";"Brazil";"Eerste klasse A";"350";"0,0";"0";"0";"0";"0";"Professional";"7";"7";"5";"5.000";"2.000";"0,0%";"0,0%"
"314.772";"Linense (SP)";"Brazil";"Clubes Sem Divisão Nacional/Fora da Série D";"2.000";"22,8";"0";"0";"0";"0";"Professional";"8";"7";"7";"15.000";"850";"59,5%";"67,5%"
"19.005.973";"Linhares";"Brazil";"Clubes Sem Divisão Nacional/Fora da Série D";"850";"0,0";"0";"0";"0";"0";"Professional";"8";"3";"5";"5.281";"659";"0,0%";"0,0%"
"301.140";"Linhares EC";"Brazil";"Eerste klasse A";"1";"0,0";"0";"0";"0";"0";"Professional";"3";"3";"3";"9.000";"1.400";"0,0%";"0,0%"
"19.021.018";"Linhares FC";"Brazil";"Eerste klasse A";"1";"0,0";"0";"0";"0";"0";"Semi-Professional";"2";"1";"1";"0";"250";"0,0%";"0,0%"
"900.678";"Londrina";"Brazil";"Brasileirão Série B Betano";"5.150";"25,3";"171.600";"0";"0";"12.680";"Professional";"12";"12";"9";"26.000";"2.679";"65,4%";"69,9%"
"19.008.145";"Londrina B";"Brazil";"Eerste klasse A";"500";"0,0";"0";"0";"0";"0";"Professional";"5";"7";"6";"8.000";"653";"0,0%";"0,0%"
"19.259.058";"Lucena (PB)";"Brazil";"Eerste klasse A";"1";"0,0";"0";"0";"0";"0";"Professional";"4";"4";"5";"2.500";"200";"0,0%";"0,0%"
"313.781";"Luso Brasileiro (MA)";"Brazil";"Eerste klasse A";"1";"0,0";"0";"0";"0";"0";"Semi-Professional";"1";"1";"1";"0";"250";"0,0%";"0,0%"
"8.832.317";"Luverdense";"Brazil";"Clubes Sem Divisão Nacional/Fora da Série D";"2.000";"30,6";"0";"0";"0";"0";"Professional";"10";"10";"6";"13.000";"1.000";"63,1%";"65,0%"
"313.267";"Luziânia";"Brazil";"Clubes Sem Divisão Nacional/Fora da Série D";"1.100";"0,0";"0";"0";"0";"0";"Professional";"4";"4";"6";"14.000";"1.000";"0,0%";"0,0%"
"19.152.070";"Luziânia EC";"Brazil";"Eerste klasse A";"1";"0,0";"0";"0";"0";"0";"Semi-Professional";"3";"2";"1";"0";"250";"0,0%";"0,0%"
"311.971";"Macaé";"Brazil";"Clubes Sem Divisão Nacional/Fora da Série D";"1.500";"0,0";"0";"0";"0";"0";"Professional";"6";"7";"6";"15.000";"404";"0,0%";"0,0%"
"313.258";"Macapá";"Brazil";"Clubes Sem Divisão Nacional/Fora da Série D";"800";"0,0";"0";"0";"0";"0";"Professional";"5";"2";"6";"13.680";"2.000";"0,0%";"0,0%"
"19.339.654";"Maceió";"Brazil";"Eerste klasse A";"1";"0,0";"0";"0";"0";"0";"Semi-Professional";"1";"1";"1";"0";"250";"0,0%";"0,0%"
"19.045.385";"Mackenzie (RJ)";"Brazil";"Eerste klasse A";"1";"0,0";"0";"0";"0";"0";"Semi-Professional";"1";"1";"1";"0";"250";"0,0%";"0,0%"
"312.293";"Mackenzie (SP)";"Brazil";"Eerste klasse A";"1";"0,0";"0";"0";"0";"0";"Semi-Professional";"3";"2";"1";"0";"250";"0,0%";"0,0%"
"107.220";"Madureira";"Brazil";"Clubes Sem Divisão Nacional/Fora da Série D";"3.650";"25,7";"0";"0";"0";"0";"Professional";"10";"8";"8";"5.014";"900";"65,3%";"70,6%"
"19.045.495";"Magé Brescia";"Brazil";"Clubes Sem Divisão Nacional/Fora da Série D";"450";"0,0";"0";"0";"0";"0";"Professional";"3";"3";"5";"7.000";"200";"0,0%";"0,0%"
"19.364.905";"Mageense";"Brazil";"Clubes Sem Divisão Nacional/Fora da Série D";"700";"0,0";"0";"0";"0";"0";"Professional";"5";"4";"4";"4.000";"100";"0,0%";"0,0%"
"313.578";"Maguari (CE)";"Brazil";"Eerste klasse A";"1";"0,0";"0";"0";"0";"0";"Semi-Professional";"3";"2";"1";"0";"250";"0,0%";"0,0%"
"2.000.099.931";"Maguary (PE)";"Brazil";"Clubes Sem Divisão Nacional/Fora da Série D";"1.200";"25,0";"0";"0";"0";"0";"Professional";"4";"4";"5";"5.000";"200";"63,5%";"69,7%"
"301.194";"Mamoré";"Brazil";"Clubes Sem Divisão Nacional/Fora da Série D";"1.250";"0,0";"0";"0";"0";"0";"Professional";"7";"7";"5";"10.000";"1.100";"0,0%";"0,0%"
"2.000.112.366";"Manauara";"Brazil";"Clubes Sem Divisão Nacional/Fora da Série D";"1.300";"26,9";"0";"0";"0";"0";"Professional";"3";"3";"4";"44.000";"200";"61,6%";"65,0%"
"19.220.160";"Manaus";"Brazil";"Brasileirão Série C";"3.850";"27,6";"133.720";"0";"0";"4.730";"Professional";"6";"6";"5";"11.000";"3.500";"62,1%";"65,3%"
"313.574";"Manaus Athletic Club (AM)";"Brazil";"Eerste klasse A";"1";"0,0";"0";"0";"0";"0";"Semi-Professional";"3";"2";"1";"0";"250";"0,0%";"0,0%"
"313.580";"Manaus Sporting (AM)";"Brazil";"Eerste klasse A";"1";"0,0";"0";"0";"0";"0";"Semi-Professional";"2";"1";"1";"0";"250";"0,0%";"0,0%"
"2.000.126.338";"Manchester JF";"Brazil";"Clubes Sem Divisão Nacional/Fora da Série D";"450";"0,0";"0";"0";"0";"0";"Professional";"4";"3";"3";"31.863";"200";"0,0%";"0,0%"
"301.237";"Manchete";"Brazil";"Eerste klasse A";"1";"0,0";"0";"0";"0";"0";"Professional";"2";"2";"2";"12.000";"1.500";"0,0%";"0,0%"
"312.300";"Mandaguari EC (PR)";"Brazil";"Eerste klasse A";"1";"0,0";"0";"0";"0";"0";"Semi-Professional";"3";"2";"1";"0";"250";"0,0%";"0,0%"
"19.005.316";"Mangueira (RJ)";"Brazil";"Eerste klasse A";"1";"0,0";"0";"0";"0";"0";"Semi-Professional";"1";"1";"1";"0";"250";"0,0%";"0,0%"
"19.157.249";"Manthiqueira";"Brazil";"Clubes Sem Divisão Nacional/Fora da Série D";"800";"0,0";"0";"0";"0";"0";"Professional";"3";"3";"4";"16.095";"200";"0,0%";"0,0%"
"320.388";"Manufatora (RJ)";"Brazil";"Eerste klasse A";"1";"0,0";"0";"0";"0";"0";"Semi-Professional";"3";"2";"1";"0";"250";"0,0%";"0,0%"
"19.043.091";"Maracanã";"Brazil";"Clubes Sem Divisão Nacional/Fora da Série D";"1.700";"32,7";"20";"0";"0";"0";"Professional";"3";"3";"4";"3.000";"256";"34,0%";"34,6%"
"314.956";"Maranguape";"Brazil";"Clubes Sem Divisão Nacional/Fora da Série D";"1.000";"0,0";"0";"0";"0";"0";"Professional";"4";"2";"2";"5.000";"1.000";"0,0%";"0,0%"
"301.171";"Maranhão";"Brazil";"Brasileirão Série D";"2.150";"26,4";"0";"0";"0";"0";"Professional";"9";"6";"5";"11.429";"1.200";"51,2%";"53,3%"
"301.316";"Marcílio Dias";"Brazil";"Clubes Sem Divisão Nacional/Fora da Série D";"2.450";"27,9";"0";"0";"0";"0";"Professional";"8";"6";"7";"10.000";"1.000";"64,8%";"67,7%"
"19.344.101";"Maricá";"Brazil";"Clubes Sem Divisão Nacional/Fora da Série D";"1.500";"0,0";"0";"0";"0";"0";"Professional";"6";"7";"5";"2.000";"200";"0,0%";"0,0%"
"311.026";"Marília";"Brazil";"Clubes Sem Divisão Nacional/Fora da Série D";"1.500";"28,1";"0";"0";"0";"0";"Professional";"10";"8";"6";"15.010";"500";"62,9%";"66,3%"
"19.145.268";"Maringá";"Brazil";"Brasileirão Série D";"3.000";"25,3";"0";"0";"0";"0";"Professional";"3";"3";"4";"16.226";"2.500";"65,0%";"69,5%"
"313.321";"Maruinense";"Brazil";"Clubes Sem Divisão Nacional/Fora da Série D";"950";"0,0";"0";"0";"0";"0";"Professional";"4";"2";"2";"5.000";"1.000";"0,0%";"0,0%"
"301.342";"Matonense";"Brazil";"Clubes Sem Divisão Nacional/Fora da Série D";"1.200";"28,7";"0";"0";"0";"0";"Professional";"7";"3";"3";"15.800";"2.000";"16,7%";"17,5%"
"19.354.612";"Mauá";"Brazil";"Clubes Sem Divisão Nacional/Fora da Série D";"700";"0,0";"0";"0";"0";"0";"Professional";"4";"4";"5";"8.567";"200";"0,0%";"0,0%"
"318.901";"Mauaense";"Brazil";"Clubes Sem Divisão Nacional/Fora da Série D";"700";"0,0";"0";"0";"0";"0";"Professional";"4";"3";"5";"8.567";"1.000";"0,0%";"0,0%"
"309.639";"Mazagão";"Brazil";"Eerste klasse A";"1";"0,0";"0";"0";"0";"0";"Professional";"5";"4";"5";"13.680";"900";"0,0%";"0,0%"
"311.105";"Mesquita";"Brazil";"Clubes Sem Divisão Nacional/Fora da Série D";"400";"0,0";"0";"0";"0";"0";"Professional";"3";"2";"3";"6.000";"700";"0,0%";"0,0%"
"309.769";"Metropol (SC)";"Brazil";"Eerste klasse A";"300";"0,0";"0";"0";"0";"0";"Amateur";"5";"4";"4";"5.000";"250";"0,0%";"0,0%"
"19.044.043";"Metropolitano (RJ)";"Brazil";"Eerste klasse A";"1";"0,0";"0";"0";"0";"0";"Semi-Professional";"2";"1";"1";"0";"250";"0,0%";"0,0%"
"319.164";"Metropolitano (SC)";"Brazil";"Clubes Sem Divisão Nacional/Fora da Série D";"1.200";"0,0";"0";"0";"0";"0";"Professional";"6";"4";"7";"6.000";"2.000";"0,0%";"0,0%"
"19.008.390";"Miguel Couto";"Brazil";"Eerste klasse A";"300";"0,0";"0";"0";"0";"0";"Professional";"2";"2";"5";"4.000";"366";"0,0%";"0,0%"
"301.103";"Miguelense";"Brazil";"Clubes Sem Divisão Nacional/Fora da Série D";"600";"0,0";"0";"0";"0";"0";"Professional";"2";"2";"2";"5.000";"600";"0,0%";"0,0%"
"314.096";"Militar FC (PI)";"Brazil";"Eerste klasse A";"1";"0,0";"0";"0";"0";"0";"Semi-Professional";"3";"2";"1";"0";"250";"0,0%";"0,0%"
"19.191.548";"Minas Boca";"Brazil";"Clubes Sem Divisão Nacional/Fora da Série D";"350";"0,0";"0";"0";"0";"0";"Professional";"7";"5";"6";"18.870";"200";"0,0%";"0,0%"
"320.677";"Minas Gerais";"Brazil";"Eerste klasse A";"1";"0,0";"0";"0";"0";"0";"Semi-Professional";"1";"1";"1";"0";"250";"0,0%";"0,0%"
"2.111.642";"Mineiros";"Brazil";"Clubes Sem Divisão Nacional/Fora da Série D";"850";"0,0";"0";"0";"0";"0";"Professional";"8";"6";"6";"7.000";"900";"0,0%";"0,0%"
"314.965";"Miramar (PB)";"Brazil";"Clubes Sem Divisão Nacional/Fora da Série D";"450";"0,0";"0";"0";"0";"0";"Professional";"3";"2";"3";"3.500";"700";"0,0%";"0,0%"
"316.775";"Miranorte EC";"Brazil";"Clubes Sem Divisão Nacional/Fora da Série D";"500";"0,0";"0";"0";"0";"0";"Professional";"3";"2";"3";"4.000";"600";"0,0%";"0,0%"
"301.344";"Mirassol";"Brazil";"Brasileirão Série B Betano";"5.250";"27,2";"191.960";"32.170";"32.170";"57.340";"Professional";"13";"12";"11";"15.000";"2.000";"70,6%";"72,7%"
"309.646";"Misto (MS)";"Brazil";"Clubes Sem Divisão Nacional/Fora da Série D";"500";"0,0";"0";"0";"0";"0";"Professional";"3";"3";"3";"6.200";"600";"0,0%";"0,0%"
"309.644";"Mixto (MT)";"Brazil";"Clubes Sem Divisão Nacional/Fora da Série D";"1.700";"30,7";"0";"0";"0";"0";"Professional";"6";"6";"7";"4.500";"1.500";"57,0%";"59,3%"
"19.044.041";"Modesto (RJ)";"Brazil";"Eerste klasse A";"1";"0,0";"0";"0";"0";"0";"Semi-Professional";"3";"2";"1";"0";"250";"0,0%";"0,0%"
"107.222";"Mogi Mirim";"Brazil";"Clubes Sem Divisão Nacional/Fora da Série D";"850";"0,0";"0";"0";"0";"0";"Professional";"10";"7";"7";"19.900";"400";"0,0%";"0,0%"
"2.000.172.789";"Monsoon";"Brazil";"Clubes Sem Divisão Nacional/Fora da Série D";"1.200";"0,0";"0";"0";"0";"0";"Professional";"8";"8";"7";"3.500";"200";"0,0%";"0,0%"
"309.785";"Monte Alegre";"Brazil";"Eerste klasse A";"1";"0,0";"0";"0";"0";"0";"Semi-Professional";"2";"1";"1";"0";"250";"0,0%";"0,0%"
"318.903";"Monte Azul";"Brazil";"Clubes Sem Divisão Nacional/Fora da Série D";"1.800";"23,2";"0";"0";"0";"0";"Professional";"5";"4";"5";"13.000";"900";"61,9%";"67,7%"
"2.112.178";"Monte Cristo";"Brazil";"Clubes Sem Divisão Nacional/Fora da Série D";"400";"0,0";"0";"0";"0";"0";"Professional";"3";"2";"3";"4.380";"600";"0,0%";"0,0%"
"2.000.326.401";"Monte Roraima";"Brazil";"Clubes Sem Divisão Nacional/Fora da Série D";"300";"0,0";"0";"0";"0";"0";"Professional";"3";"3";"2";"5.000";"100";"0,0%";"0,0%"
"316.792";"Montes Claros";"Brazil";"Eerste klasse A";"400";"0,0";"0";"0";"0";"0";"Professional";"5";"2";"4";"5.000";"800";"0,0%";"0,0%"
"313.239";"Moreninhas";"Brazil";"Clubes Sem Divisão Nacional/Fora da Série D";"550";"0,0";"0";"0";"0";"0";"Professional";"2";"2";"2";"4.500";"700";"0,0%";"0,0%"
"19.052.094";"Morrinhos";"Brazil";"Clubes Sem Divisão Nacional/Fora da Série D";"1.700";"28,0";"0";"0";"0";"0";"Professional";"4";"2";"4";"5.040";"250";"51,1%";"54,1%"
"313.368";"Mossoró";"Brazil";"Clubes Sem Divisão Nacional/Fora da Série D";"850";"0,0";"0";"0";"0";"0";"Professional";"5";"5";"4";"5.000";"900";"0,0%";"0,0%"
"301.172";"Moto Club";"Brazil";"Clubes Sem Divisão Nacional/Fora da Série D";"2.800";"31,0";"0";"0";"0";"0";"Professional";"7";"7";"7";"40.149";"2.392";"63,5%";"65,3%"
"314.618";"Moto Clube (RO)";"Brazil";"Eerste klasse A";"1";"0,0";"0";"0";"0";"0";"Professional";"5";"3";"6";"5.000";"340";"0,0%";"0,0%"
"314.330";"Muniz Freire";"Brazil";"Eerste klasse A";"1";"0,0";"0";"0";"0";"0";"Professional";"4";"5";"3";"5.000";"1.000";"0,0%";"0,0%"
"309.358";"Murici";"Brazil";"Clubes Sem Divisão Nacional/Fora da Série D";"1.900";"29,6";"0";"0";"0";"0";"Professional";"3";"4";"5";"5.000";"970";"57,5%";"58,9%"
"19.391.070";"Nação Araquari";"Brazil";"Clubes Sem Divisão Nacional/Fora da Série D";"1.400";"28,0";"0";"0";"0";"0";"Professional";"5";"6";"6";"22.000";"200";"39,7%";"41,9%"
"301.108";"Nacional (AM)";"Brazil";"Brasileirão Série D";"2.250";"29,0";"0";"0";"0";"0";"Professional";"7";"8";"7";"11.000";"1.567";"39,7%";"41,5%"
"314.691";"Nacional (PA)";"Brazil";"Eerste klasse A";"1";"0,0";"0";"0";"0";"0";"Semi-Professional";"3";"2";"1";"0";"250";"0,0%";"0,0%"
"314.602";"Nacional (PR)";"Brazil";"Clubes Sem Divisão Nacional/Fora da Série D";"1.100";"0,0";"0";"0";"0";"0";"Professional";"4";"3";"5";"1.818";"446";"0,0%";"0,0%"
"19.005.344";"Nacional (RS)";"Brazil";"Eerste klasse A";"1";"0,0";"0";"0";"0";"0";"Semi-Professional";"3";"2";"1";"0";"250";"0,0%";"0,0%"
"304.422";"Nacional (SP)";"Brazil";"Clubes Sem Divisão Nacional/Fora da Série D";"1.400";"22,0";"0";"0";"0";"0";"Professional";"7";"7";"7";"10.800";"1.200";"5,8%";"6,5%"
"2.111.651";"Nacional de Cabedelo";"Brazil";"Eerste klasse A";"1";"0,0";"0";"0";"0";"0";"Amateur";"4";"2";"3";"1.000";"700";"0,0%";"0,0%"
"19.223.319";"Nacional de Muriaé";"Brazil";"Clubes Sem Divisão Nacional/Fora da Série D";"1.400";"0,0";"0";"0";"0";"0";"Professional";"5";"5";"5";"15.000";"400";"0,0%";"0,0%"
"313.293";"Nacional de Patos";"Brazil";"Brasileirão Série D";"1.550";"29,3";"0";"0";"0";"0";"Professional";"8";"6";"6";"11.000";"1.500";"61,5%";"62,9%"
"310.899";"Nacional de Uberaba";"Brazil";"Clubes Sem Divisão Nacional/Fora da Série D";"700";"0,0";"0";"0";"0";"0";"Professional";"3";"2";"2";"13.060";"1.500";"0,0%";"0,0%"
"19.140.788";"Nacional Esporte";"Brazil";"Eerste klasse A";"1";"0,0";"0";"0";"0";"0";"Professional";"6";"6";"4";"18.870";"300";"0,0%";"0,0%"
"19.058.116";"Nauás";"Brazil";"Clubes Sem Divisão Nacional/Fora da Série D";"900";"0,0";"0";"0";"0";"0";"Professional";"3";"5";"5";"6.000";"350";"0,0%";"0,0%"
"328";"Náutico";"Brazil";"Brasileirão Série C";"5.100";"27,3";"13.640";"8.040";"8.040";"33.060";"Professional";"14";"12";"9";"22.856";"7.421";"68,2%";"72,2%"
"2.000.199.992";"Náutico (MS)";"Brazil";"Clubes Sem Divisão Nacional/Fora da Série D";"950";"0,0";"0";"0";"0";"0";"Professional";"4";"4";"3";"3.000";"100";"0,0%";"0,0%"
"309.143";"Náutico (RR)";"Brazil";"Clubes Sem Divisão Nacional/Fora da Série D";"1.050";"0,0";"0";"0";"0";"0";"Professional";"6";"4";"5";"3.750";"900";"0,0%";"0,0%"
"19.020.252";"Navegantes";"Brazil";"Eerste klasse A";"650";"0,0";"0";"0";"0";"0";"Professional";"3";"4";"5";"3.000";"50";"0,0%";"0,0%"
"314.718";"Naviraiense";"Brazil";"Clubes Sem Divisão Nacional/Fora da Série D";"900";"0,0";"0";"0";"0";"0";"Professional";"3";"2";"3";"4.000";"760";"0,0%";"0,0%"
"19.342.416";"NC/Paraíso";"Brazil";"Clubes Sem Divisão Nacional/Fora da Série D";"700";"0,0";"0";"0";"0";"0";"Professional";"5";"5";"5";"4.000";"200";"0,0%";"0,0%"
"303.612";"Noroeste";"Brazil";"Clubes Sem Divisão Nacional/Fora da Série D";"1.900";"30,1";"0";"0";"0";"0";"Professional";"10";"8";"7";"15.420";"3.479";"64,4%";"67,2%"
"314.690";"Norte Clube (PA)";"Brazil";"Eerste klasse A";"1";"0,0";"0";"0";"0";"0";"Semi-Professional";"1";"1";"1";"0";"250";"0,0%";"0,0%"
"2.000.194.009";"North (MG)";"Brazil";"Clubes Sem Divisão Nacional/Fora da Série D";"1.200";"0,0";"0";"0";"0";"0";"Professional";"5";"3";"4";"5.000";"100";"0,0%";"0,0%"
"311.115";"Nova Cidade";"Brazil";"Clubes Sem Divisão Nacional/Fora da Série D";"850";"0,0";"0";"0";"0";"0";"Professional";"3";"2";"3";"5.000";"500";"0,0%";"0,0%"
"19.343.086";"Nova Friburgo";"Brazil";"Eerste klasse A";"1";"0,0";"0";"0";"0";"0";"Professional";"4";"5";"4";"2.000";"200";"0,0%";"0,0%"
"311.107";"Nova Iguaçu";"Brazil";"Brasileirão Série D";"3.650";"26,1";"0";"0";"0";"0";"Professional";"12";"12";"10";"4.000";"500";"62,4%";"67,2%"
"19.390.290";"Nova Mutum";"Brazil";"Clubes Sem Divisão Nacional/Fora da Série D";"1.700";"29,8";"0";"0";"0";"0";"Professional";"5";"5";"4";"1.200";"450";"23,2%";"23,8%"
"19.168.822";"Nova Prata";"Brazil";"Clubes Sem Divisão Nacional/Fora da Série D";"400";"0,0";"0";"0";"0";"0";"Professional";"4";"4";"3";"3.000";"200";"0,0%";"0,0%"
"19.108.449";"Nova Russas";"Brazil";"Eerste klasse A";"350";"0,0";"0";"0";"0";"0";"Professional";"3";"3";"2";"3.000";"300";"0,0%";"0,0%"
"19.066.399";"Nova Rússia";"Brazil";"Eerste klasse A";"1";"0,0";"0";"0";"0";"0";"Semi-Professional";"2";"1";"1";"0";"250";"0,0%";"0,0%"
"2.000.106.913";"Nova Venecia";"Brazil";"Clubes Sem Divisão Nacional/Fora da Série D";"1.550";"27,4";"0";"0";"0";"0";"Professional";"7";"7";"7";"3.000";"200";"28,7%";"30,2%"
"19.185.286";"Novo";"Brazil";"Clubes Sem Divisão Nacional/Fora da Série D";"1.050";"32,5";"0";"0";"0";"0";"Professional";"5";"5";"6";"4.500";"300";"34,1%";"35,2%"
"19.221.348";"Novo Esporte";"Brazil";"Clubes Sem Divisão Nacional/Fora da Série D";"550";"0,0";"0";"0";"0";"0";"Professional";"5";"5";"6";"24.500";"200";"0,0%";"0,0%"
"308.628";"Novo Hamburgo";"Brazil";"Brasileirão Série D";"3.000";"26,6";"0";"0";"0";"0";"Professional";"9";"6";"7";"5.500";"1.500";"64,2%";"67,9%"
"309.140";"Novo Horizonte (GO)";"Brazil";"Eerste klasse A";"650";"0,0";"0";"0";"0";"0";"Professional";"6";"3";"4";"8.000";"1.200";"0,0%";"0,0%"
"19.339.795";"Novo Horizonte (RS)";"Brazil";"Clubes Sem Divisão Nacional/Fora da Série D";"500";"26,5";"0";"0";"0";"0";"Professional";"4";"4";"5";"16.000";"300";"11,4%";"12,2%"
"302.141";"Novorizontino";"Brazil";"Eerste klasse A";"1";"0,0";"0";"0";"0";"0";"Semi-Professional";"5";"6";"6";"20.000";"250";"0,0%";"0,0%"
"313.303";"Oeiras";"Brazil";"Eerste klasse A";"1";"0,0";"0";"0";"0";"0";"Professional";"3";"4";"4";"4.000";"2.200";"0,0%";"0,0%"
"19.390.921";"Oeirense";"Brazil";"Clubes Sem Divisão Nacional/Fora da Série D";"1.000";"30,1";"0";"0";"0";"0";"Professional";"5";"5";"4";"4.000";"350";"39,3%";"40,9%"
"311.028";"Oeste Barueri";"Brazil";"Clubes Sem Divisão Nacional/Fora da Série D";"2.800";"28,1";"0";"0";"0";"0";"Professional";"10";"9";"9";"31.452";"747";"64,3%";"68,7%"
"104.870";"Olaria";"Brazil";"Clubes Sem Divisão Nacional/Fora da Série D";"1.900";"28,0";"0";"0";"0";"0";"Professional";"5";"8";"4";"8.300";"750";"22,9%";"24,0%"
"19.342.606";"Olímpia (BA)";"Brazil";"Eerste klasse A";"400";"0,0";"0";"0";"0";"0";"Professional";"5";"5";"5";"500";"100";"0,0%";"0,0%"
"301.346";"Olímpia (SP)";"Brazil";"Clubes Sem Divisão Nacional/Fora da Série D";"1.000";"0,0";"0";"0";"0";"0";"Professional";"5";"5";"5";"12.000";"800";"0,0%";"0,0%"
"314.305";"Olímpico";"Brazil";"Clubes Sem Divisão Nacional/Fora da Série D";"1.100";"28,2";"0";"0";"0";"0";"Professional";"3";"4";"3";"2.000";"1.400";"22,8%";"24,3%"
"310.299";"Olímpico (SC)";"Brazil";"Eerste klasse A";"1";"0,0";"0";"0";"0";"0";"Semi-Professional";"3";"2";"1";"0";"250";"0,0%";"0,0%"
"313.577";"Olímpico Clube";"Brazil";"Eerste klasse A";"1";"0,0";"0";"0";"0";"0";"Professional";"3";"3";"3";"44.000";"400";"0,0%";"0,0%"
"19.136.483";"Olinda";"Brazil";"Eerste klasse A";"400";"0,0";"0";"0";"0";"0";"Professional";"3";"3";"4";"4.000";"300";"0,0%";"0,0%"
"19.066.400";"Olinda (PR)";"Brazil";"Eerste klasse A";"1";"0,0";"0";"0";"0";"0";"Semi-Professional";"1";"1";"1";"0";"250";"0,0%";"0,0%"
"309.761";"Olympic (MG)";"Brazil";"Eerste klasse A";"1";"0,0";"0";"0";"0";"0";"Professional";"2";"4";"2";"4.000";"800";"0,0%";"0,0%"
"107.242";"Operário (MS)";"Brazil";"Brasileirão Série D";"1.950";"30,0";"0";"0";"0";"0";"Professional";"10";"6";"6";"45.000";"5.000";"34,0%";"34,8%"
"311.086";"Operário (PR)";"Brazil";"Brasileirão Série C";"5.200";"29,3";"49.050";"12.870";"12.870";"47.440";"Professional";"7";"7";"6";"10.281";"4.517";"69,0%";"71,7%"
"309.745";"Operário (SC)";"Brazil";"Eerste klasse A";"1";"0,0";"0";"0";"0";"0";"Semi-Professional";"3";"2";"1";"0";"250";"0,0%";"0,0%"
"313.238";"Operário de Caarapó";"Brazil";"Clubes Sem Divisão Nacional/Fora da Série D";"950";"25,0";"0";"0";"0";"0";"Professional";"4";"4";"3";"3.500";"800";"5,8%";"6,2%"
"19.219.036";"Operário FC (MT)";"Brazil";"Clubes Sem Divisão Nacional/Fora da Série D";"750";"0,0";"0";"0";"0";"0";"Professional";"5";"5";"6";"44.000";"300";"0,0%";"0,0%"
"19.113.405";"Operário Manacapuru";"Brazil";"Clubes Sem Divisão Nacional/Fora da Série D";"1.000";"24,8";"0";"0";"0";"0";"Professional";"3";"4";"4";"15.000";"300";"21,5%";"23,4%"
"313.902";"Operário VG";"Brazil";"Brasileirão Série D";"1.900";"26,8";"0";"0";"0";"0";"Professional";"7";"6";"7";"4.500";"1.100";"50,9%";"53,7%"
"313.256";"Oratório";"Brazil";"Clubes Sem Divisão Nacional/Fora da Série D";"900";"0,0";"0";"0";"0";"0";"Professional";"3";"2";"3";"13.680";"700";"0,0%";"0,0%"
"313.673";"Orion (CE)";"Brazil";"Eerste klasse A";"1";"0,0";"0";"0";"0";"0";"Semi-Professional";"3";"2";"1";"0";"250";"0,0%";"0,0%"
"2.115.786";"Osvaldo Cruz";"Brazil";"Clubes Sem Divisão Nacional/Fora da Série D";"500";"0,0";"0";"0";"0";"0";"Professional";"4";"4";"4";"11.784";"240";"0,0%";"0,0%"
"314.089";"Ouro Preto";"Brazil";"Eerste klasse A";"1";"0,0";"0";"0";"0";"0";"Professional";"4";"2";"3";"2.000";"600";"0,0%";"0,0%"
"19.343.525";"Pacajus";"Brazil";"Brasileirão Série D";"1.800";"34,0";"70";"0";"0";"0";"Professional";"5";"6";"6";"2.000";"200";"5,8%";"5,8%"
"19.157.254";"Pacatuba";"Brazil";"Clubes Sem Divisão Nacional/Fora da Série D";"950";"0,0";"0";"0";"0";"0";"Professional";"3";"3";"5";"3.000";"200";"0,0%";"0,0%"
"19.192.557";"Paduano";"Brazil";"Clubes Sem Divisão Nacional/Fora da Série D";"900";"0,0";"0";"0";"0";"0";"Professional";"4";"5";"5";"3.000";"200";"0,0%";"0,0%"
"302.148";"Paissandu (RJ)";"Brazil";"Eerste klasse A";"1";"0,0";"0";"0";"0";"0";"Semi-Professional";"3";"2";"1";"0";"250";"0,0%";"0,0%"
"19.005.366";"Paladino (RJ)";"Brazil";"Eerste klasse A";"1";"0,0";"0";"0";"0";"0";"Semi-Professional";"3";"2";"1";"0";"250";"0,0%";"0,0%"
"314.300";"Palestra FC (SE)";"Brazil";"Eerste klasse A";"1";"0,0";"0";"0";"0";"0";"Semi-Professional";"1";"1";"1";"0";"250";"0,0%";"0,0%"
"309.783";"Palestra Itália (PR)";"Brazil";"Eerste klasse A";"1";"0,0";"0";"0";"0";"0";"Semi-Professional";"2";"1";"1";"0";"250";"0,0%";"0,0%"
"301.329";"Palmas";"Brazil";"Clubes Sem Divisão Nacional/Fora da Série D";"1.250";"0,0";"0";"0";"0";"0";"Professional";"9";"7";"5";"8.000";"1.400";"0,0%";"0,0%"
"19.144.619";"Palmeira de Goianinha";"Brazil";"Clubes Sem Divisão Nacional/Fora da Série D";"750";"0,0";"0";"0";"0";"0";"Professional";"2";"2";"3";"3.000";"200";"0,0%";"0,0%"
"329";"Palmeiras";"Brazil";"Brasileirão Assaí";"7.750";"25,8";"3.822.880";"8.043.600";"8.043.600";"423.990";"Professional";"18";"15";"15";"43.603";"33.167";"77,2%";"81,0%"
"312.333";"Palmeiras (MG)";"Brazil";"Eerste klasse A";"1";"0,0";"0";"0";"0";"0";"Semi-Professional";"3";"2";"1";"0";"250";"0,0%";"0,0%"
"314.310";"Palmeiras (PB)";"Brazil";"Eerste klasse A";"1";"0,0";"0";"0";"0";"0";"Semi-Professional";"2";"1";"1";"0";"250";"0,0%";"0,0%"
"314.100";"Palmeiras (PI)";"Brazil";"Eerste klasse A";"1";"0,0";"0";"0";"0";"0";"Semi-Professional";"3";"2";"1";"0";"250";"0,0%";"0,0%"
"314.786";"Palmeiras AC (RJ)";"Brazil";"Eerste klasse A";"1";"0,0";"0";"0";"0";"0";"Semi-Professional";"2";"1";"1";"0";"250";"0,0%";"0,0%"
"318.885";"Palmeiras B";"Brazil";"Eerste klasse A";"500";"0,0";"0";"0";"0";"0";"Professional";"10";"10";"10";"1.000";"600";"0,0%";"0,0%"
"19.339.647";"Panther (PA)";"Brazil";"Eerste klasse A";"1";"0,0";"0";"0";"0";"0";"Semi-Professional";"1";"1";"1";"0";"250";"0,0%";"0,0%"
"2.000.194.595";"Paracatu";"Brazil";"Clubes Sem Divisão Nacional/Fora da Série D";"550";"0,0";"0";"0";"0";"0";"Professional";"3";"3";"4";"12.000";"100";"0,0%";"0,0%"
"19.118.677";"Paracuru";"Brazil";"Eerste klasse A";"1";"0,0";"0";"0";"0";"0";"Professional";"3";"3";"3";"3.000";"250";"0,0%";"0,0%"
"19.343.529";"Paraense";"Brazil";"Clubes Sem Divisão Nacional/Fora da Série D";"600";"0,0";"0";"0";"0";"0";"Professional";"5";"5";"5";"6.500";"200";"0,0%";"0,0%"
"19.184.583";"Paragominas";"Brazil";"Clubes Sem Divisão Nacional/Fora da Série D";"1.100";"0,0";"0";"0";"0";"0";"Professional";"4";"4";"5";"10.000";"400";"0,0%";"0,0%"
"301.348";"Paraguaçuense";"Brazil";"Eerste klasse A";"1";"0,0";"0";"0";"0";"0";"Professional";"3";"3";"3";"15.000";"1.000";"0,0%";"0,0%"
"19.295.779";"Parahyba";"Brazil";"Eerste klasse A";"1";"0,0";"0";"0";"0";"0";"Semi-Professional";"3";"2";"1";"0";"250";"0,0%";"0,0%"
"19.295.782";"Parahyba Sport";"Brazil";"Eerste klasse A";"1";"0,0";"0";"0";"0";"0";"Semi-Professional";"1";"1";"1";"0";"250";"0,0%";"0,0%"
"19.295.780";"Parahyba United";"Brazil";"Eerste klasse A";"1";"0,0";"0";"0";"0";"0";"Semi-Professional";"3";"2";"1";"0";"250";"0,0%";"0,0%"
"19.046.205";"Paraíba do Sul";"Brazil";"Clubes Sem Divisão Nacional/Fora da Série D";"450";"0,0";"0";"0";"0";"0";"Professional";"2";"3";"3";"3.000";"100";"0,0%";"0,0%"
"314.946";"Paraisense";"Brazil";"Eerste klasse A";"1";"0,0";"0";"0";"0";"0";"Professional";"4";"3";"3";"9.000";"600";"0,0%";"0,0%"
"309.626";"Paraíso (TO)";"Brazil";"Clubes Sem Divisão Nacional/Fora da Série D";"500";"0,0";"0";"0";"0";"0";"Professional";"7";"3";"6";"4.000";"500";"0,0%";"0,0%"
"330";"Paraná";"Brazil";"Clubes Sem Divisão Nacional/Fora da Série D";"2.500";"0,0";"0";"0";"0";"0";"Professional";"10";"10";"8";"20.083";"4.750";"0,0%";"0,0%"
"19.008.147";"Paraná B";"Brazil";"Eerste klasse A";"500";"0,0";"0";"0";"0";"0";"Professional";"9";"9";"9";"15.000";"759";"0,0%";"0,0%"
"19.339.645";"Paranaense";"Brazil";"Eerste klasse A";"1";"0,0";"0";"0";"0";"0";"Semi-Professional";"2";"1";"1";"0";"250";"0,0%";"0,0%"
"314.604";"Paranavaí";"Brazil";"Clubes Sem Divisão Nacional/Fora da Série D";"1.150";"0,0";"0";"0";"0";"0";"Professional";"8";"5";"6";"25.000";"2.339";"0,0%";"0,0%"
"8.832.334";"Paranoá";"Brazil";"Clubes Sem Divisão Nacional/Fora da Série D";"1.200";"28,9";"0";"0";"0";"0";"Professional";"8";"4";"6";"15.000";"1.200";"51,1%";"53,0%"
"2.000.239.360";"Paraty";"Brazil";"Clubes Sem Divisão Nacional/Fora da Série D";"300";"0,0";"0";"0";"0";"0";"Professional";"2";"2";"3";"5.000";"100";"0,0%";"0,0%"
"19.112.766";"Parauapebas";"Brazil";"Clubes Sem Divisão Nacional/Fora da Série D";"900";"0,0";"0";"0";"0";"0";"Professional";"3";"2";"2";"10.000";"300";"0,0%";"0,0%"
"2.000.188.892";"Parintins";"Brazil";"Clubes Sem Divisão Nacional/Fora da Série D";"1.050";"32,0";"0";"0";"0";"0";"Professional";"4";"4";"5";"5.000";"200";"23,1%";"23,3%"
"313.305";"Parnahyba";"Brazil";"Brasileirão Série D";"1.800";"31,0";"0";"0";"0";"0";"Professional";"8";"8";"6";"4.700";"2.500";"22,1%";"23,0%"
"314.302";"Passagem";"Brazil";"Eerste klasse A";"1";"0,0";"0";"0";"0";"0";"Semi-Professional";"3";"2";"1";"0";"250";"0,0%";"0,0%"
"301.274";"Passo Fundo";"Brazil";"Clubes Sem Divisão Nacional/Fora da Série D";"1.900";"0,0";"0";"0";"0";"0";"Professional";"4";"4";"4";"16.000";"2.400";"0,0%";"0,0%"
"19.363.423";"Passos";"Brazil";"Clubes Sem Divisão Nacional/Fora da Série D";"450";"0,0";"0";"0";"0";"0";"Professional";"5";"5";"6";"13.000";"100";"0,0%";"0,0%"
"2.000.132.216";"Patriotas (PR)";"Brazil";"Clubes Sem Divisão Nacional/Fora da Série D";"1.150";"0,0";"0";"0";"0";"0";"Professional";"4";"4";"3";"4.198";"200";"0,0%";"0,0%"
"309.756";"Paula Ramos (SC)";"Brazil";"Eerste klasse A";"1";"0,0";"0";"0";"0";"0";"Semi-Professional";"3";"2";"1";"0";"250";"0,0%";"0,0%"
"2.000.307.695";"Paulínia Universitário";"Brazil";"Eerste klasse A";"250";"0,0";"0";"0";"0";"0";"Amateur";"2";"2";"2";"0";"25";"0,0%";"0,0%"
"301.338";"Paulista";"Brazil";"Clubes Sem Divisão Nacional/Fora da Série D";"900";"0,0";"0";"0";"0";"0";"Professional";"5";"5";"7";"14.000";"1.300";"0,0%";"0,0%"
"104.873";"Paulistano";"Brazil";"Eerste klasse A";"1";"0,0";"0";"0";"0";"0";"Professional";"10";"12";"10";"15.000";"12.000";"0,0%";"0,0%"
"2.000.170.932";"Paulistano (MT)";"Brazil";"Clubes Sem Divisão Nacional/Fora da Série D";"550";"0,0";"0";"0";"0";"0";"Professional";"5";"4";"4";"1.000";"250";"0,0%";"0,0%"
"19.295.788";"Paulistano (PB)";"Brazil";"Eerste klasse A";"1";"0,0";"0";"0";"0";"0";"Semi-Professional";"3";"2";"1";"0";"250";"0,0%";"0,0%"
"19.059.143";"Paulistano de São Roque";"Brazil";"Eerste klasse A";"1";"0,0";"0";"0";"0";"0";"Professional";"4";"4";"4";"3.000";"300";"0,0%";"0,0%"
"331";"Paysandu";"Brazil";"Brasileirão Série C";"5.150";"28,5";"135.440";"12.060";"12.060";"45.980";"Professional";"9";"8";"7";"16.200";"7.567";"70,1%";"72,4%"
"314.102";"Paysandu (PI)";"Brazil";"Eerste klasse A";"1";"0,0";"0";"0";"0";"0";"Professional";"4";"2";"4";"4.500";"600";"0,0%";"0,0%"
"312.329";"Paysandu (SC)";"Brazil";"Eerste klasse A";"1";"0,0";"0";"0";"0";"0";"Semi-Professional";"2";"1";"1";"0";"250";"0,0%";"0,0%"
"19.152.068";"Pederneiras";"Brazil";"Eerste klasse A";"1";"0,0";"0";"0";"0";"0";"Semi-Professional";"3";"2";"1";"0";"250";"0,0%";"0,0%"
"2.000.135.569";"Pedra Branca (SC)";"Brazil";"Clubes Sem Divisão Nacional/Fora da Série D";"500";"0,0";"0";"0";"0";"0";"Professional";"3";"3";"3";"3.000";"200";"0,0%";"0,0%"
"313.277";"Pedreira";"Brazil";"Clubes Sem Divisão Nacional/Fora da Série D";"550";"0,0";"0";"0";"0";"0";"Professional";"4";"2";"5";"5.000";"800";"0,0%";"0,0%"
"301.276";"Pelotas";"Brazil";"Clubes Sem Divisão Nacional/Fora da Série D";"2.050";"29,5";"0";"0";"0";"0";"Professional";"10";"7";"7";"18.000";"1.500";"11,4%";"11,7%"
"19.010.075";"Penapolense";"Brazil";"Clubes Sem Divisão Nacional/Fora da Série D";"1.000";"24,0";"0";"0";"0";"0";"Professional";"10";"5";"5";"10.000";"231";"28,8%";"31,1%"
"320.373";"Penarol (AM)";"Brazil";"Clubes Sem Divisão Nacional/Fora da Série D";"1.000";"0,0";"0";"0";"0";"0";"Professional";"3";"2";"3";"2.710";"750";"0,0%";"0,0%"
"309.361";"Penedense";"Brazil";"Clubes Sem Divisão Nacional/Fora da Série D";"1.100";"28,7";"0";"0";"0";"0";"Professional";"2";"2";"2";"4.000";"1.103";"15,8%";"16,5%"
"309.754";"Perdigão (SC)";"Brazil";"Eerste klasse A";"1";"0,0";"0";"0";"0";"0";"Semi-Professional";"2";"1";"1";"0";"250";"0,0%";"0,0%"
"313.365";"Perilima";"Brazil";"Clubes Sem Divisão Nacional/Fora da Série D";"800";"0,0";"0";"0";"0";"0";"Professional";"7";"6";"6";"35.000";"400";"0,0%";"0,0%"
"19.307.338";"Pérolas Negras";"Brazil";"Clubes Sem Divisão Nacional/Fora da Série D";"1.150";"32,0";"0";"0";"0";"0";"Professional";"5";"5";"5";"4.600";"150";"5,9%";"5,9%"
"312.332";"Pery Ferroviário EC (SC)";"Brazil";"Eerste klasse A";"1";"0,0";"0";"0";"0";"0";"Semi-Professional";"3";"2";"1";"0";"250";"0,0%";"0,0%"
"19.023.853";"Pesqueira";"Brazil";"Clubes Sem Divisão Nacional/Fora da Série D";"750";"0,0";"0";"0";"0";"0";"Professional";"3";"2";"3";"3.000";"499";"0,0%";"0,0%"
"314.594";"Petrolina";"Brazil";"Clubes Sem Divisão Nacional/Fora da Série D";"1.550";"31,7";"0";"0";"0";"0";"Professional";"4";"2";"3";"3.118";"700";"17,2%";"17,7%"
"309.640";"Piauí";"Brazil";"Clubes Sem Divisão Nacional/Fora da Série D";"700";"0,0";"0";"0";"0";"0";"Professional";"8";"4";"7";"5.144";"3.000";"0,0%";"0,0%"
"301.244";"Picos";"Brazil";"Clubes Sem Divisão Nacional/Fora da Série D";"1.000";"31,0";"0";"0";"0";"0";"Professional";"4";"4";"4";"7.000";"2.800";"17,5%";"17,8%"
"19.191.927";"Picuiense";"Brazil";"Clubes Sem Divisão Nacional/Fora da Série D";"650";"0,0";"0";"0";"0";"0";"Professional";"5";"5";"6";"1.600";"300";"0,0%";"0,0%"
"8.832.325";"Pimentense";"Brazil";"Clubes Sem Divisão Nacional/Fora da Série D";"700";"0,0";"0";"0";"0";"0";"Professional";"2";"2";"3";"3.000";"600";"0,0%";"0,0%"
"19.066.401";"Pinheiral (PR)";"Brazil";"Eerste klasse A";"1";"0,0";"0";"0";"0";"0";"Semi-Professional";"1";"1";"1";"0";"250";"0,0%";"0,0%"
"318.923";"Pinheirense (PA)";"Brazil";"Clubes Sem Divisão Nacional/Fora da Série D";"750";"0,0";"0";"0";"0";"0";"Professional";"3";"2";"4";"5.000";"500";"0,0%";"0,0%"
"19.305.046";"Pinheiro (MA)";"Brazil";"Clubes Sem Divisão Nacional/Fora da Série D";"1.450";"27,0";"0";"0";"0";"0";"Professional";"5";"5";"6";"5.000";"100";"16,4%";"17,9%"
"301.294";"Pinheiro (RO)";"Brazil";"Eerste klasse A";"1";"0,0";"0";"0";"0";"0";"Professional";"4";"3";"4";"5.000";"400";"0,0%";"0,0%"
"19.032.732";"Pinheiros (ES)";"Brazil";"Clubes Sem Divisão Nacional/Fora da Série D";"850";"0,0";"0";"0";"0";"0";"Professional";"3";"3";"4";"3.000";"300";"0,0%";"0,0%"
"309.776";"Pinheiros (PR)";"Brazil";"Eerste klasse A";"1";"0,0";"0";"0";"0";"0";"Semi-Professional";"1";"1";"1";"0";"250";"0,0%";"0,0%"
"314.308";"Pio X (PB)";"Brazil";"Eerste klasse A";"1";"0,0";"0";"0";"0";"0";"Semi-Professional";"1";"1";"1";"0";"250";"0,0%";"0,0%"
"19.152.075";"Pioneira";"Brazil";"Eerste klasse A";"1";"0,0";"0";"0";"0";"0";"Semi-Professional";"2";"1";"1";"0";"250";"0,0%";"0,0%"
"313.331";"Pirambu";"Brazil";"Eerste klasse A";"1";"0,0";"0";"0";"0";"0";"Professional";"9";"3";"5";"2.000";"900";"0,0%";"0,0%"
"19.388.286";"Pirapora";"Brazil";"Clubes Sem Divisão Nacional/Fora da Série D";"500";"0,0";"0";"0";"0";"0";"Professional";"4";"4";"5";"2.000";"160";"0,0%";"0,0%"
"19.047.391";"Pires do Rio";"Brazil";"Clubes Sem Divisão Nacional/Fora da Série D";"600";"0,0";"0";"0";"0";"0";"Professional";"3";"4";"5";"4.500";"300";"0,0%";"0,0%"
"19.058.115";"Plácido de Castro";"Brazil";"Clubes Sem Divisão Nacional/Fora da Série D";"1.050";"0,0";"0";"0";"0";"0";"Professional";"4";"2";"4";"13.700";"350";"0,0%";"0,0%"
"19.100.646";"Planaltina EC";"Brazil";"Clubes Sem Divisão Nacional/Fora da Série D";"1.000";"0,0";"0";"0";"0";"0";"Professional";"6";"5";"5";"5.000";"200";"0,0%";"0,0%"
"19.152.065";"Planalto";"Brazil";"Eerste klasse A";"1";"0,0";"0";"0";"0";"0";"Semi-Professional";"3";"2";"1";"0";"250";"0,0%";"0,0%"
"301.127";"Poções";"Brazil";"Eerste klasse A";"550";"0,0";"0";"0";"0";"0";"Professional";"9";"3";"6";"5.600";"1.500";"0,0%";"0,0%"
"19.223.667";"Poconé";"Brazil";"Clubes Sem Divisão Nacional/Fora da Série D";"850";"0,0";"0";"0";"0";"0";"Professional";"4";"4";"5";"3.000";"150";"0,0%";"0,0%"
"19.048.341";"Poços de Caldas";"Brazil";"Clubes Sem Divisão Nacional/Fora da Série D";"750";"0,0";"0";"0";"0";"0";"Professional";"5";"5";"6";"7.600";"500";"0,0%";"0,0%"
"2.000.208.042";"Pombal (PB)";"Brazil";"Clubes Sem Divisão Nacional/Fora da Série D";"1.000";"21,7";"0";"0";"0";"0";"Professional";"5";"4";"4";"11.000";"450";"32,5%";"35,6%"
"313.232";"Ponta Porã";"Brazil";"Eerste klasse A";"1";"0,0";"0";"0";"0";"0";"Professional";"3";"3";"3";"5.000";"700";"0,0%";"0,0%"
"19.401.029";"Pontaporanense";"Brazil";"Clubes Sem Divisão Nacional/Fora da Série D";"550";"0,0";"0";"0";"0";"0";"Professional";"5";"5";"6";"5.000";"100";"0,0%";"0,0%"
"332";"Ponte Preta";"Brazil";"Brasileirão Série B Betano";"5.350";"25,0";"132.600";"24.130";"24.130";"23.300";"Professional";"12";"10";"12";"17.728";"6.083";"68,6%";"72,8%"
"19.388.619";"Ponte Preta (AL)";"Brazil";"Eerste klasse A";"1";"0,0";"0";"0";"0";"0";"Semi-Professional";"3";"2";"1";"0";"250";"0,0%";"0,0%"
"301.235";"Porto (PE)";"Brazil";"Clubes Sem Divisão Nacional/Fora da Série D";"1.250";"0,0";"0";"0";"0";"0";"Professional";"10";"10";"9";"6.000";"2.760";"0,0%";"0,0%"
"19.072.298";"Porto (SC)";"Brazil";"Clubes Sem Divisão Nacional/Fora da Série D";"500";"20,0";"0";"0";"0";"0";"Professional";"4";"5";"4";"2.000";"300";"5,0%";"5,7%"
"19.366.445";"Porto Velho";"Brazil";"Clubes Sem Divisão Nacional/Fora da Série D";"1.200";"0,0";"0";"0";"0";"0";"Professional";"6";"6";"7";"5.000";"500";"0,0%";"0,0%"
"313.372";"Porto Velho FC";"Brazil";"Eerste klasse A";"1";"0,0";"0";"0";"0";"0";"Professional";"2";"2";"2";"5.000";"700";"0,0%";"0,0%"
"2.000.060.543";"Porto Vitória";"Brazil";"Clubes Sem Divisão Nacional/Fora da Série D";"1.250";"26,8";"0";"0";"0";"0";"Professional";"7";"6";"7";"2.000";"50";"62,3%";"66,8%"
"333";"Portuguesa";"Brazil";"Clubes Sem Divisão Nacional/Fora da Série D";"3.400";"27,2";"-4.980";"0";"0";"0";"Professional";"8";"8";"7";"22.375";"3.108";"67,8%";"71,6%"
"19.145.345";"Portuguesa (MS)";"Brazil";"Clubes Sem Divisão Nacional/Fora da Série D";"950";"29,1";"0";"0";"0";"0";"Professional";"3";"3";"2";"45.000";"200";"39,2%";"40,6%"
"301.251";"Portuguesa (RJ)";"Brazil";"Brasileirão Série D";"4.000";"28,9";"0";"0";"0";"0";"Professional";"7";"4";"6";"5.044";"600";"65,5%";"68,3%"
"301.222";"Portuguesa Londrinense";"Brazil";"Clubes Sem Divisão Nacional/Fora da Série D";"750";"0,0";"0";"0";"0";"0";"Professional";"9";"7";"6";"3.000";"1.000";"0,0%";"0,0%"
"107.224";"Portuguesa Santista";"Brazil";"Clubes Sem Divisão Nacional/Fora da Série D";"2.300";"28,8";"0";"0";"0";"0";"Professional";"6";"8";"5";"8.392";"1.000";"62,7%";"65,9%"
"301.258";"Potiguar de Mossoró";"Brazil";"Brasileirão Série D";"2.200";"29,6";"0";"0";"0";"0";"Professional";"7";"7";"7";"5.000";"650";"28,0%";"29,3%"
"314.755";"Potyguar Seridoense";"Brazil";"Clubes Sem Divisão Nacional/Fora da Série D";"1.100";"27,2";"0";"0";"0";"0";"Professional";"5";"5";"6";"4.000";"2.500";"27,9%";"29,4%"
"19.363.420";"Pouso Alegre";"Brazil";"Brasileirão Série C";"3.250";"28,4";"124.000";"0";"0";"5.380";"Professional";"5";"5";"6";"26.000";"2.500";"63,4%";"67,0%"
"318.907";"Primavera";"Brazil";"Clubes Sem Divisão Nacional/Fora da Série D";"1.850";"27,0";"0";"0";"0";"0";"Professional";"7";"6";"6";"7.000";"750";"65,3%";"69,3%"
"2.000.174.048";"Primavera (MT)";"Brazil";"Clubes Sem Divisão Nacional/Fora da Série D";"1.000";"28,7";"0";"0";"0";"0";"Professional";"5";"6";"6";"4.000";"200";"16,2%";"16,6%"
"313.259";"Princesa";"Brazil";"Brasileirão Série D";"1.900";"25,3";"0";"0";"0";"0";"Professional";"2";"3";"3";"15.000";"1.000";"32,9%";"36,4%"
"19.044.048";"Progresso (RJ)";"Brazil";"Eerste klasse A";"1";"0,0";"0";"0";"0";"0";"Semi-Professional";"1";"1";"1";"0";"250";"0,0%";"0,0%"
"309.144";"Progresso (RR)";"Brazil";"Clubes Sem Divisão Nacional/Fora da Série D";"750";"0,0";"0";"0";"0";"0";"Professional";"4";"3";"5";"5.000";"900";"0,0%";"0,0%"
"313.329";"Propriá";"Brazil";"Clubes Sem Divisão Nacional/Fora da Série D";"550";"0,0";"0";"0";"0";"0";"Professional";"5";"2";"5";"2.000";"800";"0,0%";"0,0%"
"301.314";"Próspera";"Brazil";"Clubes Sem Divisão Nacional/Fora da Série D";"900";"0,0";"0";"0";"0";"0";"Professional";"7";"6";"6";"4.500";"350";"0,0%";"0,0%"
"19.300.813";"PRS";"Brazil";"Clubes Sem Divisão Nacional/Fora da Série D";"450";"0,0";"0";"0";"0";"0";"Professional";"4";"4";"5";"5.000";"100";"0,0%";"0,0%"
"314.775";"Prudentina (SP)";"Brazil";"Eerste klasse A";"1";"0,0";"0";"0";"0";"0";"Semi-Professional";"2";"1";"1";"0";"250";"0,0%";"0,0%"
"19.105.495";"Prudentópolis";"Brazil";"Clubes Sem Divisão Nacional/Fora da Série D";"1.100";"0,0";"0";"0";"0";"0";"Professional";"4";"5";"5";"3.000";"300";"0,0%";"0,0%"
"19.026.929";"PSTC";"Brazil";"Clubes Sem Divisão Nacional/Fora da Série D";"2.000";"28,5";"0";"0";"0";"0";"Professional";"11";"12";"7";"6.000";"200";"45,2%";"47,6%"
"314.311";"Pytaguares (PB)";"Brazil";"Eerste klasse A";"1";"0,0";"0";"0";"0";"0";"Semi-Professional";"1";"1";"1";"0";"250";"0,0%";"0,0%"
"19.052.513";"Queimadense";"Brazil";"Clubes Sem Divisão Nacional/Fora da Série D";"950";"0,0";"0";"0";"0";"0";"Professional";"3";"3";"4";"2.200";"250";"0,0%";"0,0%"
"19.158.917";"Queimados";"Brazil";"Clubes Sem Divisão Nacional/Fora da Série D";"400";"0,0";"0";"0";"0";"0";"Professional";"3";"3";"4";"5.000";"100";"0,0%";"0,0%"
"2.108.856";"Quissamã";"Brazil";"Eerste klasse A";"1";"0,0";"0";"0";"0";"0";"Professional";"4";"2";"3";"5.000";"500";"0,0%";"0,0%"
"313.261";"Quixadá";"Brazil";"Clubes Sem Divisão Nacional/Fora da Série D";"500";"0,0";"0";"0";"0";"0";"Professional";"6";"4";"6";"5.000";"1.200";"0,0%";"0,0%"
"19.152.083";"Rabello";"Brazil";"Eerste klasse A";"1";"0,0";"0";"0";"0";"0";"Semi-Professional";"2";"1";"1";"0";"250";"0,0%";"0,0%"
"19.302.209";"Raça";"Brazil";"Eerste klasse A";"250";"0,0";"0";"0";"0";"0";"Professional";"5";"5";"4";"1.000";"200";"0,0%";"0,0%"
"314.771";"Radium";"Brazil";"Eerste klasse A";"350";"0,0";"0";"0";"0";"0";"Professional";"3";"3";"3";"7.800";"546";"0,0%";"0,0%"
"319.156";"Ramalat";"Brazil";"Eerste klasse A";"1";"0,0";"0";"0";"0";"0";"Professional";"4";"2";"3";"5.000";"800";"0,0%";"0,0%"
"317";"RB Bragantino";"Brazil";"Brasileirão Assaí";"6.800";"23,4";"5.580.440";"4.021.800";"4.021.800";"157.750";"Professional";"12";"11";"11";"17.022";"6.046";"74,9%";"78,0%"
"2.000.178.064";"RB do Norte";"Brazil";"Clubes Sem Divisão Nacional/Fora da Série D";"650";"0,0";"0";"0";"0";"0";"Professional";"5";"4";"4";"11.000";"200";"0,0%";"0,0%"
"19.154.386";"Real (RR)";"Brazil";"Clubes Sem Divisão Nacional/Fora da Série D";"850";"0,0";"0";"0";"0";"0";"Professional";"3";"2";"2";"2.000";"250";"0,0%";"0,0%"
"19.354.764";"Real (RS)";"Brazil";"Clubes Sem Divisão Nacional/Fora da Série D";"500";"0,0";"0";"0";"0";"0";"Professional";"4";"4";"6";"3.000";"200";"0,0%";"0,0%"
"19.166.112";"Real Ariquemes";"Brazil";"Brasileirão Série D";"1.100";"0,0";"0";"0";"0";"0";"Professional";"3";"3";"4";"5.000";"300";"0,0%";"0,0%"
"301.138";"Real Brasília";"Brazil";"Clubes Sem Divisão Nacional/Fora da Série D";"1.700";"28,2";"0";"0";"0";"0";"Professional";"2";"2";"2";"1.500";"2.300";"63,8%";"66,2%"
"19.140.720";"Real Noroeste";"Brazil";"Brasileirão Série D";"2.250";"29,8";"0";"0";"0";"0";"Professional";"3";"3";"4";"5.000";"300";"61,9%";"64,1%"
"314.315";"Red Cross (PB)";"Brazil";"Eerste klasse A";"1";"0,0";"0";"0";"0";"0";"Semi-Professional";"1";"1";"1";"0";"250";"0,0%";"0,0%"
"19.152.074";"Relações Exteriores";"Brazil";"Eerste klasse A";"1";"0,0";"0";"0";"0";"0";"Semi-Professional";"1";"1";"1";"0";"250";"0,0%";"0,0%"
"334";"Remo";"Brazil";"Brasileirão Série C";"4.750";"28,7";"138.890";"8.040";"8.040";"25.420";"Professional";"9";"7";"7";"13.000";"11.276";"68,4%";"70,9%"
"311.842";"Renner (RS)";"Brazil";"Eerste klasse A";"1";"0,0";"0";"0";"0";"0";"Semi-Professional";"2";"1";"1";"0";"250";"0,0%";"0,0%"
"309.749";"República (BA)";"Brazil";"Eerste klasse A";"1";"0,0";"0";"0";"0";"0";"Semi-Professional";"3";"2";"1";"0";"250";"0,0%";"0,0%"
"19.023.455";"Resende";"Brazil";"Brasileirão Série D";"2.850";"18,5";"0";"0";"0";"0";"Professional";"12";"10";"6";"4.600";"350";"11,0%";"12,5%"
"311.870";"Retiro (MG)";"Brazil";"Eerste klasse A";"1";"0,0";"0";"0";"0";"0";"Semi-Professional";"2";"1";"1";"0";"250";"0,0%";"0,0%"
"19.382.040";"Retrô";"Brazil";"Brasileirão Série D";"2.700";"29,1";"103.180";"0";"0";"0";"Professional";"16";"13";"11";"46.154";"3.000";"67,7%";"69,8%"
"2.000.141.975";"Riachão (SE)";"Brazil";"Clubes Sem Divisão Nacional/Fora da Série D";"650";"0,0";"0";"0";"0";"0";"Professional";"2";"3";"3";"2.000";"200";"0,0%";"0,0%"
"319.128";"Riacho City";"Brazil";"Clubes Sem Divisão Nacional/Fora da Série D";"650";"0,0";"0";"0";"0";"0";"Professional";"3";"2";"2";"6.000";"500";"0,0%";"0,0%"
"314.780";"Riachuelo (RJ)";"Brazil";"Eerste klasse A";"1";"0,0";"0";"0";"0";"0";"Semi-Professional";"3";"2";"1";"0";"250";"0,0%";"0,0%"
"2.000.124.782";"Riachuelo (RN)";"Brazil";"Clubes Sem Divisão Nacional/Fora da Série D";"600";"0,0";"0";"0";"0";"0";"Professional";"4";"2";"2";"5.000";"200";"0,0%";"0,0%"
"314.294";"Riachuelo (SE)";"Brazil";"Eerste klasse A";"1";"0,0";"0";"0";"0";"0";"Professional";"2";"2";"3";"2.000";"1.200";"0,0%";"0,0%"
"19.157.135";"Ribeirão Pires";"Brazil";"Eerste klasse A";"250";"0,0";"0";"0";"0";"0";"Professional";"3";"3";"3";"2.000";"100";"0,0%";"0,0%"
"19.039.687";"Rio Bananal";"Brazil";"Eerste klasse A";"1";"0,0";"0";"0";"0";"0";"Professional";"4";"2";"5";"3.000";"500";"0,0%";"0,0%"
"104.868";"Rio Branco (AC)";"Brazil";"Clubes Sem Divisão Nacional/Fora da Série D";"2.750";"0,0";"0";"0";"0";"0";"Professional";"11";"8";"7";"13.700";"1.350";"0,0%";"0,0%"
"301.142";"Rio Branco (ES)";"Brazil";"Clubes Sem Divisão Nacional/Fora da Série D";"2.000";"31,2";"0";"0";"0";"0";"Professional";"6";"5";"6";"21.000";"8.400";"64,2%";"66,6%"
"301.196";"Rio Branco (MG)";"Brazil";"Eerste klasse A";"1";"0,0";"0";"0";"0";"0";"Professional";"6";"8";"5";"8.901";"1.500";"0,0%";"0,0%"
"301.226";"Rio Branco (PR)";"Brazil";"Clubes Sem Divisão Nacional/Fora da Série D";"2.000";"0,0";"0";"0";"0";"0";"Professional";"10";"8";"7";"3.000";"4.435";"0,0%";"0,0%"
"107.226";"Rio Branco (SP)";"Brazil";"Clubes Sem Divisão Nacional/Fora da Série D";"1.000";"28,2";"0";"0";"0";"0";"Professional";"10";"7";"7";"16.300";"1.500";"28,9%";"30,4%"
"314.332";"Rio Branco VN";"Brazil";"Clubes Sem Divisão Nacional/Fora da Série D";"1.200";"31,5";"0";"0";"0";"0";"Professional";"2";"2";"2";"3.000";"1.200";"34,4%";"35,4%"
"318.883";"Rio Claro";"Brazil";"Clubes Sem Divisão Nacional/Fora da Série D";"2.250";"29,4";"0";"0";"0";"0";"Professional";"10";"4";"6";"9.284";"1.300";"63,7%";"66,2%"
"320.675";"Rio Cricket";"Brazil";"Eerste klasse A";"1";"0,0";"0";"0";"0";"0";"Semi-Professional";"3";"2";"1";"0";"250";"0,0%";"0,0%"
"19.364.934";"Rio de Janeiro";"Brazil";"Clubes Sem Divisão Nacional/Fora da Série D";"700";"0,0";"0";"0";"0";"0";"Professional";"5";"5";"6";"7.000";"200";"0,0%";"0,0%"
"301.278";"Rio Grande";"Brazil";"Clubes Sem Divisão Nacional/Fora da Série D";"900";"0,0";"0";"0";"0";"0";"Professional";"2";"2";"2";"5.000";"1.500";"0,0%";"0,0%"
"301.110";"Rio Negro (AM)";"Brazil";"Clubes Sem Divisão Nacional/Fora da Série D";"1.200";"0,0";"0";"0";"0";"0";"Professional";"8";"7";"7";"5.000";"4.000";"0,0%";"0,0%"
"301.299";"Rio Negro (RR)";"Brazil";"Clubes Sem Divisão Nacional/Fora da Série D";"800";"0,0";"0";"0";"0";"0";"Professional";"3";"2";"2";"5.000";"800";"0,0%";"0,0%"
"301.350";"Rio Preto";"Brazil";"Clubes Sem Divisão Nacional/Fora da Série D";"1.250";"25,5";"0";"0";"0";"0";"Professional";"5";"9";"5";"14.014";"1.000";"21,5%";"23,0%"
"19.154.371";"Rio São Paulo";"Brazil";"Clubes Sem Divisão Nacional/Fora da Série D";"750";"0,0";"0";"0";"0";"0";"Professional";"3";"3";"3";"7.000";"200";"0,0%";"0,0%"
"309.740";"Rio-Grandense RG";"Brazil";"Eerste klasse A";"250";"0,0";"0";"0";"0";"0";"Professional";"4";"2";"3";"10.000";"600";"0,0%";"0,0%"
"19.023.908";"Riograndense SM";"Brazil";"Clubes Sem Divisão Nacional/Fora da Série D";"750";"0,0";"0";"0";"0";"0";"Professional";"4";"5";"4";"3.500";"300";"0,0%";"0,0%"
"19.105.740";"Riopardense";"Brazil";"Clubes Sem Divisão Nacional/Fora da Série D";"600";"0,0";"0";"0";"0";"0";"Professional";"4";"4";"5";"4.000";"400";"0,0%";"0,0%"
"19.025.014";"Riostrense";"Brazil";"Clubes Sem Divisão Nacional/Fora da Série D";"350";"0,0";"0";"0";"0";"0";"Professional";"3";"3";"4";"3.000";"107";"0,0%";"0,0%"
"301.167";"Rioverdense";"Brazil";"Clubes Sem Divisão Nacional/Fora da Série D";"600";"0,0";"0";"0";"0";"0";"Professional";"5";"3";"5";"8.000";"600";"0,0%";"0,0%"
"301.245";"River (PI)";"Brazil";"Clubes Sem Divisão Nacional/Fora da Série D";"2.750";"28,8";"0";"0";"0";"0";"Professional";"9";"5";"7";"52.296";"2.125";"62,7%";"65,4%"
"314.788";"River (RJ)";"Brazil";"Eerste klasse A";"1";"0,0";"0";"0";"0";"0";"Semi-Professional";"3";"2";"1";"0";"250";"0,0%";"0,0%"
"313.314";"River (RR)";"Brazil";"Clubes Sem Divisão Nacional/Fora da Série D";"550";"0,0";"0";"0";"0";"0";"Professional";"4";"3";"4";"5.000";"750";"0,0%";"0,0%"
"313.323";"River Plate (SE)";"Brazil";"Eerste klasse A";"1";"0,0";"0";"0";"0";"0";"Professional";"2";"2";"2";"4.000";"900";"0,0%";"0,0%"
"311.968";"Rodoviário";"Brazil";"Eerste klasse A";"1";"0,0";"0";"0";"0";"0";"Professional";"1";"1";"1";"8.000";"600";"0,0%";"0,0%"
"19.342.630";"Rolândia";"Brazil";"Clubes Sem Divisão Nacional/Fora da Série D";"800";"0,0";"0";"0";"0";"0";"Professional";"5";"6";"5";"1.818";"200";"0,0%";"0,0%"
"317.355";"Roma Apucarana";"Brazil";"Eerste klasse A";"1";"0,0";"0";"0";"0";"0";"Professional";"4";"4";"5";"11.000";"1.700";"0,0%";"0,0%"
"19.289.428";"Rondoniense";"Brazil";"Clubes Sem Divisão Nacional/Fora da Série D";"800";"0,0";"0";"0";"0";"0";"Professional";"6";"6";"7";"5.000";"300";"0,0%";"0,0%"
"19.306.367";"Rosário Central (SE)";"Brazil";"Clubes Sem Divisão Nacional/Fora da Série D";"700";"0,0";"0";"0";"0";"0";"Professional";"4";"4";"4";"3.000";"200";"0,0%";"0,0%"
"2.000.203.283";"Royal de Luziânia";"Brazil";"Clubes Sem Divisão Nacional/Fora da Série D";"450";"0,0";"0";"0";"0";"0";"Professional";"3";"4";"3";"6.000";"100";"0,0%";"0,0%"
"312.062";"Rubro Social";"Brazil";"Eerste klasse A";"400";"0,0";"0";"0";"0";"0";"Professional";"3";"3";"3";"10.000";"600";"0,0%";"0,0%"
"19.138.828";"Sabiá (MA)";"Brazil";"Clubes Sem Divisão Nacional/Fora da Série D";"700";"0,0";"0";"0";"0";"0";"Professional";"4";"4";"4";"6.000";"909";"0,0%";"0,0%"
"19.294.427";"Sabugy";"Brazil";"Clubes Sem Divisão Nacional/Fora da Série D";"550";"0,0";"0";"0";"0";"0";"Professional";"3";"3";"3";"1.500";"250";"0,0%";"0,0%"
"19.005.119";"Salgueiro (PE)";"Brazil";"Clubes Sem Divisão Nacional/Fora da Série D";"2.100";"0,0";"0";"0";"0";"0";"Professional";"6";"5";"5";"12.070";"1.345";"0,0%";"0,0%"
"19.272.763";"Salvador FC";"Brazil";"Eerste klasse A";"100";"0,0";"0";"0";"0";"0";"Amateur";"8";"8";"5";"1.000";"50";"0,0%";"0,0%"
"313.265";"Samambaia";"Brazil";"Clubes Sem Divisão Nacional/Fora da Série D";"1.100";"24,3";"0";"0";"0";"0";"Professional";"3";"2";"3";"6.000";"500";"17,7%";"19,3%"
"313.415";"Sampaio (AC)";"Brazil";"Eerste klasse A";"1";"0,0";"0";"0";"0";"0";"Semi-Professional";"2";"1";"1";"0";"250";"0,0%";"0,0%"
"107.230";"Sampaio Corrêa";"Brazil";"Brasileirão Série B Betano";"5.100";"27,5";"10.670";"0";"0";"15.070";"Professional";"10";"7";"7";"40.149";"5.000";"65,5%";"69,1%"
"19.051.303";"Sampaio Corrêa (RJ)";"Brazil";"Clubes Sem Divisão Nacional/Fora da Série D";"2.500";"28,7";"0";"0";"0";"0";"Professional";"4";"5";"4";"3.000";"300";"64,4%";"67,1%"
"319.165";"Santa Catarina";"Brazil";"Clubes Sem Divisão Nacional/Fora da Série D";"950";"0,0";"0";"0";"0";"0";"Professional";"3";"3";"3";"7.000";"600";"0,0%";"0,0%"
"107.232";"Santa Cruz";"Brazil";"Brasileirão Série D";"3.750";"26,1";"0";"0";"0";"0";"Professional";"12";"9";"7";"60.044";"9.812";"63,5%";"68,6%"
"19.303.223";"Santa Cruz (AL)";"Brazil";"Eerste klasse A";"300";"0,0";"0";"0";"0";"0";"Professional";"6";"7";"8";"6.000";"200";"0,0%";"0,0%"
"313.291";"Santa Cruz (PB)";"Brazil";"Eerste klasse A";"1";"0,0";"0";"0";"0";"0";"Professional";"2";"2";"3";"4.500";"900";"0,0%";"0,0%"
"19.170.011";"Santa Cruz (RJ)";"Brazil";"Clubes Sem Divisão Nacional/Fora da Série D";"400";"0,0";"0";"0";"0";"0";"Professional";"3";"3";"3";"8.300";"200";"0,0%";"0,0%"
"2.105.689";"Santa Cruz (RN)";"Brazil";"Eerste klasse A";"400";"0,0";"0";"0";"0";"0";"Professional";"6";"3";"4";"3.500";"700";"0,0%";"0,0%"
"301.280";"Santa Cruz (RS)";"Brazil";"Clubes Sem Divisão Nacional/Fora da Série D";"2.250";"31,4";"0";"0";"0";"0";"Professional";"3";"3";"3";"6.000";"1.000";"64,0%";"65,7%"
"19.366.428";"Santa Cruz (SE)";"Brazil";"Clubes Sem Divisão Nacional/Fora da Série D";"600";"0,0";"0";"0";"0";"0";"Professional";"5";"5";"7";"2.000";"200";"0,0%";"0,0%"
"314.303";"Santa Cruz (SE) [EXT]";"Brazil";"Eerste klasse A";"1";"0,0";"0";"0";"0";"0";"Semi-Professional";"2";"1";"1";"0";"250";"0,0%";"0,0%"
"19.277.538";"Santa Cruz de Natal";"Brazil";"Clubes Sem Divisão Nacional/Fora da Série D";"1.500";"22,7";"0";"0";"0";"0";"Professional";"5";"6";"6";"3.000";"200";"39,4%";"43,4%"
"314.235";"Santa Cruz EC (RN)";"Brazil";"Eerste klasse A";"1";"0,0";"0";"0";"0";"0";"Semi-Professional";"1";"1";"1";"0";"250";"0,0%";"0,0%"
"313.438";"Santa Cruz FC (AL) (EXT)";"Brazil";"Eerste klasse A";"1";"0,0";"0";"0";"0";"0";"Semi-Professional";"3";"2";"1";"0";"250";"0,0%";"0,0%"
"2.000.209.201";"Santa Fé (PE)";"Brazil";"Clubes Sem Divisão Nacional/Fora da Série D";"600";"0,0";"0";"0";"0";"0";"Professional";"3";"4";"4";"500";"100";"0,0%";"0,0%"
"303.016";"Santa Helena";"Brazil";"Clubes Sem Divisão Nacional/Fora da Série D";"1.150";"0,0";"0";"0";"0";"0";"Professional";"2";"2";"2";"5.000";"700";"0,0%";"0,0%"
"313.284";"Santa Inês";"Brazil";"Eerste klasse A";"1";"0,0";"0";"0";"0";"0";"Professional";"5";"5";"4";"9.146";"700";"0,0%";"0,0%"
"319.132";"Santa Maria (DF)";"Brazil";"Clubes Sem Divisão Nacional/Fora da Série D";"1.150";"26,0";"0";"0";"0";"0";"Professional";"4";"3";"3";"20.000";"800";"5,5%";"6,1%"
"19.006.290";"Santa Quitéria";"Brazil";"Clubes Sem Divisão Nacional/Fora da Série D";"850";"0,0";"0";"0";"0";"0";"Professional";"2";"2";"3";"3.000";"381";"0,0%";"0,0%"
"2.000.062.934";"Santa Quitéria (PR)";"Brazil";"Eerste klasse A";"1";"0,0";"0";"0";"0";"0";"Semi-Professional";"1";"1";"1";"0";"250";"0,0%";"0,0%"
"303.902";"Santa Rita (AL)";"Brazil";"Eerste klasse A";"500";"0,0";"0";"0";"0";"0";"Professional";"10";"8";"6";"1.200";"1.427";"0,0%";"0,0%"
"2.000.109.059";"Santa Rita (PB)";"Brazil";"Clubes Sem Divisão Nacional/Fora da Série D";"600";"0,0";"0";"0";"0";"0";"Amateur";"4";"6";"6";"2.500";"50";"0,0%";"0,0%"
"308.941";"Santa Rosa (PA)";"Brazil";"Clubes Sem Divisão Nacional/Fora da Série D";"1.100";"28,3";"0";"0";"0";"0";"Professional";"2";"2";"2";"5.000";"700";"40,8%";"43,0%"
"19.006.563";"Santacruzense";"Brazil";"Clubes Sem Divisão Nacional/Fora da Série D";"600";"0,0";"0";"0";"0";"0";"Professional";"5";"5";"5";"4.000";"348";"0,0%";"0,0%"
"313.514";"Santana (AP)";"Brazil";"Clubes Sem Divisão Nacional/Fora da Série D";"750";"0,0";"0";"0";"0";"0";"Professional";"6";"2";"3";"5.000";"600";"0,0%";"0,0%"
"19.023.591";"Santarritense";"Brazil";"Clubes Sem Divisão Nacional/Fora da Série D";"500";"0,0";"0";"0";"0";"0";"Professional";"4";"2";"3";"4.500";"126";"0,0%";"0,0%"
"19.289.565";"Santo Amaro";"Brazil";"Eerste klasse A";"1";"0,0";"0";"0";"0";"0";"Semi-Professional";"3";"2";"1";"0";"250";"0,0%";"0,0%"
"301.352";"Santo André";"Brazil";"Brasileirão Série D";"3.800";"28,6";"-5.510";"0";"0";"0";"Professional";"10";"9";"7";"14.185";"1.500";"68,2%";"70,8%"
"301.282";"Santo Ângelo";"Brazil";"Clubes Sem Divisão Nacional/Fora da Série D";"750";"0,0";"0";"0";"0";"0";"Professional";"4";"5";"6";"7.000";"800";"0,0%";"0,0%"
"314.318";"Santo Antônio (ES)";"Brazil";"Eerste klasse A";"1";"0,0";"0";"0";"0";"0";"Semi-Professional";"1";"1";"1";"0";"250";"0,0%";"0,0%"
"335";"Santos";"Brazil";"Brasileirão Assaí";"6.650";"27,3";"1.619.850";"1.608.720";"1.608.720";"197.180";"Professional";"16";"13";"14";"16.068";"12.147";"76,1%";"78,7%"
"313.579";"Santos (AM)";"Brazil";"Eerste klasse A";"1";"0,0";"0";"0";"0";"0";"Semi-Professional";"3";"2";"1";"0";"250";"0,0%";"0,0%"
"301.107";"Santos (AP)";"Brazil";"Clubes Sem Divisão Nacional/Fora da Série D";"1.350";"0,0";"0";"0";"0";"0";"Professional";"7";"4";"6";"13.680";"1.500";"0,0%";"0,0%"
"2.000.152.166";"Santos Athletico";"Brazil";"Clubes Sem Divisão Nacional/Fora da Série D";"750";"0,0";"0";"0";"0";"0";"Professional";"2";"3";"3";"1.000";"100";"0,0%";"0,0%"
"314.198";"Santos de Tereré";"Brazil";"Clubes Sem Divisão Nacional/Fora da Série D";"400";"0,0";"0";"0";"0";"0";"Professional";"3";"2";"3";"1.500";"800";"0,0%";"0,0%"
"309.747";"Santos Dumont (BA)";"Brazil";"Eerste klasse A";"1";"0,0";"0";"0";"0";"0";"Semi-Professional";"2";"1";"1";"0";"250";"0,0%";"0,0%"
"19.339.651";"Santos Dumont (MA)";"Brazil";"Eerste klasse A";"1";"0,0";"0";"0";"0";"0";"Semi-Professional";"1";"1";"1";"0";"250";"0,0%";"0,0%"
"313.286";"São Bento (MA)";"Brazil";"Eerste klasse A";"1";"0,0";"0";"0";"0";"0";"Professional";"3";"2";"2";"5.500";"600";"0,0%";"0,0%"
"302.142";"São Bento (SP)";"Brazil";"Clubes Sem Divisão Nacional/Fora da Série D";"3.100";"28,8";"0";"0";"0";"0";"Professional";"5";"6";"7";"13.772";"1.537";"63,3%";"65,8%"
"2.106.553";"São Bernardo";"Brazil";"Brasileirão Série C";"4.450";"27,5";"608.290";"16.090";"16.090";"20.860";"Professional";"8";"8";"8";"15.759";"800";"68,1%";"71,2%"
"19.354.776";"São Borja";"Brazil";"Clubes Sem Divisão Nacional/Fora da Série D";"950";"0,0";"0";"0";"0";"0";"Professional";"5";"5";"6";"8.000";"250";"0,0%";"0,0%"
"301.354";"São Caetano";"Brazil";"Clubes Sem Divisão Nacional/Fora da Série D";"2.100";"24,7";"0";"0";"0";"0";"Professional";"9";"7";"8";"16.744";"997";"55,9%";"61,6%"
"2.108.186";"São Carlos";"Brazil";"Clubes Sem Divisão Nacional/Fora da Série D";"650";"0,0";"0";"0";"0";"0";"Professional";"4";"2";"2";"10.000";"700";"0,0%";"0,0%"
"19.005.307";"São Cristóvão (BA)";"Brazil";"Eerste klasse A";"1";"0,0";"0";"0";"0";"0";"Semi-Professional";"2";"1";"1";"0";"250";"0,0%";"0,0%"
"301.253";"São Cristóvão (RJ)";"Brazil";"Clubes Sem Divisão Nacional/Fora da Série D";"800";"0,0";"0";"0";"0";"0";"Professional";"2";"2";"2";"800";"500";"0,0%";"0,0%"
"19.026.904";"São Cristóvão (SE)";"Brazil";"Eerste klasse A";"1";"0,0";"0";"0";"0";"0";"Professional";"5";"4";"4";"4.000";"310";"0,0%";"0,0%"
"313.669";"São Domingos (AL)";"Brazil";"Eerste klasse A";"400";"0,0";"0";"0";"0";"0";"Professional";"5";"2";"4";"2.000";"700";"0,0%";"0,0%"
"314.619";"São Domingos (RO)";"Brazil";"Eerste klasse A";"1";"0,0";"0";"0";"0";"0";"Semi-Professional";"3";"2";"1";"0";"250";"0,0%";"0,0%"
"19.052.148";"São Domingos (SE)";"Brazil";"Eerste klasse A";"1";"0,0";"0";"0";"0";"0";"Professional";"4";"4";"5";"3.000";"400";"0,0%";"0,0%"
"19.013.859";"São Francisco (AC)";"Brazil";"Brasileirão Série D";"1.200";"0,0";"0";"0";"0";"0";"Professional";"2";"3";"3";"5.000";"240";"0,0%";"0,0%"
"308.942";"São Francisco (PA)";"Brazil";"Clubes Sem Divisão Nacional/Fora da Série D";"1.300";"23,0";"0";"0";"0";"0";"Professional";"4";"2";"2";"16.000";"700";"11,4%";"12,9%"
"314.695";"São Francisco (RR)";"Brazil";"Eerste klasse A";"1";"0,0";"0";"0";"0";"0";"Professional";"3";"2";"3";"5.000";"800";"0,0%";"0,0%"
"19.055.047";"São Gabriel (MS)";"Brazil";"Clubes Sem Divisão Nacional/Fora da Série D";"550";"0,0";"0";"0";"0";"0";"Professional";"3";"3";"4";"3.000";"250";"0,0%";"0,0%"
"19.224.752";"São Gabriel (RS)";"Brazil";"Clubes Sem Divisão Nacional/Fora da Série D";"1.300";"0,0";"0";"0";"0";"0";"Professional";"5";"6";"6";"8.500";"350";"0,0%";"0,0%"
"309.635";"São Gonçalo (RN)";"Brazil";"Eerste klasse A";"1";"0,0";"0";"0";"0";"0";"Professional";"7";"4";"6";"5.000";"1.250";"0,0%";"0,0%"
"19.189.823";"São Gonçalo EC (RJ)";"Brazil";"Clubes Sem Divisão Nacional/Fora da Série D";"950";"0,0";"0";"0";"0";"0";"Professional";"5";"5";"6";"3.000";"200";"0,0%";"0,0%"
"19.142.673";"São João da Barra";"Brazil";"Eerste klasse A";"350";"0,0";"0";"0";"0";"0";"Professional";"2";"3";"2";"5.000";"250";"0,0%";"0,0%"
"303.012";"São José (AP)";"Brazil";"Eerste klasse A";"350";"0,0";"0";"0";"0";"0";"Professional";"7";"6";"5";"13.680";"1.500";"0,0%";"0,0%"
"19.048.344";"São José (MA)";"Brazil";"Clubes Sem Divisão Nacional/Fora da Série D";"1.050";"0,0";"0";"0";"0";"0";"Professional";"3";"5";"6";"600";"978";"0,0%";"0,0%"
"19.170.018";"São José (RJ)";"Brazil";"Clubes Sem Divisão Nacional/Fora da Série D";"350";"0,0";"0";"0";"0";"0";"Professional";"4";"4";"5";"2.000";"200";"0,0%";"0,0%"
"301.284";"São José (RS)";"Brazil";"Brasileirão Série C";"4.350";"27,2";"141.090";"0";"0";"10.070";"Professional";"10";"7";"9";"16.000";"500";"64,7%";"69,2%"
"301.356";"São José (SP)";"Brazil";"Clubes Sem Divisão Nacional/Fora da Série D";"2.000";"28,2";"0";"0";"0";"0";"Professional";"9";"7";"7";"16.500";"3.000";"63,8%";"66,9%"
"19.051.820";"São José (TO)";"Brazil";"Clubes Sem Divisão Nacional/Fora da Série D";"550";"0,0";"0";"0";"0";"0";"Professional";"5";"4";"3";"8.000";"300";"0,0%";"0,0%"
"2.000.154.433";"São Luís (MA)";"Brazil";"Clubes Sem Divisão Nacional/Fora da Série D";"550";"0,0";"0";"0";"0";"0";"Professional";"3";"2";"1";"11.429";"250";"0,0%";"0,0%"
"301.286";"São Luiz";"Brazil";"Clubes Sem Divisão Nacional/Fora da Série D";"2.750";"27,7";"0";"0";"0";"0";"Professional";"7";"4";"4";"8.000";"1.700";"63,9%";"67,2%"
"310.384";"São Mateus";"Brazil";"Clubes Sem Divisão Nacional/Fora da Série D";"950";"0,0";"0";"0";"0";"0";"Professional";"4";"5";"5";"4.500";"1.000";"0,0%";"0,0%"
"337";"São Paulo";"Brazil";"Brasileirão Assaí";"7.350";"26,8";"2.949.500";"6.434.880";"6.434.880";"312.970";"Professional";"17";"13";"14";"77.011";"43.780";"76,4%";"78,6%"
"313.257";"São Paulo (AP)";"Brazil";"Clubes Sem Divisão Nacional/Fora da Série D";"800";"0,0";"0";"0";"0";"0";"Professional";"3";"2";"4";"13.680";"800";"0,0%";"0,0%"
"312.305";"São Paulo (BA)";"Brazil";"Eerste klasse A";"1";"0,0";"0";"0";"0";"0";"Semi-Professional";"1";"1";"1";"0";"250";"0,0%";"0,0%"
"308.944";"São Paulo (RS)";"Brazil";"Clubes Sem Divisão Nacional/Fora da Série D";"1.150";"0,0";"0";"0";"0";"0";"Professional";"6";"3";"3";"8.000";"1.000";"0,0%";"0,0%"
"104.872";"São Paulo Athletic";"Brazil";"Eerste klasse A";"1";"0,0";"0";"0";"0";"0";"Semi-Professional";"3";"2";"1";"0";"250";"0,0%";"0,0%"
"19.334.181";"São Paulo Crystal";"Brazil";"Clubes Sem Divisão Nacional/Fora da Série D";"1.450";"36,0";"0";"0";"0";"0";"Professional";"4";"5";"6";"35.000";"350";"5,6%";"5,6%"
"19.295.784";"São Paulo FC (PB)";"Brazil";"Eerste klasse A";"1";"0,0";"0";"0";"0";"0";"Semi-Professional";"2";"1";"1";"0";"250";"0,0%";"0,0%"
"301.111";"São Raimundo (AM)";"Brazil";"Clubes Sem Divisão Nacional/Fora da Série D";"1.250";"0,0";"0";"0";"0";"0";"Professional";"10";"7";"7";"11.000";"2.300";"0,0%";"0,0%"
"308.943";"São Raimundo (PA)";"Brazil";"Clubes Sem Divisão Nacional/Fora da Série D";"1.050";"0,0";"0";"0";"0";"0";"Professional";"6";"5";"5";"16.000";"4.200";"0,0%";"0,0%"
"309.146";"São Raimundo (RR)";"Brazil";"Brasileirão Série D";"1.700";"0,0";"0";"0";"0";"0";"Professional";"7";"4";"6";"5.000";"1.000";"0,0%";"0,0%"
"309.746";"São Salvador (BA)";"Brazil";"Eerste klasse A";"1";"0,0";"0";"0";"0";"0";"Semi-Professional";"3";"2";"1";"0";"250";"0,0%";"0,0%"
"301.357";"São-Carlense";"Brazil";"Clubes Sem Divisão Nacional/Fora da Série D";"900";"24,4";"0";"0";"0";"0";"Professional";"4";"3";"3";"10.000";"1.500";"40,0%";"44,1%"
"19.300.025";"São-Joseense";"Brazil";"Brasileirão Série D";"2.150";"29,5";"0";"0";"0";"0";"Professional";"3";"3";"5";"4.043";"500";"64,8%";"68,0%"
"320.392";"Sapucaia (RJ)";"Brazil";"Eerste klasse A";"1";"0,0";"0";"0";"0";"0";"Semi-Professional";"3";"2";"1";"0";"250";"0,0%";"0,0%"
"19.007.279";"Sapucaiense";"Brazil";"Clubes Sem Divisão Nacional/Fora da Série D";"800";"0,0";"0";"0";"0";"0";"Professional";"4";"2";"5";"2.000";"651";"0,0%";"0,0%"
"314.765";"Saquarema";"Brazil";"Eerste klasse A";"1";"0,0";"0";"0";"0";"0";"Professional";"3";"2";"3";"7.000";"650";"0,0%";"0,0%"
"312.297";"Savóia (PR)";"Brazil";"Eerste klasse A";"1";"0,0";"0";"0";"0";"0";"Semi-Professional";"1";"1";"1";"0";"250";"0,0%";"0,0%"
"19.385.067";"SC 12 Horas";"Brazil";"Clubes Sem Divisão Nacional/Fora da Série D";"400";"0,0";"0";"0";"0";"0";"Professional";"5";"4";"5";"2.100";"200";"0,0%";"0,0%"
"320.678";"SC Alumni (SP)";"Brazil";"Eerste klasse A";"1";"0,0";"0";"0";"0";"0";"Semi-Professional";"1";"1";"1";"0";"250";"0,0%";"0,0%"
"314.785";"SC Americano (RJ)";"Brazil";"Eerste klasse A";"1";"0,0";"0";"0";"0";"0";"Semi-Professional";"2";"1";"1";"0";"250";"0,0%";"0,0%"
"19.084.683";"SC Flamengo (PE)";"Brazil";"Eerste klasse A";"1";"0,0";"0";"0";"0";"0";"Semi-Professional";"1";"1";"1";"0";"250";"0,0%";"0,0%"
"104.884";"SC Internacional (SP)";"Brazil";"Eerste klasse A";"1";"0,0";"0";"0";"0";"0";"Semi-Professional";"2";"1";"1";"0";"250";"0,0%";"0,0%"
"313.784";"SC Sírio (MA)";"Brazil";"Eerste klasse A";"1";"0,0";"0";"0";"0";"0";"Semi-Professional";"1";"1";"1";"0";"250";"0,0%";"0,0%"
"19.129.636";"SE Naviraiense";"Brazil";"Eerste klasse A";"1";"0,0";"0";"0";"0";"0";"Semi-Professional";"2";"1";"1";"0";"250";"0,0%";"0,0%"
"309.648";"SE Nova Andradina";"Brazil";"Eerste klasse A";"1";"0,0";"0";"0";"0";"0";"Professional";"3";"4";"3";"10.000";"900";"0,0%";"0,0%"
"310.901";"SE Patrocinense";"Brazil";"Clubes Sem Divisão Nacional/Fora da Série D";"550";"0,0";"0";"0";"0";"0";"Professional";"2";"2";"3";"5.500";"650";"0,0%";"0,0%"
"313.900";"SERC";"Brazil";"Clubes Sem Divisão Nacional/Fora da Série D";"1.000";"0,0";"0";"0";"0";"0";"Professional";"7";"4";"6";"5.000";"896";"0,0%";"0,0%"
"301.321";"Sergipe";"Brazil";"Brasileirão Série D";"3.250";"28,7";"0";"0";"0";"0";"Professional";"9";"6";"7";"15.575";"4.500";"63,7%";"67,0%"
"301.144";"Serra";"Brazil";"Clubes Sem Divisão Nacional/Fora da Série D";"1.450";"27,0";"0";"0";"0";"0";"Professional";"10";"8";"7";"2.000";"3.000";"16,7%";"18,2%"
"2.000.199.920";"Serra Branca";"Brazil";"Clubes Sem Divisão Nacional/Fora da Série D";"1.150";"28,7";"131.320";"0";"0";"0";"Professional";"3";"4";"4";"35.000";"100";"61,7%";"64,1%"
"311.973";"Serra Macaense";"Brazil";"Clubes Sem Divisão Nacional/Fora da Série D";"800";"0,0";"0";"0";"0";"0";"Professional";"5";"7";"6";"15.000";"870";"0,0%";"0,0%"
"19.164.161";"Serra Talhada";"Brazil";"Eerste klasse A";"650";"0,0";"0";"0";"0";"0";"Professional";"3";"4";"4";"5.000";"200";"0,0%";"0,0%"
"19.249.224";"Serranense";"Brazil";"Clubes Sem Divisão Nacional/Fora da Série D";"750";"0,0";"0";"0";"0";"0";"Professional";"6";"6";"5";"10.000";"200";"0,0%";"0,0%"
"313.295";"Serrano (PB)";"Brazil";"Clubes Sem Divisão Nacional/Fora da Série D";"550";"0,0";"0";"0";"0";"0";"Professional";"5";"3";"4";"1.000";"450";"0,0%";"0,0%"
"8.832.352";"Serrano (PE)";"Brazil";"Clubes Sem Divisão Nacional/Fora da Série D";"600";"0,0";"0";"0";"0";"0";"Professional";"8";"3";"6";"5.000";"1.645";"0,0%";"0,0%"
"301.255";"Serrano (RJ)";"Brazil";"Clubes Sem Divisão Nacional/Fora da Série D";"1.400";"0,0";"0";"0";"0";"0";"Professional";"4";"3";"3";"8.500";"500";"0,0%";"0,0%"
"316.781";"Sertãozinho";"Brazil";"Clubes Sem Divisão Nacional/Fora da Série D";"1.400";"26,6";"0";"0";"0";"0";"Professional";"9";"4";"7";"10.000";"900";"44,8%";"47,3%"
"19.152.073";"Serviço Gráfico";"Brazil";"Eerste klasse A";"1";"0,0";"0";"0";"0";"0";"Semi-Professional";"1";"1";"1";"0";"250";"0,0%";"0,0%"
"319.129";"SESP Taquatinga";"Brazil";"Clubes Sem Divisão Nacional/Fora da Série D";"700";"0,0";"0";"0";"0";"0";"Professional";"3";"2";"3";"3.000";"600";"0,0%";"0,0%"
"19.006.929";"Sete de Dourados";"Brazil";"Eerste klasse A";"700";"0,0";"0";"0";"0";"0";"Professional";"3";"2";"3";"30.000";"685";"0,0%";"0,0%"
"19.123.700";"Sete de Junho";"Brazil";"Clubes Sem Divisão Nacional/Fora da Série D";"550";"0,0";"0";"0";"0";"0";"Professional";"4";"2";"3";"7.000";"500";"0,0%";"0,0%"
"311.970";"Sete de Setembro";"Brazil";"Clubes Sem Divisão Nacional/Fora da Série D";"800";"0,0";"10";"0";"0";"0";"Professional";"5";"5";"6";"6.356";"700";"0,0%";"0,0%"
"19.190.079";"Sete de Setembro (MG)";"Brazil";"Eerste klasse A";"1";"0,0";"0";"0";"0";"0";"Semi-Professional";"2";"1";"1";"0";"250";"0,0%";"0,0%"
"2.000.306.764";"Sfera";"Brazil";"Eerste klasse A";"300";"0,0";"0";"0";"0";"0";"Amateur";"11";"11";"11";"5.900";"80";"0,0%";"0,0%"
"2.000.255.286";"Sharjah Brasil";"Brazil";"Clubes Sem Divisão Nacional/Fora da Série D";"300";"0,0";"0";"0";"0";"0";"Professional";"7";"5";"5";"5.000";"100";"0,0%";"0,0%"
"309.762";"Siderúrgica";"Brazil";"Eerste klasse A";"250";"0,0";"0";"0";"0";"0";"Professional";"3";"3";"3";"1.000";"100";"0,0%";"0,0%"
"314.694";"Sino-Brasileiro (PI)";"Brazil";"Eerste klasse A";"1";"0,0";"0";"0";"0";"0";"Semi-Professional";"2";"1";"1";"0";"250";"0,0%";"0,0%"
"19.019.859";"Sinop (MT)";"Brazil";"Clubes Sem Divisão Nacional/Fora da Série D";"950";"0,0";"0";"0";"0";"0";"Professional";"3";"3";"5";"13.000";"600";"0,0%";"0,0%"
"2.000.059.899";"Sírio Libanês (GO)";"Brazil";"Eerste klasse A";"1";"0,0";"0";"0";"0";"0";"Semi-Professional";"2";"1";"1";"0";"250";"0,0%";"0,0%"
"313.374";"SKA Brasil";"Brazil";"Clubes Sem Divisão Nacional/Fora da Série D";"900";"24,4";"0";"0";"0";"0";"Professional";"9";"11";"11";"7.200";"900";"28,3%";"31,2%"
"311.004";"Sobradinho";"Brazil";"Clubes Sem Divisão Nacional/Fora da Série D";"950";"0,0";"0";"0";"0";"0";"Professional";"5";"4";"4";"15.000";"1.800";"0,0%";"0,0%"
"310.900";"Social";"Brazil";"Eerste klasse A";"700";"0,0";"0";"0";"0";"0";"Professional";"4";"2";"5";"2.290";"800";"0,0%";"0,0%"
"19.144.922";"Socorrense";"Brazil";"Clubes Sem Divisão Nacional/Fora da Série D";"850";"0,0";"0";"0";"0";"0";"Professional";"2";"2";"3";"3.000";"200";"0,0%";"0,0%"
"19.392.512";"Sorriso";"Brazil";"Clubes Sem Divisão Nacional/Fora da Série D";"950";"0,0";"10";"0";"0";"0";"Professional";"5";"5";"4";"5.000";"200";"0,0%";"0,0%"
"19.032.889";"Sorriso EC";"Brazil";"Eerste klasse A";"1";"0,0";"0";"0";"0";"0";"Professional";"4";"4";"5";"5.000";"600";"0,0%";"0,0%"
"309.641";"Sousa";"Brazil";"Brasileirão Série D";"2.750";"28,1";"0";"0";"0";"0";"Professional";"4";"4";"4";"11.000";"600";"61,6%";"64,6%"
"19.222.877";"Sparta (TO)";"Brazil";"Clubes Sem Divisão Nacional/Fora da Série D";"800";"0,0";"0";"0";"0";"0";"Professional";"5";"5";"5";"6.000";"200";"0,0%";"0,0%"
"19.276.480";"Spartax";"Brazil";"Clubes Sem Divisão Nacional/Fora da Série D";"650";"0,0";"0";"0";"0";"0";"Professional";"5";"5";"6";"1.500";"200";"0,0%";"0,0%"
"338";"Sport";"Brazil";"Brasileirão Série B Betano";"5.900";"27,9";"290.880";"804.360";"804.360";"79.300";"Professional";"15";"13";"9";"30.520";"12.349";"71,9%";"74,6%"
"19.287.076";"Sport (ES)";"Brazil";"Clubes Sem Divisão Nacional/Fora da Série D";"650";"0,0";"0";"0";"0";"0";"Professional";"6";"6";"5";"7.700";"300";"0,0%";"0,0%"
"19.394.514";"Sport (SE)";"Brazil";"Clubes Sem Divisão Nacional/Fora da Série D";"600";"0,0";"0";"0";"0";"0";"Professional";"4";"5";"5";"3.000";"200";"0,0%";"0,0%"
"2.000.174.086";"Sport Bahia";"Brazil";"Eerste klasse A";"1";"0,0";"0";"0";"0";"0";"Semi-Professional";"2";"1";"1";"0";"250";"0,0%";"0,0%"
"308.945";"Sport Belém";"Brazil";"Clubes Sem Divisão Nacional/Fora da Série D";"600";"0,0";"0";"0";"0";"0";"Professional";"3";"3";"3";"45.007";"700";"0,0%";"0,0%"
"19.295.791";"Sport João Pessoa";"Brazil";"Eerste klasse A";"1";"0,0";"0";"0";"0";"0";"Semi-Professional";"1";"1";"1";"0";"250";"0,0%";"0,0%"
"19.190.856";"Sport Lagoa Seca";"Brazil";"Clubes Sem Divisão Nacional/Fora da Série D";"850";"0,0";"0";"0";"0";"0";"Professional";"5";"6";"6";"1.200";"200";"0,0%";"0,0%"
"2.000.100.561";"Sport Sinop";"Brazil";"Clubes Sem Divisão Nacional/Fora da Série D";"1.050";"0,0";"0";"0";"0";"0";"Professional";"4";"4";"4";"13.000";"200";"0,0%";"0,0%"
"2.000.054.132";"Sporting Maracanã";"Brazil";"Clubes Sem Divisão Nacional/Fora da Série D";"600";"22,0";"0";"0";"0";"0";"Professional";"4";"3";"3";"5.000";"200";"5,5%";"5,9%"
"309.653";"Sul América";"Brazil";"Clubes Sem Divisão Nacional/Fora da Série D";"800";"0,0";"0";"0";"0";"0";"Professional";"4";"3";"3";"11.000";"800";"0,0%";"0,0%"
"2.000.135.691";"Sulbrasil";"Brazil";"Eerste klasse A";"250";"0,0";"0";"0";"0";"0";"Amateur";"2";"3";"5";"500";"200";"0,0%";"0,0%"
"301.374";"Surubim";"Brazil";"Eerste klasse A";"1";"0,0";"0";"0";"0";"0";"Professional";"3";"2";"3";"3.000";"600";"0,0%";"0,0%"
"2.106.555";"Taboão da Serra";"Brazil";"Eerste klasse A";"300";"0,0";"0";"0";"0";"0";"Semi-Professional";"2";"2";"2";"7.500";"400";"0,0%";"0,0%"
"313.788";"Taguatinga";"Brazil";"Clubes Sem Divisão Nacional/Fora da Série D";"1.000";"0,0";"0";"0";"0";"0";"Professional";"2";"2";"2";"27.000";"2.500";"0,0%";"0,0%"
"2.109.247";"Tanabi";"Brazil";"Clubes Sem Divisão Nacional/Fora da Série D";"600";"0,0";"0";"0";"0";"0";"Professional";"2";"3";"5";"15.200";"600";"0,0%";"0,0%"
"19.249.036";"Tapajós (PA)";"Brazil";"Clubes Sem Divisão Nacional/Fora da Série D";"1.300";"30,0";"0";"0";"0";"0";"Professional";"5";"5";"6";"16.000";"150";"28,4%";"29,7%"
"311.034";"Taquaritinga";"Brazil";"Clubes Sem Divisão Nacional/Fora da Série D";"850";"20,7";"0";"0";"0";"0";"Professional";"2";"2";"2";"18.800";"1.000";"16,3%";"19,2%"
"19.369.919";"Taquarussú";"Brazil";"Clubes Sem Divisão Nacional/Fora da Série D";"500";"0,0";"0";"0";"0";"0";"Professional";"3";"3";"4";"1.000";"100";"0,0%";"0,0%"
"19.140.598";"Tarumã";"Brazil";"Clubes Sem Divisão Nacional/Fora da Série D";"550";"0,0";"0";"0";"0";"0";"Professional";"3";"3";"5";"2.710";"200";"0,0%";"0,0%"
"311.036";"Taubaté";"Brazil";"Clubes Sem Divisão Nacional/Fora da Série D";"1.900";"27,5";"0";"0";"0";"0";"Professional";"4";"8";"8";"12.896";"1.600";"62,7%";"66,7%"
"319.126";"Terra e Mar";"Brazil";"Clubes Sem Divisão Nacional/Fora da Série D";"500";"0,0";"0";"0";"0";"0";"Professional";"5";"2";"3";"3.000";"600";"0,0%";"0,0%"
"314.099";"Theresinense FC (PI)";"Brazil";"Eerste klasse A";"1";"0,0";"0";"0";"0";"0";"Semi-Professional";"2";"1";"1";"0";"250";"0,0%";"0,0%"
"19.019.871";"Tianguá";"Brazil";"Clubes Sem Divisão Nacional/Fora da Série D";"450";"0,0";"0";"0";"0";"0";"Professional";"3";"3";"3";"3.000";"300";"0,0%";"0,0%"
"2.113.020";"Tigres do Brasil";"Brazil";"Clubes Sem Divisão Nacional/Fora da Série D";"800";"0,0";"0";"0";"0";"0";"Professional";"11";"8";"7";"6.300";"300";"0,0%";"0,0%"
"19.186.108";"Timbaúba";"Brazil";"Clubes Sem Divisão Nacional/Fora da Série D";"500";"0,0";"0";"0";"0";"0";"Professional";"4";"4";"5";"5.000";"200";"0,0%";"0,0%"
"19.041.053";"Timon (MA)";"Brazil";"Clubes Sem Divisão Nacional/Fora da Série D";"800";"0,0";"0";"0";"0";"0";"Professional";"3";"3";"4";"5.000";"282";"0,0%";"0,0%"
"19.273.689";"Timon (PI)";"Brazil";"Clubes Sem Divisão Nacional/Fora da Série D";"450";"0,0";"0";"0";"0";"0";"Professional";"5";"5";"6";"5.000";"300";"0,0%";"0,0%"
"310.645";"Tiradentes (CE)";"Brazil";"Clubes Sem Divisão Nacional/Fora da Série D";"1.100";"0,0";"0";"0";"0";"0";"Professional";"2";"2";"2";"22.000";"2.000";"0,0%";"0,0%"
"313.789";"Tiradentes (DF)";"Brazil";"Eerste klasse A";"1";"0,0";"0";"0";"0";"0";"Professional";"4";"2";"4";"27.000";"1.000";"0,0%";"0,0%"
"308.946";"Tiradentes (PA)";"Brazil";"Clubes Sem Divisão Nacional/Fora da Série D";"650";"0,0";"0";"0";"0";"0";"Professional";"3";"4";"3";"5.000";"850";"0,0%";"0,0%"
"314.101";"Tiradentes (PI)";"Brazil";"Clubes Sem Divisão Nacional/Fora da Série D";"600";"0,0";"0";"0";"0";"0";"Professional";"4";"2";"2";"5.144";"600";"0,0%";"0,0%"
"301.331";"Tocantinópolis";"Brazil";"Brasileirão Série D";"2.350";"30,0";"0";"0";"0";"0";"Professional";"7";"5";"5";"6.000";"1.700";"45,9%";"47,7%"
"19.028.177";"Tocantins";"Brazil";"Eerste klasse A";"1";"0,0";"0";"0";"0";"0";"Professional";"3";"3";"2";"8.000";"200";"0,0%";"0,0%"
"313.339";"Tocantins de Miracema";"Brazil";"Clubes Sem Divisão Nacional/Fora da Série D";"1.100";"0,0";"0";"0";"0";"0";"Professional";"3";"3";"3";"2.000";"1.000";"0,0%";"0,0%"
"19.005.116";"Toledo (PR)";"Brazil";"Clubes Sem Divisão Nacional/Fora da Série D";"1.250";"0,0";"0";"0";"0";"0";"Professional";"6";"7";"5";"14.000";"1.211";"0,0%";"0,0%"
"318.860";"Tombense";"Brazil";"Brasileirão Série B Betano";"4.850";"26,0";"16.390";"16.090";"16.090";"16.710";"Professional";"6";"5";"7";"6.555";"600";"69,0%";"72,5%"
"309.772";"Torre";"Brazil";"Eerste klasse A";"1";"0,0";"0";"0";"0";"0";"Semi-Professional";"1";"1";"1";"0";"250";"0,0%";"0,0%"
"312.331";"Trabalhista (SC)";"Brazil";"Eerste klasse A";"1";"0,0";"0";"0";"0";"0";"Semi-Professional";"1";"1";"1";"0";"250";"0,0%";"0,0%"
"309.773";"Tramways (CE)";"Brazil";"Eerste klasse A";"1";"0,0";"0";"0";"0";"0";"Semi-Professional";"3";"2";"1";"0";"250";"0,0%";"0,0%"
"19.019.866";"Transways SC (PE)";"Brazil";"Eerste klasse A";"1";"0,0";"0";"0";"0";"0";"Semi-Professional";"1";"1";"1";"0";"250";"0,0%";"0,0%"
"313.350";"Trem";"Brazil";"Brasileirão Série D";"1.500";"31,6";"-2.490";"0";"0";"0";"Professional";"5";"4";"5";"13.680";"1.100";"62,3%";"64,4%"
"2.000.077.883";"Três Lagoas";"Brazil";"Clubes Sem Divisão Nacional/Fora da Série D";"750";"0,0";"0";"0";"0";"0";"Professional";"4";"4";"3";"6.200";"200";"0,0%";"0,0%"
"19.009.495";"Três Passos";"Brazil";"Clubes Sem Divisão Nacional/Fora da Série D";"500";"0,0";"0";"0";"0";"0";"Professional";"4";"6";"7";"1.500";"274";"0,0%";"0,0%"
"301.212";"Treze";"Brazil";"Clubes Sem Divisão Nacional/Fora da Série D";"3.400";"26,9";"0";"0";"0";"0";"Professional";"9";"8";"6";"8.800";"4.800";"62,4%";"66,1%"
"19.139.754";"Tricordiano";"Brazil";"Eerste klasse A";"400";"0,0";"0";"0";"0";"0";"Professional";"2";"2";"3";"5.000";"300";"0,0%";"0,0%"
"19.108.553";"Trieste (PR)";"Brazil";"Eerste klasse A";"250";"0,0";"0";"0";"0";"0";"Amateur";"11";"10";"10";"3.000";"250";"0,0%";"0,0%"
"19.023.700";"Trindade";"Brazil";"Clubes Sem Divisão Nacional/Fora da Série D";"950";"0,0";"0";"0";"0";"0";"Professional";"6";"7";"7";"2.000";"312";"0,0%";"0,0%"
"301.318";"Tubarão";"Brazil";"Eerste klasse A";"1";"0,0";"0";"0";"0";"0";"Professional";"8";"8";"1";"15.000";"1.900";"0,0%";"0,0%"
"107.234";"Tuna Luso";"Brazil";"Brasileirão Série D";"2.150";"30,4";"0";"0";"0";"0";"Professional";"7";"7";"6";"6.500";"2.000";"57,8%";"59,5%"
"2.000.125.473";"Tuntum";"Brazil";"Clubes Sem Divisão Nacional/Fora da Série D";"1.100";"33,0";"0";"0";"0";"0";"Professional";"3";"3";"4";"5.000";"200";"11,8%";"11,9%"
"318.911";"Tupã";"Brazil";"Clubes Sem Divisão Nacional/Fora da Série D";"600";"0,0";"0";"0";"0";"0";"Professional";"2";"3";"3";"12.000";"600";"0,0%";"0,0%"
"2.000.057.909";"Tupan";"Brazil";"Clubes Sem Divisão Nacional/Fora da Série D";"550";"0,0";"0";"0";"0";"0";"Professional";"4";"4";"5";"40.149";"200";"0,0%";"0,0%"
"313.785";"Tupan SC (MA)";"Brazil";"Eerste klasse A";"1";"0,0";"0";"0";"0";"0";"Semi-Professional";"1";"1";"1";"0";"250";"0,0%";"0,0%"
"301.198";"Tupi";"Brazil";"Clubes Sem Divisão Nacional/Fora da Série D";"1.750";"0,0";"0";"0";"0";"0";"Professional";"8";"7";"7";"31.863";"509";"0,0%";"0,0%"
"19.009.099";"Tupi (RS)";"Brazil";"Clubes Sem Divisão Nacional/Fora da Série D";"1.050";"0,0";"0";"0";"0";"0";"Professional";"2";"2";"2";"4.000";"250";"0,0%";"0,0%"
"8.825.473";"Tupy (ES)";"Brazil";"Clubes Sem Divisão Nacional/Fora da Série D";"850";"0,0";"0";"0";"0";"0";"Professional";"4";"2";"3";"1.000";"900";"0,0%";"0,0%"
"19.035.623";"Tupy de Jussara";"Brazil";"Clubes Sem Divisão Nacional/Fora da Série D";"600";"0,0";"0";"0";"0";"0";"Professional";"3";"4";"4";"3.000";"200";"0,0%";"0,0%"
"19.040.477";"Tupynambás";"Brazil";"Clubes Sem Divisão Nacional/Fora da Série D";"1.300";"0,0";"0";"0";"0";"0";"Professional";"3";"2";"5";"31.863";"400";"0,0%";"0,0%"
"310.898";"Uberaba";"Brazil";"Clubes Sem Divisão Nacional/Fora da Série D";"900";"0,0";"0";"0";"0";"0";"Professional";"3";"4";"4";"13.060";"1.600";"0,0%";"0,0%"
"301.200";"Uberlândia";"Brazil";"Clubes Sem Divisão Nacional/Fora da Série D";"2.150";"26,2";"0";"0";"0";"0";"Professional";"8";"6";"5";"53.350";"4.500";"63,2%";"66,7%"
"301.177";"Ubiratan";"Brazil";"Eerste klasse A";"600";"0,0";"0";"0";"0";"0";"Professional";"4";"3";"2";"30.000";"2.100";"0,0%";"0,0%"
"19.005.435";"Ulbra (RO)";"Brazil";"Eerste klasse A";"1";"0,0";"0";"0";"0";"0";"Professional";"10";"6";"5";"5.000";"627";"0,0%";"0,0%"
"19.223.523";"Unaí";"Brazil";"Clubes Sem Divisão Nacional/Fora da Série D";"800";"0,0";"0";"0";"0";"0";"Professional";"5";"5";"6";"3.000";"250";"0,0%";"0,0%"
"2.000.096.694";"Uni Souza";"Brazil";"Clubes Sem Divisão Nacional/Fora da Série D";"650";"0,0";"0";"0";"0";"0";"Professional";"4";"4";"3";"5.000";"200";"0,0%";"0,0%"
"19.171.304";"União (CE)";"Brazil";"Clubes Sem Divisão Nacional/Fora da Série D";"650";"0,0";"0";"0";"0";"0";"Professional";"3";"3";"4";"63.903";"250";"0,0%";"0,0%"
"19.295.786";"União (PB)";"Brazil";"Eerste klasse A";"1";"0,0";"0";"0";"0";"0";"Semi-Professional";"1";"1";"1";"0";"250";"0,0%";"0,0%"
"2.000.099.933";"União (PE)";"Brazil";"Eerste klasse A";"1";"0,0";"0";"0";"0";"0";"Semi-Professional";"2";"1";"1";"0";"250";"0,0%";"0,0%"
"313.250";"União ABC";"Brazil";"Clubes Sem Divisão Nacional/Fora da Série D";"950";"0,0";"0";"0";"0";"0";"Professional";"3";"3";"5";"4.500";"590";"0,0%";"0,0%"
"301.228";"União Bandeirante";"Brazil";"Eerste klasse A";"1";"0,0";"0";"0";"0";"0";"Professional";"7";"7";"5";"8.000";"1.800";"0,0%";"0,0%"
"301.359";"União Barbarense";"Brazil";"Clubes Sem Divisão Nacional/Fora da Série D";"950";"28,2";"0";"0";"0";"0";"Professional";"6";"7";"6";"15.400";"2.600";"27,7%";"29,0%"
"19.300.811";"União Beltrão";"Brazil";"Clubes Sem Divisão Nacional/Fora da Série D";"1.000";"0,0";"0";"0";"0";"0";"Professional";"6";"6";"7";"4.963";"200";"0,0%";"0,0%"
"309.619";"União Cacoalense";"Brazil";"Clubes Sem Divisão Nacional/Fora da Série D";"1.050";"0,0";"0";"0";"0";"0";"Professional";"8";"4";"6";"3.000";"1.500";"0,0%";"0,0%"
"313.343";"União Carmolandense (TO)";"Brazil";"Clubes Sem Divisão Nacional/Fora da Série D";"950";"33,0";"0";"0";"0";"0";"Professional";"3";"2";"3";"6.000";"700";"5,5%";"5,5%"
"19.087.542";"União Central";"Brazil";"Clubes Sem Divisão Nacional/Fora da Série D";"450";"0,0";"0";"0";"0";"0";"Professional";"3";"3";"3";"2.390";"100";"0,0%";"0,0%"
"19.281.313";"União da Ilha (PE)";"Brazil";"Eerste klasse A";"50";"0,0";"0";"0";"0";"0";"Amateur";"2";"3";"2";"1.000";"50";"0,0%";"0,0%"
"313.576";"União Esportiva (AM)";"Brazil";"Eerste klasse A";"1";"0,0";"0";"0";"0";"0";"Semi-Professional";"2";"1";"1";"0";"250";"0,0%";"0,0%"
"19.019.860";"União Esportiva (PA)";"Brazil";"Eerste klasse A";"1";"0,0";"0";"0";"0";"0";"Semi-Professional";"3";"2";"1";"0";"250";"0,0%";"0,0%"
"314.769";"União Fluminense (SP)";"Brazil";"Eerste klasse A";"1";"0,0";"0";"0";"0";"0";"Semi-Professional";"2";"1";"1";"0";"250";"0,0%";"0,0%"
"19.151.082";"União Frederiquense";"Brazil";"Clubes Sem Divisão Nacional/Fora da Série D";"1.850";"0,0";"0";"0";"0";"0";"Professional";"3";"3";"3";"1.500";"500";"0,0%";"0,0%"
"19.393.407";"União Harmonia";"Brazil";"Clubes Sem Divisão Nacional/Fora da Série D";"400";"0,0";"0";"0";"0";"0";"Professional";"5";"4";"4";"1.000";"125";"0,0%";"0,0%"
"2.000.152.172";"União Iacanga";"Brazil";"Eerste klasse A";"250";"0,0";"0";"0";"0";"0";"Professional";"4";"4";"2";"2.000";"100";"0,0%";"0,0%"
"301.161";"União Inhumas";"Brazil";"Clubes Sem Divisão Nacional/Fora da Série D";"450";"0,0";"0";"0";"0";"0";"Professional";"4";"2";"2";"4.380";"450";"0,0%";"0,0%"
"19.120.805";"União Luziense";"Brazil";"Clubes Sem Divisão Nacional/Fora da Série D";"1.100";"0,0";"0";"0";"0";"0";"Professional";"3";"3";"2";"2.000";"200";"0,0%";"0,0%"
"311.032";"União Mogi";"Brazil";"Clubes Sem Divisão Nacional/Fora da Série D";"650";"0,0";"0";"0";"0";"0";"Professional";"4";"3";"3";"14.384";"600";"0,0%";"0,0%"
"19.397.708";"União Paraense";"Brazil";"Clubes Sem Divisão Nacional/Fora da Série D";"650";"0,0";"0";"0";"0";"0";"Professional";"4";"4";"3";"6.500";"100";"0,0%";"0,0%"
"301.179";"União Rondonópolis";"Brazil";"Brasileirão Série D";"2.800";"25,9";"0";"0";"0";"0";"Professional";"7";"4";"6";"16.000";"2.000";"62,1%";"66,0%"
"336";"União São João";"Brazil";"Clubes Sem Divisão Nacional/Fora da Série D";"1.000";"26,6";"0";"0";"0";"0";"Professional";"9";"9";"9";"22.000";"2.500";"51,1%";"54,4%"
"2.114.007";"União Suzano";"Brazil";"Clubes Sem Divisão Nacional/Fora da Série D";"1.250";"23,5";"0";"0";"0";"0";"Professional";"2";"3";"3";"5.034";"400";"33,0%";"35,5%"
"301.239";"Unibol";"Brazil";"Eerste klasse A";"1";"0,0";"0";"0";"0";"0";"Professional";"3";"8";"4";"1.300";"1.800";"0,0%";"0,0%"
"2.000.182.369";"Unidos do Alvorada";"Brazil";"Clubes Sem Divisão Nacional/Fora da Série D";"950";"0,0";"0";"0";"0";"0";"Professional";"3";"3";"2";"11.000";"200";"0,0%";"0,0%"
"19.382.030";"UNIRB";"Brazil";"Clubes Sem Divisão Nacional/Fora da Série D";"1.200";"0,0";"0";"0";"0";"0";"Professional";"6";"4";"4";"16.000";"100";"0,0%";"0,0%"
"301.202";"URT";"Brazil";"Clubes Sem Divisão Nacional/Fora da Série D";"1.850";"0,0";"0";"0";"0";"0";"Professional";"6";"4";"5";"5.500";"1.865";"0,0%";"0,0%"
"2.000.204.861";"Uruaçu";"Brazil";"Clubes Sem Divisão Nacional/Fora da Série D";"650";"0,0";"0";"0";"0";"0";"Professional";"3";"4";"4";"3.000";"100";"0,0%";"0,0%"
"314.611";"Usina Ceará";"Brazil";"Eerste klasse A";"1";"0,0";"0";"0";"0";"0";"Semi-Professional";"1";"1";"1";"0";"250";"0,0%";"0,0%"
"314.321";"Valério (ES)";"Brazil";"Eerste klasse A";"1";"0,0";"0";"0";"0";"0";"Semi-Professional";"3";"2";"1";"0";"250";"0,0%";"0,0%"
"301.204";"Valeriodoce";"Brazil";"Clubes Sem Divisão Nacional/Fora da Série D";"1.150";"0,0";"0";"0";"0";"0";"Professional";"4";"4";"3";"12.000";"1.500";"0,0%";"0,0%"
"19.007.113";"Varginha";"Brazil";"Clubes Sem Divisão Nacional/Fora da Série D";"1.250";"0,0";"0";"0";"0";"0";"Professional";"3";"3";"3";"15.471";"615";"0,0%";"0,0%"
"309.775";"Varzeano FC (PE)";"Brazil";"Eerste klasse A";"1";"0,0";"0";"0";"0";"0";"Semi-Professional";"2";"1";"1";"0";"250";"0,0%";"0,0%"
"339";"Vasco";"Brazil";"Brasileirão Assaí";"6.700";"25,5";"1.981.240";"5.630.520";"5.630.520";"224.120";"Professional";"13";"12";"12";"21.880";"26.347";"75,1%";"78,1%"
"104.982";"Vasco (AC)";"Brazil";"Clubes Sem Divisão Nacional/Fora da Série D";"700";"0,0";"0";"0";"0";"0";"Professional";"7";"7";"6";"13.700";"1.000";"0,0%";"0,0%"
"313.783";"Vasco (MA)";"Brazil";"Eerste klasse A";"1";"0,0";"0";"0";"0";"0";"Semi-Professional";"1";"1";"1";"0";"250";"0,0%";"0,0%"
"314.293";"Vasco (SE)";"Brazil";"Eerste klasse A";"1";"0,0";"0";"0";"0";"0";"Professional";"4";"2";"2";"15.575";"900";"0,0%";"0,0%"
"318.913";"Velo Clube";"Brazil";"Clubes Sem Divisão Nacional/Fora da Série D";"1.950";"26,2";"0";"0";"0";"0";"Professional";"3";"3";"3";"10.000";"750";"61,5%";"66,9%"
"308.947";"Vênus (PA)";"Brazil";"Clubes Sem Divisão Nacional/Fora da Série D";"550";"0,0";"0";"0";"0";"0";"Professional";"3";"3";"2";"10.000";"1.000";"0,0%";"0,0%"
"19.023.752";"Vera Cruz (PE)";"Brazil";"Clubes Sem Divisão Nacional/Fora da Série D";"900";"26,0";"0";"0";"0";"0";"Professional";"6";"4";"5";"46.154";"905";"5,5%";"5,7%"
"2.000.239.359";"Vera Cruz (RJ)";"Brazil";"Clubes Sem Divisão Nacional/Fora da Série D";"400";"0,0";"0";"0";"0";"0";"Professional";"3";"3";"4";"8.500";"100";"0,0%";"0,0%"
"301.288";"Veranópolis";"Brazil";"Clubes Sem Divisão Nacional/Fora da Série D";"1.750";"0,0";"0";"0";"0";"0";"Professional";"6";"4";"5";"5.000";"1.200";"0,0%";"0,0%"
"19.372.402";"Verdes Mares";"Brazil";"Eerste klasse A";"300";"0,0";"0";"0";"0";"0";"Professional";"4";"4";"3";"22.000";"200";"0,0%";"0,0%"
"19.341.662";"Verê";"Brazil";"Clubes Sem Divisão Nacional/Fora da Série D";"850";"0,0";"0";"0";"0";"0";"Professional";"5";"4";"4";"2.900";"110";"0,0%";"0,0%"
"2.000.035.034";"VF4";"Brazil";"Eerste klasse A";"100";"0,0";"0";"0";"0";"0";"Amateur";"3";"4";"5";"150";"100";"0,0%";"0,0%"
"313.289";"Viana";"Brazil";"Clubes Sem Divisão Nacional/Fora da Série D";"400";"0,0";"0";"0";"0";"0";"Professional";"5";"4";"4";"3.725";"700";"0,0%";"0,0%"
"313.227";"Vila Aurora";"Brazil";"Eerste klasse A";"1";"0,0";"0";"0";"0";"0";"Professional";"8";"8";"6";"16.000";"530";"0,0%";"0,0%"
"314.787";"Vila Izabel (RJ)";"Brazil";"Eerste klasse A";"1";"0,0";"0";"0";"0";"0";"Semi-Professional";"2";"1";"1";"0";"250";"0,0%";"0,0%"
"19.152.069";"Vila Matias";"Brazil";"Eerste klasse A";"1";"0,0";"0";"0";"0";"0";"Semi-Professional";"1";"1";"1";"0";"250";"0,0%";"0,0%"
"107.236";"Vila Nova (GO)";"Brazil";"Brasileirão Série B Betano";"5.400";"27,1";"22.000";"48.260";"48.260";"37.700";"Professional";"9";"7";"7";"11.788";"7.492";"70,2%";"73,3%"
"314.201";"Vila Rica";"Brazil";"Clubes Sem Divisão Nacional/Fora da Série D";"750";"0,0";"0";"0";"0";"0";"Professional";"6";"3";"5";"8.000";"500";"0,0%";"0,0%"
"313.357";"Vilavelhense";"Brazil";"Clubes Sem Divisão Nacional/Fora da Série D";"1.000";"0,0";"0";"0";"0";"0";"Professional";"4";"3";"3";"1.000";"1.200";"0,0%";"0,0%"
"313.373";"Vilhena";"Brazil";"Clubes Sem Divisão Nacional/Fora da Série D";"850";"0,0";"0";"0";"0";"0";"Professional";"8";"7";"6";"5.000";"1.200";"0,0%";"0,0%"
"19.344.658";"Vilhenense";"Brazil";"Eerste klasse A";"750";"0,0";"0";"0";"0";"0";"Professional";"5";"4";"4";"5.000";"100";"0,0%";"0,0%"
"107.238";"Villa Nova (MG)";"Brazil";"Clubes Sem Divisão Nacional/Fora da Série D";"2.750";"26,0";"-4.130";"0";"0";"0";"Professional";"10";"7";"7";"5.175";"2.000";"63,5%";"67,2%"
"2.000.192.815";"Villa Real (MG)";"Brazil";"Clubes Sem Divisão Nacional/Fora da Série D";"600";"0,0";"0";"0";"0";"0";"Professional";"5";"4";"3";"31.863";"100";"0,0%";"0,0%"
"19.145.233";"Visão Celeste";"Brazil";"Clubes Sem Divisão Nacional/Fora da Série D";"700";"0,0";"0";"0";"0";"0";"Professional";"2";"5";"6";"3.000";"200";"0,0%";"0,0%"
"340";"Vitória";"Brazil";"Brasileirão Série B Betano";"5.950";"28,3";"1.804.720";"1.608.720";"1.608.720";"129.340";"Professional";"13";"13";"10";"30.618";"20.850";"73,3%";"75,4%"
"313.273";"Vitória (ES)";"Brazil";"Brasileirão Série D";"2.100";"29,7";"0";"0";"0";"0";"Professional";"4";"4";"7";"3.000";"1.500";"63,9%";"67,2%"
"19.086.839";"Vitória (PE)";"Brazil";"Clubes Sem Divisão Nacional/Fora da Série D";"1.050";"0,0";"0";"0";"0";"0";"Professional";"4";"4";"5";"46.154";"250";"0,0%";"0,0%"
"19.020.572";"Vitória da Conquista";"Brazil";"Clubes Sem Divisão Nacional/Fora da Série D";"1.500";"25,0";"0";"0";"0";"0";"Professional";"5";"6";"5";"11.538";"1.000";"5,4%";"6,2%"
"313.786";"Vitória do Mar";"Brazil";"Eerste klasse A";"1";"0,0";"0";"0";"0";"0";"Professional";"3";"3";"3";"40.149";"400";"0,0%";"0,0%"
"19.244.675";"VOCEM";"Brazil";"Clubes Sem Divisão Nacional/Fora da Série D";"850";"27,7";"0";"0";"0";"0";"Professional";"4";"4";"5";"8.525";"100";"17,2%";"18,3%"
"107.240";"Volta Redonda";"Brazil";"Brasileirão Série C";"4.550";"25,6";"167.340";"0";"0";"11.780";"Professional";"9";"9";"7";"20.255";"2.250";"65,2%";"70,1%"
"19.009.948";"Votoraty";"Brazil";"Eerste klasse A";"1";"0,0";"0";"0";"0";"0";"Professional";"6";"3";"3";"3.000";"421";"0,0%";"0,0%"
"19.189.179";"Votuporanguense";"Brazil";"Clubes Sem Divisão Nacional/Fora da Série D";"1.400";"25,2";"0";"0";"0";"0";"Professional";"5";"5";"6";"8.145";"200";"60,3%";"65,5%"
"310.357";"XV de Jaú";"Brazil";"Clubes Sem Divisão Nacional/Fora da Série D";"1.000";"32,0";"0";"0";"0";"0";"Professional";"4";"8";"5";"12.978";"1.000";"11,8%";"12,0%"
"104.978";"XV de Piracicaba";"Brazil";"Brasileirão Série D";"2.450";"29,6";"0";"0";"0";"0";"Professional";"5";"5";"5";"18.000";"1.200";"64,4%";"67,1%"
"104.988";"Ypiranga (AP)";"Brazil";"Clubes Sem Divisão Nacional/Fora da Série D";"1.150";"28,0";"0";"0";"0";"0";"Professional";"8";"6";"7";"13.680";"1.500";"5,8%";"5,9%"
"309.750";"Ypiranga (BA)";"Brazil";"Eerste klasse A";"500";"0,0";"0";"0";"0";"0";"Professional";"4";"3";"3";"4.000";"1.000";"0,0%";"0,0%"
"314.979";"Ypiranga (PE)";"Brazil";"Clubes Sem Divisão Nacional/Fora da Série D";"850";"0,0";"0";"0";"0";"0";"Professional";"3";"3";"3";"5.039";"2.764";"0,0%";"0,0%"
"314.617";"Ypiranga (RO)";"Brazil";"Eerste klasse A";"1";"0,0";"0";"0";"0";"0";"Semi-Professional";"2";"1";"1";"0";"250";"0,0%";"0,0%"
"319.160";"Ypiranga (RS)";"Brazil";"Brasileirão Série C";"4.400";"28,8";"155.140";"0";"0";"15.350";"Professional";"3";"3";"5";"22.000";"830";"66,2%";"69,0%"
"309.768";"Ypiranga (SC)";"Brazil";"Eerste klasse A";"1";"0,0";"0";"0";"0";"0";"Semi-Professional";"2";"1";"1";"0";"250";"0,0%";"0,0%"
"312.292";"Ypiranga (SP)";"Brazil";"Eerste klasse A";"1";"0,0";"0";"0";"0";"0";"Semi-Professional";"2";"1";"1";"0";"250";"0,0%";"0,0%"
"2.000.255.426";"Zinza";"Brazil";"Clubes Sem Divisão Nacional/Fora da Série D";"700";"0,0";"0";"0";"0";"0";"Professional";"2";"3";"3";"9.564";"50";"0,0%";"0,0%"
"313.670";"Zumbi";"Brazil";"Clubes Sem Divisão Nacional/Fora da Série D";"1.000";"24,0";"0";"0";"0";"0";"Professional";"4";"2";"3";"4.000";"900";"5,6%";"5,9%"
