1937;;;;1959;;;;;;1960;;;;;;1961;;;;;;1962;;;;;;1963;;;;;;1964;;;;;;1965;;;;;;1966;;;;;;1967;;;;1967;;;;;;1968;;;;;1968;;;;1969;;;;1970;;;;1971;;;;1972;;;;1973;;;;1974;;;;1975;;;;1976;;;;1977;;;;1978;;;;1979;;;;1980;;;;1981;;;;;1982;;;;;1983;;;;;1984;;;;;1985;;;;;1986;;;;;1987;;;;;1988;;;;;;1989;;;;;;1990;;;;;;1991;;;;;;1992;;;;;;1993;;;;;;1994;;;;;;1995;;;;;;1996;;;;;;1997;;;;;;1998;;;;;;1999;;;;;;2000;;;;;;;2001;;;;;;2002;;;;;;2003;;;;;;2004;;;;;;2005;;;;;;2006;;;;;;2007;;;;;;2008;;;;;;2009;;;;;;;2010;;;;;;;2011;;;;;;;2012;;;;;;;2013;;;;;;;2014;;;;;;;2015;;;;;;;2016;;;;;;;2017;;;;;;;2018;;;;;;;2019;;;;;;;2020;;;;;;;2021;;;;;;;2022;;;;;;;2023;;;;;;;2024;;;;;;;2025;;;;;;;2026;;;;;;
Equipe;Cidade;Estado;Classificação;Equipe;Cidade;Estado;Classificação;Participações;Título(s);Equipe;Cidade;Estado;Classificação;Participações;Título(s);Equipe;Cidade;Estado;Classificação;Participações;Título(s);Equipe;Cidade;Estado;Classificação;Participações;Título(s);Equipe;Cidade;Estado;Classificação;Participações;Título(s);Equipe;Cidade;Estado;Classificação;Participações;Título(s);Equipe;Cidade;Estado;Classificação;Participações;Título(s);Equipe;Cidade;Estado;Classificação;Participações;Título(s);Equipe;Cidade;Estado;Título(s);Equipe;Cidade;Estado;Classificação;Participações;Título(s);Equipe;Cidade;Classificação;Participações;Título(s);Equipe;Cidade;Estado;Título(s);Equipe;Cidade;Estado;Título(s);Equipe;Cidade;Estado;Título(s);Equipe;Cidade;Estado;Título(s);Equipe;Cidade;Estado;Título(s);Equipe;Cidade;Estado;Título(s);Equipe;Cidade;Estado;Título(s);Equipe;Cidade;Estado;Título(s);Equipe;Cidade;Estado;Título(s);Equipe;Cidade;Estado;Título(s);Equipe;Cidade;Estado;Título(s);Equipe;Cidade;Estado;Título(s);Equipe;Cidade;Estado;Título(s);Equipe;Cidade;Estado;Classificação;Título(s);Equipe;Cidade;Estado;Classificação;Título(s);Equipe;Cidade;Estado;Classificação;Título(s);Equipe;Cidade;Estado;Classificação;Título(s);Equipe;Cidade;Estado;Classificação;Título(s);Equipe;Cidade;Estado;Estaduais;Título(s);Equipe;Cidade;Estado;Em 1986;Título(s);Equipe;Cidade;Estado;Em 1987;Estádio (mando);Título(s);Equipe;Cidade;Estado;Em 1988;Estádio (mando);Título(s);Equipe;Cidade;Estado;Em 1989;Estádio (mando);Título(s);Equipe;Cidade;Estado;Em 1990;Estádio (mando);Título(s);Equipe;Cidade;Estado;Em 1991;Estádio (mando);Título(s);Equipe;Cidade;Estado;Em 1992;Estádio (mando);Título(s);Equipe;Cidade;Estado;Em 1993;Estádio (mando);Título(s);Equipe;Cidade;Estado;Em 1994;Estádio (mando);Título(s);Equipe;Cidade;Estado;Em 1995;Estádio (mando);Título(s);Equipe;Cidade;Estado;Em 1996;Estádio (mando);Título(s);Equipe;Cidade;Estado;Em 1997;Estádio;Títulos;Equipe;Cidade;Estado;Em 1998;Estádio;Títulos;Equipe;Cidade;Estado;Posição em 1999;Módulo em 2000;Estádio;Títulos;Equipe;Cidade;Estado;Em 2000;Estádio;Títulos;Equipe;Cidade;Estado;Em 2001;Estádio;Títulos;Equipe;Cidade;Estado;Em 2002;Estádio;Títulos;Equipe;Cidade;Estado;Em 2003;Estádio;Títulos;Equipe;Cidade;Estado;Em 2004;Estádio;Títulos;Equipe;Cidade;Estado;Em 2005;Estádio;Títulos;Equipe;Cidade;Estado;Em 2006;Estádio;Títulos;Equipe;Cidade;Estado;Em 2007;Estádio;Títulos;Equipe;Cidade;Estado;Em 2008;Estádio;Capacidade;Títulos;Equipe;Cidade;Estado;Em 2009;Estádio;Capacidade[10];Títulos;Equipe;Cidade;Estado;Em 2010;Estádio (mando);Capacidade[10];Títulos;Equipe;Cidade;Estado;Em 2011;Estádio (mando);Capacidade[11];Títulos;Equipe;Cidade;Estado;Em 2012;Estádio (mando);Capacidade[19];Títulos;Equipe;Cidade;Estado;Em 2013;Estádio (mando);Capacidade[15];Títulos;Equipe;Cidade;Estado;Em 2014;Estádio (mando);Capacidade[17];Títulos;Equipe;Cidade;Estado;Em 2015;Estádio (mando);Capacidade[29];Títulos;Equipe;Cidade;Estado;Em 2016;Estádio (mando);Capacidade[15];Títulos;Equipe;Cidade;Estado;Em 2017;Estádio (mando);Capacidade[20];Títulos;Equipe;Cidade;Estado;Em 2018;Estádio (mando);Capacidade[16];Títulos;Equipe;Cidade;Estado;Em 2019;Estádio (mando);Capacidade[15];Títulos;Equipe;Cidade;Estado;Em 2020;Estádio (mando);Capacidade[15];Títulos;Equipe;Cidade;Estado;Em 2021;Estádio (mando);Capacidade[15];Títulos;Equipe;Cidade;Estado;Em 2022;Estádio (mando);Capacidade[10];Títulos;Equipe;Cidade;Estado;Em 2023;Estádio (mando);Capacidade[15];Títulos;Equipe;Cidade;Estado;Em 2024;Estádio (mando);Capacidade[39];Títulos;Equipe;Cidade;Estado;Em 2025;Estádio (mando);Capacidade[19];Títulos
Aliança;Campos dos Goytacazes; RJ;Campeão campista de 1936[nota 4];ABC;Natal; RN;Campeão potiguar de 1958;0;0 (não possui);ABC;Natal; RN;Campeão potiguar de 1959;1 (1959);0 (não possui);ABC;Natal; RN;Campeão potiguar de 1960;2 (1959, 1960);0 (não possui);ABC;Natal; RN;Campeão potiguar de 1961;3 (1959, 1960, 1961);0 (não possui);ABC;Natal; RN;Campeão potiguar de 1962;4 (1959 - 1962);0 (não possui);Alecrim;Natal; RN;Campeão potiguar de 1963;0;0 (não possui);Alecrim;Natal; RN;Campeão potiguar de 1964;1 (1963);0 (não possui);ABC;Natal; RN;Campeão potiguar de 1965;5 (1959 - 1963);0 (não possui);Atlético Mineiro;Belo Horizonte; MG;1 (1937);ABC;Natal; RN;Campeão potiguar de 1966;6 (1959 - 1963, 1966);0 (não possui); Água Verde;Curitiba;Campeão paranaense de 1967;0;0 (não possui);Atlético Mineiro;Belo Horizonte; MG;1 (1937);America;Rio de Janeiro; GB;0 (não possui);America;Rio de Janeiro; GB;0 (não possui);America;Rio de Janeiro; GB;0 (não possui);ABC;Natal; RN;0 (não possui);America;Rio de Janeiro; GB;0 (não possui);America;Rio de Janeiro; GB;0 (não possui);America;Rio de Janeiro; RJ;0 (não possui);ABC;Natal; RN;0 (não possui);ABC;Natal; RN;0 (não possui);ABC;Natal; RN;0 (não possui);ABC;Natal; RN;0 (não possui);America;Rio de Janeiro; RJ;0 (não possui);América de Natal;Natal; RN;Campeão potiguar de 1980;0 (não possui);America;Rio de Janeiro; RJ;Primeira fase da Taça de Prata 1982;0 (não possui);America;Rio de Janeiro; RJ;3º colocado do carioca de 1982;0 (não possui);ABC;Natal; RN;Campeão potiguar de 1983;0 (não possui);ABC;Natal; RN;Campeão potiguar de 1984;0 (não possui);Alecrim;Natal; RN;Campeão potiguar de 1985;0 (não possui);America;Rio de Janeiro; RJ;4º;0 (não possui);America;Rio de Janeiro; RJ;16º (Módulo Amarelo);Wolney Braune;0 (não possui);Atlético Mineiro;Belo Horizonte; MG;10º;Mineirão;2 (1937, 1971);Atlético Mineiro;Belo Horizonte; MG;8º;Mineirão;2 (1937, 1971);Atlético Mineiro;Belo Horizonte; MG;5º;Mineirão;2 (1937, 1971);Atlético Mineiro;Belo Horizonte; MG;3º;Mineirão;2 (1937, 1971);América Mineiro;Belo Horizonte; MG;6º (Série B);Independência;0 (não possui);Atlético Mineiro;Belo Horizonte; MG;20º;Mineirão;2 (1937, 1971);Atlético Mineiro;Belo Horizonte; MG;4º;Mineirão;2 (1937, 1971);Atlético Mineiro;Belo Horizonte; MG;7º;Mineirão;2 (1937, 1971);América de Natal;Natal; RN;2º (Série B);Machadão;0 (não possui);América Mineiro;Belo Horizonte; MG;1º (Série B);Independência;não possui;Atlético Mineiro;Belo Horizonte; MG;9º;Mineirão;1937, 1971;ABC;Natal; RN;14º (Série B);Amarelo;Frasqueirão;não possui;América Mineiro;Belo Horizonte; MG;23º;Independência;não possui;Atlético Mineiro;Belo Horizonte; MG;4º;Mineirão;1937, 1971;Atlético Mineiro;Belo Horizonte; MG;8º;Mineirão;1937, 1971;Atlético Mineiro;Belo Horizonte; MG;7º;Mineirão;1937, 1971;Atlético Mineiro;Belo Horizonte; MG;19º;Mineirão;1937, 1971;Atlético Paranaense;Curitiba; PR;6º;Arena da Baixada;2001;América de Natal;Natal; RN;4º (Série B);Machadão;0 (não possui);Atlético Mineiro;Belo Horizonte;MG;8.º;Mineirão;2 (1937, 1971);Atlético Mineiro;Belo Horizonte; MG;12º (Série A);Mineirão;75.783;2 (1937, 1971);Atlético Goianiense;Goiânia; GO;4º (Série B);Serra Dourada;50 049;0 (não possui);América Mineiro;Belo Horizonte; MG;4º (Série B);Arena do Jacaré[a];18 000;0 (não possui);Atlético Goianiense;Goiânia; GO;13º;Serra Dourada;41 574;0 (não possui);Atlético Mineiro;Belo Horizonte; MG;2º;Independência;23 018;2 (1937, 1971);Atlético Mineiro;Belo Horizonte; MG;8°;Independência;23 018;2 (1937, 1971);Atlético Mineiro;Belo Horizonte; MG;5º;Independência;23 018;2 (1937, 1971);América Mineiro;Belo Horizonte; MG;4º (Série B);Independência;23 018;0 (não possui);Atlético Goianiense;Goiânia; GO;1º (Série B);Olímpico;13 500[16];0 (não possui);América Mineiro;Belo Horizonte; MG;1.º (Série B);Independência;23 018;0 (não possui);Athletico Paranaense;Curitiba; PR;7.º;Arena da Baixada;42 370[17];1 (2001);Athletico Paranaense;Curitiba; PR;5.º;Arena da Baixada;42 370[16];1 (2001);América Mineiro;Belo Horizonte; MG;2.º (Série B);Independência;23 018;0 (não possui);América Mineiro;Belo Horizonte; MG;8.º;Independência;23 018;0 (não possui);América Mineiro;Belo Horizonte; MG;10.º;Independência;23 018;0 (não possui);Athletico Paranaense;Curitiba; PR;8.º;Ligga Arena;42 370;1 (2001);Atlético Mineiro;Belo Horizonte; MG;12.º;Arena MRV;44 892;3 (1937,[40] 1971 e 2021);Athletico Paranaense;Curitiba; PR;2.º (Série B);Arena da Baixada;42 372;1 (2001)
Atlético Mineiro;Belo Horizonte; MG;Campeão mineiro de 1936;Atlético Mineiro;Belo Horizonte; MG;Campeão mineiro de 1958;1 (1937);1 (1937);Bahia;Salvador; BA;Campeão baiano de 1959;1 (1959);1 (1959);America;Rio de Janeiro; GB;Campeão carioca de 1960;0;0 (não possui);Bahia;Salvador; BA;Campeão baiano de 1961;3 (1959, 1960, 1961);1 (1959);Atlético Mineiro;Belo Horizonte; MG;Campeão mineiro de 1962;2 (1937, 1959);1 (1937);Atlético Mineiro;Belo Horizonte; MG;Campeão mineiro de 1963;3 (1937, 1959, 1963);1 (1937);Atlético Goianiense;Goiânia; GO;Campeão goiano de 1964;0;0 (não possui);Americano;Campos dos Goytacazes; RJ;Campeão fluminense de 1965;0;0 (não possui);Bangu;Rio de Janeiro; GB;0 (não possui);América de Propriá;Propriá; SE;Campeão sergipano de 1966;0;0 (não possui); América de Natal;Natal;Campeão potiguar de 1967;0;0 (não possui);Atlético Paranaense;Curitiba; PR;0 (não possui);Atlético Mineiro;Belo Horizonte; MG;1 (1937);Atlético Mineiro;Belo Horizonte; MG;1 (1937);América Mineiro;Belo Horizonte; MG;0 (não possui);America;Rio de Janeiro; GB;0 (não possui);América de Natal;Natal; RN;0 (não possui);América de Natal;Natal; RN;0 (não possui);América de Natal;Natal; RN;0 (não possui);America;Rio de Janeiro; RJ;0 (não possui);America;Rio de Janeiro; RJ;0 (não possui);America;Rio de Janeiro; RJ;0 (não possui);America;Rio de Janeiro; RJ;0 (não possui);América-SP[nota 1];São José do Rio Preto; SP;0 (não possui);Atlético Mineiro;Belo Horizonte; MG;Campeão mineiro de 1980;1 (1971);América de Natal;Natal; RN;Campeão potiguar de 1981;0 (não possui);América de Natal;Natal; RN;Campeão potiguar de 1982;0 (não possui);America;Rio de Janeiro; RJ;4º colocado do carioca de 1983;0 (não possui);America;Rio de Janeiro; RJ;Ranking de Pontos;0 (não possui);America-RJ;Rio de Janeiro; RJ;Quinto colocado do carioca de 1985;0 (não possui);Atlético Goianiense;Goiânia; GO;29º;0 (não possui);Atlético Mineiro;Belo Horizonte; MG;3º (Módulo Verde);Mineirão;2 (1937, 1971);Atlético Paranaense;Curitiba; PR;19º;Pinheirão;0 (não possui);Bahia;Salvador; BA;18º;Fonte Nova;2 (1959, 1988);Atlético Paranaense;Curitiba; PR;2º (Série B);Pinheirão;0 (não possui);Atlético Paranaense;Curitiba; PR;17º;Pinheirão;0 (não possui);Atlético Mineiro;Belo Horizonte; MG;13º;Mineirão;2 (1937, 1971);Bahia;Salvador; BA;18º;Fonte Nova;2 (1959, 1988);Bahia;Salvador; BA;7º;Fonte Nova;2 (1959 , 1988);Atlético Paranaense;Curitiba; PR;1º (Série B);Arena da Baixada;0 (não possui);Atlético Mineiro;Belo Horizonte; MG;3º;Mineirão;2 (1937, 1971);América de Natal;Natal; RN;16º;Machadão;não possui;Atlético Paranaense;Curitiba; PR;16º;Arena da Baixada;não possui;America;Rio de Janeiro; RJ;Não disputou o campeonato;Amarelo;Giulite Coutinho;não possui;Atlético Mineiro;Belo Horizonte; MG;24º;Mineirão;1971;Atlético Paranaense;Curitiba; PR;Campeão;Arena da Baixada;2001;Atlético Paranaense;Curitiba; PR;14º;Arena da Baixada;2001;Atlético Paranaense;Curitiba; PR;12º;Arena da Baixada;2001;Atlético Paranaense;Curitiba; PR;2º;Arena da Baixada;2001;Botafogo;Rio de Janeiro; RJ;9º;Maracanã;1968, 1995;Atlético Mineiro;Belo Horizonte; MG;1º (Série B);Mineirão;2 (1937, 1971);Atlético Paranaense;Curitiba;PR;12.º;Arena da Baixada;1 (2001);Atlético Paranaense;Curitiba; PR;13º (Série A);Arena da Baixada;25.180;1 (2001);Atlético Mineiro;Belo Horizonte; MG;7º (Série A);Arena do Jacaré [c];18 000;2 (1937, 1971);Atlético Goianiense;Goiânia; GO;16º;Serra Dourada;50 049;0 (não possui);Atlético Mineiro;Belo Horizonte; MG;15º;Independência[MG];15 000;2 (1937, 1971);Atlético Paranaense;Curitiba; PR;3º (Série B);Vila Capanema [ATP];17 000;1 (2001);Atlético Paranaense;Curitiba; PR;3°;Arena da Baixada;42 372[16];1 (2001);Atlético Paranaense;Curitiba; PR;8º;Arena da Baixada;42 372[18];1 (2001);Atlético Mineiro;Belo Horizonte; MG;2º;Independência;23 018;2 (1937, 1971);Atlético Mineiro;Belo Horizonte; MG;4º;Independência;23 018;2 (1937, 1971);Atlético Mineiro;Belo Horizonte; MG;9.º;Independência;23 018;2 (1937, 1971);Atlético Mineiro;Belo Horizonte; MG;6.º;Independência;23 018;2 (1937, 1971);Atlético Goianiense;Goiânia; GO;4.º (Série B);Antônio Accioly[ATG];10 501;0 (não possui);Athletico Paranaense;Curitiba; PR;9.º;Arena da Baixada;42 370[16];1 (2001);Athletico Paranaense;Curitiba; PR;14.º;Arena da Baixada;42 370[16];1 (2001);Athletico Paranaense;Curitiba; PR;6.º;Ligga Arena;42 370;1 (2001);Atlético Goianiense;Goiânia; GO;4.º (Série B);Antônio Accioly;12 500;0 (não possui);Bahia;Salvador; BA;8.º;Casa de Apostas Arena Fonte Nova;50 025;2 (1959 e 1988);Atlético Mineiro;Belo Horizonte; MG;11.º;Arena MRV;46 000;3 (1937,[20] 1971 e 2021)
Fluminense;Rio de Janeiro; DF;Campeão carioca de 1936 (LCF)[nota 5];Atlético Paranaense;Curitiba; PR;Campeão paranaense de 1958;0;0 (não possui);Capelense;Capela; AL;Campeão alagoano de 1959;0;0 (não possui);Bahia;Salvador; BA;Campeão baiano de 1960;2 (1959, 1960);1 (1959);Botafogo;Rio de Janeiro; GB;Campeão carioca de 1961;0;0 (não possui);Bahia;Salvador; BA;Campeão baiano de 1962;4 (1959 - 1962);1 (1959);Campinense;Campina Grande; PB;Campeão paraibano de 1963;3 (1961, 1962, 1963);0 (não possui);Campinense;Campina Grande; PB;Campeão paraibano de 1964;4 (1961, 1962, 1963, 1964);0 (não possui);Anápolis;Anápolis; GO;Campeão goiano de 1965;0;0 (não possui);Botafogo;Rio de Janeiro; GB;0 (não possui);América-CE;Fortaleza; CE;Campeão cearense de 1966;0;0 (não possui); Atlético Goianiense;Goiânia;Vice-Campeão goiano de 1967[GO];1 (1965);0 (não possui);Bahia;Salvador; BA;1 (1959);Bahia;Salvador; BA;1 (1959);Atlético Paranaense;Curitiba; PR;0 (não possui);Atlético Mineiro;Belo Horizonte; MG;1 (1937);América Mineiro;Belo Horizonte; MG;0 (não possui);América Mineiro;Belo Horizonte; MG;0 (não possui);América Mineiro;Belo Horizonte; MG;0 (não possui);América Mineiro;Belo Horizonte; MG;0 (não possui);América de Natal;Natal; RN;0 (não possui);América de Natal;Natal; RN;0 (não possui);América de Natal;Natal; RN;0 (não possui);América de Natal;Natal; RN;0 (não possui);América de Natal;Natal; RN;0 (não possui);Bahia;Salvador; BA;Primeira fase da Taça de Prata 1981;1 (1959);Anapolina;Anápolis; GO;Vice-campeão goiano de 1981;0 (não possui);Americano;Campos dos Goytacazes; RJ;Primeira fase da Taça de Prata 1983;0 (não possui);Anapolina;Anápolis; GO;Vice-campeão goiano de 1983;0 (não possui);Atlético Mineiro;Belo Horizonte; MG;Ranking de Pontos;2 (1937, 1971);Atlético Goianiense;Goiânia; GO;Campeão goiano de 1985;0 (não possui);Atlético Mineiro;Belo Horizonte; MG;3º;2 (1937, 1971);Atlético Paranaense;Curitiba; PR;3º (Módulo Amarelo);Pinheirão;0 (não possui);Bahia;Salvador; BA;1º;Fonte Nova;2 (1959, 1988);Botafogo;Rio de Janeiro; RJ;4º;Maracanã;1 (1968);Bahia;Salvador; BA;4º;Fonte Nova;2 (1959, 1988);Bahia;Salvador; BA;13º;Fonte Nova;2 (1959, 1988);Athletico Paranaense;Curitiba; PR;15º;Pinheirão;0 (não possui);Botafogo;Rio de Janeiro; RJ;19º;Maracanã;1 (1968);Botafogo;Rio de Janeiro; RJ;5º;Maracanã;1 (1968);Bahia;Salvador; BA;17º;Fonte Nova;2 (1959, 1988);Atlético Paranaense;Curitiba; PR;8º;Arena da Baixada;0 (não possui);Atlético Mineiro;Belo Horizonte; MG;4º;Mineirão;1937, 1971;Botafogo;Rio de Janeiro; RJ;14º;Maracanã;1968, 1995;América de Natal;Natal; RN;21º (Série B);Amarelo;Machadão;não possui;Atlético Paranaense;Curitiba; PR;13º;Arena da Baixada;não possui;Bahia;Salvador; BA;8º;Fonte Nova;1959, 1988;Bahia;Salvador; BA;19º;Fonte Nova;1959, 1988;Botafogo;Rio de Janeiro; RJ;2º (Série B);Caio Martins;1968, 1995;Brasiliense;Taguatinga; DF;1º (Série B);Boca do Jacaré;Não possui;Corinthians;São Paulo; SP;Campeão;Pacaembu;1990, 1998, 1999, 2005;Atlético Paranaense;Curitiba; PR;13º;Arena da Baixada;1 (2001);Botafogo;Rio de Janeiro;RJ;9.º;Engenhão;2 (1968(1), 1995);Avaí;Florianópolis; SC;3º (Série B);Ressacada;15.000;0 (não possui);Atlético Paranaense;Curitiba; PR;14º (Série A);Arena da Baixada;25 180;1 (2001);Atlético Mineiro;Belo Horizonte; MG;13º;Arena do Jacaré[a];18 000;2 (1937, 1971);Bahia;Salvador; BA;14º;Pituaçu[BA];32 157;2 (1959, 1988);Bahia;Salvador; BA;15°;Arena Fonte Nova [BAH];50 025;2 (1959, 1988);Bahia;Salvador; BA;12°;Arena Fonte Nova;50 025;2 (1959, 1988);Avaí;Florianópolis; SC;4º (Série B);Ressacada;17 826;0 (não possui);Atlético Paranaense;Curitiba; PR;10º;Arena da Baixada;42 370[30];1 (2001);Atlético Paranaense;Curitiba; PR;6º;Arena da Baixada;42 370[17];1 (2001);Atlético Paranaense;Curitiba; PR;11.º;Arena da Baixada;42 370[21];1 (2001);Avaí;Florianópolis; SC;3.º (Série B);Ressacada;17 826;0 (não possui);;;;;Olímpico[ATG];13 500;;Atlético Goianiense;Goiânia; GO;13.º;Antônio Accioly;10 501;0 (não possui);Atlético Goianiense;Goiânia; GO;9.º;Antônio Accioly;10 501;0 (não possui);Atlético Mineiro;Belo Horizonte; MG;7.º;Arena MRV[nota 1];44 892[12];3 (1937,[13] 1971 e 2021);Atlético Mineiro;Belo Horizonte; MG;3.º;Arena MRV;44 892;3 (1937,[16] 1971 e 2021);Botafogo;Rio de Janeiro; RJ;1.º;Nilton Santos;44 661;3 (1968[nota 2], 1995 e 2024);Bahia;Salvador; BA;7.º;Arena Fonte Nova;50 025;2 (1959 e 1988)
Liga da Marinha;Rio de Janeiro; DF;Convidada pela FBF;Auto Esporte;João Pessoa; PB;Campeão paraibano de 1958;0;0 (não possui);Coritiba;Curitiba; PR;Campeão paranaense de 1959;0;0 (não possui);Campinense;Campina Grande; PB;Campeão paraibano de 1960;0;0 (não possui);Campinense;Campina Grande; PB;Campeão paraibano de 1961;1 (1961);0 (não possui);Botafogo;Rio de Janeiro; GB;Campeão carioca de 1962;1 (1962);0 (não possui);Ceará;Fortaleza; CE;Campeão cearense de 1963;3 (1959, 1962, 1963);0 (não possui);CRB;Maceió; AL;Campeão alagoano de 1964;1 (1962);0 (não possui);Campinense;Campina Grande; PB;Campeão paraibano de 1965;5 (1961 - 1965);0 (não possui);Corinthians;São Paulo; SP;0 (não possui);Atlético Mineiro;Belo Horizonte; MG;Vice-campeão mineiro de 1966;5 (1937, 1959, 1963, 1964, 1967[RGP]);1 (1937); Bahia;Salvador;Campeão baiano de 1967;6 (1959 - 1963, 1968[RGP]);1 (1959);Bangu;Rio de Janeiro; GB;0 (não possui);Botafogo;Rio de Janeiro; GB;1 (1968);Bahia;Salvador; BA;1 (1959);Bahia;Salvador; BA;1 (1959);Atlético Mineiro;Belo Horizonte; MG;2 (1937 e 1971);Atlético Mineiro;Belo Horizonte; MG;2 (1937 e 1971);Atlético Mineiro;Belo Horizonte; MG;2 (1937 e 1971);Americano;Campos dos Goytacazes; RJ;0 (não possui);América Mineiro;Belo Horizonte; MG;0 (não possui);América Mineiro;Belo Horizonte; MG;0 (não possui);América Mineiro;Belo Horizonte; MG;0 (não possui);América Mineiro;Belo Horizonte; MG;0 (não possui);Americano[nota 1];Campos dos Goytacazes; RJ;0 (não possui);Bangu;Rio de Janeiro; RJ;4º colocado carioca de 1980;0 (não possui);Atlético Mineiro;Belo Horizonte; MG;Campeão mineiro de 1981;1 (1971);Atlético Mineiro;Belo Horizonte; MG;Campeão mineiro de 1982;2 (1937, 1971);Atlético Mineiro;Belo Horizonte; MG;Campeão mineiro de 1983;2 (1937, 1971);Bahia;Salvador; BA;Ranking de Pontos;1 (1959);Atlético Mineiro;Belo Horizonte; MG;Campeão mineiro de 1985;2 (1937, 1971);Atlético Paranaense;Curitiba; PR;18º;0 (não possui);Bahia;Salvador; BA;11º (Módulo Verde);Fonte Nova;1 (1959);Botafogo;Rio de Janeiro; RJ;18º;Maracanã;1 (1968);Bragantino;Bragança Paulista; SP;1º (Série B);Marcelo Stéfani;0 (não possui);Botafogo;Rio de Janeiro; RJ;12º;Maracanã;1 (1968);Botafogo;Rio de Janeiro; RJ;12º;Maracanã;1 (1968);Bahia;Salvador; BA;18º;Fonte Nova;2 (1959, 1988);Bragantino;Bragança Paulista; SP;14º;Marcelo Stéfani;0 (não possui);Bragantino;Bragança Paulista; SP;8º;Marcelo Stéfani;0 (não possui);Botafogo;Rio de Janeiro; RJ;1º;Maracanã;2 (1968, 1995);Bahia;Salvador; BA;22º;Fonte Nova;2 (1959, 1988);Atlético Paranaense;Curitiba; PR;18º;Arena da Baixada;não possui;Botafogo-SP;Ribeirão Preto; SP;2º (Série B);Santa Cruz;não possui;América Mineiro;Belo Horizonte; MG;7º (Série B);Azul;Independência;não possui;Bahia;Salvador; BA;11º;Fonte Nova;1959, 1988;Botafogo;Rio de Janeiro; RJ;23º;Maracanã;1968, 1995;Corinthians;São Paulo; SP;2º;Pacaembu;1990, 1998, 1999;Corinthians;São Paulo; SP;15º;Pacaembu;1990, 1998, 1999;Botafogo;Rio de Janeiro; RJ;20º;Maracanã;1968, 1995;Cruzeiro;Belo Horizonte; MG;8º;Mineirão;1966, 2003;Botafogo;Rio de Janeiro; RJ;12º;Engenhão;2 (1968(1), 1995);Coritiba;Curitiba;PR;1.º (Série B);Couto Pereira;1 (1985);Botafogo;Rio de Janeiro; RJ;7º (Série A);Engenhão;44.000;2 (1968(1), 1995);Avaí;Florianópolis; SC;6º (Série A);Ressacada;15 000;0 (não possui);;;;;Ipatingão[a];20 500;;Botafogo;Rio de Janeiro; RJ;9º;Engenhão;45 000;2 (1968[TB], 1995);Botafogo;Rio de Janeiro; RJ;7º;Maracanã [RJ];78 838;2 (1968[TB], 1995);Botafogo;Rio de Janeiro; RJ;4°;Maracanã[BOT];78 838;2 (1968[TB], 1995);Chapecoense;Chapecó; SC;15º;Arena Condá;19 325[19];0 (não possui);Botafogo;Rio de Janeiro; RJ;1º (Série B);Arena Botafogo[BOT];17 250[31];2 (1968[TB], 1995);Avaí;Florianópolis; SC;2º (Série B);Ressacada;17 826;0 (não possui);Bahia;Salvador; BA;12.º;Arena Fonte Nova;50 025;2 (1959, 1988);Bahia;Salvador; BA;11.º;Arena Fonte Nova;50 025;2 (1959, 1988);Atlético Mineiro;Belo Horizonte; MG;13.º;Mineirão[17];61 846;2 (1937, 1971);Atlético Mineiro;Belo Horizonte; MG;3.º;Mineirão[17];61 846;2 (1937, 1971);Atlético Mineiro;Belo Horizonte; MG;1.º;Mineirão[17];61 846;3 (1937, 1971, 2021);Bahia;Salvador; BA;3.º (Série B);Itaipava Arena Fonte Nova;50 025;2 (1959 e 1988);Bahia;Salvador; BA;16.º;Casa de Apostas Arena Fonte Nova;50 025;2 (1959 e 1988);Ceará;Fortaleza; CE;4.º (Série B);Arena Castelão;63 903;0 (não possui);Botafogo;Rio de Janeiro; RJ;6.º;Nilton Santos;46 831;3 (1968[nota 1], 1995 e 2024)
Portuguesa;São Paulo; SP;Campeã paulista de 1936 (APEA)[nota 6];Bahia;Salvador; BA;Campeão baiano de 1958;0;0 (não possui);Cruzeiro;Belo Horizonte; MG;Campeão mineiro de 1959;0;0 (não possui);Coritiba;Curitiba; PR;Campeão paranaense de 1960;1 (1960);0 (não possui);Ceará;Fortaleza; CE;Campeão cearense de 1961;1 (1959);0 (não possui);Campinense;Campina Grande; PB;Campeão paraibano de 1962;2 (1961, 1962);0 (não possui);Confiança;Aracaju; SE;Campeão sergipano de 1963;1 (1963);0 (não possui);Desportiva Ferroviária;Cariacica; ES;Campeão capixaba de 1964;0;0 (não possui);Confiança;Aracaju; SE;Campeão sergipano de 1965;2 (1963, 1964);0 (não possui);Cruzeiro;Belo Horizonte; MG;1 (1966);Botafogo;Rio de Janeiro; GB;Campeão da Taça Guanabara de 1967;3 (1962, 1963, 1967[RGP]);0 (não possui); Botafogo;Rio de Janeiro;Campeão carioca de 1967;5 (1962, 1963, 1967, 1967[RGP], 1968[RGP]);0 (não possui);Botafogo;Rio de Janeiro; GB;0 (não possui);Corinthians;São Paulo; SP;0 (não possui);Botafogo;Rio de Janeiro; GB;1 (1968);Botafogo;Rio de Janeiro; GB;1 (1968);Bahia;Salvador; BA;1 (1959);Atlético Paranaense;Curitiba; PR;0 (não possui);Atlético Paranaense;Curitiba; PR;0 (não possui);Atlético Mineiro;Belo Horizonte; MG;2 (1937, 1971);Americano;Campos dos Goytacazes; RJ;0 (não possui);Americano;Campos dos Goytacazes; RJ;0 (não possui);América-SP;São José do Rio Preto; SP;0 (não possui);Americano;Campos dos Goytacazes; RJ;0 (não possui);Atlético Goianiense;Goiânia; GO;0 (não possui);Botafogo;Rio de Janeiro; RJ;5º colocado carioca de 1980;1 (1968);Atlético Paranaense;Curitiba; PR;Primeira fase da Taça de Prata 1982;0 (não possui);Atlético Paranaense;Curitiba; PR;Campeão paranaense de 1982;0 (não possui);Atlético Paranaense;Curitiba; PR;Campeão paranaense de 1983;0 (não possui);Bangu;Rio de Janeiro; RJ;Melhor colocado do carioca de 1984;0 (não possui);Atlético Paranaense;Curitiba; PR;Campeão paranaense de 1985;0 (não possui);Bahia;Salvador; BA;5º;1 (1959);Bangu;Rio de Janeiro; RJ;4º (Módulo Amarelo);Moça Bonita;0 (não possui);Corinthians;São Paulo; SP;15º;Pacaembu;0 (não possui);Corinthians;São Paulo; SP;6º;Pacaembu;0 (não possui);Bragantino;Bragança Paulista; SP;8º;Marcelo Stéfani;0 (não possui);Bragantino;Bragança Paulista; SP;2º;Marcelo Stéfani;0 (não possui);Botafogo;Rio de Janeiro; RJ;2º;Maracanã;1 (1968);Corinthians;São Paulo; SP;3º;Pacaembu;1 (1990);Corinthians;São Paulo; SP;2º;Pacaembu;1 (1990);Bragantino;Bragança Paulista; SP;6º;Marcelo Stéfani;0 (não possui);Botafogo;Rio de Janeiro; RJ;17º;Maracanã;2 (1968, 1995);Botafogo;Rio de Janeiro; RJ;10º;Maracanã;1968, 1995;Corinthians;São Paulo; SP;Campeão;Pacaembu;1990, 1998;Americano;Campos dos Goytacazes; RJ;7º (Série C);Amarelo;Godofredo Cruz;não possui;Botafogo;Rio de Janeiro; RJ;20º;Maracanã;1968, 1995;Corinthians;São Paulo; SP;18º;Pacaembu;1990, 1998, 1999;Coritiba;Curitiba; PR;11º;Couto Pereira;1985;Coritiba;Curitiba; PR;5º;Couto Pereira;1985;Corinthians;São Paulo; SP;5º;Pacaembu;1990, 1998, 1999;Figueirense;Florianópolis; SC;16º;Orlando Scarpelli;0 (não possui);Corinthians;São Paulo; SP;9º;Pacaembu;4 (1990, 1998, 1999, 2005);Cruzeiro;Belo Horizonte;MG;5.º;Mineirão;2 (1966, 2003);Corinthians;São Paulo; SP;1º (Série B);Pacaembu;37.952;4 (1990, 1998, 1999, 2005);Botafogo;Rio de Janeiro; RJ;15º (Série A);Engenhão;44 000;2 (1968(1), 1995);Atlético Paranaense;Curitiba; PR;5º;Arena da Baixada;25 180;1 (2001);Corinthians;São Paulo; SP;1º;Pacaembu;37 730;5 (1990, 1998, 1999, 2005, 2011);Corinthians;São Paulo; SP;6º;Pacaembu;37 730;5 (1990, 1998, 1999, 2005, 2011);Chapecoense;Chapecó; SC;2º (Série B);Arena Condá;19 325[17];0 (não possui);Corinthians;São Paulo; SP;4º;Arena Corinthians;47 605;5 (1990, 1998, 1999, 2005, 2011);Chapecoense;Chapecó; SC;14º;Arena Condá;15 765;0 (não possui);Bahia;Salvador; BA;4º (Série B);Arena Fonte Nova;50 025;2 (1959, 1988);Botafogo;Rio de Janeiro; RJ;10.º;Nilton Santos;44 661;2 (1968[nota 1], 1995);Botafogo;Rio de Janeiro; RJ;9.º;Nilton Santos;44 661;2 (1968[nota 1], 1995);Bahia;Salvador; BA;11.º;Arena Fonte Nova[BAH];50 025;2 (1959, 1988);Bahia;Salvador; BA;14.º;Arena Fonte Nova;50 025;2 (1959, 1988);Avaí;Florianópolis; SC;4.º (Série B);Ressacada;17 800;0 (não possui);Botafogo;Rio de Janeiro; RJ;11.º;Nilton Santos;44 661;2 (1968[nota 2] e 1995);Botafogo;Rio de Janeiro; RJ;5.º;Nilton Santos;44 661;2 (1968[nota 1] e 1995);Corinthians;São Paulo; SP;7.º;Neo Química Arena;47 605;7 (1990, 1998, 1999, 2005, 2011, 2015, 2017);Chapecoense;Chapecó; SC;3.º (Série B);Arena Condá;22 600;0 (não possui)
Rio Branco;Vitória;;;Ceará;Fortaleza; CE;Campeão cearense de 1958;0;0 (não possui);Estrela do Mar;João Pessoa; PB;Campeão paraibano de 1959;0;0 (não possui);Cruzeiro;Belo Horizonte; MG;Campeão mineiro de 1960;1 (1960);0 (não possui);Comercial-PR;Cornélio Procópio; PR;Campeão paranaense de 1961;0;0 (não possui);Capelense;Capela; AL;Campeão alagoano de 1962;1 (1960);0 (não possui);Cruzeiro do Sul;Brasília; DF;Campeão brasiliense de 1963;0;0 (não possui);Eletrovapo;Niterói; RJ;Campeão fluminense de 1964;0;0 (não possui);Cruzeiro;Belo Horizonte; MG;Campeão mineiro de 1965;3 (1960, 1961, 1962);0 (não possui);Ferroviário;Curitiba; PR;0 (não possui);Cruzeiro;Belo Horizonte; MG;Campeão brasileiro de 1966;5 (1960 - 1962, 1966, 1967[RGP]);1 (1966); Campinense;Campina Grande;Campeão paraibano de 1967;6 (1961 - 1966);0 (não possui);Corinthians;São Paulo; SP;0 (não possui);Coritiba;Curitiba; PR;0 (não possui);Corinthians;São Paulo; SP;0 (não possui);Ceará;Fortaleza; CE;0 (não possui);Botafogo;Rio de Janeiro; GB;1 (1968);Bahia;Salvador; BA;1 (1959);Avaí;Florianópolis; SC;0 (não possui);Atlético Paranaense;Curitiba; PR;0 (não possui);Atlético Mineiro;Belo Horizonte; MG;2 (1937, 1971);Atlético Mineiro;Belo Horizonte; MG;2 (1937, 1971);Americano;Campos dos Goytacazes; RJ;0 (não possui);Anapolina;Anápolis; GO;0 (não possui);Atlético Mineiro;Belo Horizonte; MG;2 (1937, 1971);Brasília;Brasília; DF;Campeão brasiliense de 1980;0 (não possui);Bahia;Salvador; BA;Campeão baiano de 1981;1 (1959);Bahia;Salvador; BA;Campeão baiano de 1982;1 (1959);Auto Esporte-PI;Teresina; PI;Campeão piauiense de 1983;0 (não possui);Botafogo;Rio de Janeiro; RJ;Ranking de Pontos;1 (1968);Bahia;Salvador; BA;Vice-campeão baiano de 1985;1 (1959);Bangu;Rio de Janeiro; RJ;21º;0 (não possui);Botafogo;Rio de Janeiro; RJ;9º (Módulo Verde);Maracanã;1 (1968);Coritiba;Curitiba; PR;12º;Couto Pereira;1 (1985);Cruzeiro;Belo Horizonte; MG;3º;Mineirão;1 (1966);Corinthians;São Paulo; SP;1º;Pacaembu;1 (1990);Corinthians;São Paulo; SP;5º;Pacaembu;1 (1990);Bragantino;Bragança Paulista; SP;4º;Marcelo Stéfani;0 (não possui);Criciúma;Criciúma; SC;23º;Heriberto Hülse;0 (não possui);Criciúma;Criciúma; SC;20º;Heriberto Hülse;0 (não possui);Corinthians;São Paulo; SP;14º;Pacaembu;1 (1990);Bragantino;Bragança Paulista; SP;24º;Marcelo Stéfani;0 (não possui);Bragantino;Bragança Paulista; SP;22º;Estádio Marcelo Stéfani;não possui;Coritiba;Curitiba; PR;6º;Couto Pereira;1985;Anapolina;Anápolis; GO;24º (Série C);Amarelo;Jonas Duarte;não possui;Botafogo-SP;Ribeirão Preto; SP;36º;Santa Cruz;não possui;Coritiba;Curitiba; PR;17º;Couto Pereira;1985;Criciúma;Criciúma; SC;1º (Série B);Heriberto Hülse;não possui;Criciúma;Criciúma; SC;14º;Heriberto Hülse;não possui;Coritiba;Curitiba; PR;12º;Couto Pereira;1985;Flamengo;Rio de Janeiro; RJ;15º;Maracanã;1980, 1982, 1983, 1992;Cruzeiro;Belo Horizonte; MG;10º;Mineirão;2 (1966(1), 2003);Figueirense;Florianópolis;SC;13.º;Orlando Scarpelli;0 (não possui);Coritiba;Curitiba; PR;9º (Série A);Couto Pereira;38.000;1 (1985);Ceará;Fortaleza; CE;3º (Série B);Castelão;58 400;0 (não possui);Avaí;Florianópolis; SC;15º;Ressacada;17 800;0 (não possui);Coritiba;Curitiba; PR;8º;Couto Pereira;34 872;1 (1985);Coritiba;Curitiba; PR;13º;Couto Pereira;34 872;1 (1985);Corinthians;São Paulo; SP;10°;Arena Corinthians;45 000;5 (1990, 1998, 1999, 2005, 2011);Coritiba;Curitiba; PR;14º;Couto Pereira;40 502[20];1 (1985);Corinthians;São Paulo; SP;1º;Arena Corinthians;47 605;6 (1990, 1998, 1999, 2005, 2011, 2015);Botafogo;Rio de Janeiro; RJ;5º;";";45 000;2 (1968[nota 1], 1995);Ceará;Fortaleza; CE;3° (Série B);Arena Castelão;63 903;0 (não possui);Ceará;Fortaleza; CE;15.º;Arena Castelão;63 903;0 (não possui);;;;;Pituaçu[BAH];32 157;;Ceará;Fortaleza; CE;11.º;Arena Castelão;52 552;0 (não possui);Botafogo;Rio de Janeiro; RJ;1.º (Série B);Nilton Santos;44 661;2 (1968[nota 1], 1995);Corinthians;São Paulo; SP;4.º;Neo Química Arena;47 605;7 (1990, 1998, 1999, 2005, 2011, 2015 e 2017);Corinthians;São Paulo; SP;13.º;Neo Química Arena;47 605;7 (1990, 1998, 1999, 2005, 2011, 2015 e 2017);Cruzeiro;Belo Horizonte; MG;9.º;Mineirão;61 927;4 (1966, 2003, 2013 e 2014);Corinthians;São Paulo; SP;13.º;Neo Química Arena;48 905;7 (1990, 1998, 1999, 2005, 2011, 2015, 2017)
;;;;CSA;Maceió; AL;Campeão alagoano de 1958;0;0 (não possui);Fluminense;Rio de Janeiro; GB;Campeão carioca de 1959;2 (1937, 1959);0 (não possui);CSA;Maceió; AL;Campeão alagoano de 1960;1 (1959);0 (não possui);CRB;Maceió; AL;Campeão alagoano de 1961;0;0 (não possui);Ceará;Fortaleza; CE;Campeão cearense de 1962;2 (1959, 1962);0 (não possui);CSA;Maceió; AL;Campeão alagoano de 1963;2 (1959, 1961);0 (não possui);Flamengo-PI;Teresina; PI;Campeão piauiense de 1964;0;0 (não possui);CSA;Maceió; AL;Campeão alagoano de 1965;3 (1950, 1961, 1964);0 (não possui);Flamengo;Rio de Janeiro; GB;0 (não possui);CSA;Maceió; AL;Campeão alagoano de 1966;4 (1960, 1961, 1964, 1966);0 (não possui); Operário VG;Várzea Grande;Campeão mato-grossense de 1967;0;0 (não possui);Cruzeiro;Belo Horizonte; MG;1 (1966);Cruzeiro;Belo Horizonte; MG;1 (1966);Cruzeiro;Belo Horizonte; MG;1 (1966);Corinthians;São Paulo; SP;0 (não possui);Ceará;Fortaleza; CE;0 (não possui);Botafogo;Rio de Janeiro; GB;1 (1968);Bahia;Salvador; BA;1 (1959);Bahia;Salvador; BA;1 (1959);Atlético Paranaense;Curitiba; PR;0 (não possui);Atlético Paranaense;Curitiba; PR;0 (não possui);Anapolina;Anápolis; GO;0 (não possui);ASA;Arapiraca; AL;0 (não possui);Bahia;Salvador; BA;1 (1959);Campinense;Campina Grande; PB;Campeão paraibano de 1980;0 (não possui);Bangu;Rio de Janeiro; RJ;4º colocado do carioca de 1981;0 (não possui);Botafogo;Rio de Janeiro; RJ;4º colocado do carioca de 1982;1 (1968);Bahia;Salvador; BA;Campeão baiano de 1983;1 (1959);Botafogo-PB;João Pessoa; PB;Campeão paraibano de 1984;0 (não possui);Bangu;Rio de Janeiro; RJ;Vice-campeão carioca de 1985;0 (não possui);Botafogo;Rio de Janeiro; RJ;32º;1 (1968);Corinthians;São Paulo; SP;16º (Módulo Verde);Pacaembu;0 (não possui);Cruzeiro;Belo Horizonte; MG;8º;Mineirão;1 (1966);Flamengo;Rio de Janeiro; RJ;9º;Maracanã;3 (1980, 1982, 1983);Cruzeiro;Belo Horizonte; MG;9º;Mineirão;1 (1966);Cruzeiro;Belo Horizonte; MG;16º;Mineirão;1 (1966);Ceará;Fortaleza; CE;10º (Série B);Castelão;0 (não possui);Cruzeiro;Belo Horizonte; MG;12º;Mineirão;1 (1966);Cruzeiro;Belo Horizonte; MG;22º;Mineirão;1 (1966);Coritiba;Curitiba; PR;2º (Série B);Couto Pereira;1 (1985);Corinthians;São Paulo; SP;12º;Pacaembu;1 (1990);Corinthians;São Paulo; SP;17º;Pacaembu;1990;Cruzeiro;Belo Horizonte; MG;2º;Mineirão;1966;ASA;Arapiraca; AL;Não disputou o campeonato;Verde;Fumeirão;não possui;Corinthians;São Paulo; SP;28º;Parque São Jorge;1990, 1998, 1999;Cruzeiro;Belo Horizonte; MG;21º;Mineirão;1966;Cruzeiro;Belo Horizonte; MG;9º;Mineirão;1966;Cruzeiro;Belo Horizonte; MG;1º;Mineirão;1966, 2003;Cruzeiro;Belo Horizonte; MG;13º;Mineirão;1966, 2003;Fluminense;Rio de Janeiro; RJ;5º;Maracanã;1970, 1984;Figueirense;Florianópolis; SC;7º;Orlando Scarpelli;0 (não possui);Flamengo;Rio de Janeiro;RJ;3.º;Maracanã;4 (1980, 1982, 1983 e 1992);Cruzeiro;Belo Horizonte; MG;3º (Série A);Mineirão;75.783;2 (1966, 2003);Corinthians;São Paulo; SP;10º (Série A);Pacaembu;37 952;4 (1990, 1998, 1999, 2005);Bahia;Salvador; BA;3º (Série B);Pituaçu[b];32 157;2 (1959, 1988);Cruzeiro;Belo Horizonte; MG;16º;Independência[MG];15 000;2 (1966, 2003);Criciúma;Criciúma; SC;2º (Série B);Heriberto Hülse;19 900;0 (não possui);Coritiba;Curitiba; PR;11º;Couto Pereira;40 502[18];1 (1985);Cruzeiro;Belo Horizonte; MG;1º;Mineirão;61 846[21];4 (1966, 2003, 2013, 2014);Coritiba;Curitiba; PR;15º;Couto Pereira;40 502[32];1 (1985);Chapecoense;Chapecó; SC;11º;Arena Condá;15 765;0 (não possui);Chapecoense;Chapecó; SC;8.º;Arena Condá;20 089;0 (não possui);Chapecoense;Chapecó; SC;14.º;Arena Condá;20 089;0 (não possui);Botafogo;Rio de Janeiro; RJ;15.º;Nilton Santos;44 661;2 (1968[nota 1], 1995);Chapecoense;Chapecó; SC;1.º (Série B);Arena Condá;20 089;0 (não possui);Ceará;Fortaleza; CE;11.º;Arena Castelão;63 903;0 (não possui);Coritiba;Curitiba; PR;15.º;Couto Pereira;40 502;1 (1985);Criciúma;Criciúma; SC;3.º (Série B);Heriberto Hülse;19 225;0 (não possui);Flamengo;Rio de Janeiro; RJ;3.º;Maracanã;78 838;7 (1980, 1982, 1983, 1992, 2009, 2019 e 2020)[nota 1];Coritiba;Curitiba; PR;1.º (Série B);Couto Pereira;40 502;1 (1985)
;;;;Ferroviário;São Luís; MA;Campeão maranhense de 1958;0;0 (não possui);Fonseca;Niterói; RJ;Campeão fluminense de 1959;0;0 (não possui);Fonseca;Niterói; RJ;Campeão fluminense de 1960;1 (1960);0 (não possui);Cruzeiro;Belo Horizonte; MG;Campeão mineiro de 1961;2 (1960, 1961);0 (não possui);Confiança;Aracaju; SE;Campeão sergipano de 1962;0;0 (não possui);Flamengo;Rio de Janeiro; GB;Campeão carioca de 1963;0;0 (não possui);Fortaleza;Fortaleza; CE;Campeão cearense de 1964;2 (1960, 1961);0 (não possui);Desportiva Ferroviária;Cariacica; ES;Campeão capixaba de 1965;1 (1964);0 (não possui);Fluminense;Rio de Janeiro; GB;0 (não possui);Ferroviário;Curitiba; PR;Campeão paranaense de 1966;2 (1966, 1967[RGP]);0 (não possui); Cruzeiro;Belo Horizonte;Campeão mineiro de 1967;7 (1960 - 1962, 1966, 1967, 1967[RGP], 1968[RGP]);1 (1966);Flamengo;Rio de Janeiro; GB;0 (não possui);Flamengo;Rio de Janeiro; GB;0 (não possui);Flamengo;Rio de Janeiro; GB;0 (não possui);Coritiba;Curitiba; PR;0 (não possui);Corinthians;São Paulo; SP;0 (não possui);Ceará;Fortaleza; CE;0 (não possui);Botafogo;Rio de Janeiro; GB;1 (1968);Botafogo;Rio de Janeiro; RJ;1 (1968);Avaí;Florianópolis; SC;0 (não possui);Avaí;Florianópolis; SC;0 (não possui);Atlético Mineiro;Belo Horizonte; MG;2 (1937, 1971);Atlético Goianiense;Goiânia; GO;0 (não possui);Bangu[nota 1];Rio de Janeiro; RJ;0 (não possui);Colorado;Curitiba; PR;Campeão paranaense de 1980;0 (não possui);Botafogo;Rio de Janeiro; RJ;3º colocado do carioca de 1981;1 (1968);Botafogo-SP;Ribeirão Preto; SP;Primeira fase da Taça de Prata 1983;0 (não possui);Bangu;Rio de Janeiro; RJ;3º colocado do carioca de 1983;0 (não possui);Brasil de Pelotas;Pelotas; RS;Melhor colocado do gaúcho de 1984;0 (não possui);Botafogo;Rio de Janeiro; RJ;Oitavo colocado no carioca de 1985;1 (1968);Ceará;Fortaleza; CE;25º;0 (não possui);Coritiba;Curitiba; PR;12º (Módulo Verde);Couto Pereira;1 (1985);Flamengo;Rio de Janeiro; RJ;6º;Maracanã;3 (1980, 1982, 1983);Fluminense;Rio de Janeiro; RJ;15º;Maracanã;2 (1970, 1984);Flamengo;Rio de Janeiro; RJ;11º;Maracanã;3 (1980,1982, 1983);Flamengo;Rio de Janeiro; RJ;9º;Maracanã;3 (1980, 1982, 1983);Corinthians;São Paulo; SP;5º;Pacaembu;1 (1990);Flamengo;Rio de Janeiro; RJ;8º;Maracanã;4 (1980, 1982, 1983, 1992);Flamengo;Rio de Janeiro; RJ;14º;Maracanã;4 (1980, 1982, 1983, 1992);Criciúma;Criciúma; SC;16º;Heriberto Hülse;0 não possui);Coritiba;Curitiba; PR;14º;Couto Pereira;1 (1985);Coritiba;Curitiba; PR;15º;Couto Pereira;1985;Flamengo;Rio de Janeiro; RJ;11º;Maracanã;1980, 1982, 1983, 1992;Atlético Bandeirante;Taguatinga; DF;Não disputou o campeonato;Amarelo;Serejão;não possui;Coritiba;Curitiba; PR;27º;Couto Pereira;1985;Figueirense;Florianópolis; SC;2º (Série B);Orlando Scarpelli;não possui;Figueirense;Florianópolis; SC;17º;Orlando Scarpelli;não possui;Figueirense;Florianópolis; SC;11º;Orlando Scarpelli;não possui;Figueirense;Florianópolis; SC;11º;Orlando Scarpelli;Não possui;Fortaleza;Fortaleza; CE;13º;Castelão;0 (não possui);Flamengo;Rio de Janeiro; RJ;11º;Maracanã;4 (1980, 1982, 1983, 1992);Fluminense;Rio de Janeiro;RJ;4.º;Maracanã;2 (1970, 1984);Flamengo;Rio de Janeiro; RJ;5º (Série A);Maracanã;82.238;4 (1980, 1982, 1983, 1992);Cruzeiro;Belo Horizonte; MG;4º (Série A);Arena do Jacaré[c];18 000;2 (1966, 2003);Botafogo;Rio de Janeiro; RJ;6º;Engenhão;44 000;2 (1968(1), 1995);Figueirense;Florianópolis; SC;7º;Orlando Scarpelli;19 584;0 (não possui);Cruzeiro;Belo Horizonte; MG;9º;Mineirão;61 846;2 (1966, 2003);Criciúma;Criciúma; SC;14º;Heriberto Hülse;19 300;0 (não possui);Figueirense;Florianópolis; SC;13º;Orlando Scarpelli;19 584;0 (não possui);Cruzeiro;Belo Horizonte; MG;8º;Mineirão;61 846;4 (1966, 2003, 2013, 2014);Corinthians;São Paulo; SP;7º;Arena Corinthians;47 605;6 (1990, 1998, 1999, 2005, 2011, 2015);Corinthians;São Paulo; SP;1.º;Arena Corinthians;47 605;7 (1990, 1998, 1999, 2005, 2011, 2015, 2017);Corinthians;São Paulo; SP;13.º;Arena Corinthians;47 605;7 (1990, 1998, 1999, 2005, 2011, 2015, 2017);Ceará;Fortaleza; CE;16.º;Arena Castelão;52 552;0 (não possui);Corinthians;São Paulo; SP;12.º;Neo Química Arena;47 605;7 (1990, 1998, 1999, 2005, 2011, 2015, 2017);Corinthians;São Paulo; SP;5.º;Neo Química Arena;47 605;7 (1990, 1998, 1999, 2005, 2011, 2015, 2017);Cruzeiro;Belo Horizonte; MG;1.º (Série B);Mineirão;61 927;4 (1966, 2003, 2013 e 2014);Cruzeiro;Belo Horizonte; MG;14.º;Mineirão;61 927;4 (1966, 2003, 2013 e 2014);Fluminense;Rio de Janeiro; RJ;13.º;Maracanã;78 838;4 (1970, 1984, 2010 e 2012);Cruzeiro;Belo Horizonte; MG;3.º;Mineirão;62 000;4 (1966, 2003, 2013 e 2014)
;;;;Grêmio;Porto Alegre; RS;Campeão gaúcho de 1958;0;0 (não possui);Fortaleza;Fortaleza; CE;Campeão cearense de 1959;0;0 (não possui);Fortaleza;Fortaleza; CE;Campeão cearense de 1960;1 (1960);0 (não possui);Internacional;Porto Alegre; RS;Campeão gaúcho de 1961;0;0 (não possui);Defelê;Brasília; DF;Campeão brasiliense de 1962;0;0 (não possui);Fluminense de Feira;Feira de Santana; BA;Campeão baiano de 1963;0;0 (não possui);Grêmio;Porto Alegre; RS;Campeão gaúcho de 1964;5 (1959 - 1961, 1963, 1964);0 (não possui);Ferroviário;Curitiba; PR;Campeão paranaense de 1965;0;0 (não possui);Grêmio;Porto Alegre; RS;0 (não possui);Goiás;Goiânia; GO;Campeão goiano de 1966;0;0 (não possui); CSA;Maceió;Campeão alagoano de 1967;5 (1959, 1961, 1964, 1966, 1967);0 (não possui);Fluminense;Rio de Janeiro; GB;0 (não possui);Fluminense;Rio de Janeiro; GB;0 (não possui);Fluminense;Rio de Janeiro; GB;0 (não possui);Cruzeiro;Belo Horizonte; MG;1 (1966);Coritiba;Curitiba; PR;0 (não possui);CEUB;Brasília; DF;0 (não possui);Ceará;Fortaleza; CE;0 (não possui);Campinense;Campina Grande; PB;0 (não possui);Bahia;Salvador; BA;1 (1959);Bahia;Salvador; BA;1 (1959);Atlético Paranaense;Curitiba; PR;0 (não possui);Atlético Mineiro;Belo Horizonte; MG;2 (1937, 1971);Botafogo;Rio de Janeiro; RJ;1 (1968);Corinthians;São Paulo; SP;4º colocado do paulista de 1980;0 (não possui);Ceará;Fortaleza; CE;Campeão cearense de 1981;0 (não possui);Brasília;Brasília; DF;Campeão brasiliense de 1982;0 (não possui);Botafogo;Rio de Janeiro; RJ;5º colocado do carioca de 1983;1 (1968);Brasília;Brasília; DF;Campeão brasiliense de 1984;0 (não possui);Botafogo-PB;João Pessoa; PB;Campeão paraibano de 1985;0 (não possui);Corinthians;São Paulo; SP;7º;0 (não possui);Criciúma;Criciúma; SC;6º (Módulo Amarelo);Heriberto Hülse;0 (não possui);Fluminense;Rio de Janeiro; RJ;3º;Maracanã;2 (1970, 1984);Goiás;Goiânia; GO;10º;Serra Dourada;0 (não possui);Fluminense;Rio de Janeiro; RJ;15º;Maracanã;2 (1970, 1984);Fluminense;Rio de Janeiro; RJ;4º;Maracanã;2 (1970, 1984);Coritiba;Curitiba; PR;12º (Série B);Couto Pereira;1 (1985);Fluminense;Rio de Janeiro; RJ;17º;Maracanã;2 (1970, 1984);Fluminense;Rio de Janeiro; RJ;15º;Maracanã;2 (1970, 1984);Cruzeiro;Belo Horizonte; MG;3º;Mineirão;1 (1966);Criciúma;Criciúma; SC;21º;Heriberto Hülse;0 (não possui);Cruzeiro;Belo Horizonte; MG;20º;Mineirão;1966;Gama;Gama; DF;1º (Série B);Bezerrão;não possui;Atlético Goianiense;Goiânia; GO;18º (Série C);Verde;Antonio Accioly;não possui;Cruzeiro;Belo Horizonte; MG;3º;Mineirão;1966;Flamengo;Rio de Janeiro; RJ;24º;Maracanã;1980, 1982, 1983, 1992;Flamengo;Rio de Janeiro; RJ;18º;Maracanã;1980, 1982, 1983, 1992;Flamengo;Rio de Janeiro; RJ;8º;Maracanã;1980, 1982, 1983, 1992;Flamengo;Rio de Janeiro; RJ;17º;Maracanã;1980, 1982, 1983, 1992;Goiás;Goiânia;GO;3º;Serra Dourada;0 (não possui);Fluminense;Rio de Janeiro; RJ;15º;Maracanã;2 (1970, 1984);Goiás;Goiânia;GO;16.º;Serra Dourada;0 (não possui);Fluminense;Rio de Janeiro; RJ;14º (Série A);Maracanã;82.238;2 (1970, 1984);;;;;Parque do Sabiá[c];50 000;;Ceará;Fortaleza; CE;12º;Presidente Vargas[c];20 600;0 (não possui);Flamengo;Rio de Janeiro; RJ;4º;Engenhão[RJ];45 000;5 (1980, 1982, 1983, 1992, 2009);Flamengo;Rio de Janeiro; RJ;11º;Maracanã [RJ];78 838;5 (1980, 1982, 1983, 1992, 2009);Cruzeiro;Belo Horizonte; MG;1º;Mineirão;61 846[19];3 (1966, 2003, 2013);Flamengo;Rio de Janeiro; RJ;10º;Maracanã;78 838;5 (1980, 1982, 1983, 1992, 2009);Figueirense;Florianópolis; SC;16º;Orlando Scarpelli;19 584;0 (não possui);Coritiba;Curitiba; PR;15º;Couto Pereira;40 502[18];1 (1985);Cruzeiro;Belo Horizonte; MG;5.º;Mineirão;61 846;4 (1966, 2003, 2013, 2014);Cruzeiro;Belo Horizonte; MG;8.º;Mineirão;61 846;4 (1966, 2003, 2013, 2014);Corinthians;São Paulo; SP;8.º;Neo Química Arena;47 605;7 (1990, 1998, 1999, 2005, 2011, 2015, 2017);Cuiabá;Cuiabá; MT;4.º (Série B);Arena Pantanal;44 097;0 (não possui);Coritiba;Curitiba; PR;3.º (Série B);Couto Pereira;40 502;1 (1985);Cuiabá;Cuiabá; MT;16.º;Arena Pantanal;44 097;0 (não possui);Cuiabá;Cuiabá; MT;12.º;Arena Pantanal;44 097;0 (não possui);Fortaleza;Fortaleza; CE;4.º;Arena Castelão;63 903;0 (não possui);Flamengo;Rio de Janeiro; RJ;1.º;Maracanã;78 838;8 (1980, 1982, 1983, 1992, 2009, 2019, 2020 e 2025)[nota 2]
;;;;Hercílio Luz;Tubarão; SC;Campeão catarinense de 1958;0;0 (não possui);Grêmio;Porto Alegre; RS;Campeão gaúcho de 1959;1 (1959);0 (não possui);Grêmio;Porto Alegre; RS;Campeão gaúcho de 1960;2 (1959, 1960);0 (não possui);Metropol;Criciúma; SC;Campeão catarinense de 1961;1 (1961);0 (não possui);Fonseca;Niterói; RJ;Campeão fluminense de 1962;2 (1960, 1961);0 (não possui);Goytacaz;Campos dos Goytacazes; RJ;Campeão fluminense de 1963;0;0 (não possui);Grêmio Maringá;Maringá; PR;Campeão paranaense de 1964;1 (1964);0 (não possui);Flamengo-PI;Teresina; PI;Campeão piauiense de 1965;1 (1964);0 (não possui);Internacional;Porto Alegre; RS;0 (não possui);Goytacaz;Campos dos Goytacazes; RJ;Campeão fluminense de 1966;1 (1964);0 (não possui); Desportiva Ferroviária;Cariacica;Campeão capixaba de 1967;2 (1965, 1966);0 (não possui);Grêmio;Porto Alegre; RS;0 (não possui);Grêmio;Porto Alegre; RS;0 (não possui);Grêmio;Porto Alegre; RS;0 (não possui);Flamengo;Rio de Janeiro; GB;0 (não possui);CRB;Maceió; AL;0 (não possui);Comercial-MS[nota 1];Campo Grande; MT;0 (não possui);CEUB;Brasília; DF;0 (não possui);Ceará;Fortaleza; CE;0 (não possui);Botafogo;Rio de Janeiro; RJ;1 (1968);Botafogo;Rio de Janeiro; RJ;1 (1968);Bahia;Salvador; BA;1 (1959);Atlético Paranaense;Curitiba; PR;0 (não possui);Botafogo-PB;João Pessoa; PB;0 (não possui);CRB;Maceió; AL;Vice-campeão alagoano de 1980;0 (não possui);Corinthians;São Paulo; SP;Primeira fase da Taça de Prata 1982;0 (não possui);Campo Grande;Rio de Janeiro; RJ;Campeão da Taça de Prata de 1982;0 (não possui);Brasil de Pelotas;Pelotas; RS;Vice-campeão gaúcho de 1983;0 (não possui);Ceará;Fortaleza; CE;Campeão cearense de 1984;0 (não possui);Ceará;Fortaleza; CE;Vice-campeão cearense de 1985;0 (não possui);Coritiba;Curitiba; PR;44º;1 (1985);Cruzeiro;Belo Horizonte; MG;4º (Módulo Verde);Mineirão;1 (1966);Goiás;Goiânia; GO;13º;Serra Dourada;0 (não possui);Grêmio;Porto Alegre; RS;11º;Olímpico;1 (1981);Goiás;Goiânia; GO;10º;Serra Dourada;0 (não possui);Goiás;Goiânia; GO;15º;Serra Dourada;0 (não possui);Criciúma;Criciúma; SC;3º (Série B);Heriberto Hülse;0 (não possui);Grêmio;Porto Alegre; RS;11º;Olímpico;1 (1981);Goiás;Goiânia; GO;2º (Série B);Serra Dourada;0 (não possui);Flamengo;Rio de Janeiro; RJ;21º;Maracanã;4 (1980, 1982, 1983, 1992);Cruzeiro;Belo Horizonte; MG;5º;Mineirão;1 (1966);Flamengo;Rio de Janeiro; RJ;5º;Maracanã;1980, 1982, 1983, 1992;Grêmio;Porto Alegre; RS;8º;Olímpico;1981, 1996;Atlético Mineiro;Belo Horizonte; MG;2º (Série A);Azul;Mineirão;1937, 1971;Flamengo;Rio de Janeiro; RJ;19º;Maracanã;1980, 1982, 1983, 1992;Fluminense;Rio de Janeiro; RJ;3º;Maracanã;1970, 1984;Fluminense;Rio de Janeiro; RJ;4º;Maracanã;1970, 1984;Fluminense;Rio de Janeiro; RJ;19º;Maracanã;1970, 1984;Fluminense;Rio de Janeiro; RJ;9º;Maracanã;1970, 1984;Grêmio;Porto Alegre; RS;1º (Série B);Olímpico;1981, 1996;Goiás;Goiânia; GO;8º;Serra Dourada;0 (não possui);Grêmio;Porto Alegre;RS;6.º;Olímpico;2 (1981 e 1996);Goiás;Goiânia; GO;8º (Série A);Serra Dourada;50.049;0 (não possui);Flamengo;Rio de Janeiro; RJ;1º (Série A);Engenhão[d];44 000;5 (1980, 1982, 1983, 1992, 2009);Corinthians;São Paulo; SP;3º;Pacaembu;37 952;4 (1990, 1998, 1999, 2005);Fluminense;Rio de Janeiro; RJ;3º;Engenhão[RJ];45 000;3 (1970, 1984, 2010);;;;;Mané Garrincha [FLA];72 788;;Figueirense;Florianópolis; SC;4º (Série B);Orlando Scarpelli;19 584;0 (não possui);Fluminense;Rio de Janeiro; RJ;6º;Maracanã;78 838;4 (1970, 1984, 2010, 2012);Flamengo;Rio de Janeiro; RJ;12º;Raulino de Oliveira[FLA];18 230;5 (1980, 1982, 1983, 1992, 2009);Cruzeiro;Belo Horizonte; MG;12º;Mineirão;61 846;4 (1966, 2003, 2013, 2014);Flamengo;Rio de Janeiro; RJ;6.º;Maracanã[22];78 838;5 (1980, 1982, 1983, 1992, 2009);CSA;Maceió; AL;2.º (Série B);Rei Pelé;19 105[18];0 (não possui);Coritiba;Curitiba; PR;3.º (Série B);Couto Pereira;40 502[18];1 (1985);Flamengo;Rio de Janeiro; RJ;1.º;Maracanã;78 838;7 (1980, 1982, 1983, 1992, 2009, 2019, 2020)[nota 1];Cuiabá;Cuiabá; MT;15.º;Arena Pantanal;44 097;0 (não possui);Flamengo;Rio de Janeiro; RJ;5.º;Maracanã;78 838;7 (1980, 1982, 1983, 1992, 2009, 2019 e 2020);Flamengo;Rio de Janeiro; RJ;4.º;Maracanã;78 838;7 (1980, 1982, 1983, 1992, 2009, 2019 e 2020);Grêmio;Porto Alegre; RS;14.º;Arena do Grêmio;60 540;2 (1981, 1996);Fluminense;Rio de Janeiro; RJ;5.º;Maracanã;78 838;4 (1970, 1984, 2010 e 2012)
;;;;Manufatora;Niterói; RJ;Campeão fluminense de 1958;0;0 (não possui);Moto Club;São Luís; MA;Campeão maranhense de 1959;0;0 (não possui);Metropol;Criciúma; SC;Campeão catarinense de 1960;0;0 (não possui);Paysandu;Belém; PA;Campeão paraense de 1961;1 (1960);0 (não possui);Grêmio;Porto Alegre; RS;Campeão gaúcho de 1962;3 (1959, 1960, 1961);0 (não possui);Grêmio;Porto Alegre; RS;Campeão gaúcho de 1963;4 (1959, 1960, 1961, 1963);0 (não possui);Guanabara;Brasília; DF;Campeão brasiliense de 1964;0;0 (não possui);Fluminense;Rio de Janeiro; GB;Campeão da Taça Guanabara de 1966;2 (1937, 1960);0 (não possui);Palmeiras;São Paulo; SP;1 (1960);Grêmio;Porto Alegre; RS;Campeão gaúcho de 1966;8 (1959 - 1961, 1963 - 1967[RGP]);0 (não possui); Fortaleza;Fortaleza;Campeão cearense de 1967;4 (1960, 1961, 1965, 1966);0 (não possui);Internacional;Porto Alegre; RS;0 (não possui);Internacional;Porto Alegre; RS;0 (não possui);Internacional;Porto Alegre; RS;0 (não possui);Fluminense;Rio de Janeiro; GB;1 (1970);Cruzeiro;Belo Horizonte; MG;1 (1966);Corinthians;São Paulo; SP;0 (não possui);Comercial-MS[nota 1];Campo Grande; MT;0 (não possui);CEUB;Brasília; DF;0 (não possui);Botafogo-PB;João Pessoa; PB;0 (não possui);Botafogo-PB;João Pessoa; PB;0 (não possui);Bangu;Rio de Janeiro; RJ;0 (não possui);Avaí;Florianópolis; SC;0 (não possui);Ceará;Fortaleza; CE;0 (não possui);Cruzeiro;Belo Horizonte; MG;Vice-campeão mineiro de 1980;1 (1966);Cruzeiro;Belo Horizonte; MG;Vice-campeão mineiro de 1981;1 (1966);Colorado;Curitiba; PR;Vice-campeão paranaense de 1982;0 (não possui);Brasília;Brasília; DF;Campeão brasiliense de 1983;0 (não possui);Corinthians;São Paulo; SP;Ranking de Pontos;0 (não possui);Central;Caruaru; PE;Grupo F do Torneio Paralelo de 1986;0 (não possui);Criciúma;Criciúma; SC;9º;0 (não possui);Flamengo;Rio de Janeiro; RJ;1º (Módulo Verde);Maracanã;3 (1980, 1982, 1983);Grêmio;Porto Alegre; RS;4º;Olímpico;1 (1981);Inter de Limeira;Limeira; SP;14º;Limeirão;0 (não possui);Grêmio;Porto Alegre; RS;3º;Olímpico;1 (1981);Guarani;Campinas; SP;2º (Série B);Brinco de Ouro;1 (1978);Cruzeiro;Belo Horizonte; MG;8º;Mineirão;1 (1966);Guarani;Campinas; SP;6º;Brinco de Ouro;1 (1978);Grêmio;Porto Alegre; RS;11º;Olímpico;1 (1981);Fluminense;Rio de Janeiro; RJ;4º;Maracanã;2 (1970, 1984);Flamengo;Rio de Janeiro; RJ;13º;Maracanã;4 (1980, 1982, 1983, 1992);Goiás;Goiânia; GO;19º;Serra Dourada;não possui;Guarani;Campinas; SP;19º;Brinco de Ouro;1978;Atlético Paranaense;Curitiba; PR;9º (Série A);Azul;Arena da Baixada;não possui;Fluminense;Rio de Janeiro; RJ;9º;Maracanã;1970, 1984;Gama;Gama;DF;20º;Bezerrão;não possui;Fortaleza;Fortaleza;CE;2º (Série B);Castelão;não possui;Goiás;Goiânia;GO;9º;Serra Dourada;não possui;Fortaleza;Fortaleza; CE;2º (Série B);Castelão;Não possui;Internacional;Porto Alegre; RS;2º;Beira-Rio;1975, 1976, 1979;Grêmio;Porto Alegre; RS;3º;Olímpico;2 (1981, 1996);Internacional;Porto Alegre;RS;11.º;Beira-Rio;3 (1975, 1976 e 1979);Grêmio;Porto Alegre; RS;2º (Série A);Olímpico;45.000;2 (1981, 1996);Fluminense;Rio de Janeiro; RJ;16º (Série A);Engenhão[d];44 000;2 (1970, 1984);Coritiba;Curitiba; PR;1º (Série B);Couto Pereira;37 182;1 (1985);Grêmio;Porto Alegre; RS;12º;Olímpico;45 000;2 (1981, 1996);Fluminense;Rio de Janeiro; RJ;1°;Maracanã [RJ];78 838;4 (1970, 1984, 2010, 2012);Flamengo;Rio de Janeiro; RJ;16º;Maracanã;78 838;5 (1980, 1982, 1983, 1992, 2009);Goiás;Goiânia; GO;12º;Serra Dourada;42 000;0 (não possui);;;;;Kleber Andrade[FLA];21 000;;Flamengo;Rio de Janeiro; RJ;3º;Ilha do Urubu[19];20 215[20];5 (1980, 1982, 1983, 1992, 2009);Fluminense;Rio de Janeiro; RJ;14.º;Maracanã;78 838;4 (1970, 1984, 2010, 2012);Flamengo;Rio de Janeiro; RJ;2.º;Maracanã;78 838;5 (1980, 1982, 1983, 1992, 2009);Flamengo;Rio de Janeiro; RJ;1.º;Maracanã;78 838;6 (1980, 1982, 1983, 1992, 2009, 2019)[nota 2];Fluminense;Rio de Janeiro; RJ;5.º;Maracanã;78 838;4 (1970, 1984, 2010, 2012);Flamengo;Rio de Janeiro; RJ;2.º;Maracanã;78 838;7 (1980, 1982, 1983, 1992, 2009, 2019, 2020)[nota 2];Fluminense;Rio de Janeiro; RJ;3.º;Maracanã;78 838;4 (1970, 1984, 2010 e 2012);Fluminense;Rio de Janeiro; RJ;7.º;Maracanã;78 838;4 (1970, 1984, 2010 e 2012);Internacional;Porto Alegre; RS;5.º;Beira-Rio;50 842;3 (1975, 1976, 1979);Grêmio;Porto Alegre; RS;9.º;Arena do Grêmio;55 662;2 (1981, 1996)
;;;;Rio Branco;Vitória; ES;Campeão capixaba de 1958;1 (1937);0 (não possui);Palmeiras;São Paulo; SP;Campeão paulista de 1959;0;0 (não possui);Moto Club;São Luís; MA;Campeão maranhense de 1960;1 (1960);0 (não possui);Rio Branco-RJ;Campos dos Goytacazes; RJ;Campeão fluminense de 1961;0;0 (não possui);Londrina;Londrina; PR;Campeão paranaense de 1962;0;0 (não possui);Maranhão;São Luís; MA;Campeão maranhense de 1963;0;0 (não possui);Nacional-AM;Manaus; AM;Campeão amazonense de 1964;1 (1964);0 (não possui);Fortaleza;Fortaleza; CE;Campeão cearense de 1965;3 (1960, 1961, 1965);0 (não possui);Portuguesa;São Paulo; SP;0 (não possui);Leônico;Simões Filho; BA;Campeão baiano de 1966;0;0 (não possui); Goytacaz;Campos dos Goytacazes;Campeão fluminense de 1967;2 (1964, 1967);0 (não possui);Náutico;Recife; PE;0 (não possui);Palmeiras;São Paulo; SP;3 (1960, 1967[RGP], 1967[TB]);Palmeiras;São Paulo; SP;4 (1960, 1967[RGP], 1967[TB], 1969);Grêmio;Porto Alegre; RS;0 (não possui);Flamengo;Rio de Janeiro; GB;0 (não possui);Coritiba;Curitiba; PR;0 (não possui);Corinthians;São Paulo; SP;0 (não possui);Comercial-MS[nota 1];Campo Grande; MT;0 (não possui);Botafogo-SP;Ribeirão Preto; SP;0 (não possui);Botafogo-SP;Ribeirão Preto; SP;0 (não possui);Botafogo;Rio de Janeiro; RJ;1 (1968);Bahia;Salvador; BA;1 (1959);Colorado;Curitiba;PR;0 (não possui);CSA;Maceió; AL;Vice-campeão da Taça de Prata de 1980;0 (não possui);CSA;Maceió; AL;Campeão alagoano de 1981;0 (não possui);Comercial-MS;Campo Grande; MS;Campeão sul-mato-grossense de 1982;0 (não possui);Catuense;Catu; BA;Vice-campeão baiano de 1983;0 (não possui);Coritiba;Curitiba; PR;Ranking de Pontos;0 (não possui);Operário VG;Várzea Grande; MT;Campeão mato-grossense de 1985;0 (não possui);Cruzeiro;Belo Horizonte; MG;8º;1 (1966);Fluminense;Rio de Janeiro; RJ;7º (Módulo Verde);Maracanã;2 (1970, 1984);Guarani;Campinas; SP;14º;Brinco de Ouro;1 (1978);Internacional;Porto Alegre; RS;16º;Beira-Rio;3 (1975, 1976, 1979);Internacional;Porto Alegre; RS;16º;Beira-Rio;3 (1975, 1976, 1979);Internacional;Porto Alegre; RS;7º;Beira-Rio;3 (1975, 1976, 1979);Desportiva Ferroviária;Cariacica; ES;11º (Série B);Engº Alencar Araripe;0 (não possui);Internacional;Porto Alegre; RS;13º;Beira-Rio;3 (1975, 1976, 1979);Guarani;Campinas; SP;3º;Brinco de Ouro;1 (1978);Goiás;Goiânia; GO;8º;Serra Dourada;0 (não possui);Fluminense;Rio de Janeiro; RJ;23º;Maracanã;2 (1970, 1984);Grêmio;Porto Alegre; RS;14º;Olímpico;1981, 1996;Internacional;Porto Alegre; RS;12º;Beira-Rio;1975, 1976, 1979;Avaí;Florianópolis; SC;8º (Série B);Amarelo;Ressacada;não possui;Gama;Gama; DF;26º;Bezerrão;não possui;Goiás;Goiânia;GO;10º;Serra Dourada;não possui;Goiás;Goiânia;GO;12º;Serra Dourada;não possui;Grêmio;Porto Alegre; RS;20º;Olímpico;1981, 1996;Goiás;Goiânia;GO;6º;Serra Dourada;Não possui;Juventude;Caxias do Sul; RS;14º;Alfredo Jaconi;0 (não possui);Internacional;Porto Alegre; RS;2º;Beira-Rio;3 (1975, 1976, 1979);Ipatinga;Ipatinga;MG;2.º (Série B);Ipatingão;0 (não possui);Grêmio Barueri;Barueri; SP;4º (Série B);Arena Barueri;16.419;0 (não possui);Goiás;Goiânia; GO;9º (Série A);Serra Dourada;50 049;0 (não possui);Cruzeiro;Belo Horizonte; MG;2º;Arena do Jacaré[a];18 000;2 (1966, 2003);Internacional;Porto Alegre; RS;5º;Beira-Rio;56 000;3 (1975, 1976, 1979);Goiás;Goiânia; GO;1° (Série B);Serra Dourada;42 000;0 (não possui);Fluminense;Rio de Janeiro; RJ;15°;Maracanã;78 838;4 (1970, 1984, 2010, 2012);Grêmio;Porto Alegre; RS;7º;Arena do Grêmio;56 500;2 (1981, 1996);;;;;Mané Garrincha[FLA];72 788;;Fluminense;Rio de Janeiro; RJ;13º;Maracanã;78 838;4 (1970, 1984, 2010, 2012);Grêmio;Porto Alegre; RS;4.º;Arena do Grêmio;55 662;2 (1981, 1996);Fluminense;Rio de Janeiro; RJ;12.º;Maracanã;78 838;4 (1970, 1984, 2010, 2012);Fluminense;Rio de Janeiro; RJ;14.º;Maracanã;78 838;4 (1970, 1984, 2010, 2012);Fortaleza;Fortaleza; CE;16.º;Arena Castelão;52 552;0 (não possui);Fluminense;Rio de Janeiro; RJ;7.º;Maracanã;78 838;4 (1970, 1984, 2010, 2012);Fortaleza;Fortaleza; CE;8.º;Arena Castelão;63 903;0 (não possui);Fortaleza;Fortaleza; CE;10.º;Arena Castelão;63 903;0 (não possui);Juventude;Caxias do Sul; RS;15.°;Alfredo Jaconi;19 924;0 (não possui);Internacional;Porto Alegre; RS;16.º;Beira-Rio;50 128;3 (1975, 1976, 1979)
;;;;Santos;Santos; SP;Campeão paulista de 1958;0;0 (não possui);Paula Ramos;Florianópolis; SC;Campeão catarinense de 1959;0;0 (não possui);Náutico;Recife; PE;Campeão pernambucano de 1960;0;0 (não possui);River-PI;Teresina; PI;Campeão piauiense de 1961;0;0 (não possui);Metropol;Criciúma; SC;Campeão catarinense de 1962;2 (1961, 1962);0 (não possui);Grêmio Maringá;Maringá; PR;Campeão paranaense de 1963;0;0 (não possui);Náutico;Recife; PE;Campeão pernambucano de 1964;2 (1961, 1964);0 (não possui);Grêmio;Porto Alegre; RS;Campeão gaúcho de 1965;6 (1959 - 1961, 1963 - 1965);0 (não possui);Santos;Santos; SP;5 (1961, 1962, 1963, 1964, 1965);Moto Club;São Luís; MA;Campeão maranhense de 1966;2 (1960, 1961);0 (não possui); Grêmio;Porto Alegre;Campeão gaúcho de 1967;10 (1959 - 1961, 1963 - 1967, 1967[RGP], 1968[RGP]);0 (não possui);Palmeiras;São Paulo; SP;3 (1960, 1967[RGP], 1967[TB]);Portuguesa;São Paulo; SP;0 (não possui);Ponte Preta;Campinas; SP;0 (não possui);Internacional;Porto Alegre; RS;0 (não possui);Fluminense;Rio de Janeiro; GB;1 (1970);CRB;Maceió; AL;0 (não possui);Coritiba;Curitiba; PR;0 (não possui);Corinthians;São Paulo; SP;0 (não possui);Caxias;Caxias do Sul; RS;0 (não possui);Brasília;Brasília; DF;0 (não possui);Botafogo-PB;João Pessoa; PB;0 (não possui);Botafogo;Rio de Janeiro; RJ;1 (1968);Corinthians;São Paulo; SP;0 (não possui);Desportiva Ferroviária;Cariacica; ES;Campeão capixaba de 1980;0 (não possui);Desportiva Ferroviária;Cariacica; ES;Campeão capixaba de 1981;0 (não possui);Corinthians;São Paulo; SP;Campeão paulista de 1982;0 (não possui);Operário VG;Várzea Grande; MT;Campeão mato-grossense de 1983;0 (não possui);Corumbaense;Corumbá; MS;Campeão sul-mato-grossense de 1984;0 (não possui);Comercial-MS;Campo Grande; MS;Campeão sul-mato-grossense de 1985;0 (não possui);CSA;Maceió; AL;26º;0 (não possui);Goiás;Goiânia; GO;13º (Módulo Verde);Serra Dourada;0 (não possui);Internacional-SP;Limeira; SP;1º (Série B);Limeirão;0 (não possui);Náutico;Recife; PE;13º;Aflitos;0 (não possui);Náutico;Recife; PE;13º;Aflitos;0 (não possui);Náutico;Recife; PE;14º;Aflitos;0 (não possui);Flamengo;Rio de Janeiro; RJ;1º;Maracanã;4 (1980, 1982, 1983, 1992);Náutico;Recife; PE;24º;Aflitos;0 (não possui);Internacional;Porto Alegre; RS;17º;Beira-Rio;3 (1975, 1976, 1979);Grêmio;Porto Alegre; RS;15º;Olímpico;1 (1981);Goiás;Goiânia; GO;4º;Serra Dourada;0 (não possui);Guarani;Campinas; SP;21º;Brinco de Ouro;1978;Juventude;Caxias do Sul; RS;18º;Alfredo Jaconi;não possui;Bahia;Salvador; BA;3º (Série B);Azul;Fonte Nova;1959, 1988;Goiás;Goiânia; GO;14º;Serra Dourada;não possui;Grêmio;Porto Alegre; RS;5º;Olímpico;1981, 1996;Grêmio;Porto Alegre; RS;3º;Olímpico;1981, 1996;Guarani;Campinas; SP;13º;Brinco de Ouro;1978;Internacional;Porto Alegre; RS;8º;Beira-Rio;1975, 1976, 1979;Palmeiras;São Paulo; SP;4º;Palestra Itália;1960, 1967, 1967, 1969, 1972, 1973, 1993, 1994;Juventude;Caxias do Sul; RS;14º;Alfredo Jaconi;0 (não possui);Náutico;Recife;PE;15.º;Aflitos;0 (não possui);Internacional;Porto Alegre; RS;6º (Série A);Beira Rio;56.000;3 (1975, 1976, 1979);Grêmio;Porto Alegre; RS;8º (Série A);Olímpico;45 000;2 (1981, 1996);;;;;Parque do Sabiá[a];50 000;;Náutico;Recife; PE;2º (Série B);Aflitos;19 800;0 (não possui);Grêmio;Porto Alegre; RS;3º;Arena do Grêmio;56 500;2 (1981, 1996);Goiás;Goiânia; GO;6°;Serra Dourada;42 000;0 (não possui);Internacional;Porto Alegre; RS;3º;Beira-Rio;56 000;3 (1975, 1976, 1979);Fluminense;Rio de Janeiro; RJ;13º;Giulite Coutinho[FLU];13 544;4 (1970, 1984, 2010, 2012);Grêmio;Porto Alegre; RS;9º;Arena do Grêmio;55 662;2 (1981, 1996);Internacional;Porto Alegre; RS;2° (Série B);Beira-Rio;50 128;3 (1975, 1976, 1979);Fortaleza;Fortaleza; CE;1.º (Série B);Arena Castelão;63 903;0 (não possui);Fortaleza;Fortaleza; CE;9.º;Arena Castelão;52 552;0 (não possui);Grêmio;Porto Alegre; RS;6.º;Arena do Grêmio;55 662;2 (1981, 1996);Fortaleza;Fortaleza; CE;4.º;Arena Castelão;63 903;0 (não possui);Goiás;Goiânia; GO;13.º;Serrinha;14 525;0 (não possui);Grêmio;Porto Alegre; RS;2.º;Arena do Grêmio;55 662;2 (1981 e 1996);Mirassol;Mirassol; SP;2.º (Série B);Campos Maia;15 000;0 (não possui);Mirassol;Mirassol; SP;4.º;Maião;15 023;0 (não possui)
;;;;Sport;Recife; PE;Campeão pernambucano de 1958;0;0 (não possui);Paysandu;Belém; PA;Campeão paraense de 1959;0;0 (não possui);Palmeiras;São Paulo; SP;Campeão brasileiro de 1960;1 (1960);1 (1960);Sampaio Corrêa;São Luís; MA;Campeão maranhense de 1961;0;0 (não possui);Paysandu;Belém; PA;Campeão paraense de 1962;2 (1960, 1962);0 (não possui);Metropol;Criciúma; SC;Campeão catarinense de 1963;3 (1961, 1962, 1963);0 (não possui);Olímpico;Blumenau; SC;Campeão catarinense de 1964;0;0 (não possui);Inter de Lages;Lages; SC;Campeão catarinense de 1965;0;0 (não possui);São Paulo;São Paulo; SP;0 (não possui);Náutico;Recife; PE;Campeão pernambucano de 1966;4 (1961, 1964 - 1966);0 (não possui); Metropol;Criciúma;Campeão catarinense de 1967;4 (1961 - 1964);0 (não possui);Portuguesa;São Paulo; SP;0 (não possui);Santa Cruz;Recife; PE;0 (não possui);Santa Cruz;Recife; PE;0 (não possui);Palmeiras;São Paulo; SP;4 (1960, 1967[RGP], 1967[TB], 1969);Grêmio;Porto Alegre; RS;0 (não possui);Cruzeiro;Belo Horizonte; MG;1 (1966);Cruzeiro;Belo Horizonte; MG;1 (1966);Coritiba;Curitiba; PR;0 (não possui);Ceará;Fortaleza; CE;0 (não possui);Caxias;Caxias do Sul; RS;0 (não possui);Botafogo-SP;Ribeirão Preto; SP;0 (não possui);Botafogo-PB;João Pessoa; PB;0 (não possui);Coritiba;Curitiba;PR;0 (não possui);Ferroviário;Fortaleza; CE;Vice-campeão cearense de 1980;0 (não possui);Ferroviário;Fortaleza; CE;Vice-campeão cearense de 1981;0 (não possui);Cruzeiro;Belo Horizonte; MG;Vice-campeão mineiro de 1982;1 (1966);Confiança;Aracaju; SE;Campeão sergipano de 1983;0 (não possui);Cruzeiro;Belo Horizonte; MG;Ranking de Pontos;1 (1966);Corinthians;São Paulo; SP;Quinto colocado no paulista de 1985;0 (não possui);Flamengo;Rio de Janeiro; RJ;13º;3 (1980, 1982, 1983);Grêmio;Porto Alegre; RS;5º (Módulo Verde);Olímpico;1 (1981);Internacional;Porto Alegre; RS;2º;Beira-Rio;3 (1975, 1976, 1979);Palmeiras;São Paulo; SP;5º;Parque Antártica;6 (1960, 1967, 1967 RGP, 1969, 1972, 1973);Palmeiras;São Paulo; SP;6º;Parque Antártica;6 (1960, 1967, 1967 RGP, 1969, 1972, 1973);Palmeiras;São Paulo; SP;6º;Parque Antártica;6 (1960, 1967, 1967 RGP, 1969, 1972, 1973);Fluminense;Rio de Janeiro; RJ;14º;Maracanã;2 (1970, 1984);Palmeiras;São Paulo; SP;1º;Parque Antártica;7 (1960, 1967, 1967 RGP, 1969, 1972, 1973, 1993);Juventude;Caxias do Sul; RS;1º (Série B);Alfredo Jaconi;0 (não possui);Guarani;Campinas; SP;18º;Brinco de Ouro;1 (1978);Grêmio;Porto Alegre; RS;1º;Olímpico;2 (1981, 1996);Internacional;Porto Alegre; RS;3º;Beira-Rio;1975, 1976, 1979;Palmeiras;São Paulo; SP;5º;Parque Antártica;1960, 1967, 1967, 1969, 1972, 1973, 1993, 1994;Bangu;Rio de Janeiro; RJ;20º (Série C);Amarelo;Proletário Guilherme da Silveira;não possui;Grêmio;Porto Alegre; RS;4º;Olímpico;1981, 1996;Guarani;Campinas; SP;19º;Brinco de Ouro;1978;Guarani;Campinas; SP;16º;Brinco de Ouro;1978;Internacional;Porto Alegre; RS;6º;Beira-Rio;1975, 1976, 1979;Juventude;Caxias do Sul; RS;7º;Alfredo Jaconi;Não possui;Paraná;Curitiba; PR;7º;Durival Britto;0 (não possui);Náutico;Recife; PE;3º (Série B);Aflitos;0 (não possui);Palmeiras;São Paulo;SP;7.º;Palestra Itália;8 (1960, 1967(1), 1967(2), 1969, 1972, 1973, 1993, 1994);Náutico;Recife; PE;16º (Série A);Aflitos;19.800;0 (não possui);Grêmio Prudente[a];Presidente Prudente; SP;11º (Série A);Prudentão;44 414;0 (não possui);Figueirense;Florianópolis; SC;2º (Série B);Orlando Scarpelli;19 069;0 (não possui);Palmeiras;São Paulo; SP;11º;Arena Barueri[PAL];31 452;8 (1960, 1967[TB], 1967[RGP], 1969, 1972, 1973, 1993, 1994);Internacional;Porto Alegre; RS;10º;Centenário[INT];22 132;3 (1975, 1976, 1979);Grêmio;Porto Alegre; RS;2°;Arena do Grêmio;55 500[20];2 (1981, 1996);Joinville;Joinville; SC;1º (Série B);Arena Joinville;20 160;0 (não possui);Grêmio;Porto Alegre; RS;3º;Arena do Grêmio;55 662;2 (1981, 1996);Palmeiras;São Paulo; SP;1º;Allianz Parque;43 713;9 (1960, 1967[nota 1], 1967[nota 2], 1969, 1972, 1973, 1993, 1994, 2016);Palmeiras;São Paulo; SP;2.º;Allianz Parque;43 713;9 (1960, 1967[nota 1], 1967[nota 2], 1969, 1972, 1973, 1993, 1994, 2016);Goiás;Goiânia; GO;4.º (Série B);Serra Dourada;42 000;0 (não possui);Goiás;Goiânia; GO;10.º;Serrinha;9 900;0 (não possui);Internacional;Porto Alegre; RS;2.º;Beira-Rio;50 842;3 (1975, 1976, 1979);Goiás;Goiânia; GO;2º (Série B);Serrinha;16 500;0 (não possui);Grêmio;Porto Alegre; RS;2.º (Série B);Arena do Grêmio;55 662;2 (1981 e 1996);Internacional;Porto Alegre; RS;9.º;Beira-Rio;50 842;3 (1975, 1976 e 1979);Palmeiras;São Paulo; SP;2.º;Allianz Parque;43 713;12 (1960, 1967[nota 2], 1967[nota 3], 1969, 1972, 1973, 1993, 1994, 2016, 2018, 2022, 2023);Palmeiras;São Paulo; SP;2.º;Nubank Parque;43 713;12 (1960, 1967[nota 1], 1967[nota 3], 1969, 1972, 1973, 1993, 1994, 2016, 2018, 2022, 2023)
;;;;Tuna Luso;Belém; PA;Campeão paraense de 1958;0;0 (não possui);Rio Branco-ES;Vitória; ES;Campeão capixaba de 1959;2 (1937, 1959);0 (não possui);Remo;Belém; PA;Campeão paraense de 1960;0;0 (não possui);Santo Antônio;Vitória; ES;Campeão capixaba de 1961;1 (1961);0 (não possui);Rio Branco-ES;Vitória; ES;Campeão capixaba de 1962;3 (1937, 1959, 1960);0 (não possui);Nacional-AM;Manaus; AM;Campeão amazonense de 1963;0;0 (não possui);Palmeiras;São Paulo; SP;Vice-campeão paulista de 1964;3 (1960, 1961, 1964);1 (1960);Náutico;Recife; PE;Campeão pernambucano de 1965;3 (1961, 1964, 1965);0 (não possui);Vasco da Gama;Rio de Janeiro; GB;0 (não possui);Palmeiras;São Paulo; SP;Campeão paulista de 1966;6 (1960, 1961, 1964 - 1967[RGP]);2 (1960, 1967[RGP]); Moto Club;São Luís;Campeão maranhense de 1967;3 (1960, 1961, 1967);0 (não possui);Santos;Santos; SP;5 (1961, 1962, 1963, 1964, 1965);Santos;Santos; SP;6 (1961, 1962, 1963, 1964, 1965, 1968[RGP]);Santos;Santos; SP;6 (1961, 1962, 1963, 1964, 1965, 1968[RGP]);Portuguesa;São Paulo; SP;0 (não possui);Internacional;Porto Alegre; RS;0 (não possui);Desportiva Ferroviária;Cariacica; ES;0 (não possui);CSA;Maceió; AL;0 (não possui);Cruzeiro;Belo Horizonte; MG;1 (1966);Comercial-MS[nota 1];Campo Grande; MT;0 (não possui);Ceará;Fortaleza; CE;0 (não possui);Brasil de Pelotas;Pelotas; RS;0 (não possui);Brasil de Pelotas;Pelotas; RS;0 (não possui);CRB;Maceió; AL;0 (não possui);Flamengo;Rio de Janeiro; RJ;3º colocado do carioca de 1980;1 (1980);Flamengo;Rio de Janeiro; RJ;Campeão carioca de 1981;1 (1980);CSA;Maceió; AL;Campeão alagoano de 1982;0 (não possui);Corinthians;São Paulo; SP;Campeão paulista de 1983;0 (não possui);CSA;Maceió; AL;Campeão alagoano de 1984;0 (não possui);Coritiba;Curitiba; PR;Campeão brasileiro de 1985;1 (1985);Fluminense;Rio de Janeiro; RJ;6º;2 (1970, 1984);Guarani;Campinas; SP;2º (Módulo Amarelo);Brinco de Ouro;1 (1978);Náutico;Recife; PE;2º (Série B);Aflitos;0 (não possui);Portuguesa;São Paulo; SP;7º;Canindé;0 (não possui);Portuguesa;São Paulo; SP;18º;Canindé;0 (não possui);Paysandu;Belém; PA;1º (Série B);Curuzu;0 (não possui);Fortaleza;Fortaleza; CE;7º (Série B);Castelão;0 (não possui);Paraná;Curitiba; PR;10º;Durival Britto;0 (não possui);Palmeiras;São Paulo; SP;1º;Parque Antártica;8 (1960, 1967, 1967 RGP, 1969, 1972, 1973, 1993, 1994);Internacional;Porto Alegre; RS;9º;Beira-Rio;3 (1975, 1976, 1979);Guarani;Campinas; SP;6º;Brinco de Ouro;1 (1978);Juventude;Caxias do Sul; RS;8º;Alfredo Jaconi;não possui;Paraná;Curitiba; PR;20º;Durival Britto;não possui;Baré;Boa Vista; RR;Não disputou o campeonato;Verde;Flamarion Vasconcelos;não possui;Guarani;Campinas; SP;17º;Brinco de Ouro;1978;Internacional;Porto Alegre; RS;9º;Beira-Rio;1975, 1976, 1979;Internacional;Porto Alegre; RS;21º;Beira-Rio;1975, 1976, 1979;Juventude;Caxias do Sul; RS;18º;Alfredo Jaconi;não possui;Palmeiras;São Paulo; SP;4º;Palestra Itália;1960, 1967, 1967, 1969, 1972, 1973, 1993, 1994;Ponte Preta;Campinas; SP;18º;Moisés Lucarelli;0 (não possui);Palmeiras;São Paulo; SP;16º;Palestra Itália;8 (1960, 1967(1), 1967(2), 1969, 1972, 1973, 1993, 1994);Portuguesa;São Paulo;SP;3.º (Série B);Canindé;0 (não possui);Palmeiras;São Paulo; SP;4º (Série A);Palestra Itália;29.876;8 (1960, 1967(1), 1967(2), 1969, 1972, 1973, 1993, 1994);Guarani;Campinas; SP;2º (Série B);Brinco de Ouro;32 453;1 (1978);Flamengo;Rio de Janeiro; RJ;14º;Engenhão[d];44 000;5 (1980, 1982, 1983, 1992, 2009);;;;;Pacaembu[PAL];37 730;;;;;;Estádio do Vale[INT];15 178[20];;Internacional;Porto Alegre; RS;13°;Beira-Rio;56 000;3 (1975, 1976, 1979);Palmeiras;São Paulo; SP;16º;Allianz Parque;45 000;8 (1960, 1967[TB], 1967[RGP], 1969, 1972, 1973, 1993, 1994);Internacional;Porto Alegre; RS;5º;Beira-Rio;50 128;3 (1975, 1976, 1979);Ponte Preta;Campinas; SP;8º;Moisés Lucarelli;17 728;0 (não possui);Paraná;Curitiba; PR;4° (Série B);Vila Capanema;20 083;0 (não possui);Grêmio;Porto Alegre; RS;4.º;Arena do Grêmio;55 662;2 (1981, 1996);Grêmio;Porto Alegre; RS;4.º;Arena do Grêmio;55 662;2 (1981, 1996);Juventude;Caxias do Sul; RS;3.º (Série B);Alfredo Jaconi;19 924;0 (não possui);Internacional;Porto Alegre; RS;12.º;Beira-Rio;50 842;3 (1975, 1976, 1979);Internacional;Porto Alegre; RS;2.º;Beira-Rio;50 842;3 (1975, 1976 e 1979);Juventude;Caxias do Sul; RS;2.º (Série B);Alfredo Jaconi;19 924;0 (não possui);Red Bull Bragantino;Bragança Paulista; SP;16.º;Nabi Abi Chedid;15 010;0 (não possui);Red Bull Bragantino;Bragança Paulista; SP;10.º;Cícero de Souza Marques[nota 4];12 000;0 (não possui)
;;;;Vasco da Gama;Rio de Janeiro; DF;Campeão carioca de 1958;0;;Santa Cruz-SE;Estância; SE;Campeão sergipano de 1959;0;0 (não possui);Santa Cruz-SE;Estância; SE;Campeão sergipano de 1960;1 (1960);0 (não possui);Santos;Santos; SP;Campeão paulista de 1961;2 (1959, 1961);1 (1961);River-PI;Teresina; PI;Campeão piauiense de 1962;1 (1962);0 (não possui);Náutico;Recife; PE;Campeão pernambucano de 1963;1 (1961);0 (não possui);Remo;Belém; PA;Campeão paraense de 1964;1 (1961);0 (não possui);Palmeiras;São Paulo; SP;Vice-campeão paulista de 1965;4 (1960, 1961, 1964, 1965);1 (1960);;;;;Paysandu;Belém; PA;Campeão paraense de 1966;5 (1960, 1962 - 1964, 1966);0 (não possui); Náutico;Recife;Campeão pernambucano de 1967;6 (1961, 1964 - 1968[RGP]);0 (não possui);São Paulo;São Paulo; SP;0 (não possui);São Paulo;São Paulo; SP;0 (não possui);São Paulo;São Paulo; SP;0 (não possui);Santa Cruz;Recife; PE;0 (não possui);Nacional-AM;Manaus; AM;0 (não possui);Figueirense;Florianópolis; SC;0 (não possui);Desportiva Ferroviária;Cariacica; ES;0 (não possui);CS Alagoano;Maceió; AL;0 (não possui);Confiança;Aracaju; SE;0 (não possui);Confiança;Aracaju; SE;0 (não possui);Brasília;Brasília; DF;0 (não possui);Brasília;Brasília; DF;0 (não possui);Cruzeiro;Belo Horizonte; MG;1 (1966);Fluminense;Rio de Janeiro; RJ;Campeão carioca de 1980;1 (1970);Fluminense;Rio de Janeiro; RJ;5º colocado do carioca de 1981;1 (1970);Ferroviária;Araraquara; SP;6º colocado do paulista de 1982;0 (não possui);Coritiba;Curitiba; PR;Vice-campeão paranaense de 1983;0 (não possui);Desportiva Ferroviária;Cariacica; ES;Campeão capixaba de 1984;0 (não possui);Criciúma;Criciúma; SC;Grupo H do Torneio Paralelo de 1986;0 (não possui);Goiás;Goiânia; GO;23º;0 (não possui);Internacional;Porto Alegre; RS;2º (Módulo Verde);Beira-Rio;3 (1975, 1976, 1979);Palmeiras;São Paulo; SP;16º;Parque Antártica;6 (1960, 1967, 1967 RGP, 1969, 1972, 1973);Santos;Santos; SP;12º;Vila Belmiro;6 (1961, 1962, 1963, 1964, 1965, 1968 RGP);Santos;Santos; SP;7º;Vila Belmiro;6 1961, 1962, 1963, 1964, 1965, 1968 RGP);Portuguesa;São Paulo; SP;10º;Canindé;0 (não possui);Goiás;Goiânia; GO;17º;Estádio Serra Dourada;0 (não possui);Paysandu;Belém; PA;21º;Curuzu;0 (não possui);Paraná;Curitiba; PR;18º;Durival Britto;0 (não possui);Juventude;Caxias do Sul; RS;11º;Alfredo Jaconi;0 (não possui);Internacional;Porto Alegre; RS;9º;Beira-Rio;3 (1975, 1976, 1979);Palmeiras;São Paulo; SP;2º;Parque Antártica;1960, 1967, 1967, 1969, 1972, 1973, 1993, 1994;Ponte Preta;Campinas; SP;17º;Moisés Lucarelli;não possui;Botafogo;Rio de Janeiro; RJ;14º (Série A);Azul;Maracanã;1968, 1995;Internacional;Porto Alegre; RS;6º;Beira-Rio;1975, 1976, 1979;Juventude;Caxias do Sul; RS;22º;Alfredo Jaconi;não possui;Juventude;Caxias do Sul; RS;7º;Alfredo Jaconi;não possui;Palmeiras;São Paulo; SP;1º (Série B);Palestra Itália;1960, 1967, 1967, 1969, 1972, 1973, 1993, 1994;Paraná;Curitiba; PR;15º;Durival Britto;Não possui;Santa Cruz;Recife; PE;2º (Série B);Arruda;0 (não possui);Paraná;Curitiba; PR;5º;Vila Capanema;0 (não possui);Santos;Santos;SP;2.º;Vila Belmiro;8 (1961, 1962, 1963, 1964, 1965, 1968(2), 2002, 2004);Santo André;Santo André; SP;2º (Série B);Bruno José Daniel;15.157;0 (não possui);Internacional;Porto Alegre; RS;2º (Série A);Beira-Rio;56 000;3 (1975, 1976, 1979);Fluminense;Rio de Janeiro; RJ;1º;Engenhão[d];44 000;3 (1970, 1984, 2010);Ponte Preta;Campinas; SP;3º (Série B);Moisés Lucarelli;17 728;0 (não possui);Náutico;Recife; PE;12º;Arena Pernambuco [NAU];43 000;0 (não possui);Palmeiras;São Paulo; SP;1º (Série B);Pacaembu[PAL];37 730;8 (1960, 1967[TB], 1967[RGP], 1969, 1972, 1973, 1993, 1994);Ponte Preta;Campinas; SP;2º (Série B);Moisés Lucarelli;17 728;0 (não possui);Palmeiras;São Paulo; SP;9º;Allianz Parque;43 713;8 (1960, 1967[TB], 1967[RGP], 1969, 1972, 1973, 1993, 1994);Santos;Santos; SP;2º;Vila Belmiro;16 068;8 (1961, 1962, 1963, 1964, 1965, 1968[nota 2], 2002, 2004);Santos;Santos; SP;3.º;Vila Belmiro;16 068;8 (1961, 1962, 1963, 1964, 1965, 1968[nota 2], 2002, 2004);Internacional;Porto Alegre; RS;3°;Beira-Rio;50 128;3 (1975, 1976, 1979);Internacional;Porto Alegre; RS;7.º;Beira-Rio;50 842;3 (1975, 1976, 1979);Palmeiras;São Paulo; SP;7.º;Allianz Parque;43 713;10 (1960, 1967[nota 2], 1967[nota 3], 1969, 1972, 1973, 1993, 1994, 2016, 2018);Juventude;Caxias do Sul; RS;16.º;Alfredo Jaconi;19 924;0 (não possui);Palmeiras;São Paulo; SP;1.º;Allianz Parque;43 713;11 (1960, 1967[nota 2], 1967[nota 3], 1969, 1972, 1973, 1993, 1994, 2016, 2018 e 2022);Palmeiras;São Paulo; SP;1.º;Allianz Parque;43 713;12 (1960, 1967[nota 1], 1967[nota 2], 1969, 1972, 1973,;Santos;Santos; SP;1.º (Série B);Vila Belmiro;16 068;8 (1961, 1962, 1963, 1964, 1965, 1968[nota 3], 2002, 2004);Remo;Belém; PA;4.º (Série B);Mangueirão;53 635;0 (não possui)
;;;;;;;;;;Santa Cruz;Recife; PE;Campeão pernambucano de 1959;0;;Santo Antônio;Vitória; ES;Campeão capixaba de 1960;0;0 (não possui);Sergipe;Aracaju; SE;Campeão sergipano de 1961;0;0 (não possui);Sampaio Corrêa;São Luís; MA;Campeão maranhense de 1962;1 (1962);0 (não possui);Palmeiras;São Paulo; SP;Campeão paulista de 1963;2 (1960, 1961);1 (1960);Sampaio Corrêa;São Luís; MA;Campeão maranhense de 1964;2 (1962, 1963);0 (não possui);Paysandu;Belém; PA;Campeão paraense de 1965;4 (1960, 1962 - 1964);0 (não possui);;;;;Perdigão;Videira; SC;Campeão catarinense de 1966;0;0 (não possui); Olímpico Clube;Manaus;Campeão amazonense de 1967[AM];0;0 (não possui);Vasco da Gama;Rio de Janeiro; GB;0 (não possui);Vasco da Gama;Rio de Janeiro; GB;0 (não possui);Vasco da Gama;Rio de Janeiro; GB;0 (não possui);Santos;Santos; SP;6 (1961, 1962, 1963, 1964, 1965, 1968[RGP]);Náutico;Recife; PE;0 (não possui);Flamengo;Rio de Janeiro; GB;0 (não possui);Flamengo;Rio de Janeiro; GB;0 (não possui);Desportiva Ferroviária;Cariacica; ES;0 (não possui);Corinthians;São Paulo; SP;0 (não possui);Corinthians;São Paulo; SP;0 (não possui);Campinense;Campina Grande; PB;0 (não possui);Caldense;Poços de Caldas; MG;0 (não possui);Desportiva Ferroviária;Cariacica; ES;0 (não possui);Fortaleza[nota 1];Fortaleza; CE;3º colocado do cearense de 1980;0 (não possui);Goiás;Goiânia; GO;Campeão goiano de 1981;0 (não possui);Ferroviário;Fortaleza; CE;Vice-campeão cearense de 1982;0 (não possui);CRB;Maceió; AL;Campeão alagoano de 1983;0 (não possui);Flamengo;Rio de Janeiro; RJ;Ranking de Pontos;3 (1980, 1982, 1983);Cruzeiro;Belo Horizonte; MG;Vice-campeão mineiro de 1985;1 (1966);Grêmio;Porto Alegre; RS;16º;1 (1981);Palmeiras;São Paulo; SP;8º (Módulo Verde);Parque Antártica;6 (1960, 1967, 1967 RGP, 1969, 1972, 1973);Portuguesa;São Paulo; SP;9º;Canindé;0 (não possui);São José-SP;São José dos Campos; SP;2º (Série B);Martins Pereira;0 (não possui);São Paulo;São Paulo; SP;2º;Morumbi;2 (1977, 1986);Santos;Santos; SP;8º;Vila Belmiro;6 (1961, 1962, 1963, 1964, 1965, 1968 RGP);Grêmio;Porto Alegre; RS;9º (Série B);Olímpico;1 (1981);Portuguesa;São Paulo; SP;9º;Canindé;0 (não possui);Paysandu;Belém; PA;16º;Curuzu;0 (não possui);Palmeiras;São Paulo; SP;5º;Parque Antártica;8 (1960, 1967, 1967 RGP, 1969, 1972, 1973, 1993, 1994);Juventude;Caxias do Sul; RS;19º;Alfredo Jaconi;0 (não possui);Paraná;Curitiba; PR;13º;Durival Britto;não possui;Portuguesa;São Paulo; SP;4º;Canindé;não possui;Botafogo-SP;Ribeirão Preto; SP;20º (Série A);Amarelo;Santa Cruz;não possui;Juventude;Caxias do Sul; RS;25º;Alfredo Jaconi;não possui;Palmeiras;São Paulo; SP;12º;Palestra Itália;1960, 1967, 1967, 1969, 1972, 1973, 1993, 1994;Paraná;Curitiba; PR;22º;Durival Britto;não possui;Paraná;Curitiba; PR;10º;Durival Britto;não possui;Paysandu;Belém; PA;14º;Mangueirão;Não possui;Santos;Santos; SP;10º;Vila Belmiro;1961, 1962, 1963, 1964, 1965, 1968, 2002, 2004;Santos;Santos; SP;4º;Vila Belmiro;8 (1961, 1962, 1963, 1964, 1965, 1968(2), 2002, 2004);São Paulo;São Paulo;SP;Campeão;Morumbi;5 (1977, 1986, 1991, 2006 e 2007);Santos;Santos; SP;15º (Série A);Vila Belmiro;21.256;8 (1961, 1962, 1963, 1964, 1965, 1968(2), 2002, 2004);Palmeiras;São Paulo; SP;5º (Série A);Pacaembu [b];37 952;8 (1960, 1967(1), 1967(2), 1969, 1972, 1973, 1993, 1994);Grêmio;Porto Alegre; RS;4º;Olímpico;45 000;2 (1981, 1996);Portuguesa;São Paulo; SP;1º (Série B);Canindé;21 004;0 (não possui);Ponte Preta;Campinas; SP;14º;Moisés Lucarelli;17 728;0 (não possui);;;;;Allianz Parque[PAL];43 713;;Santos;Santos; SP;9º;Vila Belmiro;16 068;8 (1961, 1962, 1963, 1964, 1965, 1968[RGP], 2002, 2004);Ponte Preta;Campinas; SP;11º;Moisés Lucarelli;17 728;0 (não possui);São Paulo;São Paulo; SP;10º;Morumbi;72 039;6 (1977, 1986, 1991, 2006, 2007, 2008);São Paulo;São Paulo; SP;13.º;Morumbi;72 039;6 (1977, 1986, 1991, 2006, 2007, 2008);Palmeiras;São Paulo; SP;1.º;Allianz Parque;43 713;10 (1960, 1967[nota 1], 1967[nota 2], 1969, 1972, 1973, 1993, 1994, 2016, 2018);Palmeiras;São Paulo; SP;3.º;Allianz Parque;43 713;10 (1960, 1967[nota 1], 1967[nota 3], 1969, 1972, 1973, 1993, 1994, 2016, 2018);Red Bull Bragantino;Bragança Paulista; SP;10.º;Nabi Abi Chedid;15 010[31];0 (não possui);Palmeiras;São Paulo; SP;3.º;Allianz Parque;43 713;10 (1960, 1967[nota 1], 1967[nota 3], 1969, 1972, 1973, 1993, 1994, 2016, 2018);Red Bull Bragantino;Bragança Paulista; SP;14.º;Nabi Abi Chedid;15 010;0 (não possui);;;;;;;1993, 1994, 2016, 2018, 2022 e 2023);São Paulo;São Paulo; SP;6.º;MorumBIS;72 039;6 (1977, 1986, 1991, 2006, 2007, 2008);Santos;Santos; SP;12.º;Vila Belmiro;20 360;8 (1961, 1962, 1963, 1964, 1965, 1968[nota 3], 2002, 2004)
;;;;;;;;;;;;;;;;Santos;Santos; SP;Campeão paulista de 1960;1 (1959);0 (não possui);Sport;Recife; PE;Campeão pernambucano de 1961;1 (1959);0 (não possui);Santos;Santos; SP;Campeão paulista de 1962;3 (1959, 1961, 1962);2 (1961, 1962);Paysandu;Belém; PA;Campeão paraense de 1963;3 (1960, 1962, 1963);0 (não possui);Santos;Santos; SP;Campeão brasileiro de 1964;5 (1959, 1961, 1962, 1963, 1964);4 (1961, 1962, 1963, 1964);Rabello;Brasília; DF;Campeão brasiliense de 1965;0;0 (não possui);;;;;Piauí;Teresina; PI;Campeão piauiense de 1966;0;0 (não possui); Palmeiras;São Paulo;Campeão brasileiro de 1967;8 (1960, 1961, 1964 - 1967[TB], 1967[RGP], 1968[RGP]);3 (1960, 1967[RGP], 1967[TB]);;;;;;;;;;;;;São Paulo;São Paulo; SP;0 (não possui);Palmeiras;São Paulo; SP;4 (1960, 1967, 1967 RGP, 1969);Fluminense;Rio de Janeiro; GB;1 (1970);Fluminense;Rio de Janeiro; GB;1 (1970);Figueirense;Florianópolis; SC;0 (não possui);Coritiba;Curitiba; PR;0 (não possui);Coritiba;Curitiba; PR;0 (não possui);Caxias;Caxias do Sul; RS;0 (não possui);Campinense;Campina Grande; PB;0 (não possui);Ferroviário;Fortaleza; CE;0 (não possui);Galícia;Salvador; BA;Vice-campeão baiano de 1980;0 (não possui);Grêmio;Porto Alegre; RS;Campeão brasileiro de 1981;1 (1981);Flamengo;Rio de Janeiro; RJ;Vice-campeão carioca de 1982;2 (1980, 1982);Cruzeiro;Belo Horizonte; MG;Vice-campeão mineiro de 1983;1 (1966);Flamengo-PI;Teresina; PI;Campeão piauiense de 1984;0 (não possui);CSA;Maceió; AL;Campeão alagoano de 1985;0 (não possui);Guarani;Campinas; SP;2º;1 (1978);Portuguesa;São Paulo; SP;7º (Módulo Amarelo);Canindé;0 (não possui);Santos;Santos; SP;17º;Vila Belmiro;6 (1961, 1962, 1963, 1964, 1965, 1968 RGP);São Paulo;São Paulo; SP;2º;Morumbi;2 (1977, 1986);Sport;Recife; PE;1º (Série B);Ilha do Retiro;1 (1987);São Paulo;São Paulo; SP;1º;Morumbi;3 (1977, 1986, 1991);Guarani;Campinas; SP;9º;Brinco de Ouro;1 (1978);Remo;Belém; PA;7º;Baenão;0 (não possui);Portuguesa;São Paulo; SP;10º;Canindé;0 (não possui);Paraná;Curitiba; PR;13º;Durival Britto;0 (não possui);Palmeiras;São Paulo; SP;7º;Parque Antártica;8 (1960, 1967, 1967 RGP, 1969, 1972, 1973, 1993, 1994);Ponte Preta;Campinas; SP;2º (Série B);Moisés Lucarelli;não possui;Santos;Santos; SP;3º;Vila Belmiro;1961, 1962, 1963, 1964, 1965, 1968;Botafogo-PB;João Pessoa; PB;12º (Série C);Verde;Almeidão;não possui;Palmeiras;São Paulo; SP;7º;Parque Antártica;1960, 1967, 1967, 1969, 1972, 1973, 1993, 1994;Paraná;Curitiba; PR;14º;Durival Britto;não possui;Paysandu;Belém; PA;20º;Mangueirão;não possui;Paysandu;Belém; PA;22º;Mangueirão;não possui;Ponte Preta;Campinas; SP;10º;Moisés Lucarelli;Não possui;São Caetano;São Caetano do Sul; SP;17º;Anacleto Campanella;0 (não possui);São Paulo;São Paulo; SP;1º;Morumbi;4 (1977, 1986, 1991, 2006);Sport;Recife;PE;14.º;Ilha do Retiro;1 (1987);São Paulo;São Paulo; SP;1º (Série A);Morumbi;67.428;6 (1977, 1986, 1991, 2006, 2007, 2008);;;;;Arena Barueri [b];32 000;;Internacional;Porto Alegre; RS;7º;Beira-Rio;56 000;3 (1975, 1976, 1979);Santos;Santos; SP;10º;Vila Belmiro;16 798;8 (1961, 1962, 1963, 1964, 1965, 1968[RGP], 2002, 2004);Portuguesa;São Paulo; SP;16º;Canindé;21 004;0 (não possui);Santos;Santos; SP;7°;Vila Belmiro;16 068;8 (1961, 1962, 1963, 1964, 1965, 1968[RGP], 2002, 2004);São Paulo;São Paulo; SP;2º;Morumbi;66 795;6 (1977, 1986, 1991, 2006, 2007, 2008);Santa Cruz;Recife; PE;2º (Série B);Arruda;60 044;0 (não possui);Sport;Recife; PE;14º;Ilha do Retiro;32 983;1 (1987);Sport;Recife; PE;15.º;Ilha do Retiro;32 983;1 (1987);Santos;Santos; SP;10.º;Vila Belmiro;16 068;8 (1961, 1962, 1963, 1964, 1965, 1968[nota 2], 2002, 2004);Red Bull Bragantino;Bragança Paulista; SP;1.º (Série B);Nabi Abi Chedid;15 010[32];0 (não possui);Santos;Santos; SP;8.º;Vila Belmiro;16 068;8 (1961, 1962, 1963, 1964, 1965, 1968[nota 3], 2002, 2004);Red Bull Bragantino;Bragança Paulista; SP;6º;Nabi Abi Chedid;15 010[31];0 (não possui);Santos;Santos; SP;12.º;Vila Belmiro;16 795;8 (1961, 1962, 1963, 1964, 1965, 1968[nota 3], 2002 e 2004);Red Bull Bragantino;Bragança Paulista; SP;6.º;Nabi Abi Chedid;15 010;0 (não possui);Sport;Recife; PE;3.º (Série B);Ilha do Retiro;26 418;1 (1987);São Paulo;São Paulo; SP;8.º;Morumbis;66 795;6 (1977, 1986, 1991, 2006, 2007, 2008)
;;;;;;;;;;;;;;;;;;;;;;;;;;;;Sport;Recife; PE;Campeão pernambucano de 1962;2 (1959, 1962);0 (não possui);Rio Branco-ES;Vitória; ES;Campeão capixaba de 1963;4 (1937, 1959, 1960, 1963);0 (não possui);Sergipe;Aracaju; SE;Campeão sergipano de 1964;1 (1962);0 (não possui);Rio Negro-AM;Manaus; AM;Campeão amazonense de 1965;0;0 (não possui);;;;;Rabello;Brasília; DF;Campeão brasiliense de 1966;1 (1966);0 (não possui); Paysandu;Belém;Campeão paraense de 1967;6 (1960, 1962 - 1964, 1966, 1967);0 (não possui);;;;;;;;;;;;;Sport;Recife; PE;0 (não possui);Portuguesa;São Paulo; SP;0 (não possui);Fortaleza;Fortaleza; CE;0 (não possui);Fortaleza;Fortaleza; CE;0 (não possui);Flamengo;Rio de Janeiro; RJ;0 (não possui);CRB;Maceió; AL;0 (não possui);CRB;Maceió; AL;0 (não possui);Ceará;Fortaleza; CE;0 (não possui);Campo Grande;Rio de Janeiro; RJ;0 (não possui);Flamengo;Rio de Janeiro; RJ;0 (não possui);Goiás;Goiânia; GO;Vice-campeão goiano de 1980;0 (não possui);Grêmio Maringá;Maringá; PR;Vice-campeão paranaense de 1981;0 (não possui);Fluminense;Rio de Janeiro; RJ;5º colocado do carioca de 1982;1 (1970);Ferroviário;Fortaleza; CE;Vice-campeão cearense de 1983;0 (não possui);Fluminense;Rio de Janeiro; RJ;Ranking de Pontos;2 (1970, 1984);Flamengo;Rio de Janeiro; RJ;Terceiro colocado no carioca de 1985;3 (1980, 1982, 1983);Inter de Limeira;Limeira; SP;12º;0 (não possui);Santa Cruz;Recife; PE;14º (Módulo Verde);Arruda;0 (não possui);São Paulo;São Paulo; SP;11º;Morumbi;2 (1977, 1986);Vasco da Gama;Rio de Janeiro; RJ;1º;São Januário;2 (1974, 1989);Vasco da Gama;Rio de Janeiro; RJ;14º;São Januário;2 (1974, 1989);Sport;Recife; PE;18º;Ilha do Retiro;1 (1987);Internacional;Porto Alegre; RS;10º;Beira-Rio;3 (1975, 1976, 1979);Santos;Santos; SP;5º;Vila Belmiro;6 (1961, 1962, 1963, 1964, 1965, 1968 RGP);Santos;Santos; SP;9º;Vila Belmiro;6 (1961, 1962, 1963, 1964, 1965, 1968 RGP);Portuguesa;São Paulo; SP;10º;Canindé;0 (não possui);Paraná;Curitiba; PR;16º;Durival Britto;0 (não possui);Portuguesa;São Paulo; SP;6º;Canindé;não possui;São Paulo;São Paulo; SP;15º;Morumbi;1977, 1986, 1991;Bragantino;Bragança Paulista; SP;12º (Série B);Amarelo;Marcelo Stefani;não possui;Paraná;Curitiba; PR;8º;Durival Britto;não possui;Paysandu;Belém; PA;1º (Série B);Mangueirão;não possui;Ponte Preta;Campinas; SP;13º;Moisés Lucarelli;não possui;Ponte Preta;Campinas; SP;21º;Moisés Lucarelli;não possui;Santos;Santos; SP;Campeão;Vila Belmiro;1961, 1962, 1963, 1964, 1965, 1968, 2002, 2004;São Paulo;São Paulo; SP;11º;Morumbi;1977, 1986, 1991;Sport;Recife; PE;2º (Série B);Ilha do Retiro;1 (1987);Vasco da Gama;Rio de Janeiro;RJ;10.º;São Januário;4 (1974, 1989, 1997 e 2000);Sport;Recife; PE;11º (Série A);Ilha do Retiro;30.520;1 (1987);Santos;Santos; SP;12º (Série A);Vila Belmiro;21 256;8 (1961, 1962, 1963, 1964, 1965, 1968(2), 2002, 2004);Palmeiras;São Paulo; SP;10º;Pacaembu[e];37 952;8 (1960, 1967(1), 1967(2), 1969, 1972, 1973, 1993, 1994);São Paulo;São Paulo; SP;6º;Morumbi;67 428;6 (1977, 1986, 1991, 2006, 2007, 2008);Santos;Santos; SP;8º;Vila Belmiro;16 068;8 (1961, 1962, 1963, 1964, 1965, 1968[RGP], 2002, 2004);São Paulo;São Paulo; SP;9°;Morumbi;66 795;6 (1977, 1986, 1991, 2006, 2007, 2008);Sport;Recife; PE;11º;Ilha do Retiro[SPT];32 983;1 (1987);Santos;Santos; SP;7º;Vila Belmiro;16 068;8 (1961, 1962, 1963, 1964, 1965, 1968[RGP], 2002, 2004);Vasco da Gama;Rio de Janeiro; RJ;3º (Série B);São Januário;24 584;4 (1974, 1989, 1997, 2000);Vasco da Gama;Rio de Janeiro; RJ;7.º;São Januário;21 680;4 (1974, 1989, 1997, 2000);São Paulo;São Paulo; SP;5.º;Morumbi;72 039;6 (1977, 1986, 1991, 2006, 2007, 2008);Santos;Santos; SP;2.º;Vila Belmiro;16 068;8 (1961, 1962, 1963, 1964, 1965, 1968[nota 3], 2002, 2004);São Paulo;São Paulo; SP;4.º;Morumbi;72 039;6 (1977, 1986, 1991, 2006, 2007, 2008);Santos;Santos; SP;10.º;Vila Belmiro;16 068;8 (1961, 1962, 1963, 1964, 1965, 1968[nota 3], 2002, 2004);São Paulo;São Paulo; SP;9.º;Morumbi;72 039;6 (1977, 1986, 1991, 2006, 2007 e 2008);São Paulo;São Paulo; SP;11.º;MorumBIS;72 039;6 (1977, 1986, 1991, 2006, 2007 e 2008);Vasco da Gama;Rio de Janeiro; RJ;10.º;São Januário;21 680;4 (1974, 1989 e 1997 e 2000);Vasco da Gama;Rio de Janeiro; RJ;14.º;São Januário;20 419;4 (1974, 1989 e 1997 e 2000)
;;;;;;;;;;;;;;;;;;;;;;;;;;;;Vila Nova;Goiânia; GO;Campeão goiano de 1962;0;0 (não possui);River-PI;Teresina; PI;Campeão piauiense de 1963;2 (1962, 1963);0 (não possui);Siderúrgica;Sabará; MG;Campeão mineiro de 1964;0;0 (não possui);Sampaio Corrêa;São Luís; MA;Campeão maranhense de 1965;3 (1962, 1963, 1965);0 (não possui);;;;;Rio Branco-ES;Vitória; ES;Campeão capixaba de 1966;5 (1937, 1959, 1960, 1963, 1964);0 (não possui); Piauí;Teresina;Campeão piauiense de 1967;1 (1967);0 (não possui);;;;;;;;;;;;;Vasco da Gama;Rio de Janeiro; GB;0 (não possui);Remo;Belém; PA;0 (não possui);Goiás;Goiânia; GO;0 (não possui);Goiás;Goiânia; GO;0 (não possui);Fluminense;Rio de Janeiro; RJ;1 (1970);Cruzeiro;Belo Horizonte; MG;1 (1966);Cruzeiro;Belo Horizonte; MG;1 (1966);Chapecoense;Chapecó; SC;0 (não possui);Caxias;Caxias do Sul; RS;0 (não possui);Flamengo-PI;Teresina; PI;0 (não possui);Grêmio;Porto Alegre; RS;Campeão gaúcho de 1980;0 (não possui);Guarani;Campinas; SP;Campeão da Taça de Prata de 1981;1 (1978);Fortaleza;Fortaleza; CE;Campeão cearense de 1982;0 (não possui);Flamengo;Rio de Janeiro; RJ;Vice-campeão carioca de 1983;3 (1980, 1982, 1983);Goiás;Goiânia; GO;Ranking de Pontos;0 (não possui);Fluminense;Rio de Janeiro; RJ;Campeão carioca de 1985;2 (1970, 1984);Internacional;Porto Alegre; RS;17º;3 (1975, 1976, 1979);Santos;Santos; SP;15º (Módulo Verde);Vila Belmiro;6 (1961, 1962, 1963, 1964, 1965, 1968 RGP);Sport Recife;Recife; PE;7º;Ilha do Retiro;1 (1987);Vitória;Salvador; BA;17º;Barradão;0 (não possui);Vitória;Salvador; BA;17º;Barradão;0 (não possui);Vasco da Gama;Rio de Janeiro; RJ;11º;São Januário;2 (1974, 1989);Náutico;Recife; PE;19º;Aflitos;0 (não possui);São Paulo;São Paulo; SP;4º;Morumbi;3 (1977, 1986, 1991);São Paulo;São Paulo; SP;6º;Morumbi;3 (1977, 1986, 1991);Santos;Santos; SP;2º;Vila Belmiro;6 (1961, 1962, 1963, 1964, 1965, 1968 RGP);Portuguesa;São Paulo; SP;2º;Canindé;0 (não possui);Santos;Santos; SP;7º;Vila Belmiro;1961, 1962, 1963, 1964, 1965, 1968;Sport;Recife; PE;7º;Ilha do Retiro;1987;Brasil de Pelotas;Pelotas; RS;15º (Série C);Amarelo;Bento Freitas;não possui;Ponte Preta;Campinas; SP;10º;Moisés Lucarelli;não possui;Ponte Preta;Campinas; SP;6º;Moisés Lucarelli;não possui;Santos;Santos; SP;1º;Vila Belmiro;1961, 1962, 1963, 1964, 1965, 1968, 2002;Santos;Santos; SP;2º;Vila Belmiro;1961, 1962, 1963, 1964, 1965, 1968, 2002;São Caetano;São Caetano do Sul; SP;18º;Anacleto Campanella;Não possui;Vasco da Gama;Rio de Janeiro; RJ;12º;São Januário;1974, 1989, 1997, 2000;Vasco da Gama;Rio de Janeiro; RJ;6º;São Januário;4 (1974, 1989, 1997, 2000);Vitória;Salvador;BA;4.º (Série B);Barradão;0 (não possui);Vitória;Salvador; BA;10º (Série A);Barradão;35.632;0 (não possui);São Paulo;São Paulo; SP;3º (Série A);Morumbi;67 428;6 (1977, 1986, 1991, 2006, 2007, 2008);;;;;Canindé[e];21 004;;Sport;Recife; PE;4º (Série B);Ilha do Retiro;30 520;1 (1987);São Paulo;São Paulo; SP;4°;Morumbi;66 795[21];6 (1977, 1986, 1991, 2006, 2007, 2008);Sport;Recife; PE;3º (Série B);Ilha do Retiro;30 520;1 (1987);;;;;Arena Pernambuco[SPT];44 300;;São Paulo;São Paulo; SP;4º;Morumbi;72 039;6 (1977, 1986, 1991, 2006, 2007, 2008);Vitória;Salvador; BA;16º;Barradão;34 535;0 (não possui);Vitória;Salvador; BA;16.º;Barradão;30 618;0 (não possui);Vasco da Gama;Rio de Janeiro; RJ;16.º;São Januário;21 680;4 (1974, 1989, 1997, 2000);São Paulo;São Paulo; SP;6.º;Morumbi;72 039;6 (1977, 1986, 1991, 2006, 2007, 2008);Sport;Recife; PE;15.º;Ilha do Retiro;32 983;1 (1987)[nota 1];São Paulo;São Paulo; SP;13.º;Morumbi;72 039;6 (1977, 1986, 1991, 2006, 2007, 2008);Vasco da Gama;Rio de Janeiro; RJ;4.º (Série B);São Januário;21 680;4 (1974, 1989, 1997 e 2000);Vasco da Gama;Rio de Janeiro; RJ;15.º;São Januário;21 680;4 (1974, 1989 e 1997 e 2000);Vitória;Salvador; BA;11.º;Barradão;29 168;0 (não possui);Vitória;Salvador; BA;15.º;Barradão;30 793;0 (não possui)
;;;;;;;;;;;;;;;;;;;;;;;;;;;;;;;;;;Santos;Santos; SP;Campeão brasileiro de 1963;4 (1959, 1961, 1962, 1963);3 (1961, 1962, 1963);Vasco da Gama;Rio de Janeiro; GB;Campeão da Taça Guanabara de 1965;1 (1959);0 (não possui);Santos;Santos; SP;Campeão brasileiro de 1965;6 (1959, 1961 - 1965);5 (1961, 1962, 1963, 1964, 1965);;;;;Treze;Campina Grande; PB;Campeão paraibano de 1966;0;0 (não possui); Rabello;Brasília;Campeão brasiliense de 1967;2 (1966, 1967);0 (não possui);;;;;;;;;;;;;;;;;Santa Cruz;Recife; PE;0 (não possui);Grêmio;Porto Alegre; RS;0 (não possui);Grêmio;Porto Alegre; RS;0 (não possui);Fortaleza;Fortaleza; CE;0 (não possui);CSA;Maceió; AL;0 (não possui);CSA;Maceió; AL;0 (não possui);Colorado;Curitiba; PR;0 (não possui);Ceará;Fortaleza; CE;0 (não possui);Fluminense;Rio de Janeiro; RJ;1 (1970);Inter de Limeira;Limeira; SP;6º colocado paulista de 1980;0 (não possui);Internacional;Porto Alegre; RS;Campeão gaúcho de 1981;3 (1975, 1976, 1979);Galícia;Salvador; BA;Vice-campeão baiano de 1982;0 (não possui);Fluminense;Rio de Janeiro; RJ;Campeão carioca de 1983;1 (1970);Grêmio;Porto Alegre; RS;Ranking de Pontos;1 (1981);Fortaleza;Fortaleza; CE;Campeão cearense de 1985;0 (não possui);Joinville;Joinville; SC;14º;0 (não possui);São Paulo;São Paulo; SP;6º (Módulo Verde);Morumbi;2 (1977, 1986);Vasco da Gama;Rio de Janeiro; RJ;5º;São Januário;1 (1974);;;;;;;;;;;;;;;;;;;Palmeiras;São Paulo; SP;11º;Parque Antártica;6 (1960, 1967, 1967 RGP, 1969, 1972, 1973);Sport;Recife; PE;16º;Ilha do Retiro;1 (1987);Sport;Recife; PE;13º;Ilha do Retiro;1 (1987);São Paulo;São Paulo; SP;12º;Morumbi;3 (1977, 1986, 1991);Santos;Santos; SP;20º;Vila Belmiro;6 (1961, 1962, 1963, 1964, 1965, 1968 RGP);São Paulo;São Paulo; SP;12º;Morumbi;1977, 1986, 1991;Vasco da Gama;Rio de Janeiro; RJ;10º;São Januário;1974, 1989, 1997;Brasília;Brasília; DF;Não disputou o campeonato;Verde;Mané Garrincha;não possui;Portuguesa;São Paulo; SP;21º;Canindé;não possui;Portuguesa;São Paulo; SP;13º;Canindé;não possui;São Caetano;São Caetano do Sul; SP;6º;Anacleto Campanella;não possui;São Caetano;São Caetano do Sul; SP;4º;Anacleto Campanella;não possui;São Paulo;São Paulo; SP;3º;Morumbi;1977, 1986, 1991;;;;;;;;;;;;;;;;;;;;;;;;;;Vasco da Gama;Rio de Janeiro; RJ;1º (Série B);São Januário;15 150;4 (1974, 1989, 1997, 2000);;;;;Arena Barueri[e];32 000;;Vasco da Gama;Rio de Janeiro; RJ;2º;São Januário;24 585;4 (1974, 1989, 1997, 2000);Vasco da Gama;Rio de Janeiro; RJ;5º;São Januário;24 311;4 (1974, 1989, 1997, 2000);Vitória;Salvador; BA;5°;Barradão;35 000;0 (não possui);Vasco da Gama;Rio de Janeiro; RJ;3º (Série B);São Januário[VAS];21 880[22];4 (1974, 1989, 1997, 2000);Sport;Recife; PE;6º;Ilha do Retiro;32 983;1 (1987);;;;;;;;;;;;;;;;;;;;;;Sport;Recife; PE;2.º (Série B);Ilha do Retiro;32 983;1 (1987)[nota 2];;;;;;;;;;;;;;;;;;;;;;Vitória;Salvador; BA;1.º (Série B);Barradão;29 168;0 (não possui);;;;;;;;;;;;;;
;;;;;;;;;;;;;;;;;;;;;;;;;;;;;;;;;;Vila Nova;Goiânia; GO;Campeão goiano de 1963;1 (1963);0 (não possui);Vitória;Salvador; BA;Campeão baiano de 1964;0;0 (não possui);Vitória;Salvador; BA;Campeão baiano de 1965;1 (1965);0 (não possui);;;;;;;;;;; Santos;Santos;Campeão paulista de 1967;9 (1959, 1961 - 1968[RGP]);6 (1961, 1962, 1963, 1964, 1965, 1968[RGP]);;;;;;;;;;;;;;;;;Santos;Santos; SP;6 (1961, 1962, 1963, 1964, 1965, 1968 RGP);Guarani;Campinas; SP;0 (não possui);Guarani;Campinas; SP;0 (não possui);Goiânia;Goiânia; GO;0 (não possui);Desportiva Ferroviária;Cariacica; ES;0 (não possui);Desportiva Ferroviária;Cariacica; ES;0 (não possui);Comercial;Ribeirão Preto; SP;0 (não possui);Central;Caruaru; PE;0 (não possui);Gama;Gama; DF;0 (não possui);Internacional;Porto Alegre; RS;Vice-campeão gaúcho de 1980;3 (1975, 1976, 1979);Inter de Santa Maria;Santa Maria; RS;3º colocado do gaúcho de 1981;0 (não possui);Goiás;Goiânia; GO;Vice-campeão goiano de 1982;0 (não possui);Fortaleza;Fortaleza; CE;Campeão cearense de 1983;0 (não possui);Guarani;Campinas; SP;Ranking de Pontos;1 (1978);Goiás;Goiânia; GO;Vice-campeão goiano de 1985;0 (não possui);Náutico;Recife; PE;31º;0 (não possui);Sport;Recife; PE;1º (Módulo Amarelo);Ilha do Retiro;1 (1987);Vitória;Salvador; BA;20º;Barradão;0 (não possui);;;;;;;;;;;;;;;;;;;Paraná;Curitiba; PR;1º (Série B);Durival Britto;0 (não possui);União São João;Araras; SP;22º;Hermínio Ometto;0 (não possui);União São João;Araras; SP;21º;Hermínio Ometto;0 (não possui);Sport;Recife; PE;19º;Ilha do Retiro;1 (1987);São Paulo;São Paulo; SP;11º;Morumbi;3 (1977, 1986, 1991);Sport;Recife; PE;11º;Ilha do Retiro;1987;Vitória;Salvador; BA;13º;Barradão;não possui;Camaçari;Camaçari; BA;Não disputou o campeonato;Verde;Armando Oliveira;não possui;Santa Cruz;Recife; PE;29º;Arruda;não possui;Santos;Santos; SP;15º;Vila Belmiro;1961, 1962, 1963, 1964, 1965, 1968;São Paulo;São Paulo; SP;5º;Morumbi;1977, 1986, 1991;São Paulo;São Paulo; SP;3º;Morumbi;1977, 1986, 1991;Vasco da Gama;Rio de Janeiro; RJ;16º;São Januário;1974, 1989, 1997, 2000;;;;;;;;;;;;;;;;;;;;;;;;;;Vitória;Salvador; BA;13º (Série A);Barradão;35 632;0 (não possui);Santos;Santos; SP;8º;Vila Belmiro;21 256;8 (1961, 1962, 1963, 1964, 1965, 1968(2), 2002, 2004);;;;;;;;Vitória;Salvador; BA;4º (Série B);Barradão;35 000;0 (não possui);;;;;;;;;;;;Maracanã[VAS];78 838;;Vitória;Salvador; BA;3º (Série B);Barradão;34 535;0 (não possui);;;;;;;;;;;;;;;;;;;;;;Vasco da Gama;Rio de Janeiro; RJ;12.º;São Januário;21 680;4 (1974, 1989, 1997, 2000);;;;;;;;;;;;;;;;;;;;;;;;;;;;;;;;;;;;;;;;;;
;;;;;;;;;;;;;;;;;;;;;;;;;;;;;;;;;;;;;;;;;;;;;;;;;;;;;;;;;;;;;; Sergipe;Aracaju;Campeão sergipano de 1967;2 (1962, 1965);0 (não possui);;;;;;;;;;;;;;;;;São Paulo;São Paulo; SP;0 (não possui);Internacional;Porto Alegre; RS;0 (não possui);Internacional;Porto Alegre; RS;0 (não possui);Goiás;Goiânia; GO;0 (não possui);Figueirense;Florianópolis; SC;0 (não possui);Dom Bosco;Cuiabá; MT;0 (não possui);Comercial-MS[nota 1];Campo Grande; MT;0 (não possui);Operário VG;Várzea Grande; MT;0 (não possui);Grêmio;Porto Alegre; RS;0 (não possui);Itabaiana;Itabaiana; SE;Campeão sergipano de 1980;0 (não possui);Inter de Limeira;Limeira; SP;8º colocado do paulista de 1981;0 (não possui);Grêmio;Porto Alegre; RS;Vice-campeão gaúcho de 1982;1 (1981);Goiás;Goiânia; GO;Campeão goiano de 1983;0 (não possui);Internacional;Porto Alegre; RS;Ranking de Pontos;3 (1975, 1976, 1979);Grêmio;Porto Alegre; RS;Campeão gaúcho de 1985;1 (1981);Palmeiras;São Paulo; SP;10º;6 (1960, 1967, 1967 RGP, 1969, 1972, 1973);Vasco da Gama;Rio de Janeiro; RJ;10º (Módulo Verde);São Januário;1 (1974);;;;;;;;;;;;;;;;;;;;;;;;;Paysandu;Belém; PA;20º;Curuzu;0 (não possui);Vasco da Gama;Rio de Janeiro; RJ;15º;São Januário;2 (1974, 1989);Vasco da Gama;Rio de Janeiro; RJ;12º;São Januário;2 (1974, 1989);Vasco da Gama;Rio de Janeiro; RJ;20º;São Januário;2 (1974, 1989);Sport;Recife; PE;10º;Ilha do Retiro;1 (1987);Vasco da Gama;Rio de Janeiro; RJ;Campeão;São Januário;1974, 1989, 1997;;;;;;;Campinense;Campina Grande; PB;Não disputou o campeonato;Verde;Amigão;não possui;Santos;Santos; SP;18º;Vila Belmiro;1961, 1962, 1963, 1964, 1965, 1968;São Caetano;São Caetano do Sul; SP;2º;Anacleto Campanella;não possui;Vasco da Gama;Rio de Janeiro; RJ;15º;São Januário;1974, 1989, 1997, 2000;Vasco da Gama;Rio de Janeiro; RJ;17º;São Januário;1974, 1989, 1997, 2000;;;;;;;;;;;;;;;;;;;;;;;;;;;;;;;;;;;;;;;;;;;Pacaembu;37 952;;;;;;;;;;;;;;;;;;;;;;;;;;;;;;;;;;;;;;;;;;;;;;;;;;;;;;;;;;;;;;;;;;;;;;;;;;;;;;;;;;;;;;;;;;;;;;;;;;;;;;;;;;
;;;;;;;;;;;;;;;;;;;;;;;;;;;;;;;;;;;;;;;;;;;;;;;;;;;;;;;;;;;;;;;;;;;;;;;;;;;;;;;;;;;Sergipe;Aracaju; SE;0 (não possui);Moto Club;São Luís; MA;0 (não possui);Itabaiana;Itabaiana; SE;0 (não possui);Grêmio;Porto Alegre; RS;0 (não possui);Flamengo;Rio de Janeiro; RJ;0 (não possui);Fast Clube;Manaus; AM;0 (não possui);Confiança;Aracaju; SE;0 (não possui);Chapecoense;Chapecó; SC;0 (não possui);Guarani;Campinas; SP;1 (1978);Joinville;Joinville; SC;Campeão catarinense de 1980;0 (não possui);Itabaiana;Itabaiana; SE;Campeão sergipano de 1981;0 (não possui);Guarani;Campinas; SP;Primeira fase da Taça de Prata 1983;1 (1978);Grêmio;Porto Alegre; RS;3º colocado do gaúcho de 1983;1 (1981);Joinville;Joinville; SC;Campeão catarinense de 1984;0 (não possui);Guarani;Campinas; SP;Terceiro colocado no paulista de 1985;1 (1978);Portuguesa;São Paulo; SP;11º;0 (não possui);Vitória;Salvador; BA;5º (Módulo Amarelo);Barradão;0 (não possui);;;;;;;;;;;;;;;;;;;;;;;;;Portuguesa;São Paulo; SP;16º;Canindé;0 (não possui);Vitória;Salvador; BA;2º;Barradão;0 (não possui);Vitória;Salvador; BA;19º;Barradão;0 (não possui);Vitória;Salvador; BA;22º;Barradão;0 (não possui);União São João;Araras; SP;1º (Série B);Hermínio Ometto;0 (não possui);Vitória;Salvador; BA;9º;Barradão;não possui;;;;;;;Caxias;Caxias do Sul; RS;5º (Série C);Amarelo;Centenário;não possui;São Caetano;São Caetano do Sul; SP;2º;Anacleto Campanella;não possui;São Paulo;São Paulo; SP;7º;Morumbi;1977, 1986, 1991;Vitória;Salvador; BA;10º;Barradão;não possui;Vitória;Salvador; BA;16º;Barradão;não possui;;;;;;;;;;;;;;;;;;;;;;;;;;;;;;;;;;;;;;;São Paulo;São Paulo; SP;9º;Morumbi;67 428;6 (1977, 1986, 1991, 2006, 2007, 2008);;;;;;;;;;;;;;;;;;;;;;;;;;;;;;;;;;;;;;;;;;;;;;;;;;;;;;;;;;;;;;;;;;;;;;;;;;;;;;;;;;;;;;;;;;;;;;;;;;;;;;;;;
;;;;;;;;;;;;;;;;;;;;;;;;;;;;;;;;;;;;;;;;;;;;;;;;;;;;;;;;;;;;;;;;;;;;;;;;;;;;;;;;;;;Vasco da Gama;Rio de Janeiro; GB;0 (não possui);Nacional-AM;Manaus; AM;0 (não possui);Nacional-AM;Manaus; AM;0 (não possui);Guarani;Campinas; SP;0 (não possui);Flamengo-PI;Teresina; PI;0 (não possui);Flamengo;Rio de Janeiro; RJ;0 (não possui);Corinthians;São Paulo; SP;0 (não possui);Colatina;Colatina; ES;0 (não possui);Internacional;Porto Alegre; RS;3 (1975, 1976, 1979);Londrina;Londrina; PR;Campeão da Taça de Prata de 1980;0 (não possui);Joinville;Joinville; SC;Campeão catarinense de 1981;0 (não possui);Internacional;Porto Alegre; RS;Campeão gaúcho de 1982;3 (1975, 1976, 1979);Internacional;Porto Alegre; RS;Campeão gaúcho de 1983;3 (1975, 1976, 1979);Leônico;Salvador; BA;Melhor colocado do baiano de 1984;0 (não possui);Inter de Limeira;Limeira; SP;Grupo G do Torneio Paralelo de 1986;0 (não possui);Rio Branco-ES;Vitória; ES;20º;0 (não possui);;;;;;;;;;;;;;;;;;;;;;;;;;;;;;;Remo;Belém; PA;5º (Série B);Baenão;0 (não possui);;;;;;;;;;;;;;;;;;;Vasco da Gama;Rio de Janeiro; RJ;18º;São Januário;2 (1974, 1989);;;;;;;;;;;;;Ceará;Fortaleza; CE;6º (Série B);Amarelo;Carlos de Alencar Pinto;não possui;São Paulo;São Paulo; SP;12º;Morumbi;1977, 1986, 1991;Vasco da Gama;Rio de Janeiro; RJ;11º;São Januário;1974, 1989, 1997, 2000;;;;;;;;;;;;;;;;;;;;;;;;;;;;;;;;;;;;;;;;;;;;;;;;;;;Vasco da Gama;Rio de Janeiro; RJ;11º;São Januário;24 585 [11];4 (1974, 1989, 1997, 2000);;;;;;;;;;;;;;;;;;;;;;;;;;;;;;;;;;;;;;;;;;;;;;;;;;;;;;;;;;;;;;;;;;;;;;;;;;;;;;;;;;;;;;;;;;;;;;;;;;;;;;;;;
;;;;;;;;;;;;;;;;;;;;;;;;;;;;;;;;;;;;;;;;;;;;;;;;;;;;;;;;;;;;;;;;;;;;;;;;;;;;;;;;;;;Vitória;Salvador; BA;0 (não possui);Náutico;Recife; PE;0 (não possui);Náutico;Recife; PE;0 (não possui);Internacional;Porto Alegre; RS;0 (não possui);Fluminense;Rio de Janeiro; RJ;1 (1970);Flamengo-PI;Teresina; PI;0 (não possui);Coritiba;Curitiba; PR;0 (não possui);Colorado;Curitiba; PR;0 (não possui);Itabaiana;Itabaiana; SE;0 (não possui);Mixto;Cuiabá; MT;Campeão mato-grossense de 1980;0 (não possui);Londrina;Londrina; PR;Campeão paranaense de 1981;0 (não possui);Joinville;Joinville; SC;Campeão catarinense de 1982;0 (não possui);Joinville;Joinville; SC;Campeão catarinense de 1983;0 (não possui);Mixto;Cuiabá; MT;Campeão mato-grossense de 1984;0 (não possui);Internacional;Porto Alegre; RS;Vice-campeão gaúcho de 1985;3 (1975, 1976, 1979);Santa Cruz;Recife; PE;27º;0 (não possui);;;;;;;;;;;;;;;;;;;;;;;;;;;;;;;Santa Cruz;Recife; PE;4º (Série B);Arruda;0 (não possui);;;;;;;;;;;;;;;;;;;Vitória;Salvador; BA;15º;Barradão;0 (não possui);;;;;;;;;;;;;Central;Caruaru; PE;Não disputou o campeonato;Verde;Estádio Luiz José de Lacerda;não possui;Sport;Recife; PE;5º;Ilha do Retiro;1987;Vitória;Salvador; BA;16º;Barradão;não possui;;;;;;;;;;;;;;;;;;;;;;;;;;;;;;;;;;;;;;;;;;;;;;;;;;;;;;;;;;;;;;;;;;;;;;;;;;;;;;;;;;;;;;;;;;;;;;;;;;;;;;;;;;;;;;;;;;;;;;;;;;;;;;;;;;;;;;;;;;;;;;;;;;;;;;;;;;;;;;;;;;
;;;;;;;;;;;;;;;;;;;;;;;;;;;;;;;;;;;;;;;;;;;;;;;;;;;;;;;;;;;;;;;;;;;;;;;;;;;;;;;;;;;;;;;Olaria;Rio de Janeiro; GB;0 (não possui);Olaria;Rio de Janeiro; GB;0 (não possui);Moto Club;São Luís; MA;0 (não possui);Fluminense de Feira;Feira de Santana; BA;0 (não possui);Fluminense;Rio de Janeiro; RJ;1 (1970);CRB;Maceió; AL;0 (não possui);Comercial;Ribeirão Preto; SP;0 (não possui);Joinville;Joinville; SC;0 (não possui);Nacional-AM;Manaus; AM;Campeão amazonense de 1980;0 (não possui);Mixto;Cuiabá; MT;Campeão mato-grossense de 1981;0 (não possui);Juventus-SP;São Paulo; SP;5º colocado do paulista de 1982;0 (não possui);Moto Club;São Luís; MA;Campeão maranhense de 1983;0 (não possui);Nacional-AM;Manaus; AM;Campeão amazonense de 1984;0 (não possui);Joinville;Joinville; SC;Campeão catarinense de 1985;0 (não possui);Santos;Santos; SP;19º;6 (1961, 1962, 1963, 1964, 1965, 1968 RGP);;;;;;;;;;;;;;;;;;;;;;;;;;;;;;;Santos;Santos; SP;7º;Vila Belmiro;6 (1961, 1962, 1963, 1964, 1965, 1968 RGP);;;;;;;;;;;;;;;;;;;;;;;;;;;;;;;;;;;;;Comercial-MS;Campo Grande; MS;Não disputou o campeonato;Verde;Morenão;não possui;Vasco da Gama;Rio de Janeiro; RJ;Campeão;São Januário;1974, 1989, 1997, 2000;;;;;;;;;;;;;;;;;;;;;;;;;;;;;;;;;;;;;;;;;;;;;;;;;;;;;;;;;;;;;;;;;;;;;;;;;;;;;;;;;;;;;;;;;;;;;;;;;;;;;;;;;;;;;;;;;;;;;;;;;;;;;;;;;;;;;;;;;;;;;;;;;;;;;;;;;;;;;;;;;;;;;;;;
;;;;;;;;;;;;;;;;;;;;;;;;;;;;;;;;;;;;;;;;;;;;;;;;;;;;;;;;;;;;;;;;;;;;;;;;;;;;;;;;;;;;;;;Palmeiras;São Paulo; SP;5 (1960, 1967, 1967 RGP, 1969, 1972);Palmeiras;São Paulo; SP;6 (1960, 1967, 1967 RGP, 1969, 1972, 1973);Nacional;Manaus; AM;0 (não possui);Fortaleza;Fortaleza; CE;0 (não possui);Fluminense de Feira;Feira de Santana; BA;0 (não possui);Cruzeiro;Belo Horizonte; MG;1 (1966);Comercial-MS;Campo Grande; MS;0 (não possui);Maranhão;São Luís; MA;0 (não possui);Náutico;Recife; PE;Primeira fase da Taça de Prata 1981;0 (não possui);Moto Club;São Luís; MA;Campeão maranhense de 1981;0 (não possui);Mixto;Cuiabá; MT;Campeão mato-grossense de 1982;0 (não possui);Nacional-AM;Manaus; AM;Campeão amazonense de 1983;0 (não possui);Náutico;Recife; PE;Ranking de Pontos;0 (não possui);Nacional-AM;Manaus; AM;Campeão amazonense de 1985;0 (não possui);São Paulo;São Paulo; SP;1º;2 (1977, 1986);;;;;;;;;;;;;;;;;;;;;;;;;;;;;;;São Paulo;São Paulo; SP;6º;Morumbi;3 (1977, 1986, 1991);;;;;;;;;;;;;;;;;;;;;;;;;;;;;;;;;;;;;Comercial;Ribeirão Preto; SP;Não disputou o campeonato;Branco;Palma Travassos;não possui;Vitória;Salvador; BA;22º;Barradão;não possui;;;;;;;;;;;;;;;;;;;;;;;;;;;;;;;;;;;;;;;;;;;;;;;;;;;;;;;;;;;;;;;;;;;;;;;;;;;;;;;;;;;;;;;;;;;;;;;;;;;;;;;;;;;;;;;;;;;;;;;;;;;;;;;;;;;;;;;;;;;;;;;;;;;;;;;;;;;;;;;;;;;;;;;;
;;;;;;;;;;;;;;;;;;;;;;;;;;;;;;;;;;;;;;;;;;;;;;;;;;;;;;;;;;;;;;;;;;;;;;;;;;;;;;;;;;;;;;;Paysandu;Belém; PA;0 (não possui);Paysandu;Belém; PA;0 (não possui);Náutico;Recife; PE;0 (não possui);Goiânia;Goiânia; GO;0 (não possui);Fortaleza;Fortaleza; CE;0 (não possui);CSA;Maceió; AL;0 (não possui);Confiança;Aracaju; SE;0 (não possui);Mixto;Cuiabá; MT;0 (não possui);Operário-MS;Campo Grande; MS;Campeão sul-mato-grossense de 1980;0 (não possui);Nacional-AM;Manaus; AM;Campeão amazonense de 1981;0 (não possui);Moto Club;São Luís; MA;Campeão maranhense de 1982;0 (não possui);Náutico;Recife; PE;Vice-campeão pernambucano de 1983;0 (não possui);Palmeiras;São Paulo; SP;Ranking de Pontos;6 (1960, 1967, 1967 RGP, 1969, 1972, 1973);Náutico;Recife; PE;Campeão pernambucano de 1985;0 (não possui);Sport;Recife; PE;28º;0 (não possui);;;;;;;;;;;;;;;;;;;;;;;;;;;;;;;Sport;Recife; PE;12º;Ilha do Retiro;1 (1987);;;;;;;;;;;;;;;;;;;;;;;;;;;;;;;;;;;;;Confiança;Aracaju; SE;Não disputou o campeonato;Verde;Proletário Sabino Ribeiro;não possui;;;;;;;;;;;;;;;;;;;;;;;;;;;;;;;;;;;;;;;;;;;;;;;;;;;;;;;;;;;;;;;;;;;;;;;;;;;;;;;;;;;;;;;;;;;;;;;;;;;;;;;;;;;;;;;;;;;;;;;;;;;;;;;;;;;;;;;;;;;;;;;;;;;;;;;;;;;;;;;;;;;;;;;;;;;;;;
;;;;;;;;;;;;;;;;;;;;;;;;;;;;;;;;;;;;;;;;;;;;;;;;;;;;;;;;;;;;;;;;;;;;;;;;;;;;;;;;;;;;;;;Portuguesa;São Paulo; SP;0 (não possui);Portuguesa;São Paulo; SP;0 (não possui);Palmeiras;São Paulo; SP;6 (1960, 1967, 1967 RGP, 1969, 1972, 1973);Goiás;Goiânia; GO;0 (não possui);Goiânia;Goiânia; GO;0 (não possui);Desportiva Ferroviária;Cariacica; ES;0 (não possui);Coritiba;Curitiba; PR;0 (não possui);Nacional-AM;Manaus; AM;0 (não possui);Palmeiras;São Paulo; SP;Primeira fase da Taça de Prata 1981;6 (1960, 1967, 1967 RGP, 1969, 1972, 1973);Náutico;Recife; PE;Vice-campeão pernambucano de 1981;0 (não possui);Náutico;Recife; PE;Vice-campeão pernambucano de 1982;0 (não possui);Operário-MS;Campo Grande; MS;Campeão sul-mato-grossense de 1983;0 (não possui);Paysandu;Belém; PA;Campeão paraense de 1984;0 (não possui);Operário-MS;Campo Grande; MS;Vice-campeão sul-mato-grossense de 1985;0 (não possui);Treze;Campina Grande; PB;24º;0 (não possui);;;;;;;;;;;;;;;;;;;;;;;;;;;;;;;União São João;Araras; SP;8º (Série B);Hermínio Ometto;0 (não possui);;;;;;;;;;;;;;;;;;;;;;;;;;;;;;;;;;;;;Corinthians;São Paulo; SP;1º (Série A);Azul;Pacaembu;1990, 1998, 1999;;;;;;;;;;;;;;;;;;;;;;;;;;;;;;;;;;;;;;;;;;;;;;;;;;;;;;;;;;;;;;;;;;;;;;;;;;;;;;;;;;;;;;;;;;;;;;;;;;;;;;;;;;;;;;;;;;;;;;;;;;;;;;;;;;;;;;;;;;;;;;;;;;;;;;;;;;;;;;;;;;;;;;;;;;;;;;
;;;;;;;;;;;;;;;;;;;;;;;;;;;;;;;;;;;;;;;;;;;;;;;;;;;;;;;;;;;;;;;;;;;;;;;;;;;;;;;;;;;;;;;Remo;Belém; PA;0 (não possui);Remo;Belém; PA;0 (não possui);Paysandu;Belém; PA;0 (não possui);Grêmio;Porto Alegre; RS;0 (não possui);Goiás;Goiânia; GO;0 (não possui);Dom Bosco;Cuiabá; MT;0 (não possui);CRB;Maceió; AL;0 (não possui);Náutico;Recife; PE;0 (não possui);Paysandu;Belém; PA;Campeão paraense de 1980;0 (não possui);Operário-MS;Campo Grande; MS;Campeão sul-mato-grossense de 1981;0 (não possui);Palmeiras;São Paulo; SP;3º colocado no paulista de 1982;6 (1960, 1967, 1967 RGP, 1969, 1972, 1973);Palmeiras;São Paulo; SP;4º colocado no paulista de 1983;6 (1960, 1967, 1967 RGP, 1969, 1972, 1973);Pinheiros-PR;Curitiba; PR;Campeão paranaense de 1984;0 (não possui);Palmeiras;São Paulo; SP;Sétimo colocado no paulista de 1985;6 (1960, 1967, 1967 RGP, 1969, 1972, 1973);Vasco da Gama;Rio de Janeiro; RJ;15º;1 (1974);;;;;;;;;;;;;;;;;;;;;;;;;;;;;;;Vasco da Gama;Rio de Janeiro; RJ;3º;São Januário;2 (1974, 1989);;;;;;;;;;;;;;;;;;;;;;;;;;;;;;;;;;;;;Corinthians-AL;Maceió; AL;Não disputou o campeonato;Verde;Nelsão;não possui;;;;;;;;;;;;;;;;;;;;;;;;;;;;;;;;;;;;;;;;;;;;;;;;;;;;;;;;;;;;;;;;;;;;;;;;;;;;;;;;;;;;;;;;;;;;;;;;;;;;;;;;;;;;;;;;;;;;;;;;;;;;;;;;;;;;;;;;;;;;;;;;;;;;;;;;;;;;;;;;;;;;;;;;;;;;;;
;;;;;;;;;;;;;;;;;;;;;;;;;;;;;;;;;;;;;;;;;;;;;;;;;;;;;;;;;;;;;;;;;;;;;;;;;;;;;;;;;;;;;;;Rio Negro-AM;Manaus; AM;0 (não possui);Rio Negro-AM;Manaus; AM;0 (não possui);Portuguesa;São Paulo; SP;0 (não possui);Guarani;Campinas; SP;0 (não possui);Goytacaz;Campos dos Goytacazes; RJ;0 (não possui);Figueirense;Florianópolis; SC;0 (não possui);Criciúma;Criciúma; SC;0 (não possui);Operário-MS;Campo Grande; MS;0 (não possui);Pinheiros-PR;Curitiba; PR;3º colocado do paranaense de 1980;0 (não possui);Paysandu;Belém; PA;Campeão paraense de 1981;0 (não possui);Paysandu;Belém; PA;Campeão paraense de 1982;0 (não possui);Portuguesa;São Paulo; SP;5º colocado no paulista de 1983;0 (não possui);Ponte Preta;Campinas; SP;Melhor colocado no paulista de 1984;0 (não possui);Paysandu;Belém; PA;Campeão paraense de 1985;0 (não possui);Vitória;Salvador; BA;30º;0 (não possui);;;;;;;;;;;;;;;;;;;;;;;;;;;;;;;Vitória;Salvador; BA;2º (Série B);Barradão;0 (não possui);;;;;;;;;;;;;;;;;;;;;;;;;;;;;;;;;;;;;Coritiba;Curitiba; PR;13º (Série A);Azul;Couto Pereira;1985;;;;;;;;;;;;;;;;;;;;;;;;;;;;;;;;;;;;;;;;;;;;;;;;;;;;;;;;;;;;;;;;;;;;;;;;;;;;;;;;;;;;;;;;;;;;;;;;;;;;;;;;;;;;;;;;;;;;;;;;;;;;;;;;;;;;;;;;;;;;;;;;;;;;;;;;;;;;;;;;;;;;;;;;;;;;;;
;;;;;;;;;;;;;;;;;;;;;;;;;;;;;;;;;;;;;;;;;;;;;;;;;;;;;;;;;;;;;;;;;;;;;;;;;;;;;;;;;;;;;;;Santa Cruz;Recife; PE;0 (não possui);Santa Cruz;Recife; PE;0 (não possui);Clube do Remo;Belém; PA;0 (não possui);Internacional;Porto Alegre; RS;1 (1975);Grêmio;Porto Alegre; RS;0 (não possui);Fast Clube;Manaus; AM;0 (não possui);Cruzeiro;Belo Horizonte; MG;1 (1966);Palmeiras;São Paulo; SP;6 (1960, 1967, 1967 RGP, 1969, 1972, 1973);Ponte Preta;Campinas; SP;3º colocado do paulista de 1980;0 (não possui);Ponte Preta;Campinas; SP;Vice-campeã paulista de 1981;0 (não possui);Ponte Preta;Campinas; SP;4º colocado no paulista de 1982;0 (não possui);Rio Branco-ES;Vitória; ES;Campeão capixaba de 1983;0 (não possui);Portuguesa;São Paulo; SP;Ranking de Pontos;0 (não possui);Piauí;Teresina; PI;Campeão piauiense de 1985;0 (não possui);;;;;;;;;;;;;;;;;;;;;;;;;;;;;;;;;;;;;;;;;;;;;;;;;;;;;;;;;;;;;;;;;;;;;;;;;;;;;;CRB;Maceió; AL;11º (Série B);Amarelo;Rei Pelé;não possui;;;;;;;;;;;;;;;;;;;;;;;;;;;;;;;;;;;;;;;;;;;;;;;;;;;;;;;;;;;;;;;;;;;;;;;;;;;;;;;;;;;;;;;;;;;;;;;;;;;;;;;;;;;;;;;;;;;;;;;;;;;;;;;;;;;;;;;;;;;;;;;;;;;;;;;;;;;;;;;;;;;;;;;;;;;;;;
;;;;;;;;;;;;;;;;;;;;;;;;;;;;;;;;;;;;;;;;;;;;;;;;;;;;;;;;;;;;;;;;;;;;;;;;;;;;;;;;;;;;;;;Santos;Santos; SP;6 (1961, 1962, 1963, 1964, 1965, 1968 RGP);Sampaio Corrêa;São Luís; MA;0 (não possui);Rio Negro;Manaus; AM;0 (não possui);Londrina;Londrina; PR;0 (não possui);Grêmio Maringá;Maringá; PR;0 (não possui);Flamengo;Rio de Janeiro; RJ;0 (não possui);CSA;Maceió; AL;0 (não possui);Ponte Preta;Campinas; SP;0 (não possui);Portuguesa;São Paulo; SP;5º colocado do paulista de 1980;0 (não possui);River-PI;Teresina; PI;Campeão piauiense de 1981;0 (não possui);Rio Branco-ES;Vitória; ES;Campeão capixaba de 1982;0 (não possui);Santa Cruz;Recife; PE;Campeão pernambucano de 1983;0 (não possui);Remo;Belém; PA;Vice-campeão da Taça CBF 1984;0 (não possui);Ponte Preta;Campinas; SP;Nono colocado no paulista de 1985;0 (não possui);;;;;;;;;;;;;;;;;;;;;;;;;;;;;;;;;;;;;;;;;;;;;;;;;;;;;;;;;;;;;;;;;;;;;;;;;;;;;;Criciúma;Criciúma; SC;18º (Série B);Amarelo;Heriberto Hülse;não possui;;;;;;;;;;;;;;;;;;;;;;;;;;;;;;;;;;;;;;;;;;;;;;;;;;;;;;;;;;;;;;;;;;;;;;;;;;;;;;;;;;;;;;;;;;;;;;;;;;;;;;;;;;;;;;;;;;;;;;;;;;;;;;;;;;;;;;;;;;;;;;;;;;;;;;;;;;;;;;;;;;;;;;;;;;;;;;
;;;;;;;;;;;;;;;;;;;;;;;;;;;;;;;;;;;;;;;;;;;;;;;;;;;;;;;;;;;;;;;;;;;;;;;;;;;;;;;;;;;;;;;São Paulo;São Paulo; SP;0 (não possui);Santos;Santos; SP;6 (1961, 1962, 1963, 1964, 1965, 1968 RGP);Santa Cruz;Recife; PE;0 (não possui);Mixto;Cuiabá; MT;0 (não possui);Guarani;Campinas; SP;0 (não possui);Flamengo-PI;Teresina; PI;0 (não possui);Desportiva Ferroviária;Cariacica; ES;0 (não possui);Portuguesa;São Paulo; SP;0 (não possui);River-PI;Teresina; PI;Campeão piauiense de 1980;0 (não possui);Santos;Santos; SP;9º colocado no paulista de 1981;6 (1961, 1962, 1963, 1964, 1965, 1968 RGP);Rio Negro-AM;Manaus; AM;Campeão amazonense de 1982;0 (não possui);Santo André;Santo André; SP;6º colocado do paulista de 1983;0 (não possui);Sampaio Corrêa;São Luís; MA;Campeão maranhense de 1984;0 (não possui);Portuguesa;São Paulo; SP;Vice-campeã paulista de 1985;0 (não possui);;;;;;;;;;;;;;;;;;;;;;;;;;;;;;;;;;;;;;;;;;;;;;;;;;;;;;;;;;;;;;;;;;;;;;;;;;;;;;Cruzeiro;Belo Horizonte; MG;5º (Série A);Azul;Mineirão;1966;;;;;;;;;;;;;;;;;;;;;;;;;;;;;;;;;;;;;;;;;;;;;;;;;;;;;;;;;;;;;;;;;;;;;;;;;;;;;;;;;;;;;;;;;;;;;;;;;;;;;;;;;;;;;;;;;;;;;;;;;;;;;;;;;;;;;;;;;;;;;;;;;;;;;;;;;;;;;;;;;;;;;;;;;;;;;;
;;;;;;;;;;;;;;;;;;;;;;;;;;;;;;;;;;;;;;;;;;;;;;;;;;;;;;;;;;;;;;;;;;;;;;;;;;;;;;;;;;;;;;;Sergipe;Aracaju; SE;0 (não possui);São Paulo;São Paulo; SP;0 (não possui);Santos;Santos; SP;6 (1961, 1962, 1963, 1964, 1965, 1968 RGP);Nacional-AM;Manaus; AM;0 (não possui);Internacional;Porto Alegre; RS;2 (1975, 1976);Fluminense;Rio de Janeiro; RJ;1 (1970);Dom Bosco;Cuiabá; MT;0 (não possui);Remo;Belém; PA;0 (não possui);Sampaio Corrêa;São Luís; MA;Campeão maranhense de 1980;0 (não possui);São José-SP;São José dos Campos; SP;4º colocado do paulista de 1981;0 (não possui);Santos;Santos; SP;Convidado;6 (1961, 1962, 1963, 1964, 1965, 1968 RGP);Santos;Santos; SP;3º colocado do paulista de 1983;6 (1961, 1962, 1963, 1964, 1965, 1968 RGP);Santa Cruz;Recife; PE;Ranking de Pontos;0 (não possui);Remo;Belém; PA;Vice-campeão paraense de 1985;0 (não possui);;;;;;;;;;;;;;;;;;;;;;;;;;;;;;;;;;;;;;;;;;;;;;;;;;;;;;;;;;;;;;;;;;;;;;;;;;;;;;CSA;Maceió; AL;23º (Série C);Amarelo;Rei Pelé;não possui;;;;;;;;;;;;;;;;;;;;;;;;;;;;;;;;;;;;;;;;;;;;;;;;;;;;;;;;;;;;;;;;;;;;;;;;;;;;;;;;;;;;;;;;;;;;;;;;;;;;;;;;;;;;;;;;;;;;;;;;;;;;;;;;;;;;;;;;;;;;;;;;;;;;;;;;;;;;;;;;;;;;;;;;;;;;;;
;;;;;;;;;;;;;;;;;;;;;;;;;;;;;;;;;;;;;;;;;;;;;;;;;;;;;;;;;;;;;;;;;;;;;;;;;;;;;;;;;;;;;;;Sport;Recife; PE;0 (não possui);Sport;Recife; PE;0 (não possui);São Paulo;São Paulo; SP;0 (não possui);Náutico;Recife; PE;0 (não possui);Joinville;Joinville; SC;0 (não possui);Fortaleza;Fortaleza; CE;0 (não possui);Fast Clube;Manaus; AM;0 (não possui);Santa Cruz;Recife; PE;0 (não possui);Santa Cruz;Recife; PE;Vice-campeão pernambucano de 1980;0 (não possui);São Paulo;São Paulo; SP;Campeão paulista de 1981;1 (1977);São Paulo;São Paulo; SP;Vice-campeão paulista de 1981;1 (1977);São Paulo;São Paulo; SP;Vice-campeão paulista de 1983;1 (1977);Santos;Santos; SP;Ranking de Pontos;6 (1961, 1962, 1963, 1964, 1965, 1968 RGP);Rio Branco-ES;Vitória; ES;Campeão capixaba de 1985;0 (não possui);;;;;;;;;;;;;;;;;;;;;;;;;;;;;;;;;;;;;;;;;;;;;;;;;;;;;;;;;;;;;;;;;;;;;;;;;;;;;;Desportiva;Cariacica; ES;22º (Série B);Amarelo;Engenheiro Araripe;não possui;;;;;;;;;;;;;;;;;;;;;;;;;;;;;;;;;;;;;;;;;;;;;;;;;;;;;;;;;;;;;;;;;;;;;;;;;;;;;;;;;;;;;;;;;;;;;;;;;;;;;;;;;;;;;;;;;;;;;;;;;;;;;;;;;;;;;;;;;;;;;;;;;;;;;;;;;;;;;;;;;;;;;;;;;;;;;;
;;;;;;;;;;;;;;;;;;;;;;;;;;;;;;;;;;;;;;;;;;;;;;;;;;;;;;;;;;;;;;;;;;;;;;;;;;;;;;;;;;;;;;;Tiradentes-PI;Teresina; PI;0 (não possui);Tiradentes-PI;Teresina; PI;0 (não possui);Sergipe;Aracaju; SE;0 (não possui);Palmeiras;São Paulo; SP;6 (1960, 1967, 1967 RGP, 1969, 1972, 1973);Juventude;Caxias do Sul; RS;0 (não possui);Goiás;Goiânia; GO;0 (não possui);Ferroviário;Fortaleza; CE;0 (não possui);Santos;Santos; SP;6 (1961, 1962, 1963, 1964, 1965, 1968 RGP);Santos;Santos; SP;Vice-campeão paulista de 1980;6 (1961, 1962, 1963, 1964, 1965, 1968 RGP);São Paulo-RS;Rio Grande; RS;Primeira fase da Taça de Prata 1982;0 (não possui);Sergipe;Aracaju; SE;Campeão sergipano de 1982;0 (não possui);Treze;Campina Grande; PB;Campeão paraibano de 1983;0 (não possui);São Paulo;São Paulo; SP;Ranking de Pontos;1 (1977);Sampaio Corrêa;São Luís; MA;Campeão maranhense de 1985;0 (não possui);;;;;;;;;;;;;;;;;;;;;;;;;;;;;;;;;;;;;;;;;;;;;;;;;;;;;;;;;;;;;;;;;;;;;;;;;;;;;;Dom Pedro II;Núcleo Bandeirante; DF;36º (Série C);Verde;Metropolitana;não possui;;;;;;;;;;;;;;;;;;;;;;;;;;;;;;;;;;;;;;;;;;;;;;;;;;;;;;;;;;;;;;;;;;;;;;;;;;;;;;;;;;;;;;;;;;;;;;;;;;;;;;;;;;;;;;;;;;;;;;;;;;;;;;;;;;;;;;;;;;;;;;;;;;;;;;;;;;;;;;;;;;;;;;;;;;;;;;
;;;;;;;;;;;;;;;;;;;;;;;;;;;;;;;;;;;;;;;;;;;;;;;;;;;;;;;;;;;;;;;;;;;;;;;;;;;;;;;;;;;;;;;Vasco da Gama;Rio de Janeiro; GB;0 (não possui);Vasco da Gama;Rio de Janeiro; GB;0 (não possui);Sport;Recife; PE;0 (não possui);Paysandu;Belém; PA;0 (não possui);Londrina;Londrina; PR;0 (não possui);Goytacaz;Campos dos Goytacazes; RJ;0 (não possui);Figueirense;Florianópolis; SC;0 (não possui);São Paulo;São Paulo; SP;1 (1977);São Paulo;São Paulo; SP;Campeão paulista de 1980;1 (1977);Sport;Recife; PE;Campeão pernambucano de 1981;0 (não possui);Sport;Recife; PE;Campeão pernambucano de 1982;0 (não possui);Tuna Luso;Belém; PA;Campeão paraense de 1983;0 (não possui);Sergipe;Aracaju; SE;Campeão sergipano de 1984;0 (não possui);Santa Cruz;Recife; PE;Vice-campeão pernambucano de 1985;0 (não possui);;;;;;;;;;;;;;;;;;;;;;;;;;;;;;;;;;;;;;;;;;;;;;;;;;;;;;;;;;;;;;;;;;;;;;;;;;;;;;Etti Jundiaí;Jundiaí; SP;Não disputou o campeonato;Branco;Jayme Cintra;não possui;;;;;;;;;;;;;;;;;;;;;;;;;;;;;;;;;;;;;;;;;;;;;;;;;;;;;;;;;;;;;;;;;;;;;;;;;;;;;;;;;;;;;;;;;;;;;;;;;;;;;;;;;;;;;;;;;;;;;;;;;;;;;;;;;;;;;;;;;;;;;;;;;;;;;;;;;;;;;;;;;;;;;;;;;;;;;;
;;;;;;;;;;;;;;;;;;;;;;;;;;;;;;;;;;;;;;;;;;;;;;;;;;;;;;;;;;;;;;;;;;;;;;;;;;;;;;;;;;;;;;;Vitória;Salvador; BA;0 (não possui);Vitória;Salvador; BA;0 (não possui);Tiradentes-PI;Teresina; PI;0 (não possui);Ponte Preta;Campinas; SP;0 (não possui);Nacional-AM;Manaus; AM;0 (não possui);Grêmio;Porto Alegre; RS;0 (não possui);Flamengo;Rio de Janeiro; RJ;0 (não possui);São Paulo-RS;Rio Grande; RS;0 (não possui);Sport;Recife; PE;Campeão pernambucano de 1980;0 (não possui);Taguatinga;Taguatinga; DF;Campeão brasiliense de 1981;0 (não possui);Tiradentes-PI;Teresina; PI;Campeão piauiense de 1982;0 (não possui);Vasco da Gama;Rio de Janeiro; RJ;7º colocado do carioca de 1983;1 (1974);Sport;Recife; PE;Melhor colocado no pernambucano de 1984;0 (não possui);Santos;Santos; SP;Sexto colocado no paulista de 1985;6 (1961, 1962, 1963, 1964, 1965, 1968 RGP);;;;;;;;;;;;;;;;;;;;;;;;;;;;;;;;;;;;;;;;;;;;;;;;;;;;;;;;;;;;;;;;;;;;;;;;;;;;;;Figueirense;Florianópolis; SC;6º (Série C);Amarelo;Orlando Scarpelli;não possui;;;;;;;;;;;;;;;;;;;;;;;;;;;;;;;;;;;;;;;;;;;;;;;;;;;;;;;;;;;;;;;;;;;;;;;;;;;;;;;;;;;;;;;;;;;;;;;;;;;;;;;;;;;;;;;;;;;;;;;;;;;;;;;;;;;;;;;;;;;;;;;;;;;;;;;;;;;;;;;;;;;;;;;;;;;;;;
;;;;;;;;;;;;;;;;;;;;;;;;;;;;;;;;;;;;;;;;;;;;;;;;;;;;;;;;;;;;;;;;;;;;;;;;;;;;;;;;;;;;;;;;;;;;;;;Vasco da Gama;Rio de Janeiro; RJ;1 (1974);Portuguesa;São Paulo; SP;0 (não possui);Náutico;Recife; PE;0 (não possui);Grêmio Maringá;Maringá; PR;0 (não possui);Fluminense;Rio de Janeiro; RJ;1 (1970);Sport[nota 1];Recife; PE;0 (não possui);Uberaba;Uberaba; MG;Primeira fase da Taça de Prata 1981;0 (não possui);Treze;Campina Grande; PB;Campeão paraibano de 1981;0 (não possui);Treze;Campina Grande; PB;Campeão paraibano de 1982;0 (não possui);;;;;;Uberlândia;Uberlândia; MG;Campeão da Taça CBF 1984;0 (não possui);São Paulo;São Paulo; SP;Campeão paulista de 1985;1 (1977);;;;;;;;;;;;;;;;;;;;;;;;;;;;;;;;;;;;;;;;;;;;;;;;;;;;;;;;;;;;;;;;;;;;;;;;;;;;;;Flamengo;Rio de Janeiro; RJ;12º (Série A);Azul;Maracanã;1980, 1982, 1983, 1992;;;;;;;;;;;;;;;;;;;;;;;;;;;;;;;;;;;;;;;;;;;;;;;;;;;;;;;;;;;;;;;;;;;;;;;;;;;;;;;;;;;;;;;;;;;;;;;;;;;;;;;;;;;;;;;;;;;;;;;;;;;;;;;;;;;;;;;;;;;;;;;;;;;;;;;;;;;;;;;;;;;;;;;;;;;;;;
;;;;;;;;;;;;;;;;;;;;;;;;;;;;;;;;;;;;;;;;;;;;;;;;;;;;;;;;;;;;;;;;;;;;;;;;;;;;;;;;;;;;;;;;;;;;;;;Vitória;Salvador; BA;0 (não possui);Remo;Belém; PA;0 (não possui);Operário-MS[nota 1];Campo Grande; MT;0 (não possui);Guarani;Campinas; SP;0 (não possui);Fluminense de Feira;Feira de Santana; BA;0 (não possui);Vasco da Gama;Rio de Janeiro; RJ;1 (1974);Vasco da Gama;Rio de Janeiro; RJ;Vice-campeão carioca de 1980;1 (1974);Vasco da Gama;Rio de Janeiro; RJ;Vice-campeão carioca de 1981;1 (1974);Uberaba;Uberaba; MG;Primeira fase da Taça de Prata 1983;0 (não possui);;;;;;Vasco da Gama;Rio de Janeiro; RJ;Ranking de Pontos;1 (1974);Sergipe;Aracaju; SE;Campeão sergipano de 1985;0 (não possui);;;;;;;;;;;;;;;;;;;;;;;;;;;;;;;;;;;;;;;;;;;;;;;;;;;;;;;;;;;;;;;;;;;;;;;;;;;;;;Flamengo-PI;Teresina; PI;Não disputou o campeonato;Verde;Albertão;não possui;;;;;;;;;;;;;;;;;;;;;;;;;;;;;;;;;;;;;;;;;;;;;;;;;;;;;;;;;;;;;;;;;;;;;;;;;;;;;;;;;;;;;;;;;;;;;;;;;;;;;;;;;;;;;;;;;;;;;;;;;;;;;;;;;;;;;;;;;;;;;;;;;;;;;;;;;;;;;;;;;;;;;;;;;;;;;;
;;;;;;;;;;;;;;;;;;;;;;;;;;;;;;;;;;;;;;;;;;;;;;;;;;;;;;;;;;;;;;;;;;;;;;;;;;;;;;;;;;;;;;;;;;;;;;;;;;;Rio Branco-ES;Vitória; ES;0 (não possui);Palmeiras;São Paulo; SP;6 (1960, 1967, 1967 RGP, 1969, 1972, 1973);Internacional;Porto Alegre; RS;2 (1975, 1976);Fortaleza;Fortaleza; CE;0 (não possui);Vila Nova;Goiânia; GO;0 (não possui);Vila Nova;Goiânia; GO;Campeão goiano de 1980;0 (não possui);Vitória;Salvador; BA;Vice-campeão baiano de 1981;0 (não possui);Vasco da Gama;Rio de Janeiro; RJ;Campeão carioca de 1982;1 (1974);;;;;;Vila Nova;Goiânia; GO;Campeão goiano de 1984;0 (não possui);Sobradinho;Sobradinho; DF;Campeão brasiliense de 1985;0 (não possui);;;;;;;;;;;;;;;;;;;;;;;;;;;;;;;;;;;;;;;;;;;;;;;;;;;;;;;;;;;;;;;;;;;;;;;;;;;;;;Fluminense;Rio de Janeiro; RJ;1º (Série C);Azul;Laranjeiras;1970, 1984;;;;;;;;;;;;;;;;;;;;;;;;;;;;;;;;;;;;;;;;;;;;;;;;;;;;;;;;;;;;;;;;;;;;;;;;;;;;;;;;;;;;;;;;;;;;;;;;;;;;;;;;;;;;;;;;;;;;;;;;;;;;;;;;;;;;;;;;;;;;;;;;;;;;;;;;;;;;;;;;;;;;;;;;;;;;;;
;;;;;;;;;;;;;;;;;;;;;;;;;;;;;;;;;;;;;;;;;;;;;;;;;;;;;;;;;;;;;;;;;;;;;;;;;;;;;;;;;;;;;;;;;;;;;;;;;;;Rio Negro-AM;Manaus; AM;0 (não possui);Paysandu;Belém; PA;0 (não possui);Itabuna;Itabuna; BA;0 (não possui);Francana;Franca; SP;0 (não possui);Vitória;Salvador; BA;0 (não possui);Vitória;Salvador; BA;Campeão baiano de 1980;0 (não possui);XV de Jaú;Jaú; SP;14º colocado do paulista de 1981;0 (não possui);Vila Nova;Goiânia; GO;Campeão goiano de 1982;0 (não possui);;;;;;Villa Nova;Nova Lima; MG;Melhor colocado do mineiro de 1984;0 (não possui);Sport;Recife; PE;Terceiro colocado no pernambucano de 1985;0 (não possui);;;;;;;;;;;;;;;;;;;;;;;;;;;;;;;;;;;;;;;;;;;;;;;;;;;;;;;;;;;;;;;;;;;;;;;;;;;;;;Fortaleza;Fortaleza; CE;21º (Série C);Amarelo;Alcides Santos;não possui;;;;;;;;;;;;;;;;;;;;;;;;;;;;;;;;;;;;;;;;;;;;;;;;;;;;;;;;;;;;;;;;;;;;;;;;;;;;;;;;;;;;;;;;;;;;;;;;;;;;;;;;;;;;;;;;;;;;;;;;;;;;;;;;;;;;;;;;;;;;;;;;;;;;;;;;;;;;;;;;;;;;;;;;;;;;;;
;;;;;;;;;;;;;;;;;;;;;;;;;;;;;;;;;;;;;;;;;;;;;;;;;;;;;;;;;;;;;;;;;;;;;;;;;;;;;;;;;;;;;;;;;;;;;;;;;;;Sampaio Corrêa;São Luís; MA;0 (não possui);Ponte Preta;Campinas; SP;0 (não possui);Joinville;Joinville; SC;0 (não possui);Gama;Gama; DF;0 (não possui);;;;;;;;;;;;;;;;;;;;;;;;;;;;;;Treze;Campina Grande; PB;Grupo E do Torneio Paralelo de 1986;0 (não possui);;;;;;;;;;;;;;;;;;;;;;;;;;;;;;;;;;;;;;;;;;;;;;;;;;;;;;;;;;;;;;;;;;;;;;;;;;;;;;Friburguense;Nova Friburgo; RJ;Não disputou o campeonato;Branco;Eduardo Guinle;não possui;;;;;;;;;;;;;;;;;;;;;;;;;;;;;;;;;;;;;;;;;;;;;;;;;;;;;;;;;;;;;;;;;;;;;;;;;;;;;;;;;;;;;;;;;;;;;;;;;;;;;;;;;;;;;;;;;;;;;;;;;;;;;;;;;;;;;;;;;;;;;;;;;;;;;;;;;;;;;;;;;;;;;;;;;;;;;;
;;;;;;;;;;;;;;;;;;;;;;;;;;;;;;;;;;;;;;;;;;;;;;;;;;;;;;;;;;;;;;;;;;;;;;;;;;;;;;;;;;;;;;;;;;;;;;;;;;;Santa Cruz;Recife; PE;0 (não possui);Portuguesa;São Paulo; SP;0 (não possui);Juventude;Caxias do Sul; RS;0 (não possui);Goiânia;Goiânia; GO;0 (não possui);;;;;;;;;;;;;;;;;;;;;;;;;;;;;;Tuna Luso;Belém; PA;Campeã da Taça de Prata de 1985;0 (não possui);;;;;;;;;;;;;;;;;;;;;;;;;;;;;;;;;;;;;;;;;;;;;;;;;;;;;;;;;;;;;;;;;;;;;;;;;;;;;;Gama;Gama; DF;15º (Série A);Azul;Bezerrão;não possui;;;;;;;;;;;;;;;;;;;;;;;;;;;;;;;;;;;;;;;;;;;;;;;;;;;;;;;;;;;;;;;;;;;;;;;;;;;;;;;;;;;;;;;;;;;;;;;;;;;;;;;;;;;;;;;;;;;;;;;;;;;;;;;;;;;;;;;;;;;;;;;;;;;;;;;;;;;;;;;;;;;;;;;;;;;;;;
;;;;;;;;;;;;;;;;;;;;;;;;;;;;;;;;;;;;;;;;;;;;;;;;;;;;;;;;;;;;;;;;;;;;;;;;;;;;;;;;;;;;;;;;;;;;;;;;;;;Santos;Santos; SP;6 (1961, 1962, 1963, 1964, 1965, 1968 RGP);Remo;Belém; PA;0 (não possui);Londrina;Londrina; PR;0 (não possui);Goiás;Goiânia; GO;0 (não possui);;;;;;;;;;;;;;;;;;;;;;;;;;;;;;Vasco da Gama;Rio de Janeiro; RJ;Quarto colocado no carioca de 1985;1 (1974);;;;;;;;;;;;;;;;;;;;;;;;;;;;;;;;;;;;;;;;;;;;;;;;;;;;;;;;;;;;;;;;;;;;;;;;;;;;;;Genus;Porto Velho; RO;Não disputou o campeonato;Verde;Aluizão;não possui;;;;;;;;;;;;;;;;;;;;;;;;;;;;;;;;;;;;;;;;;;;;;;;;;;;;;;;;;;;;;;;;;;;;;;;;;;;;;;;;;;;;;;;;;;;;;;;;;;;;;;;;;;;;;;;;;;;;;;;;;;;;;;;;;;;;;;;;;;;;;;;;;;;;;;;;;;;;;;;;;;;;;;;;;;;;;;
;;;;;;;;;;;;;;;;;;;;;;;;;;;;;;;;;;;;;;;;;;;;;;;;;;;;;;;;;;;;;;;;;;;;;;;;;;;;;;;;;;;;;;;;;;;;;;;;;;;São Paulo;São Paulo; SP;0 (não possui);River-PI;Teresina; PI;0 (não possui);Mixto;Cuiabá; MT;0 (não possui);Goytacaz;Campos dos Goytacazes; RJ;0 (não possui);;;;;;;;;;;;;;;;;;;;;;;;;;;;;;Vitória;Salvador; BA;Campeão baiano de 1985;0 (não possui);;;;;;;;;;;;;;;;;;;;;;;;;;;;;;;;;;;;;;;;;;;;;;;;;;;;;;;;;;;;;;;;;;;;;;;;;;;;;;Goiânia;Goiânia; GO;25º (Série C);Verde;Olímpico;não possui;;;;;;;;;;;;;;;;;;;;;;;;;;;;;;;;;;;;;;;;;;;;;;;;;;;;;;;;;;;;;;;;;;;;;;;;;;;;;;;;;;;;;;;;;;;;;;;;;;;;;;;;;;;;;;;;;;;;;;;;;;;;;;;;;;;;;;;;;;;;;;;;;;;;;;;;;;;;;;;;;;;;;;;;;;;;;;
;;;;;;;;;;;;;;;;;;;;;;;;;;;;;;;;;;;;;;;;;;;;;;;;;;;;;;;;;;;;;;;;;;;;;;;;;;;;;;;;;;;;;;;;;;;;;;;;;;;Sport;Recife; PE;0 (não possui);Sampaio Corrêa;São Luís; MA;0 (não possui);Moto Club;São Luís; MA;0 (não possui);Grêmio;Porto Alegre; RS;0 (não possui);;;;;;;;;;;;;;;;;;;;;;;;;;;;;;;;;;;;;;;;;;;;;;;;;;;;;;;;;;;;;;;;;;;;;;;;;;;;;;;;;;;;;;;;;;;;;;;;;;;;;;;;;;;;;;;;Goiás;Goiânia; GO;1º (Série B);Azul;Serrinha;não possui;;;;;;;;;;;;;;;;;;;;;;;;;;;;;;;;;;;;;;;;;;;;;;;;;;;;;;;;;;;;;;;;;;;;;;;;;;;;;;;;;;;;;;;;;;;;;;;;;;;;;;;;;;;;;;;;;;;;;;;;;;;;;;;;;;;;;;;;;;;;;;;;;;;;;;;;;;;;;;;;;;;;;;;;;;;;;;
;;;;;;;;;;;;;;;;;;;;;;;;;;;;;;;;;;;;;;;;;;;;;;;;;;;;;;;;;;;;;;;;;;;;;;;;;;;;;;;;;;;;;;;;;;;;;;;;;;;Treze;Campina Grande; PB;0 (não possui);Santa Cruz;Recife; PE;0 (não possui);Nacional-AM;Manaus; AM;0 (não possui);Grêmio Maringá;Maringá; PR;0 (não possui);;;;;;;;;;;;;;;;;;;;;;;;;;;;;;;;;;;;;;;;;;;;;;;;;;;;;;;;;;;;;;;;;;;;;;;;;;;;;;;;;;;;;;;;;;;;;;;;;;;;;;;;;;;;;;;;Grêmio;Porto Alegre; RS;18º (Série A);Azul;Olímpico Monumental;1981, 1996;;;;;;;;;;;;;;;;;;;;;;;;;;;;;;;;;;;;;;;;;;;;;;;;;;;;;;;;;;;;;;;;;;;;;;;;;;;;;;;;;;;;;;;;;;;;;;;;;;;;;;;;;;;;;;;;;;;;;;;;;;;;;;;;;;;;;;;;;;;;;;;;;;;;;;;;;;;;;;;;;;;;;;;;;;;;;;
;;;;;;;;;;;;;;;;;;;;;;;;;;;;;;;;;;;;;;;;;;;;;;;;;;;;;;;;;;;;;;;;;;;;;;;;;;;;;;;;;;;;;;;;;;;;;;;;;;;Uberaba;Uberaba; MG;0 (não possui);Santos;Santos; SP;6 (1961, 1962, 1963, 1964, 1965, 1968 RGP);Náutico;Recife; PE;0 (não possui);Guará;Guará; DF;0 (não possui);;;;;;;;;;;;;;;;;;;;;;;;;;;;;;;;;;;;;;;;;;;;;;;;;;;;;;;;;;;;;;;;;;;;;;;;;;;;;;;;;;;;;;;;;;;;;;;;;;;;;;;;;;;;;;;;Guarani;Campinas; SP;8º (Série A);Azul;Brinco de Ouro;1978;;;;;;;;;;;;;;;;;;;;;;;;;;;;;;;;;;;;;;;;;;;;;;;;;;;;;;;;;;;;;;;;;;;;;;;;;;;;;;;;;;;;;;;;;;;;;;;;;;;;;;;;;;;;;;;;;;;;;;;;;;;;;;;;;;;;;;;;;;;;;;;;;;;;;;;;;;;;;;;;;;;;;;;;;;;;;;
;;;;;;;;;;;;;;;;;;;;;;;;;;;;;;;;;;;;;;;;;;;;;;;;;;;;;;;;;;;;;;;;;;;;;;;;;;;;;;;;;;;;;;;;;;;;;;;;;;;Vasco da Gama;Rio de Janeiro; RJ;1 (1974);São Paulo;São Paulo; SP;0 (não possui);Noroeste;Bauru; SP;0 (não possui);Guarani;Campinas; SP;1 (1978);;;;;;;;;;;;;;;;;;;;;;;;;;;;;;;;;;;;;;;;;;;;;;;;;;;;;;;;;;;;;;;;;;;;;;;;;;;;;;;;;;;;;;;;;;;;;;;;;;;;;;;;;;;;;;;;Internacional;Porto Alegre; RS;16º (Série A);Azul;Beira-Rio;1975, 1976, 1979;;;;;;;;;;;;;;;;;;;;;;;;;;;;;;;;;;;;;;;;;;;;;;;;;;;;;;;;;;;;;;;;;;;;;;;;;;;;;;;;;;;;;;;;;;;;;;;;;;;;;;;;;;;;;;;;;;;;;;;;;;;;;;;;;;;;;;;;;;;;;;;;;;;;;;;;;;;;;;;;;;;;;;;;;;;;;;
;;;;;;;;;;;;;;;;;;;;;;;;;;;;;;;;;;;;;;;;;;;;;;;;;;;;;;;;;;;;;;;;;;;;;;;;;;;;;;;;;;;;;;;;;;;;;;;;;;;Vitória;Salvador; BA;0 (não possui);Sergipe;Aracaju; SE;0 (não possui);Operário-MS[nota 1];Campo Grande; MT;0 (não possui);Inter de Limeira;Limeira; SP;0 (não possui);;;;;;;;;;;;;;;;;;;;;;;;;;;;;;;;;;;;;;;;;;;;;;;;;;;;;;;;;;;;;;;;;;;;;;;;;;;;;;;;;;;;;;;;;;;;;;;;;;;;;;;;;;;;;;;;Internacional de Limeira;Limeira; SP;Não disputou o campeonato;Branco;Limeirão;não possui;;;;;;;;;;;;;;;;;;;;;;;;;;;;;;;;;;;;;;;;;;;;;;;;;;;;;;;;;;;;;;;;;;;;;;;;;;;;;;;;;;;;;;;;;;;;;;;;;;;;;;;;;;;;;;;;;;;;;;;;;;;;;;;;;;;;;;;;;;;;;;;;;;;;;;;;;;;;;;;;;;;;;;;;;;;;;;
;;;;;;;;;;;;;;;;;;;;;;;;;;;;;;;;;;;;;;;;;;;;;;;;;;;;;;;;;;;;;;;;;;;;;;;;;;;;;;;;;;;;;;;;;;;;;;;;;;;Volta Redonda;Volta Redonda; RJ;0 (não possui);Sport;Recife; PE;0 (não possui);Palmeiras;São Paulo; SP;6 (1960, 1967, 1967 RGP, 1969, 1972, 1973);Internacional;Porto Alegre; RS;2 (1975, 1976);;;;;;;;;;;;;;;;;;;;;;;;;;;;;;;;;;;;;;;;;;;;;;;;;;;;;;;;;;;;;;;;;;;;;;;;;;;;;;;;;;;;;;;;;;;;;;;;;;;;;;;;;;;;;;;;Internacional de Santa Maria;Santa Maria; RS;Não disputou o campeonato;Branco;Baixada Melancólica;não possui;;;;;;;;;;;;;;;;;;;;;;;;;;;;;;;;;;;;;;;;;;;;;;;;;;;;;;;;;;;;;;;;;;;;;;;;;;;;;;;;;;;;;;;;;;;;;;;;;;;;;;;;;;;;;;;;;;;;;;;;;;;;;;;;;;;;;;;;;;;;;;;;;;;;;;;;;;;;;;;;;;;;;;;;;;;;;;
;;;;;;;;;;;;;;;;;;;;;;;;;;;;;;;;;;;;;;;;;;;;;;;;;;;;;;;;;;;;;;;;;;;;;;;;;;;;;;;;;;;;;;;;;;;;;;;;;;;;;;;Treze;Campina Grande; PB;0 (não possui);Paysandu;Belém; PA;0 (não possui);Itabaiana;Itabaiana; SE;0 (não possui);;;;;;;;;;;;;;;;;;;;;;;;;;;;;;;;;;;;;;;;;;;;;;;;;;;;;;;;;;;;;;;;;;;;;;;;;;;;;;;;;;;;;;;;;;;;;;;;;;;;;;;;;;;;;;;;Ipatinga;Ipatinga; MG;Não disputou o campeonato;Branco;Ipatingão;não possui;;;;;;;;;;;;;;;;;;;;;;;;;;;;;;;;;;;;;;;;;;;;;;;;;;;;;;;;;;;;;;;;;;;;;;;;;;;;;;;;;;;;;;;;;;;;;;;;;;;;;;;;;;;;;;;;;;;;;;;;;;;;;;;;;;;;;;;;;;;;;;;;;;;;;;;;;;;;;;;;;;;;;;;;;;;;;;
;;;;;;;;;;;;;;;;;;;;;;;;;;;;;;;;;;;;;;;;;;;;;;;;;;;;;;;;;;;;;;;;;;;;;;;;;;;;;;;;;;;;;;;;;;;;;;;;;;;;;;;Uberaba;Uberaba; MG;0 (não possui);Ponte Preta;Campinas; SP;0 (não possui);Itabuna;Itabuna; BA;0 (não possui);;;;;;;;;;;;;;;;;;;;;;;;;;;;;;;;;;;;;;;;;;;;;;;;;;;;;;;;;;;;;;;;;;;;;;;;;;;;;;;;;;;;;;;;;;;;;;;;;;;;;;;;;;;;;;;;Ituano;Itu; SP;Não disputou o campeonato;Branco;Novelli Júnior;não possui;;;;;;;;;;;;;;;;;;;;;;;;;;;;;;;;;;;;;;;;;;;;;;;;;;;;;;;;;;;;;;;;;;;;;;;;;;;;;;;;;;;;;;;;;;;;;;;;;;;;;;;;;;;;;;;;;;;;;;;;;;;;;;;;;;;;;;;;;;;;;;;;;;;;;;;;;;;;;;;;;;;;;;;;;;;;;;
;;;;;;;;;;;;;;;;;;;;;;;;;;;;;;;;;;;;;;;;;;;;;;;;;;;;;;;;;;;;;;;;;;;;;;;;;;;;;;;;;;;;;;;;;;;;;;;;;;;;;;;Vasco da Gama;Rio de Janeiro; RJ;1 (1974);Portuguesa;São Paulo; SP;0 (não possui);Itumbiara;Itumbiara; GO;0 (não possui);;;;;;;;;;;;;;;;;;;;;;;;;;;;;;;;;;;;;;;;;;;;;;;;;;;;;;;;;;;;;;;;;;;;;;;;;;;;;;;;;;;;;;;;;;;;;;;;;;;;;;;;;;;;;;;;Joinville;Joinville; SC;15º (Série B);Amarelo;Ernestão;não possui;;;;;;;;;;;;;;;;;;;;;;;;;;;;;;;;;;;;;;;;;;;;;;;;;;;;;;;;;;;;;;;;;;;;;;;;;;;;;;;;;;;;;;;;;;;;;;;;;;;;;;;;;;;;;;;;;;;;;;;;;;;;;;;;;;;;;;;;;;;;;;;;;;;;;;;;;;;;;;;;;;;;;;;;;;;;;;
;;;;;;;;;;;;;;;;;;;;;;;;;;;;;;;;;;;;;;;;;;;;;;;;;;;;;;;;;;;;;;;;;;;;;;;;;;;;;;;;;;;;;;;;;;;;;;;;;;;;;;;Vila Nova;Goiânia; GO;0 (não possui);Remo;Belém; PA;0 (não possui);Joinville;Joinville; SC;0 (não possui);;;;;;;;;;;;;;;;;;;;;;;;;;;;;;;;;;;;;;;;;;;;;;;;;;;;;;;;;;;;;;;;;;;;;;;;;;;;;;;;;;;;;;;;;;;;;;;;;;;;;;;;;;;;;;;;Juazeiro;Juazeiro; BA;Não disputou o campeonato;Verde;Adauto Moraes;não possui;;;;;;;;;;;;;;;;;;;;;;;;;;;;;;;;;;;;;;;;;;;;;;;;;;;;;;;;;;;;;;;;;;;;;;;;;;;;;;;;;;;;;;;;;;;;;;;;;;;;;;;;;;;;;;;;;;;;;;;;;;;;;;;;;;;;;;;;;;;;;;;;;;;;;;;;;;;;;;;;;;;;;;;;;;;;;;
;;;;;;;;;;;;;;;;;;;;;;;;;;;;;;;;;;;;;;;;;;;;;;;;;;;;;;;;;;;;;;;;;;;;;;;;;;;;;;;;;;;;;;;;;;;;;;;;;;;;;;;Vitória;Salvador; BA;0 (não possui);Rio Branco-ES;Vitória; ES;0 (não possui);Juventude;Caxias do Sul; RS;0 (não possui);;;;;;;;;;;;;;;;;;;;;;;;;;;;;;;;;;;;;;;;;;;;;;;;;;;;;;;;;;;;;;;;;;;;;;;;;;;;;;;;;;;;;;;;;;;;;;;;;;;;;;;;;;;;;;;;Juventude;Caxias do Sul; RS;19º (Série A);Azul;Alfredo Jaconi;não possui;;;;;;;;;;;;;;;;;;;;;;;;;;;;;;;;;;;;;;;;;;;;;;;;;;;;;;;;;;;;;;;;;;;;;;;;;;;;;;;;;;;;;;;;;;;;;;;;;;;;;;;;;;;;;;;;;;;;;;;;;;;;;;;;;;;;;;;;;;;;;;;;;;;;;;;;;;;;;;;;;;;;;;;;;;;;;;
;;;;;;;;;;;;;;;;;;;;;;;;;;;;;;;;;;;;;;;;;;;;;;;;;;;;;;;;;;;;;;;;;;;;;;;;;;;;;;;;;;;;;;;;;;;;;;;;;;;;;;;Vitória-ES;Vitória; ES;0 (não possui);River-PI;Teresina; PI;0 (não possui);Leônico;Simões Filho; BA;0 (não possui);;;;;;;;;;;;;;;;;;;;;;;;;;;;;;;;;;;;;;;;;;;;;;;;;;;;;;;;;;;;;;;;;;;;;;;;;;;;;;;;;;;;;;;;;;;;;;;;;;;;;;;;;;;;;;;;Juventus;São Paulo; SP;14º (Série C);Branco;Conde Rodolfo Crespi;não possui;;;;;;;;;;;;;;;;;;;;;;;;;;;;;;;;;;;;;;;;;;;;;;;;;;;;;;;;;;;;;;;;;;;;;;;;;;;;;;;;;;;;;;;;;;;;;;;;;;;;;;;;;;;;;;;;;;;;;;;;;;;;;;;;;;;;;;;;;;;;;;;;;;;;;;;;;;;;;;;;;;;;;;;;;;;;;;
;;;;;;;;;;;;;;;;;;;;;;;;;;;;;;;;;;;;;;;;;;;;;;;;;;;;;;;;;;;;;;;;;;;;;;;;;;;;;;;;;;;;;;;;;;;;;;;;;;;;;;;Volta Redonda;Volta Redonda; RJ;0 (não possui);Sampaio Corrêa;São Luís; MA;0 (não possui);Londrina;Londrina; PR;0 (não possui);;;;;;;;;;;;;;;;;;;;;;;;;;;;;;;;;;;;;;;;;;;;;;;;;;;;;;;;;;;;;;;;;;;;;;;;;;;;;;;;;;;;;;;;;;;;;;;;;;;;;;;;;;;;;;;;Londrina;Londrina; PR;10º (Série B);Amarelo;Vitorino Gonçalves Dias;não possui;;;;;;;;;;;;;;;;;;;;;;;;;;;;;;;;;;;;;;;;;;;;;;;;;;;;;;;;;;;;;;;;;;;;;;;;;;;;;;;;;;;;;;;;;;;;;;;;;;;;;;;;;;;;;;;;;;;;;;;;;;;;;;;;;;;;;;;;;;;;;;;;;;;;;;;;;;;;;;;;;;;;;;;;;;;;;;
;;;;;;;;;;;;;;;;;;;;;;;;;;;;;;;;;;;;;;;;;;;;;;;;;;;;;;;;;;;;;;;;;;;;;;;;;;;;;;;;;;;;;;;;;;;;;;;;;;;;;;;XV de Piracicaba;Piracicaba; SP;0 (não possui);Santa Cruz;Recife; PE;0 (não possui);Maranhão;São Luís; MA;0 (não possui);;;;;;;;;;;;;;;;;;;;;;;;;;;;;;;;;;;;;;;;;;;;;;;;;;;;;;;;;;;;;;;;;;;;;;;;;;;;;;;;;;;;;;;;;;;;;;;;;;;;;;;;;;;;;;;;Madureira;Rio de Janeiro; RJ;Não disputou o campeonato;Branco;Conselheiro Galvão;não possui;;;;;;;;;;;;;;;;;;;;;;;;;;;;;;;;;;;;;;;;;;;;;;;;;;;;;;;;;;;;;;;;;;;;;;;;;;;;;;;;;;;;;;;;;;;;;;;;;;;;;;;;;;;;;;;;;;;;;;;;;;;;;;;;;;;;;;;;;;;;;;;;;;;;;;;;;;;;;;;;;;;;;;;;;;;;;;
;;;;;;;;;;;;;;;;;;;;;;;;;;;;;;;;;;;;;;;;;;;;;;;;;;;;;;;;;;;;;;;;;;;;;;;;;;;;;;;;;;;;;;;;;;;;;;;;;;;;;;;;;;;Santos;Santos; SP;6 (1961, 1962, 1963, 1964, 1965, 1968 RGP);Mixto;Cuiabá; MT;0 (não possui);;;;;;;;;;;;;;;;;;;;;;;;;;;;;;;;;;;;;;;;;;;;;;;;;;;;;;;;;;;;;;;;;;;;;;;;;;;;;;;;;;;;;;;;;;;;;;;;;;;;;;;;;;;;;;;;Malutrom;Curitiba; PR;Não disputou o campeonato;Branco;Janguitão;não possui;;;;;;;;;;;;;;;;;;;;;;;;;;;;;;;;;;;;;;;;;;;;;;;;;;;;;;;;;;;;;;;;;;;;;;;;;;;;;;;;;;;;;;;;;;;;;;;;;;;;;;;;;;;;;;;;;;;;;;;;;;;;;;;;;;;;;;;;;;;;;;;;;;;;;;;;;;;;;;;;;;;;;;;;;;;;;;
;;;;;;;;;;;;;;;;;;;;;;;;;;;;;;;;;;;;;;;;;;;;;;;;;;;;;;;;;;;;;;;;;;;;;;;;;;;;;;;;;;;;;;;;;;;;;;;;;;;;;;;;;;;São Paulo;São Paulo; SP;1 (1977);Moto Club;São Luís; MA;0 (não possui);;;;;;;;;;;;;;;;;;;;;;;;;;;;;;;;;;;;;;;;;;;;;;;;;;;;;;;;;;;;;;;;;;;;;;;;;;;;;;;;;;;;;;;;;;;;;;;;;;;;;;;;;;;;;;;;Marcílio Dias;Itajaí; SC;Não disputou o campeonato;Amarelo;Hercílio Luz;não possui;;;;;;;;;;;;;;;;;;;;;;;;;;;;;;;;;;;;;;;;;;;;;;;;;;;;;;;;;;;;;;;;;;;;;;;;;;;;;;;;;;;;;;;;;;;;;;;;;;;;;;;;;;;;;;;;;;;;;;;;;;;;;;;;;;;;;;;;;;;;;;;;;;;;;;;;;;;;;;;;;;;;;;;;;;;;;;
;;;;;;;;;;;;;;;;;;;;;;;;;;;;;;;;;;;;;;;;;;;;;;;;;;;;;;;;;;;;;;;;;;;;;;;;;;;;;;;;;;;;;;;;;;;;;;;;;;;;;;;;;;;Sergipe;Aracaju; SE;0 (não possui);Nacional-AM;Manaus; AM;0 (não possui);;;;;;;;;;;;;;;;;;;;;;;;;;;;;;;;;;;;;;;;;;;;;;;;;;;;;;;;;;;;;;;;;;;;;;;;;;;;;;;;;;;;;;;;;;;;;;;;;;;;;;;;;;;;;;;;Matonense;Matão; SP;Não disputou o campeonato;Branco;Ferreirão;não possui;;;;;;;;;;;;;;;;;;;;;;;;;;;;;;;;;;;;;;;;;;;;;;;;;;;;;;;;;;;;;;;;;;;;;;;;;;;;;;;;;;;;;;;;;;;;;;;;;;;;;;;;;;;;;;;;;;;;;;;;;;;;;;;;;;;;;;;;;;;;;;;;;;;;;;;;;;;;;;;;;;;;;;;;;;;;;;
;;;;;;;;;;;;;;;;;;;;;;;;;;;;;;;;;;;;;;;;;;;;;;;;;;;;;;;;;;;;;;;;;;;;;;;;;;;;;;;;;;;;;;;;;;;;;;;;;;;;;;;;;;;Sport;Recife; PE;0 (não possui);Náutico;Recife; PE;0 (não possui);;;;;;;;;;;;;;;;;;;;;;;;;;;;;;;;;;;;;;;;;;;;;;;;;;;;;;;;;;;;;;;;;;;;;;;;;;;;;;;;;;;;;;;;;;;;;;;;;;;;;;;;;;;;;;;;Mogi Mirim;Mogi Mirim; SP;Não disputou o campeonato;Branco;Romildo Ferreira;não possui;;;;;;;;;;;;;;;;;;;;;;;;;;;;;;;;;;;;;;;;;;;;;;;;;;;;;;;;;;;;;;;;;;;;;;;;;;;;;;;;;;;;;;;;;;;;;;;;;;;;;;;;;;;;;;;;;;;;;;;;;;;;;;;;;;;;;;;;;;;;;;;;;;;;;;;;;;;;;;;;;;;;;;;;;;;;;;
;;;;;;;;;;;;;;;;;;;;;;;;;;;;;;;;;;;;;;;;;;;;;;;;;;;;;;;;;;;;;;;;;;;;;;;;;;;;;;;;;;;;;;;;;;;;;;;;;;;;;;;;;;;Uberaba;Uberaba; MG;0 (não possui);Novo Hamburgo;Novo Hamburgo; RS;0 (não possui);;;;;;;;;;;;;;;;;;;;;;;;;;;;;;;;;;;;;;;;;;;;;;;;;;;;;;;;;;;;;;;;;;;;;;;;;;;;;;;;;;;;;;;;;;;;;;;;;;;;;;;;;;;;;;;;Moto Club;São Luís; MA;13º (Série C);Verde;Castelão;não possui;;;;;;;;;;;;;;;;;;;;;;;;;;;;;;;;;;;;;;;;;;;;;;;;;;;;;;;;;;;;;;;;;;;;;;;;;;;;;;;;;;;;;;;;;;;;;;;;;;;;;;;;;;;;;;;;;;;;;;;;;;;;;;;;;;;;;;;;;;;;;;;;;;;;;;;;;;;;;;;;;;;;;;;;;;;;;;
;;;;;;;;;;;;;;;;;;;;;;;;;;;;;;;;;;;;;;;;;;;;;;;;;;;;;;;;;;;;;;;;;;;;;;;;;;;;;;;;;;;;;;;;;;;;;;;;;;;;;;;;;;;Uberlândia;Uberlândia; MG;0 (não possui);Operário-MS;Campo Grande; MS;0 (não possui);;;;;;;;;;;;;;;;;;;;;;;;;;;;;;;;;;;;;;;;;;;;;;;;;;;;;;;;;;;;;;;;;;;;;;;;;;;;;;;;;;;;;;;;;;;;;;;;;;;;;;;;;;;;;;;;Nacional-AM;Manaus; AM;Não disputou o campeonato;Amarelo;Carlos Zamith;não possui;;;;;;;;;;;;;;;;;;;;;;;;;;;;;;;;;;;;;;;;;;;;;;;;;;;;;;;;;;;;;;;;;;;;;;;;;;;;;;;;;;;;;;;;;;;;;;;;;;;;;;;;;;;;;;;;;;;;;;;;;;;;;;;;;;;;;;;;;;;;;;;;;;;;;;;;;;;;;;;;;;;;;;;;;;;;;;
;;;;;;;;;;;;;;;;;;;;;;;;;;;;;;;;;;;;;;;;;;;;;;;;;;;;;;;;;;;;;;;;;;;;;;;;;;;;;;;;;;;;;;;;;;;;;;;;;;;;;;;;;;;Vasco da Gama;Rio de Janeiro; RJ;1 (1974);Operário-PR;Ponta Grossa; PR;0 (não possui);;;;;;;;;;;;;;;;;;;;;;;;;;;;;;;;;;;;;;;;;;;;;;;;;;;;;;;;;;;;;;;;;;;;;;;;;;;;;;;;;;;;;;;;;;;;;;;;;;;;;;;;;;;;;;;;Nacional-SP;São Paulo; SP;Não disputou o campeonato;Branco;Comendador Souza;não possui;;;;;;;;;;;;;;;;;;;;;;;;;;;;;;;;;;;;;;;;;;;;;;;;;;;;;;;;;;;;;;;;;;;;;;;;;;;;;;;;;;;;;;;;;;;;;;;;;;;;;;;;;;;;;;;;;;;;;;;;;;;;;;;;;;;;;;;;;;;;;;;;;;;;;;;;;;;;;;;;;;;;;;;;;;;;;;
;;;;;;;;;;;;;;;;;;;;;;;;;;;;;;;;;;;;;;;;;;;;;;;;;;;;;;;;;;;;;;;;;;;;;;;;;;;;;;;;;;;;;;;;;;;;;;;;;;;;;;;;;;;Vila Nova;Goiânia; GO;0 (não possui);Palmeiras;São Paulo; SP;6 (1960, 1967, 1967 RGP, 1969, 1972, 1973);;;;;;;;;;;;;;;;;;;;;;;;;;;;;;;;;;;;;;;;;;;;;;;;;;;;;;;;;;;;;;;;;;;;;;;;;;;;;;;;;;;;;;;;;;;;;;;;;;;;;;;;;;;;;;;;Náutico;Recife; PE;3º (Série C);Amarelo;Aflitos;não possui;;;;;;;;;;;;;;;;;;;;;;;;;;;;;;;;;;;;;;;;;;;;;;;;;;;;;;;;;;;;;;;;;;;;;;;;;;;;;;;;;;;;;;;;;;;;;;;;;;;;;;;;;;;;;;;;;;;;;;;;;;;;;;;;;;;;;;;;;;;;;;;;;;;;;;;;;;;;;;;;;;;;;;;;;;;;;;
;;;;;;;;;;;;;;;;;;;;;;;;;;;;;;;;;;;;;;;;;;;;;;;;;;;;;;;;;;;;;;;;;;;;;;;;;;;;;;;;;;;;;;;;;;;;;;;;;;;;;;;;;;;Villa Nova;Nova Lima; MG;0 (não possui);Paysandu;Belém; PA;0 (não possui);;;;;;;;;;;;;;;;;;;;;;;;;;;;;;;;;;;;;;;;;;;;;;;;;;;;;;;;;;;;;;;;;;;;;;;;;;;;;;;;;;;;;;;;;;;;;;;;;;;;;;;;;;;;;;;;Olaria;Rio de Janeiro; RJ;Não disputou o campeonato;Branco;Rua Bariri;não possui;;;;;;;;;;;;;;;;;;;;;;;;;;;;;;;;;;;;;;;;;;;;;;;;;;;;;;;;;;;;;;;;;;;;;;;;;;;;;;;;;;;;;;;;;;;;;;;;;;;;;;;;;;;;;;;;;;;;;;;;;;;;;;;;;;;;;;;;;;;;;;;;;;;;;;;;;;;;;;;;;;;;;;;;;;;;;;
;;;;;;;;;;;;;;;;;;;;;;;;;;;;;;;;;;;;;;;;;;;;;;;;;;;;;;;;;;;;;;;;;;;;;;;;;;;;;;;;;;;;;;;;;;;;;;;;;;;;;;;;;;;Vitória;Salvador; BA;0 (não possui);Piauí;Teresina; PI;0 (não possui);;;;;;;;;;;;;;;;;;;;;;;;;;;;;;;;;;;;;;;;;;;;;;;;;;;;;;;;;;;;;;;;;;;;;;;;;;;;;;;;;;;;;;;;;;;;;;;;;;;;;;;;;;;;;;;;Olímpia;Olímpia; SP;Não disputou o campeonato;Branco;Tereza Breda;não possui;;;;;;;;;;;;;;;;;;;;;;;;;;;;;;;;;;;;;;;;;;;;;;;;;;;;;;;;;;;;;;;;;;;;;;;;;;;;;;;;;;;;;;;;;;;;;;;;;;;;;;;;;;;;;;;;;;;;;;;;;;;;;;;;;;;;;;;;;;;;;;;;;;;;;;;;;;;;;;;;;;;;;;;;;;;;;;
;;;;;;;;;;;;;;;;;;;;;;;;;;;;;;;;;;;;;;;;;;;;;;;;;;;;;;;;;;;;;;;;;;;;;;;;;;;;;;;;;;;;;;;;;;;;;;;;;;;;;;;;;;;Volta Redonda;Volta Redonda; RJ;0 (não possui);Potiguar de Mossoró;Mossoró; RN;0 (não possui);;;;;;;;;;;;;;;;;;;;;;;;;;;;;;;;;;;;;;;;;;;;;;;;;;;;;;;;;;;;;;;;;;;;;;;;;;;;;;;;;;;;;;;;;;;;;;;;;;;;;;;;;;;;;;;;Operário-MS;Campo Grande; MS;35º (Série C);Verde;Morenão;não possui;;;;;;;;;;;;;;;;;;;;;;;;;;;;;;;;;;;;;;;;;;;;;;;;;;;;;;;;;;;;;;;;;;;;;;;;;;;;;;;;;;;;;;;;;;;;;;;;;;;;;;;;;;;;;;;;;;;;;;;;;;;;;;;;;;;;;;;;;;;;;;;;;;;;;;;;;;;;;;;;;;;;;;;;;;;;;;
;;;;;;;;;;;;;;;;;;;;;;;;;;;;;;;;;;;;;;;;;;;;;;;;;;;;;;;;;;;;;;;;;;;;;;;;;;;;;;;;;;;;;;;;;;;;;;;;;;;;;;;;;;;XV de Piracicaba;Piracicaba; SP;0 (não possui);Remo;Belém; PA;0 (não possui);;;;;;;;;;;;;;;;;;;;;;;;;;;;;;;;;;;;;;;;;;;;;;;;;;;;;;;;;;;;;;;;;;;;;;;;;;;;;;;;;;;;;;;;;;;;;;;;;;;;;;;;;;;;;;;;Palmeiras;São Paulo; SP;10º (Série A);Azul;Palestra Itália;1960, 1967, 1967, 1969, 1972, 1973, 1993, 1994;;;;;;;;;;;;;;;;;;;;;;;;;;;;;;;;;;;;;;;;;;;;;;;;;;;;;;;;;;;;;;;;;;;;;;;;;;;;;;;;;;;;;;;;;;;;;;;;;;;;;;;;;;;;;;;;;;;;;;;;;;;;;;;;;;;;;;;;;;;;;;;;;;;;;;;;;;;;;;;;;;;;;;;;;;;;;;
;;;;;;;;;;;;;;;;;;;;;;;;;;;;;;;;;;;;;;;;;;;;;;;;;;;;;;;;;;;;;;;;;;;;;;;;;;;;;;;;;;;;;;;;;;;;;;;;;;;;;;;;;;;;;;;Rio Branco-ES;Vitória; ES;0 (não possui);;;;;;;;;;;;;;;;;;;;;;;;;;;;;;;;;;;;;;;;;;;;;;;;;;;;;;;;;;;;;;;;;;;;;;;;;;;;;;;;;;;;;;;;;;;;;;;;;;;;;;;;;;;;;;;;Paraná;Curitiba; PR;17º (Série A);Amarelo;Durival Britto;não possui;;;;;;;;;;;;;;;;;;;;;;;;;;;;;;;;;;;;;;;;;;;;;;;;;;;;;;;;;;;;;;;;;;;;;;;;;;;;;;;;;;;;;;;;;;;;;;;;;;;;;;;;;;;;;;;;;;;;;;;;;;;;;;;;;;;;;;;;;;;;;;;;;;;;;;;;;;;;;;;;;;;;;;;;;;;;;;
;;;;;;;;;;;;;;;;;;;;;;;;;;;;;;;;;;;;;;;;;;;;;;;;;;;;;;;;;;;;;;;;;;;;;;;;;;;;;;;;;;;;;;;;;;;;;;;;;;;;;;;;;;;;;;;Rio Negro-AM;Manaus; AM;0 (não possui);;;;;;;;;;;;;;;;;;;;;;;;;;;;;;;;;;;;;;;;;;;;;;;;;;;;;;;;;;;;;;;;;;;;;;;;;;;;;;;;;;;;;;;;;;;;;;;;;;;;;;;;;;;;;;;;Paysandu;Belém; PA;19º (Série B);Amarelo;Mangueirão;não possui;;;;;;;;;;;;;;;;;;;;;;;;;;;;;;;;;;;;;;;;;;;;;;;;;;;;;;;;;;;;;;;;;;;;;;;;;;;;;;;;;;;;;;;;;;;;;;;;;;;;;;;;;;;;;;;;;;;;;;;;;;;;;;;;;;;;;;;;;;;;;;;;;;;;;;;;;;;;;;;;;;;;;;;;;;;;;;
;;;;;;;;;;;;;;;;;;;;;;;;;;;;;;;;;;;;;;;;;;;;;;;;;;;;;;;;;;;;;;;;;;;;;;;;;;;;;;;;;;;;;;;;;;;;;;;;;;;;;;;;;;;;;;;River-PI;Teresina; PI;0 (não possui);;;;;;;;;;;;;;;;;;;;;;;;;;;;;;;;;;;;;;;;;;;;;;;;;;;;;;;;;;;;;;;;;;;;;;;;;;;;;;;;;;;;;;;;;;;;;;;;;;;;;;;;;;;;;;;;Ponte Preta;Campinas; SP;6º (Série A);Azul;Moisés Lucarelli;não possui;;;;;;;;;;;;;;;;;;;;;;;;;;;;;;;;;;;;;;;;;;;;;;;;;;;;;;;;;;;;;;;;;;;;;;;;;;;;;;;;;;;;;;;;;;;;;;;;;;;;;;;;;;;;;;;;;;;;;;;;;;;;;;;;;;;;;;;;;;;;;;;;;;;;;;;;;;;;;;;;;;;;;;;;;;;;;;
;;;;;;;;;;;;;;;;;;;;;;;;;;;;;;;;;;;;;;;;;;;;;;;;;;;;;;;;;;;;;;;;;;;;;;;;;;;;;;;;;;;;;;;;;;;;;;;;;;;;;;;;;;;;;;;Sampaio Corrêa;São Luís; MA;0 (não possui);;;;;;;;;;;;;;;;;;;;;;;;;;;;;;;;;;;;;;;;;;;;;;;;;;;;;;;;;;;;;;;;;;;;;;;;;;;;;;;;;;;;;;;;;;;;;;;;;;;;;;;;;;;;;;;;Porto;Caruaru; PE;Não disputou o campeonato;Verde;Vera Cruz;não possui;;;;;;;;;;;;;;;;;;;;;;;;;;;;;;;;;;;;;;;;;;;;;;;;;;;;;;;;;;;;;;;;;;;;;;;;;;;;;;;;;;;;;;;;;;;;;;;;;;;;;;;;;;;;;;;;;;;;;;;;;;;;;;;;;;;;;;;;;;;;;;;;;;;;;;;;;;;;;;;;;;;;;;;;;;;;;;
;;;;;;;;;;;;;;;;;;;;;;;;;;;;;;;;;;;;;;;;;;;;;;;;;;;;;;;;;;;;;;;;;;;;;;;;;;;;;;;;;;;;;;;;;;;;;;;;;;;;;;;;;;;;;;;Santa Cruz;Recife; PE;0 (não possui);;;;;;;;;;;;;;;;;;;;;;;;;;;;;;;;;;;;;;;;;;;;;;;;;;;;;;;;;;;;;;;;;;;;;;;;;;;;;;;;;;;;;;;;;;;;;;;;;;;;;;;;;;;;;;;;Portuguesa;São Paulo; SP;21º (Série A);Azul;Canindé;não possui;;;;;;;;;;;;;;;;;;;;;;;;;;;;;;;;;;;;;;;;;;;;;;;;;;;;;;;;;;;;;;;;;;;;;;;;;;;;;;;;;;;;;;;;;;;;;;;;;;;;;;;;;;;;;;;;;;;;;;;;;;;;;;;;;;;;;;;;;;;;;;;;;;;;;;;;;;;;;;;;;;;;;;;;;;;;;;
;;;;;;;;;;;;;;;;;;;;;;;;;;;;;;;;;;;;;;;;;;;;;;;;;;;;;;;;;;;;;;;;;;;;;;;;;;;;;;;;;;;;;;;;;;;;;;;;;;;;;;;;;;;;;;;São Bento;Sorocaba; SP;0 (não possui);;;;;;;;;;;;;;;;;;;;;;;;;;;;;;;;;;;;;;;;;;;;;;;;;;;;;;;;;;;;;;;;;;;;;;;;;;;;;;;;;;;;;;;;;;;;;;;;;;;;;;;;;;;;;;;;Portuguesa Santista;Santos; SP;Não disputou o campeonato;Branco;Ulrico Mursa;não possui;;;;;;;;;;;;;;;;;;;;;;;;;;;;;;;;;;;;;;;;;;;;;;;;;;;;;;;;;;;;;;;;;;;;;;;;;;;;;;;;;;;;;;;;;;;;;;;;;;;;;;;;;;;;;;;;;;;;;;;;;;;;;;;;;;;;;;;;;;;;;;;;;;;;;;;;;;;;;;;;;;;;;;;;;;;;;;
;;;;;;;;;;;;;;;;;;;;;;;;;;;;;;;;;;;;;;;;;;;;;;;;;;;;;;;;;;;;;;;;;;;;;;;;;;;;;;;;;;;;;;;;;;;;;;;;;;;;;;;;;;;;;;;São Paulo-RS;Rio Grande; RS;0 (não possui);;;;;;;;;;;;;;;;;;;;;;;;;;;;;;;;;;;;;;;;;;;;;;;;;;;;;;;;;;;;;;;;;;;;;;;;;;;;;;;;;;;;;;;;;;;;;;;;;;;;;;;;;;;;;;;;Potiguar;Mossoró; RN;9º (Série C);Verde;Nogueirão;não possui;;;;;;;;;;;;;;;;;;;;;;;;;;;;;;;;;;;;;;;;;;;;;;;;;;;;;;;;;;;;;;;;;;;;;;;;;;;;;;;;;;;;;;;;;;;;;;;;;;;;;;;;;;;;;;;;;;;;;;;;;;;;;;;;;;;;;;;;;;;;;;;;;;;;;;;;;;;;;;;;;;;;;;;;;;;;;;
;;;;;;;;;;;;;;;;;;;;;;;;;;;;;;;;;;;;;;;;;;;;;;;;;;;;;;;;;;;;;;;;;;;;;;;;;;;;;;;;;;;;;;;;;;;;;;;;;;;;;;;;;;;;;;;Sergipe;Aracaju; SE;0 (não possui);;;;;;;;;;;;;;;;;;;;;;;;;;;;;;;;;;;;;;;;;;;;;;;;;;;;;;;;;;;;;;;;;;;;;;;;;;;;;;;;;;;;;;;;;;;;;;;;;;;;;;;;;;;;;;;;Remo;Belém; PA;13º (Série B);Amarelo;Baenão;não possui;;;;;;;;;;;;;;;;;;;;;;;;;;;;;;;;;;;;;;;;;;;;;;;;;;;;;;;;;;;;;;;;;;;;;;;;;;;;;;;;;;;;;;;;;;;;;;;;;;;;;;;;;;;;;;;;;;;;;;;;;;;;;;;;;;;;;;;;;;;;;;;;;;;;;;;;;;;;;;;;;;;;;;;;;;;;;;
;;;;;;;;;;;;;;;;;;;;;;;;;;;;;;;;;;;;;;;;;;;;;;;;;;;;;;;;;;;;;;;;;;;;;;;;;;;;;;;;;;;;;;;;;;;;;;;;;;;;;;;;;;;;;;;Sport;Recife; PE;0 (não possui);;;;;;;;;;;;;;;;;;;;;;;;;;;;;;;;;;;;;;;;;;;;;;;;;;;;;;;;;;;;;;;;;;;;;;;;;;;;;;;;;;;;;;;;;;;;;;;;;;;;;;;;;;;;;;;;Rio Branco;Rio Branco; AC;Não disputou o campeonato;Verde;José de Melo;não possui;;;;;;;;;;;;;;;;;;;;;;;;;;;;;;;;;;;;;;;;;;;;;;;;;;;;;;;;;;;;;;;;;;;;;;;;;;;;;;;;;;;;;;;;;;;;;;;;;;;;;;;;;;;;;;;;;;;;;;;;;;;;;;;;;;;;;;;;;;;;;;;;;;;;;;;;;;;;;;;;;;;;;;;;;;;;;;
;;;;;;;;;;;;;;;;;;;;;;;;;;;;;;;;;;;;;;;;;;;;;;;;;;;;;;;;;;;;;;;;;;;;;;;;;;;;;;;;;;;;;;;;;;;;;;;;;;;;;;;;;;;;;;;Tiradentes-PI;Teresina; PI;0 (não possui);;;;;;;;;;;;;;;;;;;;;;;;;;;;;;;;;;;;;;;;;;;;;;;;;;;;;;;;;;;;;;;;;;;;;;;;;;;;;;;;;;;;;;;;;;;;;;;;;;;;;;;;;;;;;;;;Rio Branco-SP;Americana; SP;Não disputou o campeonato;Branco;Décio Vitta;não possui;;;;;;;;;;;;;;;;;;;;;;;;;;;;;;;;;;;;;;;;;;;;;;;;;;;;;;;;;;;;;;;;;;;;;;;;;;;;;;;;;;;;;;;;;;;;;;;;;;;;;;;;;;;;;;;;;;;;;;;;;;;;;;;;;;;;;;;;;;;;;;;;;;;;;;;;;;;;;;;;;;;;;;;;;;;;;;
;;;;;;;;;;;;;;;;;;;;;;;;;;;;;;;;;;;;;;;;;;;;;;;;;;;;;;;;;;;;;;;;;;;;;;;;;;;;;;;;;;;;;;;;;;;;;;;;;;;;;;;;;;;;;;;Treze;Campina Grande; PB;0 (não possui);;;;;;;;;;;;;;;;;;;;;;;;;;;;;;;;;;;;;;;;;;;;;;;;;;;;;;;;;;;;;;;;;;;;;;;;;;;;;;;;;;;;;;;;;;;;;;;;;;;;;;;;;;;;;;;;Rio Branco-PR;Paranaguá; PR;17º (Série C);Branco;Gigante do Itiberê;não possui;;;;;;;;;;;;;;;;;;;;;;;;;;;;;;;;;;;;;;;;;;;;;;;;;;;;;;;;;;;;;;;;;;;;;;;;;;;;;;;;;;;;;;;;;;;;;;;;;;;;;;;;;;;;;;;;;;;;;;;;;;;;;;;;;;;;;;;;;;;;;;;;;;;;;;;;;;;;;;;;;;;;;;;;;;;;;;
;;;;;;;;;;;;;;;;;;;;;;;;;;;;;;;;;;;;;;;;;;;;;;;;;;;;;;;;;;;;;;;;;;;;;;;;;;;;;;;;;;;;;;;;;;;;;;;;;;;;;;;;;;;;;;;Tuna Luso;Belém; PA;0 (não possui);;;;;;;;;;;;;;;;;;;;;;;;;;;;;;;;;;;;;;;;;;;;;;;;;;;;;;;;;;;;;;;;;;;;;;;;;;;;;;;;;;;;;;;;;;;;;;;;;;;;;;;;;;;;;;;;Rio Negro;Manaus; AM;11º (Série C);Verde;Carlos Zamith;não possui;;;;;;;;;;;;;;;;;;;;;;;;;;;;;;;;;;;;;;;;;;;;;;;;;;;;;;;;;;;;;;;;;;;;;;;;;;;;;;;;;;;;;;;;;;;;;;;;;;;;;;;;;;;;;;;;;;;;;;;;;;;;;;;;;;;;;;;;;;;;;;;;;;;;;;;;;;;;;;;;;;;;;;;;;;;;;;
;;;;;;;;;;;;;;;;;;;;;;;;;;;;;;;;;;;;;;;;;;;;;;;;;;;;;;;;;;;;;;;;;;;;;;;;;;;;;;;;;;;;;;;;;;;;;;;;;;;;;;;;;;;;;;;Uberaba;Uberaba; MG;0 (não possui);;;;;;;;;;;;;;;;;;;;;;;;;;;;;;;;;;;;;;;;;;;;;;;;;;;;;;;;;;;;;;;;;;;;;;;;;;;;;;;;;;;;;;;;;;;;;;;;;;;;;;;;;;;;;;;;River;Teresina; PI;Não disputou o campeonato;Amarelo;Albertão;não possui;;;;;;;;;;;;;;;;;;;;;;;;;;;;;;;;;;;;;;;;;;;;;;;;;;;;;;;;;;;;;;;;;;;;;;;;;;;;;;;;;;;;;;;;;;;;;;;;;;;;;;;;;;;;;;;;;;;;;;;;;;;;;;;;;;;;;;;;;;;;;;;;;;;;;;;;;;;;;;;;;;;;;;;;;;;;;;
;;;;;;;;;;;;;;;;;;;;;;;;;;;;;;;;;;;;;;;;;;;;;;;;;;;;;;;;;;;;;;;;;;;;;;;;;;;;;;;;;;;;;;;;;;;;;;;;;;;;;;;;;;;;;;;Uberlândia;Uberlândia; MG;0 (não possui);;;;;;;;;;;;;;;;;;;;;;;;;;;;;;;;;;;;;;;;;;;;;;;;;;;;;;;;;;;;;;;;;;;;;;;;;;;;;;;;;;;;;;;;;;;;;;;;;;;;;;;;;;;;;;;;Sampaio Corrêa;São Luís; MA;16º (Série B);Amarelo;Castelão;não possui;;;;;;;;;;;;;;;;;;;;;;;;;;;;;;;;;;;;;;;;;;;;;;;;;;;;;;;;;;;;;;;;;;;;;;;;;;;;;;;;;;;;;;;;;;;;;;;;;;;;;;;;;;;;;;;;;;;;;;;;;;;;;;;;;;;;;;;;;;;;;;;;;;;;;;;;;;;;;;;;;;;;;;;;;;;;;;
;;;;;;;;;;;;;;;;;;;;;;;;;;;;;;;;;;;;;;;;;;;;;;;;;;;;;;;;;;;;;;;;;;;;;;;;;;;;;;;;;;;;;;;;;;;;;;;;;;;;;;;;;;;;;;;Vasco da Gama;Rio de Janeiro; RJ;1 (1974);;;;;;;;;;;;;;;;;;;;;;;;;;;;;;;;;;;;;;;;;;;;;;;;;;;;;;;;;;;;;;;;;;;;;;;;;;;;;;;;;;;;;;;;;;;;;;;;;;;;;;;;;;;;;;;;Santa Cruz;Recife; PE;2º (Série B);Azul;Arruda;não possui;;;;;;;;;;;;;;;;;;;;;;;;;;;;;;;;;;;;;;;;;;;;;;;;;;;;;;;;;;;;;;;;;;;;;;;;;;;;;;;;;;;;;;;;;;;;;;;;;;;;;;;;;;;;;;;;;;;;;;;;;;;;;;;;;;;;;;;;;;;;;;;;;;;;;;;;;;;;;;;;;;;;;;;;;;;;;;
;;;;;;;;;;;;;;;;;;;;;;;;;;;;;;;;;;;;;;;;;;;;;;;;;;;;;;;;;;;;;;;;;;;;;;;;;;;;;;;;;;;;;;;;;;;;;;;;;;;;;;;;;;;;;;;Vila Nova;Goiânia; GO;0 (não possui);;;;;;;;;;;;;;;;;;;;;;;;;;;;;;;;;;;;;;;;;;;;;;;;;;;;;;;;;;;;;;;;;;;;;;;;;;;;;;;;;;;;;;;;;;;;;;;;;;;;;;;;;;;;;;;;Santo André;Santo André; SP;Não disputou o campeonato;Branco;Bruno José Daniel;não possui;;;;;;;;;;;;;;;;;;;;;;;;;;;;;;;;;;;;;;;;;;;;;;;;;;;;;;;;;;;;;;;;;;;;;;;;;;;;;;;;;;;;;;;;;;;;;;;;;;;;;;;;;;;;;;;;;;;;;;;;;;;;;;;;;;;;;;;;;;;;;;;;;;;;;;;;;;;;;;;;;;;;;;;;;;;;;;
;;;;;;;;;;;;;;;;;;;;;;;;;;;;;;;;;;;;;;;;;;;;;;;;;;;;;;;;;;;;;;;;;;;;;;;;;;;;;;;;;;;;;;;;;;;;;;;;;;;;;;;;;;;;;;;Villa Nova;Nova Lima; MG;0 (não possui);;;;;;;;;;;;;;;;;;;;;;;;;;;;;;;;;;;;;;;;;;;;;;;;;;;;;;;;;;;;;;;;;;;;;;;;;;;;;;;;;;;;;;;;;;;;;;;;;;;;;;;;;;;;;;;;Santos;Santos; SP;11º (Série A);Azul;Vila Belmiro;1961, 1962, 1963, 1964, 1965, 1968;;;;;;;;;;;;;;;;;;;;;;;;;;;;;;;;;;;;;;;;;;;;;;;;;;;;;;;;;;;;;;;;;;;;;;;;;;;;;;;;;;;;;;;;;;;;;;;;;;;;;;;;;;;;;;;;;;;;;;;;;;;;;;;;;;;;;;;;;;;;;;;;;;;;;;;;;;;;;;;;;;;;;;;;;;;;;;
;;;;;;;;;;;;;;;;;;;;;;;;;;;;;;;;;;;;;;;;;;;;;;;;;;;;;;;;;;;;;;;;;;;;;;;;;;;;;;;;;;;;;;;;;;;;;;;;;;;;;;;;;;;;;;;Vitória;Salvador; BA;0 (não possui);;;;;;;;;;;;;;;;;;;;;;;;;;;;;;;;;;;;;;;;;;;;;;;;;;;;;;;;;;;;;;;;;;;;;;;;;;;;;;;;;;;;;;;;;;;;;;;;;;;;;;;;;;;;;;;;São Caetano;São Caetano do Sul; SP;5º (Série B);Amarelo;Anacleto Campanella;não possui;;;;;;;;;;;;;;;;;;;;;;;;;;;;;;;;;;;;;;;;;;;;;;;;;;;;;;;;;;;;;;;;;;;;;;;;;;;;;;;;;;;;;;;;;;;;;;;;;;;;;;;;;;;;;;;;;;;;;;;;;;;;;;;;;;;;;;;;;;;;;;;;;;;;;;;;;;;;;;;;;;;;;;;;;;;;;;
;;;;;;;;;;;;;;;;;;;;;;;;;;;;;;;;;;;;;;;;;;;;;;;;;;;;;;;;;;;;;;;;;;;;;;;;;;;;;;;;;;;;;;;;;;;;;;;;;;;;;;;;;;;;;;;XV de Jaú;Jaú; SP;0 (não possui);;;;;;;;;;;;;;;;;;;;;;;;;;;;;;;;;;;;;;;;;;;;;;;;;;;;;;;;;;;;;;;;;;;;;;;;;;;;;;;;;;;;;;;;;;;;;;;;;;;;;;;;;;;;;;;;São Cristovão;Rio de Janeiro; RJ;Não disputou o campeonato;Branco;Ronaldo Nazário;não possui;;;;;;;;;;;;;;;;;;;;;;;;;;;;;;;;;;;;;;;;;;;;;;;;;;;;;;;;;;;;;;;;;;;;;;;;;;;;;;;;;;;;;;;;;;;;;;;;;;;;;;;;;;;;;;;;;;;;;;;;;;;;;;;;;;;;;;;;;;;;;;;;;;;;;;;;;;;;;;;;;;;;;;;;;;;;;;
;;;;;;;;;;;;;;;;;;;;;;;;;;;;;;;;;;;;;;;;;;;;;;;;;;;;;;;;;;;;;;;;;;;;;;;;;;;;;;;;;;;;;;;;;;;;;;;;;;;;;;;;;;;;;;;XV de Piracicaba;Piracicaba; SP;0 (não possui);;;;;;;;;;;;;;;;;;;;;;;;;;;;;;;;;;;;;;;;;;;;;;;;;;;;;;;;;;;;;;;;;;;;;;;;;;;;;;;;;;;;;;;;;;;;;;;;;;;;;;;;;;;;;;;;São José;São José dos Campos; SP;Não disputou o campeonato;Branco;Martins Pereira;não possui;;;;;;;;;;;;;;;;;;;;;;;;;;;;;;;;;;;;;;;;;;;;;;;;;;;;;;;;;;;;;;;;;;;;;;;;;;;;;;;;;;;;;;;;;;;;;;;;;;;;;;;;;;;;;;;;;;;;;;;;;;;;;;;;;;;;;;;;;;;;;;;;;;;;;;;;;;;;;;;;;;;;;;;;;;;;;;
;;;;;;;;;;;;;;;;;;;;;;;;;;;;;;;;;;;;;;;;;;;;;;;;;;;;;;;;;;;;;;;;;;;;;;;;;;;;;;;;;;;;;;;;;;;;;;;;;;;;;;;;;;;;;;;;;;;;;;;;;;;;;;;;;;;;;;;;;;;;;;;;;;;;;;;;;;;;;;;;;;;;;;;;;;;;;;;;;;;;;;;;;;;;;;;;;;;;;;;;;;;;;;;;;;;;;;;;;;;;;;;;;;São Paulo;São Paulo; SP;4º (Série A);Azul;Morumbi;1977, 1986, 1991;;;;;;;;;;;;;;;;;;;;;;;;;;;;;;;;;;;;;;;;;;;;;;;;;;;;;;;;;;;;;;;;;;;;;;;;;;;;;;;;;;;;;;;;;;;;;;;;;;;;;;;;;;;;;;;;;;;;;;;;;;;;;;;;;;;;;;;;;;;;;;;;;;;;;;;;;;;;;;;;;;;;;;;;;;;;;;
;;;;;;;;;;;;;;;;;;;;;;;;;;;;;;;;;;;;;;;;;;;;;;;;;;;;;;;;;;;;;;;;;;;;;;;;;;;;;;;;;;;;;;;;;;;;;;;;;;;;;;;;;;;;;;;;;;;;;;;;;;;;;;;;;;;;;;;;;;;;;;;;;;;;;;;;;;;;;;;;;;;;;;;;;;;;;;;;;;;;;;;;;;;;;;;;;;;;;;;;;;;;;;;;;;;;;;;;;;;;;;;;;;São Raimundo-AM;Manaus; AM;2º (Série C);Amarelo;Colina;não possui;;;;;;;;;;;;;;;;;;;;;;;;;;;;;;;;;;;;;;;;;;;;;;;;;;;;;;;;;;;;;;;;;;;;;;;;;;;;;;;;;;;;;;;;;;;;;;;;;;;;;;;;;;;;;;;;;;;;;;;;;;;;;;;;;;;;;;;;;;;;;;;;;;;;;;;;;;;;;;;;;;;;;;;;;;;;;;
;;;;;;;;;;;;;;;;;;;;;;;;;;;;;;;;;;;;;;;;;;;;;;;;;;;;;;;;;;;;;;;;;;;;;;;;;;;;;;;;;;;;;;;;;;;;;;;;;;;;;;;;;;;;;;;;;;;;;;;;;;;;;;;;;;;;;;;;;;;;;;;;;;;;;;;;;;;;;;;;;;;;;;;;;;;;;;;;;;;;;;;;;;;;;;;;;;;;;;;;;;;;;;;;;;;;;;;;;;;;;;;;;;Sergipe;Aracaju; SE;8º (Série C);Verde;João Hora;não possui;;;;;;;;;;;;;;;;;;;;;;;;;;;;;;;;;;;;;;;;;;;;;;;;;;;;;;;;;;;;;;;;;;;;;;;;;;;;;;;;;;;;;;;;;;;;;;;;;;;;;;;;;;;;;;;;;;;;;;;;;;;;;;;;;;;;;;;;;;;;;;;;;;;;;;;;;;;;;;;;;;;;;;;;;;;;;;
;;;;;;;;;;;;;;;;;;;;;;;;;;;;;;;;;;;;;;;;;;;;;;;;;;;;;;;;;;;;;;;;;;;;;;;;;;;;;;;;;;;;;;;;;;;;;;;;;;;;;;;;;;;;;;;;;;;;;;;;;;;;;;;;;;;;;;;;;;;;;;;;;;;;;;;;;;;;;;;;;;;;;;;;;;;;;;;;;;;;;;;;;;;;;;;;;;;;;;;;;;;;;;;;;;;;;;;;;;;;;;;;;;Serra;Serra; ES;4º (Série C);Amarelo;Robertão;não possui;;;;;;;;;;;;;;;;;;;;;;;;;;;;;;;;;;;;;;;;;;;;;;;;;;;;;;;;;;;;;;;;;;;;;;;;;;;;;;;;;;;;;;;;;;;;;;;;;;;;;;;;;;;;;;;;;;;;;;;;;;;;;;;;;;;;;;;;;;;;;;;;;;;;;;;;;;;;;;;;;;;;;;;;;;;;;;
;;;;;;;;;;;;;;;;;;;;;;;;;;;;;;;;;;;;;;;;;;;;;;;;;;;;;;;;;;;;;;;;;;;;;;;;;;;;;;;;;;;;;;;;;;;;;;;;;;;;;;;;;;;;;;;;;;;;;;;;;;;;;;;;;;;;;;;;;;;;;;;;;;;;;;;;;;;;;;;;;;;;;;;;;;;;;;;;;;;;;;;;;;;;;;;;;;;;;;;;;;;;;;;;;;;;;;;;;;;;;;;;;;Sport;Recife; PE;22º (Série A);Azul;Ilha do Retiro;1987;;;;;;;;;;;;;;;;;;;;;;;;;;;;;;;;;;;;;;;;;;;;;;;;;;;;;;;;;;;;;;;;;;;;;;;;;;;;;;;;;;;;;;;;;;;;;;;;;;;;;;;;;;;;;;;;;;;;;;;;;;;;;;;;;;;;;;;;;;;;;;;;;;;;;;;;;;;;;;;;;;;;;;;;;;;;;;
;;;;;;;;;;;;;;;;;;;;;;;;;;;;;;;;;;;;;;;;;;;;;;;;;;;;;;;;;;;;;;;;;;;;;;;;;;;;;;;;;;;;;;;;;;;;;;;;;;;;;;;;;;;;;;;;;;;;;;;;;;;;;;;;;;;;;;;;;;;;;;;;;;;;;;;;;;;;;;;;;;;;;;;;;;;;;;;;;;;;;;;;;;;;;;;;;;;;;;;;;;;;;;;;;;;;;;;;;;;;;;;;;;Tocantinópolis;Tocantinópolis; TO;32º (Série C);Verde;Ribeirão;não possui;;;;;;;;;;;;;;;;;;;;;;;;;;;;;;;;;;;;;;;;;;;;;;;;;;;;;;;;;;;;;;;;;;;;;;;;;;;;;;;;;;;;;;;;;;;;;;;;;;;;;;;;;;;;;;;;;;;;;;;;;;;;;;;;;;;;;;;;;;;;;;;;;;;;;;;;;;;;;;;;;;;;;;;;;;;;;;
;;;;;;;;;;;;;;;;;;;;;;;;;;;;;;;;;;;;;;;;;;;;;;;;;;;;;;;;;;;;;;;;;;;;;;;;;;;;;;;;;;;;;;;;;;;;;;;;;;;;;;;;;;;;;;;;;;;;;;;;;;;;;;;;;;;;;;;;;;;;;;;;;;;;;;;;;;;;;;;;;;;;;;;;;;;;;;;;;;;;;;;;;;;;;;;;;;;;;;;;;;;;;;;;;;;;;;;;;;;;;;;;;;Treze;Campina Grande; PB;Não disputou o campeonato;Verde;Presidente Vargas;não possui;;;;;;;;;;;;;;;;;;;;;;;;;;;;;;;;;;;;;;;;;;;;;;;;;;;;;;;;;;;;;;;;;;;;;;;;;;;;;;;;;;;;;;;;;;;;;;;;;;;;;;;;;;;;;;;;;;;;;;;;;;;;;;;;;;;;;;;;;;;;;;;;;;;;;;;;;;;;;;;;;;;;;;;;;;;;;;
;;;;;;;;;;;;;;;;;;;;;;;;;;;;;;;;;;;;;;;;;;;;;;;;;;;;;;;;;;;;;;;;;;;;;;;;;;;;;;;;;;;;;;;;;;;;;;;;;;;;;;;;;;;;;;;;;;;;;;;;;;;;;;;;;;;;;;;;;;;;;;;;;;;;;;;;;;;;;;;;;;;;;;;;;;;;;;;;;;;;;;;;;;;;;;;;;;;;;;;;;;;;;;;;;;;;;;;;;;;;;;;;;;Tuna Luso;Belém; PA;20º (Série B);Verde;Francisco Vasques;não possui;;;;;;;;;;;;;;;;;;;;;;;;;;;;;;;;;;;;;;;;;;;;;;;;;;;;;;;;;;;;;;;;;;;;;;;;;;;;;;;;;;;;;;;;;;;;;;;;;;;;;;;;;;;;;;;;;;;;;;;;;;;;;;;;;;;;;;;;;;;;;;;;;;;;;;;;;;;;;;;;;;;;;;;;;;;;;;
;;;;;;;;;;;;;;;;;;;;;;;;;;;;;;;;;;;;;;;;;;;;;;;;;;;;;;;;;;;;;;;;;;;;;;;;;;;;;;;;;;;;;;;;;;;;;;;;;;;;;;;;;;;;;;;;;;;;;;;;;;;;;;;;;;;;;;;;;;;;;;;;;;;;;;;;;;;;;;;;;;;;;;;;;;;;;;;;;;;;;;;;;;;;;;;;;;;;;;;;;;;;;;;;;;;;;;;;;;;;;;;;;;Uberlândia;Uberlândia; MG;Não disputou o campeonato;Branco;Parque do Sabiá;não possui;;;;;;;;;;;;;;;;;;;;;;;;;;;;;;;;;;;;;;;;;;;;;;;;;;;;;;;;;;;;;;;;;;;;;;;;;;;;;;;;;;;;;;;;;;;;;;;;;;;;;;;;;;;;;;;;;;;;;;;;;;;;;;;;;;;;;;;;;;;;;;;;;;;;;;;;;;;;;;;;;;;;;;;;;;;;;;
;;;;;;;;;;;;;;;;;;;;;;;;;;;;;;;;;;;;;;;;;;;;;;;;;;;;;;;;;;;;;;;;;;;;;;;;;;;;;;;;;;;;;;;;;;;;;;;;;;;;;;;;;;;;;;;;;;;;;;;;;;;;;;;;;;;;;;;;;;;;;;;;;;;;;;;;;;;;;;;;;;;;;;;;;;;;;;;;;;;;;;;;;;;;;;;;;;;;;;;;;;;;;;;;;;;;;;;;;;;;;;;;;;União Bandeirante;Bandeirantes; PR;Não disputou o campeonato;Branco;Comendador Luiz Meneghel;não possui;;;;;;;;;;;;;;;;;;;;;;;;;;;;;;;;;;;;;;;;;;;;;;;;;;;;;;;;;;;;;;;;;;;;;;;;;;;;;;;;;;;;;;;;;;;;;;;;;;;;;;;;;;;;;;;;;;;;;;;;;;;;;;;;;;;;;;;;;;;;;;;;;;;;;;;;;;;;;;;;;;;;;;;;;;;;;;
;;;;;;;;;;;;;;;;;;;;;;;;;;;;;;;;;;;;;;;;;;;;;;;;;;;;;;;;;;;;;;;;;;;;;;;;;;;;;;;;;;;;;;;;;;;;;;;;;;;;;;;;;;;;;;;;;;;;;;;;;;;;;;;;;;;;;;;;;;;;;;;;;;;;;;;;;;;;;;;;;;;;;;;;;;;;;;;;;;;;;;;;;;;;;;;;;;;;;;;;;;;;;;;;;;;;;;;;;;;;;;;;;;União Barbarense;Santa Bárbara d'Oeste; SP;Não disputou o campeonato;Branco;Antonio Lins Ribeiro Guimarães;não possui;;;;;;;;;;;;;;;;;;;;;;;;;;;;;;;;;;;;;;;;;;;;;;;;;;;;;;;;;;;;;;;;;;;;;;;;;;;;;;;;;;;;;;;;;;;;;;;;;;;;;;;;;;;;;;;;;;;;;;;;;;;;;;;;;;;;;;;;;;;;;;;;;;;;;;;;;;;;;;;;;;;;;;;;;;;;;;
;;;;;;;;;;;;;;;;;;;;;;;;;;;;;;;;;;;;;;;;;;;;;;;;;;;;;;;;;;;;;;;;;;;;;;;;;;;;;;;;;;;;;;;;;;;;;;;;;;;;;;;;;;;;;;;;;;;;;;;;;;;;;;;;;;;;;;;;;;;;;;;;;;;;;;;;;;;;;;;;;;;;;;;;;;;;;;;;;;;;;;;;;;;;;;;;;;;;;;;;;;;;;;;;;;;;;;;;;;;;;;;;;;União Rondonópolis;Rondonópolis; MT;Não disputou o campeonato;Branco;Caldeirão;não possui;;;;;;;;;;;;;;;;;;;;;;;;;;;;;;;;;;;;;;;;;;;;;;;;;;;;;;;;;;;;;;;;;;;;;;;;;;;;;;;;;;;;;;;;;;;;;;;;;;;;;;;;;;;;;;;;;;;;;;;;;;;;;;;;;;;;;;;;;;;;;;;;;;;;;;;;;;;;;;;;;;;;;;;;;;;;;;
;;;;;;;;;;;;;;;;;;;;;;;;;;;;;;;;;;;;;;;;;;;;;;;;;;;;;;;;;;;;;;;;;;;;;;;;;;;;;;;;;;;;;;;;;;;;;;;;;;;;;;;;;;;;;;;;;;;;;;;;;;;;;;;;;;;;;;;;;;;;;;;;;;;;;;;;;;;;;;;;;;;;;;;;;;;;;;;;;;;;;;;;;;;;;;;;;;;;;;;;;;;;;;;;;;;;;;;;;;;;;;;;;;União São João;Araras; SP;17º (Série B);Amarelo;Hermínio Ometto;não possui;;;;;;;;;;;;;;;;;;;;;;;;;;;;;;;;;;;;;;;;;;;;;;;;;;;;;;;;;;;;;;;;;;;;;;;;;;;;;;;;;;;;;;;;;;;;;;;;;;;;;;;;;;;;;;;;;;;;;;;;;;;;;;;;;;;;;;;;;;;;;;;;;;;;;;;;;;;;;;;;;;;;;;;;;;;;;;
;;;;;;;;;;;;;;;;;;;;;;;;;;;;;;;;;;;;;;;;;;;;;;;;;;;;;;;;;;;;;;;;;;;;;;;;;;;;;;;;;;;;;;;;;;;;;;;;;;;;;;;;;;;;;;;;;;;;;;;;;;;;;;;;;;;;;;;;;;;;;;;;;;;;;;;;;;;;;;;;;;;;;;;;;;;;;;;;;;;;;;;;;;;;;;;;;;;;;;;;;;;;;;;;;;;;;;;;;;;;;;;;;;Vasco da Gama;Rio de Janeiro; RJ;7º (Série A);Azul;São Januário;1974, 1989, 1997;;;;;;;;;;;;;;;;;;;;;;;;;;;;;;;;;;;;;;;;;;;;;;;;;;;;;;;;;;;;;;;;;;;;;;;;;;;;;;;;;;;;;;;;;;;;;;;;;;;;;;;;;;;;;;;;;;;;;;;;;;;;;;;;;;;;;;;;;;;;;;;;;;;;;;;;;;;;;;;;;;;;;;;;;;;;;;
;;;;;;;;;;;;;;;;;;;;;;;;;;;;;;;;;;;;;;;;;;;;;;;;;;;;;;;;;;;;;;;;;;;;;;;;;;;;;;;;;;;;;;;;;;;;;;;;;;;;;;;;;;;;;;;;;;;;;;;;;;;;;;;;;;;;;;;;;;;;;;;;;;;;;;;;;;;;;;;;;;;;;;;;;;;;;;;;;;;;;;;;;;;;;;;;;;;;;;;;;;;;;;;;;;;;;;;;;;;;;;;;;;Vila Nova;Goiânia; GO;4º (Série B);Amarelo;Onésio Brasileiro Alvarenga;não possui;;;;;;;;;;;;;;;;;;;;;;;;;;;;;;;;;;;;;;;;;;;;;;;;;;;;;;;;;;;;;;;;;;;;;;;;;;;;;;;;;;;;;;;;;;;;;;;;;;;;;;;;;;;;;;;;;;;;;;;;;;;;;;;;;;;;;;;;;;;;;;;;;;;;;;;;;;;;;;;;;;;;;;;;;;;;;;
;;;;;;;;;;;;;;;;;;;;;;;;;;;;;;;;;;;;;;;;;;;;;;;;;;;;;;;;;;;;;;;;;;;;;;;;;;;;;;;;;;;;;;;;;;;;;;;;;;;;;;;;;;;;;;;;;;;;;;;;;;;;;;;;;;;;;;;;;;;;;;;;;;;;;;;;;;;;;;;;;;;;;;;;;;;;;;;;;;;;;;;;;;;;;;;;;;;;;;;;;;;;;;;;;;;;;;;;;;;;;;;;;;Villa Nova;Nova Lima; MG;10º (Série C);Amarelo;Castor Cifuentes;não possui;;;;;;;;;;;;;;;;;;;;;;;;;;;;;;;;;;;;;;;;;;;;;;;;;;;;;;;;;;;;;;;;;;;;;;;;;;;;;;;;;;;;;;;;;;;;;;;;;;;;;;;;;;;;;;;;;;;;;;;;;;;;;;;;;;;;;;;;;;;;;;;;;;;;;;;;;;;;;;;;;;;;;;;;;;;;;;
;;;;;;;;;;;;;;;;;;;;;;;;;;;;;;;;;;;;;;;;;;;;;;;;;;;;;;;;;;;;;;;;;;;;;;;;;;;;;;;;;;;;;;;;;;;;;;;;;;;;;;;;;;;;;;;;;;;;;;;;;;;;;;;;;;;;;;;;;;;;;;;;;;;;;;;;;;;;;;;;;;;;;;;;;;;;;;;;;;;;;;;;;;;;;;;;;;;;;;;;;;;;;;;;;;;;;;;;;;;;;;;;;;Vitória;Salvador; BA;3º (Série A);Azul;Barradão;não possui;;;;;;;;;;;;;;;;;;;;;;;;;;;;;;;;;;;;;;;;;;;;;;;;;;;;;;;;;;;;;;;;;;;;;;;;;;;;;;;;;;;;;;;;;;;;;;;;;;;;;;;;;;;;;;;;;;;;;;;;;;;;;;;;;;;;;;;;;;;;;;;;;;;;;;;;;;;;;;;;;;;;;;;;;;;;;;
;;;;;;;;;;;;;;;;;;;;;;;;;;;;;;;;;;;;;;;;;;;;;;;;;;;;;;;;;;;;;;;;;;;;;;;;;;;;;;;;;;;;;;;;;;;;;;;;;;;;;;;;;;;;;;;;;;;;;;;;;;;;;;;;;;;;;;;;;;;;;;;;;;;;;;;;;;;;;;;;;;;;;;;;;;;;;;;;;;;;;;;;;;;;;;;;;;;;;;;;;;;;;;;;;;;;;;;;;;;;;;;;;;Volta Redonda;Volta Redonda; RJ;33º (Série C);Branco;Raulino de Oliveira;não possui;;;;;;;;;;;;;;;;;;;;;;;;;;;;;;;;;;;;;;;;;;;;;;;;;;;;;;;;;;;;;;;;;;;;;;;;;;;;;;;;;;;;;;;;;;;;;;;;;;;;;;;;;;;;;;;;;;;;;;;;;;;;;;;;;;;;;;;;;;;;;;;;;;;;;;;;;;;;;;;;;;;;;;;;;;;;;;
;;;;;;;;;;;;;;;;;;;;;;;;;;;;;;;;;;;;;;;;;;;;;;;;;;;;;;;;;;;;;;;;;;;;;;;;;;;;;;;;;;;;;;;;;;;;;;;;;;;;;;;;;;;;;;;;;;;;;;;;;;;;;;;;;;;;;;;;;;;;;;;;;;;;;;;;;;;;;;;;;;;;;;;;;;;;;;;;;;;;;;;;;;;;;;;;;;;;;;;;;;;;;;;;;;;;;;;;;;;;;;;;;;XV de Piracicaba;Piracicaba; SP;9º (Série B);Amarelo;Barão de Serra Negra;não possui;;;;;;;;;;;;;;;;;;;;;;;;;;;;;;;;;;;;;;;;;;;;;;;;;;;;;;;;;;;;;;;;;;;;;;;;;;;;;;;;;;;;;;;;;;;;;;;;;;;;;;;;;;;;;;;;;;;;;;;;;;;;;;;;;;;;;;;;;;;;;;;;;;;;;;;;;;;;;;;;;;;;;;;;;;;;;;
;;;;;;;;;;;;;;;;;;;;;;;;;;;;;;;;;;;;;;;;;;;;;;;;;;;;;;;;;;;;;;;;;;;;;;;;;;;;;;;;;;;;;;;;;;;;;;;;;;;;;;;;;;;;;;;;;;;;;;;;;;;;;;;;;;;;;;;;;;;;;;;;;;;;;;;;;;;;;;;;;;;;;;;;;;;;;;;;;;;;;;;;;;;;;;;;;;;;;;;;;;;;;;;;;;;;;;;;;;;;;;;;;;Ypiranga-AP;Macapá; AP;16º (Série C);Verde;Zerão;não possui;;;;;;;;;;;;;;;;;;;;;;;;;;;;;;;;;;;;;;;;;;;;;;;;;;;;;;;;;;;;;;;;;;;;;;;;;;;;;;;;;;;;;;;;;;;;;;;;;;;;;;;;;;;;;;;;;;;;;;;;;;;;;;;;;;;;;;;;;;;;;;;;;;;;;;;;;;;;;;;;;;;;;;;;;;;;;;
