Ano;Campeão;Placar(es);Vice-campeão;3.º lugar;4.º lugar;Part.;1971;;;;;;;;;;1972;;;;;;;;;;1980;;;;;;;;;;1981;;;;;;;;;;1982;;;;;;;;;;1983;;;;;;;;;;1984;;;;;;;;;;1985;;;;;;;;;;;;;;;;;;;;;;;;;;;;;;;;;;;;;;;;;;;;;;;;;;;;;;;;;;;;;;;;;;;;;;;;;;;;;;;;;;;;;;;;;;;;;;;;;;;;;;;;;;;;;;;;;;;;;;;;;;;;;;;;;;;;;;;;;;;;;;;;;;;;;;;;;;;;;;;;;;;;;;;;;;;;;;;;;;;;;;;;;;;;;;;;;;;;;;;;;;;;;;;;;
1971;Minas Gerais;0 – 1;Pará;Sergipe;São Paulo;23;Tabela de classificação;;;;;;;;;;Tabela de classificação;;;;;;;;;;;;;;;;;;;;;;;;;;;;;;;;;;;;;;;;;;;;;;;;;;;;;;;;;;;;;;;;;;;;;;;;;;;;;;;;;;;;;;;;;;;;;;;;;;;;;;;;;;;;;;;;;;;;;;;;;;;;;;;;;;;;;;;;;;;;;;;;;;;;;;;;;;;;;;;;;;;;;;;;;;;;;;;;;;;;;;;;;;;;;;;;;;;;;;;;;;;;;;;;;;;;;;;;;;;;;;;;;;;;;;;;;;;;;;;;;;;;;;;;;;;;;;;;;;;;;;;;;;;;;
Detalhes;Villa Nova;3 – 0;Remo;Itabaiana;Ponte Preta;;Time;;Pts;J;V;E;D;GF;GC;SG;Time;;PG;J;V;E;D;GP;GC;SG;Time;;PG;J;V;E;D;GP;GC;SG;Time;;PG;J;V;E;D;GP;GC;SG;Time;;PG;J;V;E;D;GP;GC;SG;Time;;PG;J;V;E;D;GP;GC;SG;Time;;PG;J;V;E;D;GP;GC;SG;Time;;PG;J;V;E;D;GP;GC;SG;;;;;;;;;;;;;;;;;;;;;;;;;;;;;;;;;;;;;;;;;;;;;;;;;;;;;;;;;;;;;;;;;;;;;;;;;;;;;;;;;;;;;;;;;;;;;;;;;;;;;;;;;;;;;;;;;;;;;;;;;;;;;;;;;;;;;;;;;;;;;;;;;;;;;;;;;;;;;;;;;;;;;;;;;;;;;;;;;;;;;;;;;;;;;;;;;;;;;;;;
;;2 – 1;;;;;1; Villa Nova;10;8;4;2;2;10;6;4;1; Sampaio Corrêa;24;17;8;6;3;19;8;11;1; Londrina;24;15;11;2;2;26;12;14;1; Guarani;32;15;10;2;3;32;15;17;1; Campo Grande;25;16;11;3;2;39;13;26;1; Juventus;14;9;6;2;1;18;7;11;1; Uberlândia;15;10;6;3;1;15;4;11;1; Tuna Luso;16;10;7;2;1;18;7;11;;;;;;;;;;;;;;;;;;;;;;;;;;;;;;;;;;;;;;;;;;;;;;;;;;;;;;;;;;;;;;;;;;;;;;;;;;;;;;;;;;;;;;;;;;;;;;;;;;;;;;;;;;;;;;;;;;;;;;;;;;;;;;;;;;;;;;;;;;;;;;;;;;;;;;;;;;;;;;;;;;;;;;;;;;;;;;;;;;;;;;;;;;;;;;;;;;;;;;;;
1972;Maranhão;1 – 1 (pro);Paraíba;Bahia;Rio Grande do Norte;23;2; Remo;17;13;7;3;3;18;8;10;2; Campinense;47;18;15;2;1;32;12;20;2; CSA;21;15;9;3;3;21;15;6;2; Anapolina;26;15;7;5;3;30;23;7;2; CSA;11;9;5;1;3;16;14;2;2; CSA;11;9;4;3;2;13;11;2;2; Clube do Remo;13;10;5;3;2;13;7;6;2; Goytacaz;12;10;5;2;3;12;7;5;;;;;;;;;;;;;;;;;;;;;;;;;;;;;;;;;;;;;;;;;;;;;;;;;;;;;;;;;;;;;;;;;;;;;;;;;;;;;;;;;;;;;;;;;;;;;;;;;;;;;;;;;;;;;;;;;;;;;;;;;;;;;;;;;;;;;;;;;;;;;;;;;;;;;;;;;;;;;;;;;;;;;;;;;;;;;;;;;;;;;;;;;;;;;;;;;;;;;;;;
Detalhes;Sampaio Corrêa;5 – 4 (pen);Campinense;Atlético de Alagoinhas;América de Natal;;3; Itabaiana;11;10;4;3;3;15;13;2;3; Alagoinhas;36;16;11;3;2;23;10;13;3; Ferroviária;16;13;7;2;4;18;10;8;3; Remo;18;12;5;3;4;23;16;7;3; Uberaba;17;13;7;3;3;22;17;5;3; Joinville;9;6;4;1;1;10;4;6;3; Internacional-SM;10;8;3;4;1;7;5;2;3; Figueirense;12;10;5;2;3;19;15;4;;;;;;;;;;;;;;;;;;;;;;;;;;;;;;;;;;;;;;;;;;;;;;;;;;;;;;;;;;;;;;;;;;;;;;;;;;;;;;;;;;;;;;;;;;;;;;;;;;;;;;;;;;;;;;;;;;;;;;;;;;;;;;;;;;;;;;;;;;;;;;;;;;;;;;;;;;;;;;;;;;;;;;;;;;;;;;;;;;;;;;;;;;;;;;;;;;;;;;;;
1973–1979;Não disputado[nota 1];;;;;;4; Ponte Preta;9;7;3;3;1;13;3;10;4;América-RN;30;16;9;3;4;24;15;9;4; Botafogo-SP;14;13;6;2;5;30;15;15;4; Comercial-MS;15;13;3;6;4;16;20;-4;4; Joinville;9;6;3;2;1;14;7;7;4; Brasília;7;6;2;3;1;8;5;3;4; Botafogo-PB;9;8;3;3;2;11;12;-1;4; Operário-MS;9;6;4;1;1;9;5;4;;;;;;;;;;;;;;;;;;;;;;;;;;;;;;;;;;;;;;;;;;;;;;;;;;;;;;;;;;;;;;;;;;;;;;;;;;;;;;;;;;;;;;;;;;;;;;;;;;;;;;;;;;;;;;;;;;;;;;;;;;;;;;;;;;;;;;;;;;;;;;;;;;;;;;;;;;;;;;;;;;;;;;;;;;;;;;;;;;;;;;;;;;;;;;;;;;;;;;;;
1980;Paraná;1 – 1;Alagoas;São Paulo;São Paulo;64;5; Flamengo-PI;15;12;6;3;3;16;14;2;5; Tiradentes-PI;25;16;7;4;5;18;12;6;5; Paysandu;16;13;6;4;3;17;16;1;5; Americano;18;11;5;3;3;20;13;7;5; Tiradentes-PI;14;11;5;4;2;18;12;6;5; Central;13;11;5;3;3;17;8;9;5; Itumbiara;7;6;2;3;1;8;6;2;5; Fortaleza;7;6;3;1;2;10;9;1;;;;;;;;;;;;;;;;;;;;;;;;;;;;;;;;;;;;;;;;;;;;;;;;;;;;;;;;;;;;;;;;;;;;;;;;;;;;;;;;;;;;;;;;;;;;;;;;;;;;;;;;;;;;;;;;;;;;;;;;;;;;;;;;;;;;;;;;;;;;;;;;;;;;;;;;;;;;;;;;;;;;;;;;;;;;;;;;;;;;;;;;;;;;;;;;;;;;;;;;
Detalhes;Londrina;4 – 0;CSA;Ferroviária;Botafogo-SP;;6; Ferroviário;13;10;5;3;2;15;11;4;6; Itabaiana;20;16;5;5;6;15;15;0;6; Comercial;15;11;6;3;2;17;7;10;6; Coritiba;17;11;5;2;4;13;7;6;6; Mixto;3;4;1;1;2;8;6;2;6; Londrina;11;11;4;3;4;10;8;2;6; Comercial-MS;7;6;3;1;2;8;7;1;6; Catuense;7;6;2;3;1;5;4;1;;;;;;;;;;;;;;;;;;;;;;;;;;;;;;;;;;;;;;;;;;;;;;;;;;;;;;;;;;;;;;;;;;;;;;;;;;;;;;;;;;;;;;;;;;;;;;;;;;;;;;;;;;;;;;;;;;;;;;;;;;;;;;;;;;;;;;;;;;;;;;;;;;;;;;;;;;;;;;;;;;;;;;;;;;;;;;;;;;;;;;;;;;;;;;;;;;;;;;;;
1981;São Paulo;4 – 2;Goiás;Pará;Mato Grosso do Sul;48;7; Central-RJ;1;2;0;1;1;2;3;-1;7;CSA;17;14;5;2;7;17;19;-2;7; Uberaba;15;11;6;3;2;16;10;6;7; Botafogo-PB;14;11;3;5;3;12;14;-2;7; River-PI;2;4;1;0;3;6;10;-4;7; Mixto;3;4;1;1;2;5;9;-4;7; Central;6;6;1;4;1;6;6;0;7; Treze;5;4;2;1;1;6;5;1;;;;;;;;;;;;;;;;;;;;;;;;;;;;;;;;;;;;;;;;;;;;;;;;;;;;;;;;;;;;;;;;;;;;;;;;;;;;;;;;;;;;;;;;;;;;;;;;;;;;;;;;;;;;;;;;;;;;;;;;;;;;;;;;;;;;;;;;;;;;;;;;;;;;;;;;;;;;;;;;;;;;;;;;;;;;;;;;;;;;;;;;;;;;;;;;;;;;;;;;
Detalhes;Guarani;1 – 1;Anapolina;Remo;Comercial-MS;;8; Rodoviária;0;2;0;0;2;2;5;-3;8; América-PE;17;14;5;2;7;11;20;-9;8; Juventus;15;13;6;3;4;18;14;4;8; Tuna Luso;14;11;4;2;5;11;13;-2;8; Itabaiana;2;4;0;2;2;2;8;-4;8; Galícia;2;4;1;0;3;8;8;0;8; Itabuna;5;6;1;3;2;7;9;-2;8; Central;4;4;0;4;0;2;2;0;;;;;;;;;;;;;;;;;;;;;;;;;;;;;;;;;;;;;;;;;;;;;;;;;;;;;;;;;;;;;;;;;;;;;;;;;;;;;;;;;;;;;;;;;;;;;;;;;;;;;;;;;;;;;;;;;;;;;;;;;;;;;;;;;;;;;;;;;;;;;;;;;;;;;;;;;;;;;;;;;;;;;;;;;;;;;;;;;;;;;;;;;;;;;;;;;;;;;;;;
1982;Rio de Janeiro;3 – 4;Alagoas;Minas Gerais;Santa Catarina;48;9; Mixto;0;2;0;0;2;0;5;-5;9; River-PI;17;10;5;2;3;14;14;0;9; Caxias;15;11;5;5;1;12;8;4;9; Bahia;25;11;8;1;8;19;9;10;9; Fortaleza;10;9;4;2;3;13;14;-1;9; Guarany;10;9;4;2;3;17;15;2;9; Pinheiros;6;4;2;2;0;4;2;2;9; Americano;4;4;1;2;1;3;4;-1;;;;;;;;;;;;;;;;;;;;;;;;;;;;;;;;;;;;;;;;;;;;;;;;;;;;;;;;;;;;;;;;;;;;;;;;;;;;;;;;;;;;;;;;;;;;;;;;;;;;;;;;;;;;;;;;;;;;;;;;;;;;;;;;;;;;;;;;;;;;;;;;;;;;;;;;;;;;;;;;;;;;;;;;;;;;;;;;;;;;;;;;;;;;;;;;;;;;;;;;
Detalhes;Campo Grande;2 – 1;CSA;Uberaba;Joinville;;10; Sampaio Corrêa;11;8;5;1;2;16;8;8;10; Ferroviário-MA;16;10;4;4;2;12;9;3;10; Grêmio Maringá;14;11;6;2;3;22;11;11;10; Palmeiras;22;11;6;4;1;15;7;8;10; Ferroviário;2;2;0;2;0;1;1;0;10; Itumbiara;10;9;4;2;3;13;14;-1;10; Guarani;5;4;2;1;1;8;5;3;10; Marília;3;4;1;1;2;7;7;0;;;;;;;;;;;;;;;;;;;;;;;;;;;;;;;;;;;;;;;;;;;;;;;;;;;;;;;;;;;;;;;;;;;;;;;;;;;;;;;;;;;;;;;;;;;;;;;;;;;;;;;;;;;;;;;;;;;;;;;;;;;;;;;;;;;;;;;;;;;;;;;;;;;;;;;;;;;;;;;;;;;;;;;;;;;;;;;;;;;;;;;;;;;;;;;;;;;;;;;;
;;3 – 0;;;;;11; River-PI;10;8;5;0;3;12;8;4;11; Moto Club;16;10;4;4;2;8;6;2;11; Fortaleza;14;11;5;4;2;18;10;8;11; Náutico;21;11;5;6;0;19;11;8;11; Nacional;2;2;1;0;1;3;4;-1;11; Ferroviário;2;2;1;0;1;2;3;-1;11; Desportiva Ferroviária;5;4;2;1;1;6;4;2;11; Rio Negro-AM;3;4;1;1;2;4;4;0;;;;;;;;;;;;;;;;;;;;;;;;;;;;;;;;;;;;;;;;;;;;;;;;;;;;;;;;;;;;;;;;;;;;;;;;;;;;;;;;;;;;;;;;;;;;;;;;;;;;;;;;;;;;;;;;;;;;;;;;;;;;;;;;;;;;;;;;;;;;;;;;;;;;;;;;;;;;;;;;;;;;;;;;;;;;;;;;;;;;;;;;;;;;;;;;;;;;;;;;
1983;São Paulo;1 – 3;Alagoas;Santa Catarina;Distrito Federal (Brasil);48;12; Tuna Luso;8;6;2;4;0;5;1;4;12; Central;13;10;3;4;3;8;9;-1;12; Uberlândia;13;13;6;1;6;13;15;-2;12; Uberaba;22;11;6;4;1;18;8;10;12; Desportiva Ferroviária;1;2;0;1;1;0;3;-3;12; Fortaleza;2;2;1;0;1;3;5;-2;12; XV de Piracicaba;5;4;2;1;1;6;5;1;12; América-MG;2;4;1;0;3;3;6;-3;;;;;;;;;;;;2002;;;;;;;;;;;2003;;;;;;;;;;;2004;;;;;;;;;;;2005;;;;;;;;;;;;2006;;;;;;;;;;;;2007;;;;;;;;;;;;2008;;;;;;;;;;;;;;2009;;;;;;;;;;;;;;2010;;;;;;;;;;;;;;2011;;;;;;;;;;;;;;2012;;;;;;;;;;;;;;;;2013;;;;;;;;;;;;;;;;2014;;;;;;;;;;;;;;;;;;;;;;;;;;;;;;;
Detalhes;Juventus-SP;3 – 0;CSA;Joinville;Brasília;;13; Campinense;6;5;3;0;2;5;5;0;13; Fortaleza;13;10;2;7;1;8;9;-1;13; Anapolina;13;13;4;5;4;16;20;-4;13; São Bento;14;7;4;2;1;11;8;3;13; Goiás;1;2;0;1;1;0;4;-4;13; Treze;2;2;1;0;1;3;5;-2;13; Ceará;4;4;1;2;1;4;3;1;13; Vitória-ES;2;2;1;0;1;2;2;0;;;;;;;;;;;;Time;;PG;J;V;E;D;GP;GC;SG;;Classificação da 1ª Fase;;;;;;;;;;;Time;;PG;J;V;E;D;GP;GC;SG;;Pos;Equipes;Pts;J;V;E;D;GP;GC;SG;Classificação ou rebaixamento;;Pos;Equipes;Pts;J;V;E;D;GP;GC;SG;Classificação ou rebaixamento;;Pos;Equipes;Pts;J;V;E;D;GP;GC;SG;Classificação ou rebaixamento;;Pos;Equipes;Pts;J;V;E;D;GP;GC;SG;%;Classificação ou rebaixamento;;;Pos;Equipes;Pts;J;V;E;D;GP;GC;SG;%;Classificação ou rebaixamento;;;Pos;Equipes;Pts;J;V;E;D;GP;GC;SG;%;M;Classificação ou rebaixamento;;Colocações finais;;;;;;;;;;;;;;Colocações finais;;;;;;;;;;;;;;;;Colocações finais;;Pos;Equipes;Pts;J;V;E;D;GP;GC;SG;%;M;Classificação ou rebaixamento;;Colocações finais;;Pos;Equipes;Pts;J;V;E;D;GP;GC;SG;%;M;Classificação ou rebaixamento;;;;;;;;;;;;;;;;;
;;1 – 0;;;;;14; Guarany De Sobral;6;8;2;2;4;8;12;-4;14; Botafogo-PB;12;8;3;3;2;13;8;5;14; Itumbiara;12;11;6;0;5;16;17;-1;14; Ceará;12;7;3;3;1;12;8;4;14; Vitória;1;2;0;1;1;1;6;-5;14; Paysandu;1;2;0;1;1;3;4;-1;14; Sport Recife;4;4;1;2;1;4;5;-1;14; América-SP;2;2;1;0;1;1;1;0;;;;;;;;;;;;1; Criciúma;51;25;16;3;6;45;34;11;;Time;;PG;J;V;E;D;GP;GC;SG;;1; Brasiliense;46;23;13;7;3;43;22;21;;1; Santa Cruz;41;21;12;5;4;32;21;11;Classificados para a segunda fase;;1; Atlético Mineiro;71;38;20;11;7;70;39;31;Promovidos à Série A de 2007;;1; Coritiba;69;38;21;6;11;54;41;13;Promovidos à Série A de 2008;;1; Corinthians;85;38;25;10;3;79;29;50;74;Promovidos à Série A de 2009;;;1; Vasco da Gama;76;38;22;10;6;58;29;29;67;Promovidos à Série A de 2010;;;1; Coritiba;71;38;21;8;9;69;49;20;62;Estável;Promovidos à Série A de 2011;;Campeão;Portuguesa (1.° título);;;;;;;;;;;;;Campeão;Goiás;;;;;;;;;;;;;;;Campeão;Palmeiras (2º título);1; Palmeiras;79;38;24;7;7;71;28;43;69;Estável;Promovidos à Série A de 2014;;Campeão;Joinville (1.º título);1; Joinville;70;38;21;7;10;54;33;21;61;Estável;Promovidos à Série A de 2015;;;;;;;;;;;;;;;;;
1984;Minas Gerais;1 – 0;Pará;Rio Grande do Sul;Paraíba;32;15; Paysandu;5;6;1;3;2;3;5;-2;15; Confiança;9;10;2;3;5;10;15;-5;15; ABC;12;11;5;2;4;16;15;1;15; América-PE;12;7;3;3;1;6;5;1;15; Taguatinga;1;2;0;1;1;2;8;-6;15; Rio Branco-ES;1;2;0;1;1;2;3;-1;15; Maranhão;3;4;1;1;2;3;4;-1;15; CRB;2;2;0;2;0;1;1;0;;;;;;;;;;;;2; Sport;50;25;15;5;5;38;21;17;;1; Palmeiras;47;23;13;8;2;54;25;29;;2; Náutico;45;23;14;3;6;46;27;19;;2; Marília;35;21;11;2;8;38;28;10;;;2; Sport;64;38;18;10;10;57;36;21;;;2; Ipatinga;67;38;20;7;11;60;41;19;;;2; Santo André;68;38;19;11;8;71;45;26;59;;;;2; Guarani;69;38;21;6;11;55;51;4;61;;;;2; Figueirense;67;38;19;10;9;68;37;31;59;1;;;Vice-campeão;Náutico;;;;;;;;;;;;;Vice-campeão;Criciúma;;;;;;;;;;;;;;;Vice-campeão;Chapecoense;2; Chapecoense;72;38;20;12;6;60;31;29;63;Estável;;;Vice-campeão;Ponte Preta;2; Ponte Preta;69;38;19;12;7;61;38;23;60;Estável;;;;;;;;;;;;;;;;;;
Detalhes;Uberlândia;0 – 0;Remo;Inter de Santa Maria;Botafogo-PB;;16; CRB;4;4;2;0;2;9;7;2;16; Fluminense de Feira;8;9;1;5;3;9;16;-7;16; Sampaio Corrêa;12;11;4;4;3;20;18;2;16; Juventus;11;7;3;2;2;11;9;2;16;América-RN;0;2;0;0;2;0;3;-3;16; Moto Club;0;2;0;0;2;2;7;-5;16; Volta Redonda;2;4;1;0;3;4;5;-1;16; Novo Hamburgo;1;2;0;1;1;1;2;-1;;;;;;;;;;;;3; Fortaleza;48;25;15;3;7;48;24;24;;2; Botafogo;41;23;11;8;4;45;16;29;;3; Bahia;43;23;13;4;6;38;24;14;;3; Guarani;35;21;10;5;6;30;23;7;;;3; Náutico;64;38;18;10;10;64;48;16;;;3; Portuguesa;63;38;17;12;9;63;46;17;;;3; Avaí;67;38;18;13;7;71;40;31;58;;;;3; Ceará;68;38;19;11;8;54;34;20;60;;;;3; Bahia;65;38;19;8;11;63;44;19;57;1;;;Promovido(s);Portuguesa;;;;;;;;;;;;;Promovido(s);Goiás;;;;;;;;;;;;;;;Promovido(s);Palmeiras;3; Sport;63;38;20;3;15;64;56;8;55;Estável;;;Promovido(s);Joinville;3; Vasco da Gama;63;38;16;15;7;50;36;14;55;Estável;;;;;;;;;;;;;;;;;;
1985;Pará;[nota 2];Rio de Janeiro;Santa Catarina;Mato Grosso do Sul;24;17; América-SC;4;4;1;2;1;3;3;0;17; Guarany;8;10;2;2;6;8;15;-7;17; Tuna Luso;11;11;4;3;4;15;13;2;17; Leônico;11;7;3;2;2;7;6;1;17; Corinthians;12;7;5;2;0;17;6;11;17; Guarani;11;7;4;3;0;16;6;10;17; ASA;2;2;1;0;1;4;4;0;17; América-RN;1;2;0;1;1;1;3;-2;;;;;;;;;;;;4; Santa Cruz;47;25;13;8;4;45;23;22;;3; Remo;39;23;11;6;6;42;33;9;;4; Ituano;42;23;12;6;5;41;20;21;;4; Grêmio;35;21;9;8;4;32;26;6;;;4; América de Natal;61;38;19;4;15;59;51;8;;;4; Vitória;59;38;18;5;15;68;50;18;;;4; Grêmio Barueri;63;38;20;3;15;58;55;3;55;;;;4; Atlético Goianiense;65;38;20;5;13;73;53;20;57;;;;4; América Mineiro;63;38;19;6;13;56;42;14;55;Estável;;;;Náutico;;;;;;;;;;;;;;Criciúma;;;;;;;;;;;;;;;;Chapecoense;4; Figueirense;60;38;18;6;14;63;52;11;52;Estável;;;;Ponte Preta;4; Avaí;62;38;18;8;12;47;40;7;54;2;;;;;;;;;;;;;;;;;;
Detalhes;Tuna Luso;;Goytacaz;Figueirense;Operário-MS;;18; ABC;3;5;1;1;3;8;10;-2;18; Alecrim;7;8;1;4;3;10;12;-2;18; Bonsucesso;11;11;4;3;4;14;15;-1;18; Campo Grande;11;7;3;2;2;4;3;1;18; Atlético Paranaense;12;7;6;0;1;10;9;1;18; Botafogo-SP;11;7;4;3;0;14;6;8;18; União Bandeirante;2;2;0;2;0;1;1;0;18; Sobradinho;1;2;0;1;1;1;3;-2;;;;;;;;;;;;5; Avaí;46;25;14;4;7;39;20;19;;4; Sport;37;23;9;10;4;34;22;12;;5; Fortaleza;39;23;11;6;6;43;29;14;;5; Santo André;34;21;10;4;7;34;25;9;;;5; Paulista;61;38;17;10;11;72;51;21;;;5; Fortaleza;56;38;17;5;16;51;46;5;;;5; Ponte Preta;58;38;17;7;14;54;46;8;50;;;;5; Portuguesa;62;38;18;8;12;53;45;8;54;;;;5; Portuguesa;62;38;19;5;14;68;53;15;54;Estável;;;;Ponte Preta;;;;;;;;;;;;;;Atlético Paranaense;;;;;;;;;;;;;;;;Sport;5; Icasa;59;38;18;5;15;50;54;–4;52;Estável;;;;Vasco da Gama;5; América Mineiro;611;38;20;7;11;59;39;20;59;2;;;;;;;;;;;;;;;;;;
1986;Não disputado (ver Torneio Paralelo de 1986)[nota 3];;;;;;19; Náutico;3;4;1;1;2;5;9;-4;19; Flamengo-PI;7;10;1;4;5;9;14;-5;19; Goiânia;11;11;3;5;3;7;10;-3;19; União;11;7;3;2;2;7;7;0;19; America;11;7;5;1;1;16;5;11;19; Uberaba;9;7;4;1;2;16;10;6;19; América-RN;2;2;1;0;1;2;3;-1;19; União Rondonópolis;1;2;0;1;1;1;3;-2;;;;;;;;;;;;6; América Mineiro;40;25;12;4;9;49;36;13;;5; Brasiliense;37;23;9;10;4;33;24;9;;6; Marília;36;23;10;6;7;38;29;9;;6; Portuguesa;34;21;10;4;7;35;27;8;;;6; Coritiba;59;38;16;11;11;64;51;13;;;6; Marília1;53;38;17;8;13;66;61;5;;;6; Vila Nova;58;38;17;7;14;57;55;2;50;;;;6; Figueirense;60;38;19;3;16;64;51;13;53;;;;6; Sport;56;38;15;11;12;55;41;14;49;Estável;;;;Sport;;;;;;;;;;;;;;Vitória;;;;;;;;;;;;;;;;Figueirense;6; Joinville;59;38;17;8;13;58;44;14;52;1;;;;Avaí;6; Boa Esporte;59;38;18;5;15;51;48;3;52;2;;;;;;;;;;;;;;;;;;
1987;Não disputado (ver Campeonato Brasileiro de 1987)[nota 4];;;;;;20; Sport Belém;3;6;1;1;4;2;10;-8;20; Maguari-CE;7;10;2;1;7;7;15;-8;20; América-MG;9;11;3;3;5;11;16;-5;20; América-MG;11;7;3;2;2;5;8;-3;20; São Paulo-RS;8;7;3;2;2;10;12;-2;20; Americano;9;7;4;1;2;10;6;4;20; Rio Negro-AM;2;2;1;0;1;2;3;-1;20; Colorado;1;2;0;1;1;1;4;-3;;;;;;;;;;;;7; Etti-Jundiaí;39;25;11;6;8;36;27;9;;6; Marília;36;23;9;9;5;30;23;7;;7; Avaí;36;23;10;6;7;28;30;-2;;7; Náutico;33;21;10;3;8;35;34;1;;;7; Santo André;56;38;14;14;10;47;45;2;;;7; Criciúma;53;38;15;8;15;51;44;7;;;7; Bragantino;57;38;16;9;13;47;41;6;50;;;;7; São Caetano;54;38;15;9;14;52;38;14;47;;;;7; Paraná;53;38;15;8;15;47;44;3;46;Estável;;;Rebaixado(s);Icasa;;;;;;;;;;;;;Rebaixado(s);CRB;;;;;;;;;;;;;;;Rebaixado(s);Guaratinguetá;7; Ceará;59;38;16;11;11;60;50;10;52;1;;;Rebaixado(s);América de Natal;7; Atlético Goianiense;59;38;17;8;13;54;49;5;52;2;;;;;;;;;;;;;;;;;;
1988;São Paulo;2 – 1;Pernambuco;São Paulo;Rio de Janeiro;24;21;Ferroviário do Recife;2;4;0;2;2;5;8;-3;21; Ferroviario-PE;6;8;1;3;4;7;12;-5;21; América-SP;15;9;7;1;1;25;11;14;21; Anápolis;10;8;2;4;1;6;9;-3;21; Vila Nova;10;7;4;2;1;9;7;2;21; Santa Cruz;11;7;5;1;1;13;6;7;21; América-MG;2;2;1;0;1;2;4;-2;21; Moto Club;1;2;0;1;1;0;3;-3;;;;;;;;;;;;8; Remo;38;25;11;5;9;37;35;2;;7; Náutico *;35;23;11;5;7;41;27;14;;8; Santa Cruz;35;23;10;5;8;35;25;10;;8; Avaí;32;21;10;2;9;34;28;6;;;8; Brasiliense;53;38;15;8;15;66;51;15;;;8; CRB;53;38;15;8;15;54;62;–8;;;8; Juventude;56;38;16;8;14;51;48;3;49;;;;8; Duque de Caxias;54;38;15;9;14;55;55;0;47;;;;8; Bragantino;53;38;13;14;11;52;37;15;46;2;;;;Vila Nova;;;;;;;;;;;;;;Guarani;;;;;;;;;;;;;;;;Paysandu;8; Paraná;57;38;16;9;13;55;39;16;50;1;;;;Icasa;8; Ceará;57;38;16;9;13;58;53;5;50;Estável;;;;;;;;;;;;;;;;;;
Detalhes;Inter de Limeira;;Náutico;Ponte Preta;Americano;;22; Londrina;2;4;0;2;2;3;8;-5;22; São Domingos;5;9;1;2;6;9;16;-7;22; Sport Recife;15;9;6;3;0;13;2;11;22; Internacional-SM;10;7;3;1;3;11;11;0;22; Volta Redonda;9;7;3;3;1;16;7;9;22; Bangu;9;7;3;3;1;12;3;9;22; Nacional-GO;2;2;1;0;1;2;4;-2;22; Goiânia;0;2;0;0;2;1;4;-3;;;;;;;;;;;;9; CRB;38;25;10;8;7;35;32;3;;8; Santa Cruz;35;23;10;5;8;35;38;-3;;9; Paulista;35;23;10;5;8;32;32;0;;9; Vila Nova;32;21;10;2;9;28;29;-1;;;9; Marília;50;38;13;11;14;58;58;0;;;9; Brasiliense;53;38;14;11;13;57;53;4;;;9; São Caetano;54;38;14;12;12;61;55;6;47;;;;9; Bragantino;53;38;15;8;15;52;51;1;46;;;;9; ASA;52;38;16;4;18;53;56;–3;46;Estável;;;;Salgueiro;;;;;;;;;;;;;;Ipatinga;;;;;;;;;;;;;;;;São Caetano;9; América Mineiro;57;38;14;15;9;51;42;9;50;1;;;;Vila Nova;9; Santa Cruz;55;38;14;13;11;51;38;13;48;1;;;;;;;;;;;;;;;;;;
1989;São Paulo;1 – 0;São Paulo;Pará;Bahia;96;23; Maranhão;1;8;0;1;7;3;16;-13;23; Calouros do Ar;5;10;1;2;7;11;22;-11;23; Americano;13;9;6;1;2;23;9;14;23; America;10;7;3;1;3;6;7;-1;23; Campinense;7;7;2;3;2;10;10;0;23; Portuguesa;9;7;3;3;1;9;5;4;23; Icasa;1;2;0;1;1;2;3;-1;23; Confiança;0;2;0;0;2;0;3;-3;;;;;;;;;;;;10; Mogi Mirim;35;25;11;2;12;37;39;-2;;9; Paulista;35;23;9;8;6;37;28;9;;10; Caxias;34;23;10;4;9;30;32;-2;;10; Ituano;31;21;9;4;8;33;26;7;;;10; Ituano;50;38;12;14;12;49;48;1;;;10; São Caetano;53;38;13;14;11;45;39;6;;;10; Bahia;52;38;14;10;14;47;65;-18;45;;;;10; Paraná;53;38;14;11;13;51;56;–5;46;;;;10; São Caetano;52;38;14;10;14;50;52;–2;46;2;;;;Duque de Caxias;;;;;;;;;;;;;;Grêmio Barueri;;;;;;;;;;;;;;;;ASA;10; Avaí;56;38;16;8;14;49;46;3;49;Estável;;;;Portuguesa;10; Sampaio Corrêa;53;38;13;14;11;54;46;8;46;1;;;;;;;;;;;;;;;;;;
Detalhes;Bragantino;2 – 1;São José-SP;Remo;Catuense;;Estatísticas;;;;;;;;;;Estatísticas;;;;;;;;;;24; Bangu;13;9;6;1;2;17;7;10;24; Botafogo-SP;10;7;3;1;3;5;8;-3;24;CRB;7;7;1;5;1;8;10;-2;24; Maranhão;8;7;3;2;2;8;11;-3;24; Sergipe;1;2;0;1;1;1;2;-1;24; River;0;2;0;0;2;1;5;-4;;;;;;;;;;;;11; Joinville;34;25;10;4;11;36;44;-8;;10; Londrina;31;23;8;7;8;39;42;-3;;11; Portuguesa;31;23;8;7;8;31;31;0;;11; Ceará;29;21;8;5;8;27;22;5;;;11; Gama;48;38;14;6;18;51;62;-11;;;11; Ponte Preta;52;38;13;13;12;58;55;3;;;11; Paraná;49;38;14;7;17;49;54;-5;42;;;;11; Ponte Preta;52;38;14;10;14;62;55;7;46;;;;11; Duque de Caxias;50;38;15;5;18;46;56;–10;44;Estável;;;Estatísticas;;;;;;;;;;;;;;Estatísticas;;;;;;;;;;;;;;;;Estatísticas;;11; Boa Esporte;50;38;13;11;14;33;46;–13;44;Estável;;;Estatísticas;;11; Paraná;51;38;13;12;13;45;43;2;45;2;;;;;;;;;;;;;;;;;;
1990;Pernambuco;1 – 1;Paraná;São Paulo;Bahia;24;Melhor marcador;Robilotta (Clube do Remo) – 4 gols;;;;;;;;;Melhor marcador;Pelezinho (Sampaio Corrêa) – 8 gols;;;;;;;;;25; Atlético Paranaense;9;7;2;5;0;5;3;2;25; Ferroviária;9;7;2;3;2;8;8;0;25; Remo;7;5;2;3;0;9;5;4;25; Operário-MS;6;5;2;2;1;12;5;7;25; Tiradentes-PI;1;2;0;1;1;1;2;-1;Estatísticas;;;;;;;;;;;;;;;;;;;;;12; América de Natal;34;25;9;7;9;46;36;10;;11; Ceará;30;23;7;9;7;35;29;6;;12; Ceará;30;23;9;3;11;30;33;-3;;12; CRB;29;21;8;5;8;28;37;-9;;;12; Remo;46;38;13;7;18;50;60;-10;;;12; Gama;51;38;14;9;15;53;56;–3;;;12; Ceará;49;38;12;13;13;52;50;2;42;;;;12; Bahia;51;38;14;9;15;52;53;–1;45;;;;12; Icasa;49;38;13;10;15;51;52;–1;43;1;;;Melhor marcador;Kieza (Náutico) – 21 gols;;;;;;;;;;;;;Melhor marcador;Zé Carlos (Criciúma) – 27 gols;;;;;;;;;;;;;;;Melhor marcador;Bruno Rangel (Chapecoense) – 31 gols;12; Bragantino;47;38;13;8;17;37;43;–6;41;Estável;;;Melhor marcador;Magno Alves (Ceará) – 18 gols;12; Luverdense;50;38;15;5;18;40;46;–6;44;2;;;;;;;;;;;;;;;;;;
Detalhes;Sport;0 – 0;Athletico Paranaense;Guarani;Catuense;;1986;;;;;;;;;;;;;;;;;;;;26; Brasília;8;7;4;0;3;12;8;4;26; ABC;9;7;2;3;2;10;11;-1;26; Catuense;7;5;3;1;1;5;3;2;26; Esportivo;6;5;2;2;1;5;3;2;26; Atlético de Alagoinhas;1;2;0;1;1;2;4;-2;Melhor marcador;Guilherme (Figueirense);;;;;;;;;;;;;;;;;;;;13; Anapolina;34;25;8;10;7;33;34;-1;;12; Portuguesa;30;23;7;9;7;39;33;6;;13; Anapolina;30;23;9;3;11;25;29;-4;;13; Gama;28;21;8;4;9;28;33;-5;;;13; Avaí;46;38;12;10;16;36;51;-15;;;13; Grêmio Barueri;51;38;14;9;15;57;71;–14;;;13; ABC;48;38;12;12;14;55;57;-2;42;;;;13; Vila Nova;49;38;14;7;17;42;59;–17;43;;;;13; Náutico;48;38;14;6;18;41;60;–19;42;1;;;Melhor ataque;Portuguesa – 82 gols;;;;;;;;;;;;;Melhor ataque;Criciúma – 78 gols;;;;;;;;;;;;;;;Melhor ataque;Palmeiras – 71 gols;13; América de Natal;47;38;11;14;13;48;56;–8;41;Estável;;;Melhor ataque;Ponte Preta – 61 gols;13; Náutico;50;38;14;8;16;40;47;–7;44;2;;;;;;;;;;;;;;;;;;
1991;Pará;0 – 1;São Paulo;Paraná;Rio de Janeiro;64;Time;Cidade;UF;Estádio;Capacidade;Part.;Pos;Equipe;Pts;J;V;E;D;GP;GC;SG;Classificado;;;;27; Comercial-MS;8;7;3;0;3;12;6;2;27; São Paulo-RS;9;7;2;3;2;10;11;-1;27; Americano;6;5;3;0;2;6;6;0;27; Campinense;6;5;2;2;1;6;5;1;27; Goytacaz;1;2;0;1;1;1;3;-2;;Paulo César (Tuna Luso) – 6 gols;;;;;;;;;;;;;;;;;;;;14; Ceará;33;25;9;6;10;35;27;8;;13; Joinville *;30;23;7;6;10;33;41;-8;;14; Santo André*;29;23;12;5;6;38;28;10;;14; São Raimundo-AM;28;21;8;4;9;22;28;-6;;;14; Portuguesa;45;38;11;12;15;47;58;-11;;;14; Santo André;51;38;13;12;13;51;50;1;;;14; Brasiliense;47;38;13;8;17;56;64;-8;41;;;;14; Brasiliense;48;38;14;6;18;45;56;–11;42;;;;14; Ponte Preta;48;38;12;12;14;49;48;1;42;Estável;;;Melhor defesa;Portuguesa – 38 gols;;;;;;;;;;;;;Melhor defesa;37 gols:;;;;;;;;;;;;;;;Melhor defesa;Palmeiras – 28 gols;14; ABC;46;38;13;7;18;45;58;–13;40;Estável;;;Melhor defesa;Joinville – 33 gols;14; ABC;48;38;14;6;18;34;40;–6;42;2;;;;;;;;;;;;;;;;;;
Detalhes;Paysandu;2 – 0;Guarani;Coritiba;Americano;;América-RN;Natal;Rio Grande do Norte;Estádio João Machado (Machadão);28.000;5;1; Treze;12;8;5;2;1;8;2;6;Campeão;;;;28; ASA;8;7;3;0;3;6;6;0;28; Gama;8;7;1;5;1;7;6;1;28; Juventus;5;5;2;1;2;9;8;1;28; Atlético Goianiense;5;5;2;1;2;9;8;1;28; Tiradentes-DF;1;2;0;1;1;1;3;-2;;;;;;;;;;;;;;;;;;;;;;15; Caxias;33;25;9;6;10;31;24;7;;14; Avaí;29;23;8;5;10;22;30;-8;;15; CRB;29;23;7;8;8;32;33;-1;;15; Paulista;28;21;7;7;7;39;35;4;;;15; Ceará;45;38;10;15;13;47;56;-9;;;15; Avaí;51;38;13;12;13;52;55;–3;;;15; América de Natal;46;38;12;10;16;46;51;-5;40;;;;15; Ipatinga;48;38;12;12;14;43;50;–7;42;;;;15; Guaratinguetá;47;38;11;14;13;48;58;–10;41;Estável;;;Pos;Equipes;Pts;J;V;E;D;GP;GC;SG;%;M;Classificação ou rebaixamento;;;Goiás;;;;;;;;;;;;;;;;;15; Oeste;46;38;11;13;14;44;58;–14;40;Estável;;;Maior goleada;Vasco da Gama 0–5 Avaí;15; Oeste;48;38;12;12;14;39;48;–9;42;Estável;;;;;;;;;;;;;;;;;;
1992;Paraná;2 – 1;Bahia;Santa Catarina;Pernambuco;32;América-MG;Belo Horizonte;Minas Gerais;Estádio Governador Magalhães Pinto (Mineirão);50.000;7;2; Maranhão;10;8;4;2;2;10;7;3;;;;;29; River;8;7;2;4;1;6;3;3;29; Central;8;7;2;2;3;7;8;-1;29; Sampaio Corrêa;5;5;1;3;1;7;6;1;29; River;5;5;1;3;1;7;7;0;29; Novo Hamburgo;0;2;0;0;2;2;4;-2;;;;;;;;;;;;;;;;;;;;;;16; Vila Nova;33;25;9;6;9;40;35;5;;15; Anapolina;29;23;8;5;10;30;42;-12;;16; São Raimundo-AM;28;23;8;4;11;31;36;-5;;16; Sport;27;21;8;3;10;29;32;-3;;;16; CRB;44;38;12;8;18;61;67;-6;;;16; Ceará;50;38;13;11;14;58;58;0;;;16; Fortaleza;45;38;12;9;17;56;56;0;39;;;;16; América de Natal;46;38;13;7;18;49;61;–12;40;;;;16; Vila Nova;46;38;13;7;18;50;68;–18;40;Estável;;;1; Portuguesa;81;38;23;12;3;82;38;44;71;Estável;Promovidos à Série A de 2012;;;Atlético Paranaense;;;;;;;;;;;;;;;;;16; Atlético Goianiense;44;38;12;8;18;42;51;–9;38;1;;;(diferença);;16; Bragantino;46;38;13;7;18;45;55;–10;40;1;;;;;;;;;;;;;;;;;;
;Paraná;1 – 0;Vitória;Criciúma;Santa Cruz;;Americano;Campos dos Goytacazes;Rio de Janeiro;Estádio Godofredo Cruz;12.000;6;3; Rio Negro-AM;10;8;3;4;1;5;2;3;;;;;30; Caldense;7;7;3;1;3;8;4;4;30; Criciúma;8;7;2;2;3;8;10;-2;30; Botafogo-SP;5;5;1;3;1;4;3;1;30; Guará;5;5;2;1;2;4;5;-1;30; Campo Grande;0;2;0;0;2;1;3;-2;;;;;;;;;;;;;;;;;;;;;;17; União São João;33;25;9;6;10;32;41;-9;;16; América de Natal;28;23;6;10;7;36;38;-2;;17; Sport;28;23;7;7;9;24;31;-7;;17; Vitória;27;21;7;6;8;35;35;0;Rebaixados à Série C de 2006;;17; Paysandu;44;38;12;8;18;51;70;-19;Rebaixados à Série C de 2007;;17; Paulista;45;38;12;9;17;58;61;–3;Rebaixados à Série C de 2008;;17; Marília;45;38;11;12;15;47;60;-13;39;Rebaixados à Série C de 2009;;;17; Juventude;44;38;12;8;18;46;50;–4;39;Rebaixados à Série C de 2010;;;17; Brasiliense;46;38;12;10;16;41;59;–18;40;Estável;Rebaixados à Série C de 2011;;2; Náutico;64;38;17;13;8;51;41;10;56;Estável;;;Maiores goleadas;Joinville 6–0 Ipatinga;;;;;;;;;;;;;;;;;17; Guaratinguetá;41;38;11;8;19;42;54;–12;36;1;Rebaixados à Série C de 2014;;;;17; América de Natal;43;38;12;7;19;44;53;–9;38;1;Rebaixados à Série C de 2015;;;;;;;;;;;;;;;;;
1993;Não disputado[nota 5];;;;;;Anápolis;Anápolis;Goiás;Estádio Jonas Duarte;14.000;3;4; Moto Club;9;8;4;1;3;9;10;?1;;;;;31; Internacional-SP;7;7;3;1;3;8;6;2;31; Comercial;8;7;2;2;3;8;11;-3;31; Portuguesa;5;5;2;1;2;8;8;0;31; Nacional;5;5;2;1;2;5;7;-2;31; União Rondonópolis;0;2;0;0;2;0;2;-2;;;;;;;;;;;;;;;;;;;;;;18; Londrina;33;25;8;9;8;28;30;-2;;17; CRB;27;23;7;6;10;28;37;-9;;18; Vila Nova;27;23;7;6;10;34;38;-4;;18; Bahia;25;21;7;4;10;28;33;-5;;;18; Guarani1;44;38;11;14;13;53;61;-8;;;18; Santa Cruz;42;38;10;12;16;47;65;–18;;;18; Criciúma;41;38;11;8;19;40;54;-14;35;;;;18; Fortaleza;38;38;10;8;20;56;64;–8;33;;;;18; Santo André;43;38;11;10;17;53;61;–8;38;2;;;3; Ponte Preta;63;38;17;12;9;63;45;18;55;Estável;;;(diferença);Arena Joinville, Joinville;;;;;;;;;;;;;;;;;18; Paysandu;40;38;10;10;18;40;56;–16;35;Estável;;;;;18; Icasa;43;38;11;10;17;34;43;–9;38;Estável;;;;;;;;;;;;;;;;;;
1994;Rio Grande do Sul;1 – 2;Goiás;Espírito Santo (estado);Rio de Janeiro;24;Avaí;Florianópolis;Santa Catarina;Estádio Aderbal Ramos da Silva (Ressacada);17.800;3;5; América de Natal;9;8;3;3;2;9;3;6;;;;;32; Figueirense;7;7;3;1;3;13;12;1;32; Novo Hamburgo;8;7;2;2;3;8;11;-3;32; Central;5;5;1;3;1;5;5;0;32; Coritiba;4;4;1;2;1;5;7;-2;32; Avaí;0;2;0;0;2;4;8;-4;;;;;;;;;;;;;;;;;;;;;;19; São Raimundo-AM;32;25;10;2;13;34;37;-3;;18; Mogi Mirim;26;23;7;5;11;28;43;-15;;19; América de Natal;26;23;7;5;11;22;36;-14;;19; Anapolina;25;21;7;4;10;25;31;-6;;;19; São Raimundo-AM;43;38;11;10;17;42;59;-17;;;19; Remo;36;38;10;6;22;53;69;–16;;;19; Gama;35;38;9;8;21;37;72;-35;30;;;;19; Campinense;37;38;11;4;23;54;79;–25;32;;;;19; Ipatinga;41;38;11;8;19;47;62;–15;36;Estável;;;4; Sport;61;38;17;10;11;62;44;18;53;Estável;;;;17 de julho, 11ª rodada;;;;;;;;;;;;;;;;;19; São Caetano;36;38;9;9;20;45;59;–14;31;Estável;;;;;19; Vila Nova;32;38;10;2;26;35;70;–35;28;Estável;;;;;;;;;;;;;;;;;;
Detalhes;Juventude;2 – 1;Goiás;Desportiva Ferroviária;Americano;;Brasil de Pelotas;Pelotas;Rio Grande do Sul;Estádio Bento Mendes de Freitas;13.000;2;6; Guarany de Sobral;8;8;3;2;3;8;9;?1;;;;;33; Itabuna;7;7;3;1;3;9;9;0;33; Guarany;8;7;2;2;3;6;9;-3;33; Palmeiras;5;5;1;3;1;5;5;0;33; São Bento;4;5;1;2;2;5;7;-2;Estatísticas;;;;;;;;;;;;;;;;;;;;;;;;;;;;;;;20; Náutico;32;25;9;5;11;38;35;3;;19; São Raimundo-AM;26;23;6;8;9;27;31;-4;;20; Remo;25;23;5;10;8;30;40;-10;;20; União Barbarense;24;21;6;6;9;20;24;-4;;;20; Vila Nova;42;38;11;9;18;45;68;-23;;;20; Ituano;33;38;8;9;21;41;74;–33;;;20; CRB;24;38;5;9;24;35;72;-37;21;;;;20; ABC;35;38;10;5;23;40;66;–26;31;;;;20; América de Natal;41;38;11;8;19;40;68;–28;36;2;;;5; Vitória;60;38;17;9;12;61;48;13;52;1;;;;;;;;;;;;;;;;;;;;;20; ASA;35;38;11;2;25;41;75;–34;31;Estável;;;;;20; Portuguesa;25;38;4;13;21;29;59;–30;22;Estável;;;;;;;;;;;;;;;;;;
1995;Paraná;[nota 6];Paraná;São Paulo;Pernambuco;24;Cascavel;Cascavel;Paraná;Estádio Olímpico Regional Arnaldo Busatto;25.000;3;7; Ferroviário;6;8;1;4;3;7;8;?1;;;;;34; Noroeste;7;7;3;1;3;5;8;-3;34; Grêmio Maringá;7;7;1;4;2;6;7;-1;34; Novo Hamburgo;5;5;1;3;1;2;2;0;34; Vitória;4;5;2;0;3;6;9;-3;Melhor marcador;Dadinho (Remo) – 6 gol;;;;;;;;;;;;;;;;;;;;;;;;;;;;;;21; Americano;32;25;9;5;11;34;36;-2;;20; Vila Nova;26;23;6;8;9;32;39;-7;;21; América Mineiro;23;23;6;5;12;25;40;-15;;21; Criciúma;19;21;6;1;14;24;45;-21;;;Colocações finais;;;;;;;;;;;;Colocações finais;;;;;;;;;;;;Colocações finais;;;;;;;;;;;;;;olocações finais;;;;;;;;;;;;;;Colocações finais;;;;;;;;;;;;;;6; Bragantino;58;38;16;10;12;65;53;12;51;1;;;;Ipatinga 0–6 Goiás;;;;;;;;;;;;;;;;;;;;;;;;;;;;;;;;;;;;;;;;;;;;;;;;;;;;;;;;;;;;;;
Detalhes;Athletico Paranaense;;Coritiba;Mogi Mirim;Central;;Catuense;Catu;Bahia;Estádio Antonio Carneiro;8.000;3;8; Sport Belém;4;8;1;2;5;5;11;?6;;;;;35; Operário-VG;7;7;2;3;2;6;6;0;35; Flamengo-PI;7;6;2;1;3;5;6;-1;35; Colatina;5;5;2;1;2;5;6;-1;35; Novo Hamburgo;4;5;0;4;1;5;8;-3;;;;;;;;;;;;;;;;;;;;;;;;;;;;;;;;22; Botafogo-SP;30;25;8;6;11;36;60;-24;;21; Caxias;24;23;5;9;9;27;39;-12;;22; Joinville;18;23;6;0;17;24;42;-18;;22; Caxias;16;21;4;4;13;19;33;-14;;;Campeão;Atlético Mineiro;;;;;;;;;;;Campeão;Coritiba;;;;;;;;;;;Campeão;Corinthians;;;;;;;;;;;;;Campeão;Vasco da Gama;;;;;;;;;;;;;Campeão;Coritiba;;;;;;;;;;;;;7; Boa Esporte;57;38;16;9;13;44;40;4;50;Estável;;;;Estádio Ipatingão, Ipatinga;;;;;;;;;;;;;;;2015;Colocações finais;;Pos.;Equipes;P;J;V;E;D;GP;GC;SG;%;M;Classificação ou rebaixamento;;2016;;;;;;;;;;;;;;;;2017;;;;;;;;;;;;;;
1996;São Paulo;[nota 6];Rio Grande do Norte;Pernambuco;Paraná;25;Central;Caruaru;Pernambuco;Estádio Luiz José de Lacerda (Lacerdão);19.000;8;9; River-PI;4;8;0;4;4;6;15;?9;;;;;36; Moto Club;7;7;1;5;1;10;10;0;36; Tiradentes-PI;7;7;2;1;4;9;11;-2;36; Sergipe;5;5;2;1;2;5;6;-1;36; Itabaiana;4;5;1;2;2;2;6;-4;;;;;;;;;;;;;;;;;;;;;;;;;;;;;;;;23; Sampaio Corrêa;25;25;7;4;14;25;50;-25;;22; América Mineiro;24;23;4;12;7;36;39;-3;;23; Mogi Mirim;18;23;2;12;9;26;38;-12;;Colocações finais;;;;;;;;;;;;Vice-campeão;Sport;;;;;;;;;;;Vice-campeão;Ipatinga;;;;;;;;;;;Vice-campeão;Santo André;;;;;;;;;;;;;Vice-campeão;Guarani;;;;;;;;;;;;;Vice-campeão;Figueirense;;;;;;;;;;;;;8; Americana;56;38;15;11;12;40;45;–5;49;Estável;;;;3 de agosto, 15ª rodada;;;;;;;;;;;;;;;;Campeão;Botafogo (1º título);1; Botafogo;72;38;21;9;8;60;30;30;63;Estável;Promovidos à Série A de 2016;;Colocações finais;;Pos;Equipes;Pts;J;V;E;D;GP;GC;SG;%;M;Classificação ou rebaixamento;;Colocações finais;;Pos;Equipes;Pts;J;V;E;D;GP;GC;SG;%;M;Classificação ou rebaixamento
;União São João;;América de Natal;Náutico;Londrina;;Confiança;Aracaju;Sergipe;Estádio Estadual Lourival Baptista (Batistão);15.000;5;Pos;Equipe;Pts;J;V;E;D;GP;GC;SG;Classificado;;;;37; Campinense;7;7;1;5;1;4;4;0;37; Treze;7;7;2;1;4;8;11;-3;37; Santa Cruz;5;5;2;1;2;4;5;-1;37; Guarapari;4;5;2;0;3;6;11;-5;;;;;;;;;;;;;;;;;;;;;;;;;;;;;;;;24; Guarany de Sobral *;20;25;5;5;15;28;51;-23;;23; Gama;19;23;3;10;9;28;41;-13;;24; Londrina;17;23;4;5;14;19;40;-21;;Campeão;Grêmio (1° título);;;;;;;;;;;Promovido(s);Atlético Mineiro;;;;;;;;;;;Promovido(s);Coritiba;;;;;;;;;;;Promovido(s);Corinthians;;;;;;;;;;;;;Promovido(s);Vasco da Gama;;;;;;;;;;;;;Promovido(s);Coritiba;;;;;;;;;;;;;9; Grêmio Barueri;53;38;15;8;15;48;53;–5;46;2;;;;;;;;;;;;;;;;;;;;Vice-campeão;Santa Cruz;2; Santa Cruz;67;38;20;7;11;63;43;20;59;1;;;Campeão;Atlético Goianiense (1º título);1; Atlético Goianiense;76;38;22;10;6;60;35;25;67;Estável;Promovidos à Série A de 2017;;Campeão;América Mineiro (2º título);1; América Mineiro;73;38;20;13;5;46;25;21;64;Estável;Promovidos à Série A de 2018
1997;Minas Gerais;[nota 6];São Paulo;Pernambuco;Goiás;25;CRB;Maceió;Alagoas;Estádio Rei Pelé;20.000;5;1; Central;11;8;5;1;2;11;6;5;Campeão;;;;38; XV de Novembro;6;7;2;2;3;11;11;0;38; Confiança;7;7;2;1;4;7;10;-3;38; Criciúma;4;5;1;2;2;9;5;4;38; Alecrim;4;5;1;2;2;5;11;6;;;;;;;;;;;;;;;;;;;;;;;;;;;;;;;;25; XV de Piracicaba;19;25;5;4;16;19;44;-25;;24; União São João;16;23;4;4;15;22;44;-22;;Colocações finais;;;;;;;;;;;Vice-campeão;Santa Cruz;;;;;;;;;;;;Sport;;;;;;;;;;;;Ipatinga;;;;;;;;;;;;Santo André;;;;;;;;;;;;;;Guarani;;;;;;;;;;;;;;Figueirense;;;;;;;;;;;;;10; ABC;53;38;13;14;11;52;53;–1;46;2;;;;Grêmio Barueri 0–6 Atlético Paranaense;;;;;;;;;;;;;;;;Promovido(s);Botafogo;3; Vitória;66;38;19;9;10;58;40;20;58;1;;;Vice-campeão;Avaí;2; Avaí;66;38;19;9;10;45;34;11;58;Estável;;;Vice-campeão;Internacional;2; Internacional;71;38;20;11;7;54;26;28;62;Estável;
;América Mineiro;;Ponte Preta;Náutico;Vila Nova;;Criciúma;Criciúma;Santa Catarina;Estádio Heriberto Hülse;19.200;5;2; Americano;11;8;5;1;2;11;6;5;;;;;39; Juventude;6;7;2;2;3;8;9;-1;39; Maranhão;7;7;2;1;4;9;13;-4;39; Cascavel;3;5;1;1;3;2;5;-3;39; Grêmio Maringá;3;5;1;1;3;7;9;-2;;;;;;;;;;;;;;;;;;;;;;;;;;;;;;;;26; Bragantino;17;25;4;5;16;23;54;-31;;Colocações finais;;;;;;;;;;;Campeão;Brasiliense;;;;;;;;;;Promovido(s);Grêmio;;;;;;;;;;;;Náutico;;;;;;;;;;;;Portuguesa;;;;;;;;;;;;Avaí;;;;;;;;;;;;;;Ceará;;;;;;;;;;;;;;Bahia;;;;;;;;;;;;;11; Goiás;52;38;16;4;18;51;57;–6;45;2;;;Pos;Equipes;Pts;J;V;E;D;GP;GC;SG;%;M;Classificação ou rebaixamento;;;;;;Santa Cruz;4; América Mineiro;65;38;19;8;11;55;39;16;57;Estável;;;Promovido(s);Atlético Goianiense;3; Vasco da Gama;65;38;19;8;11;54;41;13;57;1;;;Promovido(s);América Mineiro;3; Ceará;67;38;19;10;9;46;32;14;59;Estável;
1998;Distrito Federal (Brasil);[nota 6];São Paulo;Espírito Santo (estado);Paraná;24;Desportiva Ferroviária;Cariacica;Espírito Santo (estado);Estádio Engenheiro Alencar Araripe;7.700;3;3; Goytacaz;9;8;4;1;3;12;11;1;;;;;40; Vitória-ES;6;7;2;2;3;6;8;-2;40; Rio Negro-AM;7;7;2;1;4;5;9;-4;40; Fast Clube;3;5;1;1;3;10;13;-3;40; Fluminense de Feira;3;5;1;1;3;4;7;-3;;;;;;;;;;;;;;;;;;;;;;;;;;;;;;;;Colocações finais;;;;;;;;;;;Campeão;Palmeiras;;;;;;;;;;Vice-campeão;Fortaleza;;;;;;;;;;;Santa Cruz;;;;;;;;;;;;América de Natal;;;;;;;;;;;;Vitória;;;;;;;;;;;;Grêmio Barueri;;;;;;;;;;;;;;Atlético Goianiense;;;;;;;;;;;;;;América Mineiro;;;;;;;;;;;;;12; Guarani;52;38;15;7;16;51;48;3;45;1;;;1; Goiás;78;38;23;9;6;75;37;38;68;Estável;Promovidos à Série A de 2013;;;;;;Vitória;5; Náutico;63;38;18;9;11;49;42;7;55;1;;;;Avaí;4; Bahia;63;38;18;9;11;57;34;23;55;1;;;;Internacional;4; Paraná;64;38;18;10;10;49;28;21;56;Estável;
Detalhes;Gama;;Botafogo-SP;Desportiva Ferroviária;Londrina;;Ferroviário;Fortaleza;Ceará;Estádio Presidente Vargas;20.200;3;4; Desportiva Ferroviária;8;8;3;2;3;9;7;2;;;;;41; Goytacaz;6;7;2;2;3;4;9;-5;41; ASA;6;7;1;3;3;5;7;-2;41; Baraúnas;2;5;0;2;3;3;6;-3;41; Ceará;3;5;0;3;2;2;5;-3;;;;;;;;;;;;;;;;;;;;;;;;;;;;;;;;Campeão;Criciúma;;;;;;;;;;Vice-campeão;Botafogo;;;;;;;;;;Promovido(s);Brasiliense;;;;;;;;;;Rebaixado(s);Vitória;;;;;;;;;;;Rebaixado(s);Paysandu;;;;;;;;;;;Rebaixado(s);Paulista;;;;;;;;;;;Rebaixado(s);Marília;;;;;;;;;;;;;Rebaixado(s);Juventude;;;;;;;;;;;;;Rebaixado(s);Brasiliense;;;;;;;;;;;;;13; Paraná;52;38;14;10;14;48;44;4;45;1;;;2; Criciúma;73;38;22;7;9;78;57;21;64;Estável;;;;;;;América Mineiro;6; Bragantino;60;38;19;3;16;56;56;0;53;1;;;;Vasco da Gama;5; Náutico;60;38;18;6;14;55;43;12;53;Estável;;;;Ceará;5; Londrina;62;38;18;8;12;56;46;10;54;Estável;
1999;Goiás;[nota 6];Pernambuco;Bahia;Goiás;22;Fluminense de Feira;Feira de Santana;Bahia;Estádio Alberto Oliveira (Joia da Princesa);16.200;3;5; CRB;8;8;3;2;3;6;7;?1;;;;;42; Central;6;7;1;4;2;3;3;0;42; América-SJRP;5;7;1;2;4;7;9;-2;42; Leônico;2;5;1;0;4;3;9;-6;42; Bonsucesso;3;5;1;1;3;8;12;-4;;;;;;;;;;;;;;;;;;;;;;;;;;;;;;;;Vice-campeão;Fortaleza;;;;;;;;;;Promovido(s);Palmeiras;;;;;;;;;;;Fortaleza;;;;;;;;;;;Bahia;;;;;;;;;;;;Guarani;;;;;;;;;;;;Santa Cruz;;;;;;;;;;;;Criciúma;;;;;;;;;;;;;;Fortaleza;;;;;;;;;;;;;;Ipatinga;;;;;;;;;;;;;14; Criciúma;51;38;13;12;13;43;43;0;44;4;;;3; Atlético Paranaense;71;38;21;8;9;65;37;28;62;Estável;;;;;;Rebaixado(s);Macaé;7; Paysandu;60;38;17;9;12;49;40;9;53;Estável;;;;Bahia;6; Londrina;60;38;16;12;10;40;29;11;53;Estável;;;;Paraná;6; Oeste;59;38;14;17;7;43;31;12;52;1;
Detalhes;Goiás;;Santa Cruz;Bahia;Vila Nova;;Goytacaz;Campos dos Goytacazes;Rio de Janeiro;Estádio Ary de Oliveira e Souza;15.000;4;6; Catuense;8;8;2;4;2;9;9;0;;;;;43; Goiás;6;7;1;4;2;5;6;-1;43; Cascavel;5;7;1;2;4;7;10;-3;43; Comercial-MS;2;5;1;0;4;2;8;-6;43; Volta Redonda;3;5;1;1;3;7;11;-4;;;;;;;;;;;;;;;;;;;;;;;;;;;;;;;;Promovido(s);Criciúma;;;;;;;;;;;Botafogo;;;;;;;;;;Rebaixado(s);América de Natal;;;;;;;;;;;Criciúma;;;;;;;;;;;;São Raimundo-AM;;;;;;;;;;;;Remo;;;;;;;;;;;;Gama;;;;;;;;;;;;;;Campinense;;;;;;;;;;;;;;Santo André;;;;;;;;;;;;;15; São Caetano;51;38;12;15;11;57;51;6;44;1;;;4; Vitória;71;38;21;8;9;59;43;16;62;Estável;;;;;;;ABC;8; Sampaio Corrêa;58;38;15;13;10;51;43;8;51;Estável;;;Rebaixado(s);Joinville;7; CRB;58;38;17;7;14;57;54;3;51;Estável;;;Rebaixado(s);Luverdense;7; Vila Nova;58;38;15;13;10;38;30;8;51;1;
2000;Não disputado (ver Copa João Havelange)[nota 7];;;;;;Guarany;Sobral;Ceará;Estádio Plácido Aderaldo Castelo (Junco);10.000;5;7; Taguatinga;7;8;3;1;4;14;12;2;;;;;44; Leônico;6;7;1;4;2;3;6;-3;44; Itabuna;5;7;1;2;4;5;10;-5;44; Operário-VG;2;5;1;0;4;3;14;-11;44; América-MG;3;5;1;1;3;3;12;-9;;;;;;;;;;;;;;;;;;;;;;;;;;;;;;;;;Fortaleza;;;;;;;;;;Rebaixado(s);Gama;;;;;;;;;;;Remo;;;;;;;;;;;Caxias;;;;;;;;;;;;Vila Nova;;;;;;;;;;;;Ituano;;;;;;;;;;;;CRB;;;;;;;;;;;;;;ABC;;;;;;;;;;;;;;América de Natal;;;;;;;;;;;;;16; ASA;48;38;13;9;16;44;54;–10;42;1;;;5; São Caetano;71;38;20;11;7;58;38;20;62;Estável;;;;;;;Boa Esporte;9; Bahia;58;38;15;13;10;48;41;7;51;Estável;;;;Tupi;8; Criciúma;56;38;16;8;14;49;46;3;49;3;;;;Santa Cruz;8; Brasil de Pelotas;51;38;15;6;17;43;50;–7;45;2;
2001;Pará;[nota 6];Santa Catarina;Rio Grande do Sul;Santa Catarina;28;Inter de Limeira;Limeira;São Paulo;Estádio Major José Levy Sobrinho;40.000;2;8; Fluminense de Feira;6;8;1;4;3;7;12;?5;;;;;45; Campo Grande;5;7;2;1;4;10;11;-1;45; Volta Redonda;4;7;1;1;5;8;11;-3;45; Anápolis;1;5;0;1;4;3;8;-5;45; Remo;2;5;0;2;3;2;5;-3;;;;;;;;;;;;;;;;;;;;;;;;;;;;;;;;Rebaixado(s);Americano;;;;;;;;;;;União São João;;;;;;;;;;;América Mineiro;;;;;;;;;;;Anapolina;;;;;;;;;;;Estatísticas;;;;;;;;;;;;Estatísticas;;;;;;;;;;;;Estatísticas;;;;;;;;;;;;;;Estatísticas;;;;;;;;;;;;;;Estatísticas;;;;;;;;;;;;;;17; Icasa;47;38;11;14;13;52;55;–3;41;Estável;Rebaixados à Série C de 2012;;6; Joinville;60;38;17;9;12;58;40;18;52;Estável;;;;;;;Mogi Mirim;10; Luverdense;54;38;15;9;14;46;40;6;47;1;;;;Bragantino;9; Luverdense;55;38;13;16;9;43;39;4;48;1;;;;ABC;9; Juventude;51;38;13;12;13;35;38;–3;45;1;
Detalhes;Paysandu;;Figueirense;Caxias;Avaí;;Itumbiara;Itumbiara;Goiás;Estádio Municipal Juscelino Kubitschek;14.400;4;9; Confiança;4;8;1;2;5;5;14;?9;;;;;46; União;5;7;2;1;4;6;12;-12;46; Serrano;3;7;0;3;4;3;14;-11;46; Tiradentes-CE;1;5;0;1;4;4;11;-7;46; Operário-VG;1;4;0;1;3;2;6;-4;;;;;;;;;;;;;;;;;;;;;;;;;;;;;;;;;Botafogo-SP;;;;;;;;;;Estatísticas;;;;;;;;;;;;Joinville;;;;;;;;;;;União Barbarense;;;;;;;;;;;Melhor marcador;Vanderlei (Gama) - 21 gols;;;;;;;;;;;Melhor marcador;Alessandro (Ipatinga) – 25 gols;;;;;;;;;;;Melhor marcador;Túlio Maravilha (Vila Nova) – 24 gols;;;;;;;;;;;;;Melhor marcador;17 gols:;;;;;;;;;;;;;Melhor marcador;Alessandro (Ipatinga) – 21 gols;;;;;;;;;;;;;18; Vila Nova;32;38;7;11;20;34;53;–19;28;Estável;;;7; Avaí;59;38;18;5;15;44;42;2;52;Estável;;;;;;Estatísticas;;11; CRB;54;38;15;9;14;47;45;2;47;1;;;;Sampaio Corrêa;10; Ceará;54;38;14;12;12;49;47;2;47;1;;;;Náutico;10; Boa Esporte;50;38;12;14;12;40;42;–2;44;1;
2002;Santa Catarina;0 – 2;Ceará;Pernambuco;São Paulo;26;Juventude;Caxias do Sul;Rio Grande do Sul;Estádio Alfredo Jaconi;19.900;2;Pos;Equipe;Pts;J;V;E;D;GP;GC;SG;Classificado;;;;47; Baraúnas;5;7;2;1;4;6;13;-7;47; Atlético Goianiense;2;7;0;2;5;6;11;-5;47; América-MG;0;5;0;0;5;2;7;-5;47; Criciúma;1;5;0;1;4;2;9;-7;;;;;;;;;;;;;;;;;;;;;;;;;;;;;;;;;Sampaio Corrêa;;;;;;;;;;Melhor marcador;Vágner Love (Palmeiras) – 19 gols;;;;;;;;;;;Mogi Mirim;;;;;;;;;;Estatísticas;;;;;;;;;;;;;;;;;;;;;;;;;;;;;;;;;;;;;;;;;;;;;;;;;;;Elton (Vasco da Gama);;;;;;;;;;;;;Melhor ataque;Coritiba – 69 gols;;;;;;;;;;;;;19; Salgueiro[f];26;38;8;5;25;32;63;–31;25;Estável;;;8; América Mineiro;55;38;16;7;15;63;58;5;48;1;;;;;;Melhor marcador;Zé Carlos (CRB) – 19 gols;12; Criciúma;49;38;12;13;13;36;41;–5;43;1;;;Estatísticas;;11; Brasil de Pelotas;54;38;14;12;12;40;38;2;47;1;;;Estatísticas;;11; Paysandu;48;38;13;9;16;41;41;0;42;Estável;
Detalhes;Criciúma;4 – 1;Fortaleza;Santa Cruz;Paulista;;Juventus;São Paulo;São Paulo;Estádio Conde Rodolfo Crespi (Rua Javarí);5.500;4;1; Inter de Limeira;13;8;6;1;1;16;3;13;Campeão;;;;48; Rio Negro-AM;5;7;2;1;4;8;16;-8;48; Vitória-ES;1;7;0;1;6;4;16;-12;48; Guará;0;5;0;0;5;2;12;-10;48; CRB;1;5;0;1;4;0;7;-7;;;;;;;;;;;;;;;;;;;;;;;;;;;;;;;;;Guarany de Sobral;;;;;;;;;;;;;;;;;;;;;;Londrina;;;;;;;;;;Melhor marcador;Reinaldo (Santa Cruz) – 16 gols;;;;;;;;;;;;;;;;;;;;;;;;;;;;;;;;;;;;;;;;;;;;;;;;;;Marcelo Nicácio (Fortaleza);;;;;;;;;;;;;Melhor defesa;37 gols: Bragantino;;;;;;;;;;;;;20; Duque de Caxias;17;38;2;11;25;32;84;–52;15;Estável;;;9; América de Natal;54;38;14;12;12;60;61;–1;47;1;;;;;;Melhor ataque;Santa Cruz – 63 gols;13; Paraná;47;38;12;11;15;39;43;–4;41;1;;;Melhor marcador;Bill (Ceará) – 15 gols;12; Vila Nova;53;38;15;8;15;54;52;2;46;2;;;Melhor marcador;16 gols:;12; Figueirense;48;38;12;12;14;44;49;–5;42;2;
2003;São Paulo;[nota 6];Rio de Janeiro;Pernambuco;São Paulo;24;Londrina;Londrina;Paraná;Estádio Municipal Jacy Scaff (do Café);30.000;4;2; Juventus-SP;12;8;4;4;0;8;2;6;;;;;49; Novo Hamburgo;5;7;2;1;4;5;13;-8;Estatísticas;;;;;;;;;;Estatísticas;;;;;;;;;;Estatísticas;;;;;;;;;;;;;;;;;;;;;;;;;;;;;;;;;;;;;;;;;;XV de Piracicaba;;;;;;;;;;;;;;;;;;;;;Estatísticas;;;;;;;;;;;;;;;;;;;;;;;;;;;;;;;;;;;;;;;;;;;;;;;;;;;;;;;;;;;;;;Rafael Coelho (Figueirense);;;;;;;;;;;;;;Figueirense;;;;;;;;;;;;;;;;;;;;;;;;;;;10; Paraná;52;38;14;10;14;50;47;3;45;Estável;;;;;;Melhor defesa;Botafogo – 30 gols;14; Atlético Goianiense;46;38;11;13;14;36;46;–10;40;Estável;;;Melhor ataque;Atlético Goianiense – 60 gols;13; Goiás;50;38;13;11;14;49;48;1;44;1;;;;Bérgson (Paysandu);13; Criciúma;48;38;12;12;14;41;46;–5;42;1;
Detalhes;Palmeiras;;Botafogo;Sport;Marília;;Maranhão;São Luís;Maranhão;Estádio Governador João Castelo (Castelão);40.000;5;3; Santo André;9;8;3;3;2;8;8;0;;;;;50; Villa Nova;5;7;1;3;3;4;5;-1;Melhor marcador;Jorge Mendonça (Guarani) – 11 gols;;;;;;;;;Melhor marcador;Luisinho das Arábias (Campo Grande) (10 gols);;;;;;;;;Melhor marcador;Lima (Operário-MS) (9;;;;;;;;;;;;;;;;;;;;;;;;;;;;;;;;;;;;;;;;;Bragantino;;;;;;;;;;;;;;;;;;;;;Melhor marcador;Rinaldo (Fortaleza) – 14 gols;;;;;;;;;;;;;;;;;;;;;;;;;;;;;;;;;;;;;;;;;;;;;;;;;;;;;;;;;;;;Melhor ataque (fase inicial);Atlético Goianiense – 73 gols;;;;;;;;;;;;;;;;;;;;;;;;;;;;;;;;;;;;;;;;;11; Ceará;47;38;12;11;15;51;52;–1;41;Estável;;;;;;Maior goleada;Botafogo 5–0 Sampaio Corrêa;15; Ceará;45;38;12;9;17;42;50;–8;39;2;;;Melhor defesa;Londrina – 29 gols;14; Paysandu;49;38;11;16;11;40;44;–4;43;1;;;;Mazinho (Oeste);14; Goiás;45;38;12;9;17;35;46;–11;39;1;
2004;Distrito Federal (Brasil);[nota 6];Ceará;Santa Catarina;Bahia;24;Mixto;Cuiabá;Mato Grosso;Estádio José Fragelli (Verdão);32.000;3;4; Anápolis;8;8;3;2;3;8;9;?1;;;;;51; Brasil de Pelotas;5;7;0;5;2;7;9;-2;;;;;;;;;;;;;;;;;;;;;;;;;;;;;;;;;;;;;;;;;;;;;;;;;;;;;;;;;;;;;;Estatísticas;;;;;;;;;;;;;;;;;;;;;;;;;;;;;;;;;;;;;;;;;;;;;;;;;;;;;;;;;;;;;;;;;;;;;;;;;;;;;;;;;;;Melhor defesa (fase inicial);Vasco da Gama – 29 gols;;;;;;;;;;;;;;;;;;;;;;;;;;;;;;;;;;;;;;;;;12; ABC;45;38;11;12;15;50;52;–2;39;1;;;;;;(diferença);;16; Oeste;44;38;10;14;14;37;45;–8;38;Estável;;;Maior goleada;Náutico 5–0 Sampaio Corrêa;15; Paraná;41;38;10;11;17;39;55;–16;36;Estável;;;Melhor ataque;Londrina – 56 gols;15; CRB;45;38;12;9;17;35;50;–15;39;2;
Detalhes;Brasiliense;;Fortaleza;Avaí;Bahia;;Moto Club;São Luís;Maranhão;Estádio Governador João Castelo (Castelão);40.000;4;5; Itumbiara;8;8;1;6;1;7;8;?1;;;;;52; Piauí;4;7;2;0;5;8;13;-5;;;1995;;;;;;;;;;;1996;;;;;;;;;;;;1997;;;;;;;;;;;;1998;;;;;;;;;;;;1999;;;;;;;;;;;;Melhor marcador;Vinícius (Fortaleza) – 22 gols;;;;;;;;;;;2001;;;;;;;;;;;;;;;;;;;;;;;;;;;;;;;;;;;;;;;;;;;;;;;;;;;;;;;;;;;;;;;;;;;;;;;;;;;;;;;;;;;;;;;;;;;;;;;;;;;;;;;;;;;;;;;;;13; ASA;44;38;13;5;20;48;56;–8;38;1;;;;;;;;17; Macaé;43;38;10;13;15;46;54;–8;37;2;Rebaixados à Série C de 2016;;(diferença);;16; Oeste;41;38;8;17;13;32;46;–14;36;Estável;;;Melhor defesa;América Mineiro – 25 gols;16; Guarani;44;38;11;11;16;36;46;–10;39;Estável;
2005;Rio Grande do Sul;[nota 6];Pernambuco;Pernambuco;São Paulo;22;Novo Hamburgo;Novo Hamburgo;Rio Grande do Sul;Estádio Santa Rosa;6.000;7;6; América Mineiro;7;8;2;3;3;10;9;1;;;;;53; Operário Ferroviário;4;7;2;0;5;6;14;-8;;;Col.;Time;PG;J;V;E;D;GP;GC;SG;;;;;;;;;;;;;;Pos;Team;Pld;W;D;L;GF;GA;GD;Pts;Promotion or relegation;;Pos;Equipes;Pts;J;V;E;D;GP;GC;SG;Classificação ou rebaixamento;;Pos.;Equipes;P;J;V;E;D;GP;GC;SG;Classificação ou rebaixamento;;;Primeira Fase;;;;;;;;;;;Pos;Equipes;Pts;J;V;E;D;GP;GC;SG;Classificação ou rebaixamento;;;;;;;;;;;;;;;;;;;;;;;;;;;;;;;;;;;;;;;;;;;;;;;;;;;;;;;;;;;;;;;;;;;;;;;;;;;;;;;;;;;;;;;;;;;;;;;;;;;;;;;14; Bragantino;44;38;12;8;18;45;53;–8;38;1;;;;;;;;18; ABC;32;38;6;14;18;41;64;–23;28;Estável;;;;;17; Joinville;40;38;9;13;16;32;42;–10;35;Estável;Rebaixados à Série C de 2017;;Maiores goleadas;Luverdense 4–0 Brasil de Pelotas;17; Luverdense;44;38;10;14;14;38;40;–2;39;Estável;Rebaixados à Série C de 2018
Detalhes;Grêmio;;Santa Cruz;Náutico;Portuguesa;;Pinheiros;Curitiba;Paraná;Estádio Érton Coelho Queiroz;10.000;2;7; Ubiratan;6;7;1;4;2;6;7;?1;;;;;54; Criciúma;4;7;1;2;4;6;10;-4;;;1; Atlético Paranaense;65;28;20;5;3;47;20;27;;;;;;;;;;;;;;1;América-MG;23;14;4;5;34;18;16;46;Promoted to 1998 Série A;;1; Gama;39;24;11;6;7;33;24;9;Promovidos à Série A de 1999;;1; São Caetano;45;21;13;6;2;33;15;18;Classificados à próxima fase;;;Grupo A;;;;;;;;;;;1; Paysandu;59;34;14;16;4;60;36;24;Promovidos à Série A de 2002;;;;;;;;;;2020;;;;;;;;;;;;;;;;2021;;;;;;;;;;;;;;;;;2022;;;;;;;;;;;;;;;2023;;;;;;;;;;;;;;;2024;;;;;;;;;;;;;;;;;;;;;;;;;;;;;;15; Boa Esporte;44;38;11;11;16;51;63;–12;38;1;;;;;;;;19; Boa Esporte;31;38;7;10;21;34;54;–20;27;Estável;;;;;18; Tupi;33;38;8;9;21;40;56;–16;29;1;;;(diferença);Arena Pantanal, Cuiabá;18; Santa Cruz;37;38;8;13;17;43;54;–11;32;1;
Sistema de pontos corridos;;;;;;;Rio Negro;Manaus;Amazonas;Estádio Ismael Benigno (Colina);15.000;5;8; Mixto;4;8;1;2;5;9;21;?12;;;;;55; Confiança;4;7;1;2;4;4;9;-5;;;2; Coritiba;55;28;15;10;3;47;17;30;;Pos;Team;Pld;W;D;L;GF;GA;GD;Pts;Promotion or relegation;;2;Ponte Preta;23;13;7;3;35;21;14;46;;;2; Botafogo-SP;44;25;13;5;7;39;24;15;;;2; Bahia;37;21;9;10;2;38;23;15;;;;Pos;Times;Pts;J;V;E;D;GM;GS;;;2; Figueirense;54;34;16;6;12;61;49;12;;;;;;;;;;;Colocações finais;;Pos;Equipe;Pts;J;V;E;D;GP;GC;SG;Promovido ou rebaixado;;;;Colocações finais;;Pos.;Equipes;P;J;V;E;D;GP;GC;SG;%;M;Classificação ou rebaixamento;;;Colocações finais;;Pos;Equipe;Pts;J;V;E;D;GP;GC;SG;Promovido ou rebaixado;;;Colocações finais;;Pos;Equipe;Pts;J;V;E;D;GP;GC;SG;Classificação ou descenso;;;Colocações finais;;Pos;Equipe;Pts;J;V;E;D;GP;GC;SG;Classificação ou descenso;;;;;;;;;;;;;;;;;;16; Guaratinguetá;43;38;13;4;21;41;63;–22;38;1;;;;;;;;20; Mogi Mirim;23;38;4;11;23;32;69;–37;20;Estável;;;;;19; Bragantino;32;38;8;8;22;30;54;–24;28;1;;;;13 de junho, 7ª rodada;19; ABC;34;38;9;7;22;28;49;–21;30;1;
Ano;Campeão;;Vice-campeão;3.º lugar;4.º lugar;Part.;River;Teresina;Piauí;Estádio Governador Alberto Tavares Silva (Albertão);52.000;7;9; Uberlândia;3;7;0;3;4;2;7;?5;;;;;56; Rio Branco-ES;4;7;1;2;4;5;13;-8;;;3; Mogi Mirim;52;28;15;7;6;31;24;7;;1;União São João;18;9;4;5;28;21;7;31;Promoted to 1997 Série A;;3;Náutico;23;9;6;8;35;29;6;33;Reached Final phase group;;3; Desportiva Ferroviária;38;25;11;5;9;34;33;1;Eliminados no quadrangular final;;3; Goiás;36;21;10;6;5;35;22;13;;;;1; São Caetano;37;17;11;4;2;40;19;;;3; Caxias;55;34;15;10;9;53;45;8;;;;;;;;;;;Campeão;Chapecoense (1.º título);1; Chapecoense (C);73;38;20;13;5;42;21;21;Promoção à Série A de 2021;;;;Campeão;Botafogo (2º título);1; Botafogo;70;38;20;10;8;56;31;25;61;Estável;Promovidos à Série A de 2022;;;Campeão;Cruzeiro (1º título);;v;;;;;;;;;;;;Campeão;Vitória (1.° título);;v;;;;;;;;;;;;Campeão;Santos (1.º título);;v;;;;;;;;;;;;;;;;;;;;;;;;;;;17; CRB;42;38;12;6;20;47;67;–20;37;1;Rebaixados à Série C de 2013;;;;;;;;;;;;;;;;;;;;;;;20; Sampaio Corrêa;27;38;5;12;21;29;57;–28;24;Estável;;;;;20; Náutico;32;38;8;8;22;29;51;–22;28;;
2006;Minas Gerais;;Pernambuco;Pernambuco;Rio Grande do Norte;20;Santo André;Santo André;São Paulo;Estádio Bruno José Daniel;12.000;1;Pos;Equipe;Pts;J;V;E;D;GP;GC;SG;Classificado;;;;57; Serrano;4;7;1;2;4;4;13;-9;;;4; Central;34;28;9;7;12;31;35;-4;;2;América-RN;18;9;3;6;24;23;1;30;;;4;Vila Nova;23;8;5;10;26;28;?2;29;;;4; Londrina;33;25;8;9;8;27;24;3;;;4; Vila Nova;34;21;9;7;5;30;19;11;;;;2; Figueirense;31;17;8;7;2;25;13;;;4; Avaí;54;34;15;9;10;49;46;3;;;;;;;;;;;Vice-campeão;América Mineiro;2; América Mineiro;73;38;20;13;5;43;23;20;;;;;Vice-campeão;Goiás;2; Goiás;65;38;17;14;7;48;31;17;57;1;;;;Vice-campeão;Grêmio;;d;;;;;;;;;;;;Vice-campeão;Juventude;;d;;;;;;;;;;;;Vice-campeão;Mirassol;;d;;;;;;;;;;;;;;;;;;;;;;;;;;;18; Guarani;41;38;10;11;17;36;47;–11;36;2;;;;;;2018;Colocações finais;;Pos;Equipes;Pts;J;V;E;D;GP;GC;SG;%;M;Classificação ou rebaixamento;;;;;;;;;;;;;;;;;;Paraná 4–0 Santa Cruz;;;;;;;;;;;;;
Detalhes;Atlético Mineiro;;Sport;Náutico;América de Natal;;Sport Belém;Belém;Pará;Estádio Evandro Almeida (Baenão);13.000;2;1; Criciúma;14;8;6;2;0;12;4;8;Campeão;;;;58; Treze;4;7;0;4;3;5;10;-5;;;5; Remo;34;22;9;7;6;27;24;3;;3;Náutico;18;7;5;6;27;22;5;26;Reached Final phase group;;5;CRB;17;9;2;6;28;25;3;29;Reached Third phase;;5; XV de Piracicaba;35;19;11;2;6;33;21;12;Eliminados na terceira fase;;5; América Mineiro;33;21;9;6;6;33;21;12;;;;3; Paraná;29;17;8;5;4;18;11;;;5; Náutico;44;28;13;5;10;47;38;9;;;;;;;;;;;Promovido(s);Chapecoense;3; Juventude;61;38;17;10;11;52;42;10;;;;;Promovido(s);Botafogo;3; Coritiba;64;38;18;10;10;49;35;14;56;1;;;;Promovido(s);Cruzeiro;;e;;;;;;;;;;;;Promovido(s);Atlético Goianiense;;e;;;;;;;;;;;;Promovido(s);Santos;;e;;;;;;;;;;;;;;;;;;;;;;;;;;;19; Ipatinga;31;38;8;7;23;38;73;–35;27;Estável;;;;;;;Campeão;Fortaleza (1º título);1; Fortaleza;71;38;21;8;9;54;33;21;62;Estável;Promovidos à Série A de 2019;;2019;Colocações finais;;;;;;;;;;;;;;;Estádio Vila Capanema, Curitiba;;;;;;;;;;;;;
2007;Paraná;;Minas Gerais;São Paulo;Bahia;20;Taguatinga;Taguatinga;Distrito Federal (Brasil);Estádio Elmo Serejo Farias (Serejão);27.000;2;2; Marcílio Dias;10;8;4;2;2;8;6;2;;;;;59; Fast Clube;4;7;0;4;3;6;12;-6;;;6; Sergipe;30;22;8;6;8;23;29;-6;;4;Londrina;18;6;5;7;20;28;?8;23;;;6;Joinville;16;7;4;5;22;20;2;25;;;6; Criciúma;30;19;9;3;7;30;20;10;;;6; Ceará;32;21;9;5;7;25;20;5;;;;4; Botafogo-SP;28;17;8;4;5;27;15;;;6; CRB;44;28;13;5;10;38;39;-1;;;;;;;;;;;;América Mineiro;4; Cuiabá;61;38;17;10;11;48;40;8;;;;;;Goiás;4; Avaí;64;38;18;10;10;44;35;9;56;Estável;;;;;Grêmio;1; Cruzeiro (C);78;38;23;9;6;57;26;31;Promoção à Série A de 2023;;;;Criciúma;1; Vitória (C);72;38;22;6;10;50;31;19;Promoção à Série A de 2024;;;;Mirassol;1; Santos (C);68;38;20;8;10;57;32;25;Promoção à Série A de 2025;;;;;;;;;;;;;;;;;;20; Grêmio Barueri;30;38;7;9;22;38;69;–31;26;Estável;;;;;;;Vice-campeão;CSA;2; CSA;62;38;17;11;10;51;37;14;54;3;;;;Campeão;Bragantino (2° titulo);;;;;;;;;;;;;;29 de julho, 17ª rodada;;;;;;;;;;;;;
Detalhes;Coritiba;;Ipatinga;Portuguesa;Vitória;;Treze;Campina Grande;Paraíba;Estádio Governador Ernani Sátyro (Amigão);19.000;4;3; Pinheiros-PR;9;8;3;3;2;11;9;2;;;;;60; Sergipe;3;7;1;1;5;8;15;-7;;;7; Ceará;28;22;6;10;6;20;19;1;;5;América-MG;12;8;2;2;18;13;5;26;Reached Third phase;;7;Gama;17;6;6;5;26;20;6;24;;;7; Joinville;30;19;8;6;5;23;21;2;;;7; Avaí;32;21;9;5;7;26;29;13;;;;5; Criciúma;26;17;7;5;5;19;18;;;7; União São João;43;28;11;9;8;45;31;14;;;;;;;;;;;;Juventude;5; CSA;58;38;16;10;12;50;37;13;;;;;;Coritiba;5; CSA;62;38;18;8;12;48;33;15;54;1;;;;;Bahia;2; Grêmio;65;38;17;14;7;50;26;24;;;;;Juventude;2; Juventude;65;38;18;11;9;42;31;11;;;;;Sport;2; Mirassol;67;38;19;10;9;42;26;16;;;;;;;;;;;;;;;;;;;;;;;;;;;;;;;;;;;;;Promovido(s);Fortaleza;3; Avaí;61;38;16;13;9;50;32;18;53;Estável;;;;Vice-campeão;Sport;;;;;;;;;;;;;;;;;;;;;;;;;;;
2008;São Paulo;;São Paulo;Santa Catarina;São Paulo;20;Uberlândia;Uberlândia;Minas Gerais;Estádio Municipal Parque do Sabiá;52.000;3;4; Londrina;9;8;3;3;2;9;8;1;;;;;61; Avaí;3;7;1;1;5;7;14;-7;;;8; Bangu;26;22;7;5;10;18;26;-8;;6;Mogi Mirim;12;7;3;2;23;8;15;24;;;8;Tuna Luso;17;6;5;6;20;21;?1;23;;;8; Paysandu;26;19;6;8;5;20;15;5;;;8; Santa Cruz;30;21;9;3;9;22;29;–7;;;;6; Caxias;26;17;6;8;3;29;26;;;8; Ceará;41;28;12;5;11;52;41;11;;;;;;;;;;;;Cuiabá;6; Sampaio Corrêa;57;38;17;6;15;50;38;12;;;;;;Avaí;6; Guarani;60;38;16;12;10;54;41;13;53;1;;;;;Vasco da Gama;3; Bahia;62;38;17;11;10;43;29;14;;;;;Vitória;3; Criciúma;64;38;19;7;12;45;33;12;;;;;Ceará;3; Sport;66;38;19;9;10;57;37;20;;;;;;;;;;;;;;;;;;;;;;;;;;;;;;;;;;;;;;CSA;4; Goiás;60;38;18;6;14;54;50;4;53;2;;;;Promovido(s);Bragantino;;;;;;;;;;;;;;Guarani 0–4 Paraná;;;;;;;;;;;;;
Detalhes;Corinthians;;Santo André;Avaí;Grêmio Barueri;;Ubiratan;Dourados;Mato Grosso do Sul;Estádio Fredis Saldivar;18.000;1;5; Juventude;8;8;2;4;2;7;5;2;;;;;62; Botafogo-BA;3;7;1;1;5;6;17;-11;;;9; Santa Cruz;26;16;7;5;4;23;12;11;;7;Remo;12;6;4;2;18;12;6;22;;;9;Ceará;11;6;3;2;10;10;0;21;Reached the Second phase;;9; Remo;20;12;6;2;4;17;14;3;Eliminados na segunda fase;;9; XV de Piracicaba;30;21;8;6;7;23;22;1;;;;7; Bangu;24;17;6;6;5;25;23;;;9; Joinville;41;26;11;8;7;39;26;13;;;;;;;;;;;Rebaixado(s);Figueirense;7; Ponte Preta;57;38;16;9;13;54;49;5;;;;;Rebaixado(s);Remo;7; CRB;60;38;16;12;10;47;39;8;53;2;;;;Rebaixado(s);CSA;4; Vasco da Gama;62;38;17;11;10;48;36;12;;;;Rebaixado(s);ABC;4; Atlético Goianiense;64;38;17;13;8;56;45;11;;;;Rebaixado(s);Ponte Preta;4; Ceará;64;38;19;7;12;59;41;18;;;;;;;;;;;;;;;;;;;2026;;;;;;;;;;;;;;;;;;;Avaí;5; Ponte Preta;60;38;16;12;10;42;30;12;53;1;;;;;Sport;;;;;;;;;;;;;;;;;;;;;;;;;;;
2009;Rio de Janeiro;;São Paulo;Ceará;Goiás;20;;;;;;;6; Avaí;7;8;3;1;4;5;6;?1;;;;;63; Guará;3;7;0;1;6;3;14;-11;;;10; Desportiva Ferroviária;26;16;6;8;2;23;17;6;;8;Moto Club;12;3;6;3;12;13;?1;15;;;10;Londrina;11;6;2;3;15;11;4;19[a];;;10; Vila Nova;18;13;5;3;5;17;16;1;;;10; Londrina;30;21;8;6;7;23;25;–2;;;;8; Avaí;24;17;5;9;3;27;21;;;10; Fortaleza;40;26;11;7;8;40;27;13;;;;;;;;;;;;Paraná;8; Operário-PR;57;38;15;12;11;40;34;6;;;;;;Vitória;8; Náutico;53;38;14;11;13;50;50;0;46;Estável;;;;;Operário-PR;5; Sampaio Corrêa;58;38;16;10;12;48;42;6;;;;;Londrina;5; Novorizontino;63;38;19;6;13;48;30;18;;;;;Ituano;5; Novorizontino;64;38;18;10;10;43;31;12;;;;2025;;Pos;Equipe;Pts;J;V;E;D;GP;GC;SG;Classificação ou descenso;;;Equipe;Cidade;Estado;Em 2025;Estádio (mando);Capacidade[13];Títulos;;;;;;;;;;;;;Goiás;6; Atlético Goianiense;59;38;16;11;11;57;51;6;52;Estável;;;;;Coritiba;Pos.;Equipes;P;J;V;E;D;GP;GC;SG;%;M;Classificação ou rebaixamento;;;;;;;;;;;;;;
Detalhes;Vasco da Gama;;Guarani;Ceará;Atlético Goianiense;;;;;;;;7; Novo Hamburgo;7;8;3;1;4;8;11;?3;;;;;64; Chapecoense;3;7;0;1;6;2;13;-11;;;11; Goiatuba;21;16;6;3;7;22;27;-5;;9;Santa Cruz;10;5;3;2;17;11;6;18;Reached the Second phase;;11;Paysandu;11;5;3;3;14;12;2;18;;;11; ABC;18;13;4;6;3;20;16;4;;;11; CRB;29;21;8;5;8;20;24;–4;;;;9; Joinville;22;17;5;7;5;19;17;;;11; São Raimundo-AM;38;26;11;5;10;36;37;-1;;;;;;;;;;;;Botafogo-SP;9; Avaí;55;38;16;7;15;45;49;?4;;;;;;Confiança;9; Vila Nova;51;38;12;15;11;35;36;–1;45;1;;;;;Brusque;6; Ituano;57;38;15;12;11;42;34;8;;;;;Sampaio Corrêa;6; Mirassol;63;38;18;9;11;42;31;11;;;;;Brusque;6; Goiás;63;38;18;9;11;56;32;24;;;;Colocações finais;;;v;;;;;;;;;;;;América Mineiro;Belo Horizonte; MG;14.º;Independência;23 018;2 (1997, 2017);;;;;;;;;;;;Rebaixado(s);Paysandu;7; Vila Nova;57;38;14;15;9;41;36;5;50;Estável;;;;;Atlético Goianiense;1; Bragantino;75;38;22;9;7;64;27;37;66;Estável;Promovidos à Série A de 2020;;;;;;;;;;;;;;
2010;Paraná;;Santa Catarina;Bahia;Minas Gerais;20;;;;;;;8; Brasil de Pelotas;4;8;1;2;5;8;13;?5;;;;;Estatísticas;;;;;;;;;;;;12; Americano;19;16;5;4;7;16;16;0;;10;XV de Piracicaba;10;4;3;3;14;10;4;15;;;12;Desportiva;11;4;3;4;7;8;?1;15;;;12; CRB;18;13;4;6;3;10;11;–1;;;12; Bragantino;29;21;8;5;8;23;31;–8;;;;10; America;21;17;5;6;6;18;20;;;12; América de Natal;38;26;9;11;6;32;30;2;;;;;;;;;;;;Oeste;10; CRB;52;38;15;7;16;48;47;1;;;;;;Brasil de Pelotas;10; Vasco da Gama;49;38;13;10;15;43;52;–9;43;1;;;;;Náutico;7; Sport;57;38;15;12;11;37;31;6;;;;;Tombense;7; Sport;63;38;17;12;9;59;40;19;;;;;Guarani;7; Operário-PR;58;38;16;10;12;34;32;2;;;;Campeão;Coritiba (3.º título);;d;;;;;;;;;;;;Athletic;São João del-Rei; MG;15.º;Arena Sicredi;6 324;0 (não possui);;;;;;;;;;;;;Sampaio Corrêa;8; Londrina;55;38;15;10;13;45;42;3;48;Estável;;;;Rebaixado(s);Londrina;2; Sport;68;38;17;17;4;49;29;20;60;Estável;;;;;;;;;;;;;;;
Detalhes;Coritiba;;Figueirense;Bahia;América Mineiro;;;;;;;;9; Cascavel EC;4;8;0;4;4;6;12;?6;;;;;Melhor marcador;Osmarzinho (Botafogo-RP) – 12 gols;;;;;;;;;;;13; Londrina;19;16;4;7;5;18;12;6;;11;Desportiva;10;4;3;3;14;12;2;15;;;13;Americano;11;4;3;4;11;14;?3;15;;;13; Santa Cruz[nota 1];17;13;4;5;4;10;12;–2;;;13; Remo;27;21;7;6;8;28;29;–1;;;;11; Americano;20;17;4;8;5;17;22;;;13; Vila Nova;37;26;12;1;13;43;44;-1;;;;;;;;;;;Estatísticas;;11; Cruzeiro[a];49;38;14;13;11;39;32;7;;;;;Estatísticas;;11; Ponte Preta;49;38;12;13;13;39;40;–1;43;3;;;;Estatísticas;;8; Criciúma;56;38;14;14;10;43;31;12;;;;Estatísticas;;8; Vila Nova;61;38;17;10;11;49;30;19;;;;Estatísticas;;8; América Mineiro;58;38;15;13;10;50;35;15;;;;Vice-campeão;Athletico Paranaense;;e;;;;;;;;;;;;Atlético Goianiense;Goiânia; GO;11.º;Antônio Accioly;12 500;1 (2016);;;;;;;;;;;;;Juventude;9; Guarani;54;38;14;12;12;44;39;5;47;Estável;;;;;São Bento;3; Coritiba;66;38;18;12;8;48;34;14;58;Estável;;;;;;;;;;;;;;;
2011;São Paulo;;Pernambuco;São Paulo;Pernambuco;20;;;;;;;;;;;;;;;;;;;;;;;;;;;;;;;;;14; Tuna Luso;18;16;5;3;8;19;22;-3;;12;Atlético-GO;10;4;2;4;13;14;?1;14;;;14;ABC;11;3;4;4;12;14;?2;13;;;14; Ceará;16;13;4;4;5;14;22;–8;;;14; ABC;27;21;6;9;6;28;29;–1;;;;12; União São João;20;17;3;11;3;20;21;;;14; Americano;37;26;11;4;11;32;36;-4;;;;;;;;;;;Melhor marcador;Caio Dantas (Sampaio Corrêa) – 17 gols;12; Brasil de Pelotas;49;38;11;16;11;31;33;?2;;;;;Melhor marcador;Edu (Brusque) – 17 gols;12; Operário-PR;48;38;13;9;16;35;46;–11;42;3;;;;Melhor marcador;Gabriel Poveda (Sampaio Corrêa) – 19 gols;9; Londrina;53;38;14;11;13;36;37;?1;;;;Melhor marcador;Gustavo Coutinho (Atlético-GO) – 14 gols;9; CRB;57;38;16;9;13;45;39;6;;;;Melhor marcador;Erick Pulga (Ceará) – 13 gols;9; Vila Nova;55;38;16;7;15;42;54;?12;;;;Promovido(s);Coritiba;1; Coritiba (C);68;38;19;11;8;39;23;16;Promoção à Série A de 2026;;;Avaí;Florianópolis; SC;9.º;Ressacada;17 800;0 (não possui);;;;;;;;;;;;;Boa Esporte;10; Coritiba;52;38;13;13;12;40;44;–4;46;Estável;;;;;Criciúma;4; Atlético Goianiense;62;38;15;17;6;44;29;15;54;1;;;;;;;;;;;;;;;
Detalhes;Portuguesa;;Náutico;Ponte Preta;Sport;;1987;;;;;;;;;;1988;;;;;;;;;;;;;;;;;;;;;;15; Novorizontino;15;16;4;3;9;15;19;-4;;13;Americano;10;3;3;4;13;12;1;12;;;15;XV de Piracicaba;11;3;3;5;13;18;?5;12;;;15; Tuna Luso;15;13;4;3;6;17;16;1;;;15; Joinville;26;21;8;2;11;22;25;–3;;;;13; XV de Piracicaba;19;17;5;4;8;21;27;;;15; Londrina;37;26;10;7;9;45;36;9;;;;;;;;;;;Melhor ataque;Ponte Preta – 54 gols;13; Guarani;48;38;13;9;16;41;48;?7;;;;;Melhor ataque;Botafogo – 56 gols;13; Brusque[nota 1];48;38;13;9;16;44;56;–12;42;2;;;;Melhor ataque;Cruzeiro – 57 gols;10; Guarani;51;38;13;12;13;33;36;?3;;;;Melhor ataque;Sport – 59 gols;10; Guarani;57;38;15;12;11;42;33;9;;;;Melhor ataque;Ceará – 59 gols;10; Avaí;53;38;14;11;13;34;32;2;;;;;Athletico Paranaense;2; Athletico Paranaense;65;38;19;8;11;53;43;10;;;;Botafogo-SP;Ribeirão Preto; SP;16.º;Santa Cruz;25 000;0 (não possui);;;;;;;;;;;;Estatísticas;;11; Brasil de Pelotas;50;38;13;11;14;36;35;1;44;Estável;;;;;Vila Nova;5; América Mineiro;61;38;17;10;11;42;34;8;53;1;;;;;;;;;;;;;;;
2012;Goiás;;Santa Catarina;Paraná;Bahia;20;Time;;PG;J;V;E;D;GP;GC;SG;Time;;PG;J;V;E;D;GP;GC;SG;;;;;;;;;;;;;16; América de Natal;15;16;4;3;9;10;21;-9;;14;Volta Redonda;10;3;3;4;12;12;0;12;;;16;Atlético-GO;10;2;3;5;9;13;?4;9;;;16; União São João;15;13;3;6;4;10;16;–6;;;16; Sampaio Corrêa;26;21;7;5;9;40;37;3;;;;14; Marcílio Dias;19;17;4;7;6;17;23;;;16; Bragantino;35;26;11;2;13;40;43;-3;;;;;;;;;;;Melhor defesa;Chapecoense – 21 gols;14; Vitória;48;38;11;15;12;45;45;0;;;;;Melhor defesa;31 gols:;14; Cruzeiro;48;38;10;18;10;42;44;–2;42;1;;;;Melhor defesa;26 gols:;11; CRB;50;38;13;11;14;35;43;?8;;;;Melhor defesa;30 gols:;11; Ceará;50;38;13;11;14;40;45;?5;;;;Melhor defesa;Mirassol – 26 gols;11; Amazonas;52;38;14;10;14;31;37;?6;;;;;Chapecoense;3; Chapecoense;62;38;18;8;12;52;35;17;;;;Ceará;Fortaleza; CE;17.º (Série A);Arena Castelão;63 903;0 (não possui);;;;;;;;;;;;Melhor marcador;Dagoberto (Londrina) – 17 gols;12; CRB;48;38;12;12;14;35;39;–4;42;2;;;;Estatísticas;;6; Paraná;56;38;14;14;10;34;33;1;49;1;;;;;;;;;;;;;;;
Detalhes;Goiás;;Criciúma;Athletico Paranaense;Vitória;;1; Americano;16;12;6;4;2;10;4;6;1; Internacional-SP;66;29;16;10;3;46;25;21;;;;;;;;;;;;;17; Moto Club;12;10;3;3;4;7;9;-2;;15;Joinville;10;3;2;5;15;14;1;11;;;17;Botafogo-SP;8;3;1;4;11;14;?3;10;;;17; Sampaio Corrêa[nota 1];14;10;4;2;4;5;9;–4;Eliminados na primeira fase;;17; União São João;26;21;6;8;7;28;25;3;Rebaixados à Série C de 2000;;;15; Bragantino;17;17;2;11;4;16;21;;;17; Anapolina;34;26;10;4;12;45;47;-2;;;;;;;;;;;Maiores goleadas;Ponte Preta 0–5 Chapecoense;15; Confiança;46;38;12;10;16;38;46;?8;;;;;;Botafogo;15; Sampaio Corrêa;47;38;12;11;15;41;42;–1;41;3;;;;;Cruzeiro;12; Ponte Preta;49;38;12;13;13;34;36;?2;;;;;Novorizontino;12; Botafogo-SP;47;38;12;11;15;25;42;?17;;;;;;12; Coritiba;50;38;14;8;16;41;44;?3;;;;;Remo;4; Remo;62;38;16;14;8;51;39;12;;;;CRB;Maceió; AL;8.º;Rei Pelé;17 126;0 (não possui);;;;;;;;;;;;Melhor ataque;Atlético Goianiense – 57 gols;13; São Bento;47;38;11;14;13;41;41;0;41;1;;;;Melhor marcador;Guilherme (Sport) – 17 gols[1];7; CRB;55;38;15;10;13;44;43;1;48;1;;;;;;;;;;;;;;;
2013;São Paulo;;Santa Catarina;Pernambuco;Santa Catarina;20;2; Uberlândia;14;12;6;2;4;14;8;6;2; Náutico;58;29;15;8;6;39;27;12;;;;;;;;;;;;;18; América-SP;11;10;2;5;3;10;9;1;;16;Tuna Luso;10;2;5;3;8;11;?3;11;;;18;Remo;8;2;2;4;8;8;0;8;;;18; Bahia;13;10;4;1;5;14;14;0;;;18; Criciúma;24;21;6;6;9;27;36;–9;;;;16; Brasil de Pelotas;15;17;4;3;10;17;25;;;18; XV de Piracicaba*;33;26;12;2;12;39;45;-6;;;;;;;;;;;(diferença);Estádio Moisés Lucarelli, Campinas;16; Náutico;44;38;10;14;14;35;42;?7;;;;;;Goiás;16; Londrina;44;38;11;11;16;31;41;–10;39;1;;;;;Grêmio;13; Vila Nova;47;38;9;20;9;28;31;?3;;;;;Vila Nova;13; Avaí;44;38;10;14;14;31;48;?17;;;;;;13; Paysandu;50;38;12;14;12;41;43;?2;;;;Rebaixado(s);Ferroviária;5; Criciúma;61;38;17;10;11;47;33;14;;;;Criciúma;Criciúma; SC;5.º;Heriberto Hülse;19 225;1 (2002);;;;;;;;;;;;Melhor defesa;Ponte Preta – 30 gols;14; Criciúma;47;38;11;14;13;45;49;–4;41;2;;;;Melhor ataque;Bragantino – 64 gols;8; Cuiabá;52;38;13;13;12;43;40;3;46;Estável;;;;;;;;;;;;;;;
Detalhes;Palmeiras;;Chapecoense;Sport;Figueirense;;3; Juventude;14;12;4;6;2;11;9;2;3; Ponte Preta;48;26;12;8;6;36;22;14;;;;;;;;;;;;;19; Náutico;11;10;2;5;3;8;8;0;;17;Gama;8;2;3;3;8;9;?1;9;;;19;Volta Redonda;8;2;2;4;10;11;?1;8;;;19; Fluminense;11;10;2;5;3;12;12;0;Rebaixados à Série C de 1999;;19; Paysandu;24;21;5;9;7;24;28;–4;;;;17; Villa Nova;15;17;3;6;8;18;27;;;19; Remo;32;26;9;5;12;33;39;-7;;;;;;;;;;;;20 de outubro, 17.ª rodada;17; Figueirense;39;38;9;12;17;35;49;?14;Rebaixamento à Série C de 2021;;;;Maior goleada;Náutico 5–0 Operário-PR;17; Remo;43;38;11;10;17;31;42;–11;38;1;Rebaixados à Série C de 2022;;;Maior goleada;Novorizontino 6–0 Náutico;14; Chapecoense;45;38;11;12;15;37;39;?2;;;;Maior goleada;CRB 6–0 Vitória;14; Ituano;42;38;9;15;14;33;38;?5;;;;;;14; Botafogo-SP;45;38;11;12;15;36;51;?15;;;;;Amazonas;6; Goiás;61;38;17;10;11;42;37;5;;;;Cuiabá;Cuiabá; MT;10.º;Arena Pantanal;44 097;0 (não possui);;;;;;;;;;;;Maior goleada;Brasil de Pelotas 5–0 Vila Nova;15; Figueirense;46;38;11;13;14;48;51;–3;40;2;;;;Melhor defesa;Bragantino – 27 gols;9; Botafogo-SP;50;38;13;11;14;38;38;0;44;Estável;;;;;;;;;;;;;;;
2014;Santa Catarina;;São Paulo;Rio de Janeiro;Santa Catarina;20;4; Ponte Preta;14;10;6;2;2;18;10;8;4; Americano;37;26;9;9;8;25;26;-1;;;;;;;;;;;;;20; CRB;9;10;2;3;5;11;20;-9;;18;Ponte Preta;8;2;3;3;13;17;?4;9;;;20;Santa Cruz;8;2;1;5;6;12;?6;7;;;20; Atlético Goianiense;10;10;2;4;4;8;10;–2;;;20; Tuna Luso;22;21;6;4;11;24;36;–12;;;;18; Londrina;9;17;2;3;12;8;32;;;20; Sampaio Corrêa;32;26;9;5;12;32;40;-8;;;;;;;;;;;;;18; Paraná;37;38;9;10;19;34;50;?16;;;;;(diferença);;18; Vitória;40;38;8;16;14;31;32;–1;35;Estável;;;;(diferença);Estádio Jorge Ismael de Biasi, Novo Horizonte;15; Tombense;45;38;10;15;13;38;47;?9;;;;(diferença);;15; Ponte Preta;42;38;9;15;14;24;35;?11;;;;;;15; Chapecoense;44;38;11;11;16;34;45;?11;;;;;Volta Redonda;7; Novorizontino;60;38;15;15;8;43;32;11;;;;Fortaleza;Fortaleza; CE;18.º (Série A);Arena Castelão;63 903;1 (2018);;;;;;;;;;;;(diferença);;16; Oeste;46;38;9;19;10;36;40;–4;40;1;;;;Maiores goleadas;América Mineiro 0–4 Figueirense;10; Operário-PR;50;38;13;11;14;32;41;–9;44;Estável;;;;;;;;;;;;;;;
Detalhes;Joinville;;Ponte Preta;Vasco da Gama;Avaí;;5; Botafogo;11;10;5;1;4;9;11;-2;5; Joinville;41;22;9;9;4;27;20;7;;;;;;;;;;;;;21; Ferroviária;9;10;2;3;5;4;16;-12;;19;Ceará;8;2;3;3;6;10;?4;9;;;21;Mogi Mirim;8;1;3;4;10;12;?2;6;Relegated to 1998 Série C;;21; Náutico;8;10;2;2;6;5;13;–8;;;21; América de Natal;22;21;6;4;11;25;31;–6;;;;;;;;;;;;;;;21; Malutrom;35;28;10;5;13;34;38;-4;;;;;;;;;;;;Juventude 5–0 Paraná;19; Botafogo-SP;34;38;8;10;20;26;39;?13;;;;;;;19; Confiança;37;38;9;10;19;35;48;–13;32;Estável;;;;;;16; Novorizontino;44;38;11;11;16;44;49;?5;;;;;;16; Chapecoense;40;38;9;13;16;38;43;?5;;;;;;16; CRB;43;38;11;10;17;38;45;?7;;;;;Paysandu;8; CRB;56;38;16;8;14;45;40;5;;;;Goiás;Goiânia; GO;6.º;Serrinha;14 525;2 (1999, 2012);;;;;;;;;;;;;;17; Paysandu;43;38;10;13;15;42;53;–11;38;Estável;Rebaixados à Série C de 2019;;;(diferença);Estádio Independência, Belo Horizonte;11; Ponte Preta;47;38;11;14;13;41;39;2;41;3;;;;;;;;;;;;;;;
2015;Rio de Janeiro;;Pernambuco;Bahia;Minas Gerais;20;6; Caxias;11;10;4;3;3;9;7;2;6; Caxias;37;22;10;5;7;31;24;7;;;;;;;;;;;;;22; Ponte Preta;5;10;1;2;7;6;15;-9;;20;CRB;8;2;2;4;10;10;0;8;;;22;Sergipe;8;1;3;4;9;12;?3;6;;;22; Juventus-SP;7;10;1;4;5;6;15;–9;;;22; Desportiva Ferroviária;9;21;2;3;16;12;33;–21;;;;;Classificado para a segunda fase do Módulo Amarelo;;;;;;;;;;22; Criciúma;34;28;9;7;12;38;41;-3;;;;;;;;;;;;Estádio Alfredo Jaconi, Caxias do Sul;20; Oeste;29;38;7;8;23;28;60;?32;;;;;;;20; Brasil de Pelotas;23;38;4;11;23;23;52;–29;20;;;;;;;17; CSA;42;38;9;15;14;29;37;?8;Rebaixamento à Série C de 2023;;;;;17; Sampaio Corrêa;39;38;8;15;15;31;43;?12;Rebaixamento à Série C de 2024;;;;;17; Ponte Preta;38;38;10;8;20;37;55;?18;Rebaixamento à Série C de 2025;;;Estatísticas;;9; Avaí;56;38;14;14;10;50;40;10;;;;Juventude;Caxias do Sul; RS;19.° (Série A);Alfredo Jaconi;19 924;1 (1994);;;;;;;;;;;;;;18; Sampaio Corrêa;38;38;10;8;20;32;47;–15;33;Estável;;;;;13 de julho, 9ª rodada;12; Vitória;45;38;11;12;15;42;48;–6;39;1;;;;;;;;;;;;;;;
Detalhes;Botafogo;;Santa Cruz;Vitória;América Mineiro;;7; Juventus;10;8;3;4;1;7;2;5;7; Valeriodoce;34;22;8;6;8;28;28;0;;;;;;;;;;;;;23; Barra do Garças[nota 1];8;10;2;2;6;8;17;-9;;21;Paysandu;8;2;2;4;10;12;?2;8;;;23;Moto Club;8;1;3;4;10;19;?9;6;;;23; Volta Redonda[nota 1];6;10;2;0;8;8;19;–11;;;Colocações finais;;;;;;;;;;;;;Grupo B;;;;;;;;;;;23; Tuna Luso;33;28;9;6;13;37;47;-10;Rebaixados à Série C de 2002;;;;;;;;;;;20 de novembro, 22.ª rodada;;;;;;;;;;;;;;;;;;;;;;;;;;;;;;;;;;18; Brusque;34;38;8;10;20;21;38;?17;;;;;;18; Tombense;37;38;9;10;19;37;50;?13;;;;;;18; Ituano;37;38;11;4;23;43;63;?20;;;;Melhor marcador;Pedro Rocha (Remo) – 15 gols;10; Cuiabá;54;38;14;12;12;43;44;?1;;;;Londrina;Londrina; PR;2.? (Série C);VGD;8 000;1 (1980);;;;;;;;;;;;;;19; Juventude;35;38;7;14;17;27;48;–21;31;Estável;;;;;;13; Guarani;44;38;12;8;18;27;37;–10;39;1;;;;;;;;;;;;;;;
2016;Goiás;;Santa Catarina;Rio de Janeiro;Bahia;20;8; Uberaba;9;8;3;3;2;4;4;0;8; Operário-MS;34;22;8;7;7;26;28;-2;;;;;;;;;;;;;24; Democrata GV;5;10;1;2;7;7;17;-10;;22;ABC;8;2;1;5;6;13;?7;7;;;24;Central;8;1;2;5;8;11;?3;5;;;24; Americano;6;10;1;3;6;8;23;–15;;;Campeão;Goiás;;;;;;;;;;;;Primeira Fase;;;;;;;;;;;24; Sergipe;32;28;8;9;11;39;44;-5;;;;;;;;;;;;;;;;;;;;;;;;;;;;;;;;;;;;;;;;;;;;;;19; Operário-PR;34;38;7;13;18;31;53;?22;;;;;;19; Londrina;31;38;7;10;21;31;58;?27;;;;;;19; Brusque;36;38;8;12;18;24;44;?20;;;;Melhor ataque;Athletico Paranaense – 53 gols;11; Atlético Goianiense;52;38;13;13;12;39;38;1;;;;Náutico;Recife; PE;3.º (Série C);Aflitos;22 856;0 (não possui);;;;;;;;;;;;;;20; Boa Esporte;30;38;7;9;22;26;49;–23;26;Estável;;;;;Bragantino 4–0 Operário-PR;14; Brasil de Pelotas;44;38;11;11;16;31;47;–16;39;1;;;;;;;;;;;;;;;
Detalhes;Atlético Goianiense;;Avaí;Vasco da Gama;Bahia;;9; Chapecoense;9;8;2;5;1;8;7;1;9; América-MG;27;16;7;4;5;17;10;10;;;;;;;;;;;;;Colocações finais;;;;;;;;;;;23;Goiatuba;8;1;3;4;6;10;?4;6;Relegated to 1997 Série C;;25;Goiatuba;8;0;2;6;2;8;?6;2;;;Colocações finais;;;;;;;;;;;;Vice-campeão;Santa Cruz;;;;;;;;;;;;Grupo B;;;;;;;;;;;25; Desportiva Ferroviária;29;26;8;5;13;26;48;-22;;;;;;;;;;;;Figueirense 2–7 Ponte Preta;;;;;;;;;;;;;;;;;;;;;;;;;;;;;;;;;;20; Náutico;30;38;8;6;24;32;65;?33;;;;;;20; ABC;28;38;5;13;20;28;51;?23;;;;;;20; Guarani;33;38;8;9;21;33;53;?20;;;;Melhor defesa;Coritiba – 23 gols;12; Operário-PR;48;38;12;12;14;40;44;?4;;;;Novorizontino;Novo Horizonte; SP;7.º;Jorjão;12 398;0 (não possui);;;;;;;;;;;;;;;;;;;;;;;;;;;;;;Estádio Nabi Abi Chedid, Bragança Paulista;15; Oeste;41;38;8;17;13;41;49;–8;36;Estável;;;;;;;;;;;;;;;
2017;Minas Gerais;;Rio Grande do Sul;Ceará;Paraná;20;10; Santa Cruz;9;8;2;5;1;6;5;1;10; Fluminense de Feira;24;14;5;6;3;12;8;4;;;;;;;;;;;;;Campeão;Atlético Paranaense[1];;;;;;;;;;24;Sergipe;8;1;2;5;6;17;?11;5;;;Promoted;América-MG;;;;;;;;;;;Campeão;Gama;;;;;;;;;;;Promovido(s);Goiás;;;;;;;;;;;;Pos;Times;Pts;J;V;E;D;GM;GS;;;26; ABC;29;26;7;8;11;33;41;-8;;;;;;;;;;;;Estádio Orlando Scarpelli, Florianópolis;;;;;;;;;;;;;;;;;;;;;;;;;;;;;;;;;;;;;;;;;;;;;;;;;;;;;;;;;;;;;;;;;;;;;;;;;;;;;Maior goleada;Avaí 5–0 Botafogo-SP;13; Vila Nova;47;38;11;14;13;40;44;?4;;;;Operário-PR;Ponta Grossa; PR;12.º;Germano Krüger;10 632;0 (não possui);;;;;;;;;;;;;;;;;;;;;;;;;;;;;;12 de agosto, 16ª rodada;16; Figueirense;41;38;7;20;11;31;38;–7;36;Estável;;;;;;;;;;;;;;;
Detalhes;América Mineiro;;Internacional;Ceará;Paraná;;11; Tupi;8;8;4;0;4;9;5;4;11; Botafogo-SP;22;16;5;5;6;15;15;0;;;;;;;;;;;;;Vice-campeão;Coritiba;;;;;;;;;;25;Central;8;1;1;6;9;16;?7;4;;;;Ponte Preta;;;;;;;;;;;Vice-campeão;Botafogo-SP;;;;;;;;;;;;Santa Cruz;;;;;;;;;;;;1; Fortaleza;35;17;10;5;2;38;25;;;27; Nacional-AM;25;26;6;7;13;30;48;-18;;;;;;;;;;;;;;;;;;;;;;;;;;;;;;;;;;;;;;;;;;;;;;;;;;;;;;;;;;;;;;;;;;;;;;;;;;;;;;;;;;;;;;;;;(diferença);Estádio da Ressacada, Florianó;14; América Mineiro;46;38;12;10;16;41;44;?3;;;;Ponte Preta;Campinas; SP;1.º (Série C);Moisés Lucarelli;17 728;0(não possui);;;;;;;;;;;;;;;;;;;;;;;;;;;;;;;17; Londrina;39;38;11;6;21;37;53;–16;34;Estável;Rebaixados para Série C de 2020;;;;;;;;;;;;;;
2018;Ceará;;Alagoas;Santa Catarina;Goiás;20;12; Corumbaense;7;8;3;1;4;10;12;-2;12; Avaí;21;16;5;5;6;18;16;2;;;;;;;;;;;;;Promovido(s);Atlético Paranaense;;;;;;;;;;Promoted;União São João;;;;;;;;;;;Relegated;Mogi Mirim;;;;;;;;;;;Promovido(s);Gama;;;;;;;;;;;Rebaixado(s);União São João;;;;;;;;;;;;2; São Raimundo-AM;30;17;9;3;5;32;24;;;28; Serra;24;26;6;6;14;33;49;-16;;;;;;;;;;;;;;;;;;;;;;;;;;;;;;;;;;;;;;;;;;;;;;;;;;;;;;;;;;;;;;;;;;;;;;;;;;;;;;;;;;;;;;;;;;;15; Athletic;44;38;12;8;18;43;53;?10;;;;São Bernardo;São Bernardo do Campo; SP;4.º (Série C);1º de Maio;13 440;0 (não possui);;;;;;;;;;;;;;;;;;;;;;;;;;;;;;Cuiabá 5–1 CRB;18; São Bento;39;38;10;9;19;46;54;–8;34;Estável;;;;;;;;;;;;;;;
Detalhes;Fortaleza;;CSA;Avaí;Goiás;;13; Avaí;7;6;2;3;1;4;3;1;13; Atlético Goianiense;21;16;6;3;7;23;23;0;;;;;;;;;;;;;;Coritiba;;;;;;;;;;;América-RN;;;;;;;;;;;;Sergipe;;;;;;;;;;;;Botafogo-SP;;;;;;;;;;;;Criciúma;;;;;;;;;;;;3; Sampaio Corrêa;30;17;9;3;5;23;24;;;Colocações finais;;;;;;;;;;;;;;;;;;;;;;;;;;;;;;;;;;;;;;;;;;;;;;;;;;;;;;;;;;;;;;;;;;;;;;;;;;;;;;;;;;;;;;;;;;;;;;;;;;;;16; Botafogo-SP;42;38;10;12;16;32;52;?20;;;;Sport;Recife; PE;20.º (Série A);Ilha do Retiro;26 418;1 (1990);;;;;;;;;;;;;;;;;;;;;;;;;;;;;;Arena Pantanal, Cuiabá;19; Criciúma;39;38;8;15;15;30;38;–8;34;Estável;;;;;;;;;;;;;;;
2019;São Paulo;;Pernambuco;Paraná;Goiás;20;14; Santo André;6;6;2;2;2;2;3;-1;14; Catuense;19;16;4;5;7;19;23;4;;;;;;;;;;;;;Rebaixado(s);Barra do Garças;;;;;;;;;;Top goalscorer;Maurício (Santa Cruz) - 13 goals;;;;;;;;;;;;Moto Club;;;;;;;;;;;Rebaixado(s);Fluminense;;;;;;;;;;;;Paysandu;;;;;;;;;;;;4; Náutico;28;17;8;4;5;22;16;;;Campeão;Paysandu;;;;;;;;;;;;;;;;;;;;;;;;;;;;;;;;;;;;;;;;;;;;;;;;;;;;;;;;;;;;;;;;;;;;;;;;;;;;;;;;;;;;;;;;;;;;;;;;;;;17; Ferroviária;40;38;8;16;14;43;52;?9;Rebaixamento à Série C de 2026;;;Vila Nova;Goiânia; GO;13.º;OBA;11 788;0 (não possui);;;;;;;;;;;;;;;;;;;;;;;;;;;;;;5 de novembro, 32ª rodada;20; Vila Nova;39;38;7;18;13;27;40;–13;34;Estável;;;;;;;;;;;;;;;
Detalhes;Bragantino;;Sport;Coritiba;Atlético Goianiense;;15; América;5;6;2;1;3;4;6;-2;15; Juventude;15;16;3;3;10;8;21;-13;;;;;;;;;;;;;;Democrata GV;;;;;;;;;;Biggest home win;Volta Redonda 5-0 Londrina (August 28, 1996);;;;;;;;;;;;Central;;;;;;;;;;;;Atlético Goianiense;;;;;;;;;;;;Tuna Luso;;;;;;;;;;;;5; Paysandu;28;17;8;4;5;22;17;;;Vice-campeão;Figueirense;;;;;;;;;;;;;;;;;;;;;;;;;;;;;;;;;;;;;;;;;;;;;;;;;;;;;;;;;;;;;;;;;;;;;;;;;;;;;;;;;;;;;;;;;;;;;;;;;;;18; Amazonas;36;38;8;12;18;38;55;?17;;;;;;;;;;;;;;;;;;;;;;;;;;;;;;;;;;;;;;;;;;;;;;;;;;;;;;;;;;;;;;;;;;;
2020;Santa Catarina;;Minas Gerais;Rio Grande do Sul;Mato Grosso;20;16; Desportiva;5;6;1;3;2;5;4;1;16; Ceará;11;10;2;3;5;6;12;-6;;;;;;;;;;;;;Estatísticas;;;;;;;;;;;Biggest away win;Ponte Preta 0-4 Mogi Mirim (August 18, 1996);;;;;;;;;;;;Goiatuba;;;;;;;;;;;;Náutico;;;;;;;;;;;;América de Natal;;;;;;;;;;;;6; Anapolina;28;17;7;7;3;24;14;;;Promovido(s);Paysandu;;;;;;;;;;;;;;;;;;;;;;;;;;;;;;;;;;;;;;;;;;;;;;;;;;;;;;;;;;;;;;;;;;;;;;;;;;;;;;;;;;;;;;;;;;;;;;;;;;;19; Volta Redonda;36;38;8;12;18;26;43;?17;;;;;;;;;;;;;;;;;;;;;;;;;;;;;;;;;;;;;;;;Oeste 0–4 Atlético Goianiense;;;;;;;;;;;;;;;;;;;;;;;;;;;
Detalhes;Chapecoense;;América Mineiro;Juventude;Cuiabá;;17; Anapolina;5;6;1;3;2;3;5;-2;17; Grêmio Maringá;14;10;3;3;4;7;13;-6;;;;;;;;;;;;;Melhor marcador;Oséas (Atlético Paranaense) (14 gols);;;;;;;;;;Highest scoring;Joinville 5-3 Atlético-GO (September 22, 1996);;;;;;;;;;;Top goalscorer;Tupãzinho (América;;;;;;;;;;;;Juventus-SP;;;;;;;;;;;;Desportiva Ferroviária;;;;;;;;;;;;7; Remo;26;17;7;5;5;23;21;;;;Figueirense;;;;;;;;;;;;;;;;;;;;;;;;;;;;;;;;;;;;;;;;;;;;;;;;;;;;;;;;;;;;;;;;;;;;;;;;;;;;;;;;;;;;;;;;;;;;;;;;;;;20; Paysandu;28;38;5;13;20;36;52;?16;;;;;;;;;;;;;;;;;;;;;;;;;;;;;;;;;;;;;;;;Arena Barueri, Barueri;;;;;;;;;;;;;;;;;;;;;;;;;;;
2021;Rio de Janeiro;;Goiás;Paraná;Santa Catarina;20;18; Goytacaz;4;6;2;0;4;5;8;-3;18; Londrina;12;10;3;2;5;8;13;-5;;;;;;;;;;;;;;;;;;;;;;;;;Mogi Mirim 5-3 Ponte Preta (September 8, 1996);;;;;;;;;;;;;;;;;;;;;;;;Volta Redonda;;;;;;;;;;;;;;;;;;;;;;;;8; CRB;26;17;6;8;3;25;19;;;Rebaixado(s);Tuna Luso;;;;;;;;;;;;;;;;;;;;;;;;;;;;;;;;;;;;;;;;;;;;;;;;;;;;;;;;;;;;;;;;;;;;;;;;;;;;;;;;;;;;;;;;;;;;;;;;;;;;;;;;;;;;;;;;;;;;;;;;;;;;;;;;;;;;;;;;;;;;;;;;;;;;12 de novembro, 35ª rodada;;;;;;;;;;;;;;;;;;;;;;;;;;;
Detalhes;Botafogo;;Goiás;Coritiba;Avaí;;19; Estrela do Norte;4;6;2;0;4;2;9;-7;19; Juventus;12;10;2;4;4;9;9;0;;;;;;;;;;;;;;;;;;;;;;;;;;;;;;;;;;;;;;;;;;;;;;;;;Americano;;;;;;;;;;;;;;;;;;;;;;;;9; Serra;25;17;7;4;6;26;22;;;;Sergipe;;;;;;;;;;;;;;;;;;;;;;;;;;;;;;;;;;;;;;;;;;;;;;;;;;;;;;;;;;;;;;;;;;;;;;;;;;;;;;;;;;;;;;;;;;;;;;;;;;;;;;;;;;;;;;;;;;;;;;;;;;;;;;;;;;;;;;;;;;;;;;;;;;;;;;;;;;;;;;;;;;;;;;;;;;;;;;;
2022;Minas Gerais;;Rio Grande do Sul;Bahia;Rio de Janeiro;20;20; Pinheiros;4;5;1;2;2;5;4;1;20; Central;11;10;1;5;4;3;8;-5;;;;;;;;;;;;;;;;;;;;;;;;;;;;;;;;;;;;;;;;;;;;;;;;Estatísticas;;;;;;;;;;;;;;;;;;;;;;;;;10; ABC;23;17;6;5;6;26;24;;;;Desportiva Ferroviária;;;;;;;;;;;;;;;;;;;;;;;;;;;;;;;;;;;;;;;;;;;;;;;;;;;;;;;;;;;;;;;;;;;;;;;;;;;;;;;;;;;;;;;;;;;;;;;;;;;;;;;;;;;;;;;;;;;;;;;;;;;;;;;;;;;;;;;;;;;;;;;;;;;;Ponte Preta 4–0 Brasil de Pelotas;;;;;;;;;;;;;;;;;;;;;;;;;;;
Detalhes;Cruzeiro;;Grêmio;Bahia;Vasco da Gama;;21; Brasília;4;6;1;2;3;5;10;-5;21; Pelotas;10;10;2;3;5;8;12;-4;;;;;;;;;;;;;;;;;;;;;;;;;;;;;;;;;;;;;;;;;;;;;;;;Melhor marcador;Gauchinho (XV de Piracicaba) – 13 g;;;;;;;;;;;;;;;;;;;;;;;;11; River;22;17;6;4;7;23;23;;;;ABC;;;;;;;;;;;;;;;;;;;;;;;;;;;;;;;;;;;;;;;;;;;;;;;;;;;;;;;;;;;;;;;;;;;;;;;;;;;;;;;;;;;;;;;;;;;;;;;;;;;;;;;;;;;;;;;;;;;;;;;;;;;;;;;;;;;;;;;;;;;;;;;;;;;;;;;;;;;;;;;;;;;;;;;;;;;;;;;
2023;Bahia;;Rio Grande do Sul;Santa Catarina;Goiás;20;22; Londrina;3;6;1;1;4;4;9;-5;22; Treze;8;10;1;4;5;7;12;-7;;;;;;;;;;;;;;;;;;;;;;;;;;;;;;;;;;;;;;;;;;;;;;;;;;;;;;;;;;;;;;;;;;;;;;;;;12; América de Natal;21;17;5;6;6;24;23;;;;Nacional-AM;;;;;;;;;;;;;;;;;;;;;;;;;;;;;;;;;;;;;;;;;;;;;;;;;;;;;;;;;;;;;;;;;;;;;;;;;;;;;;;;;;;;;;;;;;;;;;;;;;;;;;;;;;;;;;;;;;;;;;;;;;;;;;;;;;;;;;;;;;;;;;;;;;;;;;;;;;;;;;;;;;;;;;;;;;;;;;;
Detalhes;Vitória;;Juventude;Criciúma;Atlético Goianiense;;23; Itumbiara;3;6;0;3;3;0;4;-4;23; Uberlândia;8;10;1;3;6;9;15;-6;;;;;;;;;;;;;;;;;;;;;;;;;;;;;;;;;;;;;;;;;;;;;;;;;;;;;;;;;;;;;;;;;;;;;;;;;13; Ceará;21;17;5;6;6;20;19;;;;Serra;;;;;;;;;;;;;;;;;;;;;;;;;;;;;;;;;;;;;;;;;;;;;;;;;;;;;;;;;;;;;;;;;;;;;;;;;;;;;;;;;;;;;;;;;;;;;;;;;;;;;;;;;;;;;;;;;;;;;;;;;;;;;;;;;;;;;;;;;;;;;;;;;;;;;;;;;;;;;;;;;;;;;;;;;;;;;;;
2024;São Paulo;;São Paulo;Pernambuco;Ceará;20;24; Esportivo;2;5;0;2;3;3;8;-5;24; Rio Branco-ES;7;10;1;2;7;6;23;-17;;;;;;;;;;;;;;;;;;;;;;;;;;;;;;;;;;;;;;;;;;;;;;;;;;;;;;;;;;;;;;;;;;;;;;;;;14; CSA;20;17;6;2;9;22;29;;;Estatísticas;;;;;;;;;;;;;;;;;;;;;;;;;;;;;;;;;;;;;;;;;;;;;;;;;;;;;;;;;;;;;;;;;;;;;;;;;;;;;;;;;;;;;;;;;;;;;;;;;;;;;;;;;;;;;;;;;;;;;;;;;;;;;;;;;;;;;;;;;;;;;;;;;;;;;;;;;;;;;;;;;;;;;;;;;;;;;;;;
Detalhes;Santos;;Mirassol;Sport;Ceará;;Colocações finais;;;;;;;;;;;;;;;;;;;;;;;;;;;;;;;;;;;;;;;;;;;;;;;;;;;;;;;;;;;;;;;;;;;;;;;;;;;;;;;;;;;;;;;;;;;;15; Nacional-AM;19;17;5;4;8;34;37;;;Melhor marcador;Sérgio Alves (Ceará) – 21 gols;;;;;;;;;;;;;;;;;;;;;;;;;;;;;;;;;;;;;;;;;;;;;;;;;;;;;;;;;;;;;;;;;;;;;;;;;;;;;;;;;;;;;;;;;;;;;;;;;;;;;;;;;;;;;;;;;;;;;;;;;;;;;;;;;;;;;;;;;;;;;;;;;;;;;;;;;;;;;;;;;;;;;;;;;;;;;;;
2025;Paraná;;Paraná;Santa Catarina;Pará;20;Campeão; Americano;1989;;;;;;;;;;;;;;;;;;;;;;;;;;;;;;;;;;;;;;;;;;;;;;;;;;;;;;;;;;;;;;;;;;;;;;;;;;;;;;;;;;;;;;;;;;16; Desportiva;16;17;5;1;11;19;42;;;;;;;;;;;;;;;;;;;;;;;;;;;;;;;;;;;;;;;;;;;;;;;;;;;;;;;;;;;;;;;;;;;;;;;;;;;;;;;;;;;;;;;;;;;;;;;;;;;;;;;;;;;;;;;;;;;;;;;;;;;;;;;;;;;;;;;;;;;;;;;;;;;;;;;;;;;;;;;;;;;;;;;;;;;;;;;;;;;
Detalhes;Coritiba;;Athletico Paranaense;Chapecoense;Remo;;Vice-campeão; Uberlândia;Primeira Fase;;;;;;;;;;;;1990;;;;;;;;;;;1991;;;;;;;;;;;1992;;;;;;;;;;;;;1994;;;;;;;;;;;;;;;;;;;;;;;;;;;;;;;;;;;;;;;;;;;17; Vila Nova;11;17;2;5;10;20;25;;;;;;;;;;;;;;;;;;;;;;;;;;;;;;;;;;;;;;;;;;;;;;;;;;;;;;;;;;;;;;;;;;;;;;;;;;;;;;;;;;;;;;;;;;;;;;;;;;;;;;;;;;;;;;;;;;;;;;;;;;;;;;;;;;;;;;;;;;;;;;;;;;;;;;;;;;;;;;;;;;;;;;;;;;;;;;;;;;;
;;;;;;;Estatísticas;;Grupo A;;;;;;;;;;;;Time;;PG;J;V;E;D;GP;GC;SG;;Jogos do Grupo 1[Expandir];;;;;;;;;;;Pos;Team;Pld;W;D;L;GF;GA;GD;Pts;Promotion;;;Time;;PG;J;V;E;D;GP;GC;SG;;;;;;;;;;;;;;;;;;;;;;;;;;;;;;;;;;18; Atlético Bandeirante;9;17;1;6;10;16;35;;;;;;;;;;;;;;;;;;;;;;;;;;;;;;;;;;;;;;;;;;;;;;;;;;;;;;;;;;;;;;;;;;;;;;;;;;;;;;;;;;;;;;;;;;;;;;;;;;;;;;;;;;;;;;;;;;;;;;;;;;;;;;;;;;;;;;;;;;;;;;;;;;;;;;;;;;;;;;;;;;;;;;;;;;;;;;;;;;;
;;;;;;;Melhor marcador;Marcio Luís e Nílson(ambos da Ponte Preta) - 5 gols;;;;;;;;;;;;;1; Sport Recife;36;24;7;15;2;22;14;8;;Clube;;PG;J;V;E;D;GP;GC;SG;;1; Santa Cruz;14;6;7;1;18;6;12;19;Promoted to Série A and Qualified to Second phase.;;;1; Juventude;27;20;11;5;4;36;23;13;;;;;;;;;;;;;;;;;;;;;;;;;;;;;;;;;;Segunda Fase;;;;;;;;;;;;;;;;;;;;;;;;;;;;;;;;;;;;;;;;;;;;;;;;;;;;;;;;;;;;;;;;;;;;;;;;;;;;;;;;;;;;;;;;;;;;;;;;;;;;;;;;;;;;;;;;;;;;;;;;;;;;;;;;;;;;;;;;;;;;;;;;;;;;;;;;;;;;;;;;;;;;;;;;;;;;;;;;;;;;;;;;;;;
;;;;;;;Melhor ataque (fase inicial);Ponte Preta (18 gols feitos);Pos;Equipe;Pts;J;V;E;D;GP;GC;SG;Classificação ou descenso;;2; Atlético Paranaense;34;24;7;13;4;22;12;10;;1; Sampaio Corrêa;23;14;11;1;2;18;6;12;;2; Ceará;14;5;7;2;11;10;1;17;;;;2; Goiás;27;20;11;5;4;29;17;12;;;;;;;;;;;;;;;;;;;;;;;;;;;;;;;;;;;;;;;;;;;;;;;;;;;;;;;;;;;;;;;;;;;;;;;;;;;;;;;;;;;;;;;;;;;;;;;;;;;;;;;;;;;;;;;;;;;;;;;;;;;;;;;;;;;;;;;;;;;;;;;;;;;;;;;;;;;;;;;;;;;;;;;;;;;;;;;;;;;;;;;;;;;;;;;;;;;;;;;;;;;;;;;;;;;;;;;;;;;;;
;;;;;;;Melhor defesa (fase inicial);Juventus (2 gols s;1; Rio Branco;18;10;6;0;4;11;10;1;Classificado;;3; Guarani;36;22;10;6;6;29;17;12;;2; Paysandu;21;14;9;3;2;24;11;13;;3; Fortaleza;14;6;4;4;15;11;4;16;;;;3; Desportiva Ferroviária;25;18;10;5;3;19;10;9;;;;;;;;;;;;;;;;;;;;;;;;;;;;;;;;;;;Oitavas de final;;;;;;Quartas de final;;;;;Semifinais;;;;;Final;;;;;;;;;;;;;;;;;;;;;;;;;;;;;;;;;;;;;;;;;;;;;;;;;;;;;;;;;;;;;;;;;;;;;;;;;;;;;;;;;;;;;;;;;;;;;;;;;;;;;;;;;;;;;;;;;;;;;;;;;;;;;;;;;;;;;;;;;;;;;;;;;;;;;;;;;;;;;;;;;;;;;;;;;;
;;;;;;;;;2; Rio Negro;17;10;5;2;3;9;3;6;;;4; Catuense;36;22;10;6;6;27;21;6;;3; Remo;19;14;8;3;3;18;7;11;;4; Campinense;14;5;5;4;12;14;?2;15;;;;4; Americano;19;18;7;5;6;15;13;2;;;;;;;;;;;;;;;;;;;;;;;;;;;;;;;;;;;  ;;;;;;  ;;;;;  ;;;;;  ;;;;;;;;;;;;;;;;;;;;;;;;;;;;;;;;;;;;;;;;;;;;;;;;;;;;;;;;;;;;;;;;;;;;;;;;;;;;;;;;;;;;;;;;;;;;;;;;;;;;;;;;;;;;;;;;;;;;;;;;;;;;;;;;;;;;;;;;;;;;;;;;;;;;;;;;;;;;;;;;;;;;;;;;;;
;;;;;;;;;3; Nacional;15;10;4;3;3;9;5;4;;;5; Operário Ferroviário;35;22;9;8;5;27;22;5;;4; Tuna Luso;16;14;6;4;4;13;12;1;;5; Picos;14;3;8;3;10;14;?4;14;;;;5; América de Natal;20;16;7;6;3;23;17;6;;;;;;;;;;;;;;;;;;;;;;;;;;;;;;;;;;;;;;;;;;;;;;;;;;;;;;;;;;;;;;;;;;;;;;;;;;;;;;;;;;;;;;;;;;;;;;;;;;;;;;;;;;;;;;;;;;;;;;;;;;;;;;;;;;;;;;;;;;;;;;;;;;;;;;;;;;;;;;;;;;;;;;;;;;;;;;;;;;;;;;;;;;;;;;;;;;;;;;;;;;;;;;;;;;;;;;;;;;;;;
;;;;;;;;;4; Dom Bosco;15;10;5;0;5;13;11;2;;;6; Juventude;35;22;9;8;5;18;15;4;;5; Maranhão;9;14;4;1;9;15;20;-5;;6; CSA;14;6;1;7;16;14;2;13;;;;6; Atlético Paranaense;19;16;8;3;5;22;19;3;;;;;;;;;;;;;;;;;;;;;;;;;;;;;;;;;;;1;  Caxias;2;1;;;;;;;;;;;;;;;;;;;;;;;;;;;;;;;;;;;;;;;;;;;;;;;;;;;;;;;;;;;;;;;;;;;;;;;;;;;;;;;;;;;;;;;;;;;;;;;;;;;;;;;;;;;;;;;;;;;;;;;;;;;;;;;;;;;;;;;;;;;;;;;;;;;;;;;;;;;;;;;;;;;;;;;;;;;;;;;;;;;;;;;
;;;;;;;;;5; Mixto;12;10;4;0;6;9;13;?4;;;7; Criciúma;34;22;9;7;6;23;15;8;;6; Independência;9;14;2;5;7;9;19;-10;;7; ABC;14;3;4;7;10;16;?6;10;;;;7; Mogi Mirim;18;16;6;6;4;19;15;4;;;;;;;;;;;;;;;;;;;;;;;;;;;;;;;;;;;16;  Sampaio Corrêa;0;1;;;;;;;;;;;;;;;;;;;;;;;;;;;;;;;;;;;;;;;;;;;;;;;;;;;;;;;;;;;;;;;;;;;;;;;;;;;;;;;;;;;;;;;;;;;;;;;;;;;;;;;;;;;;;;;;;;;;;;;;;;;;;;;;;;;;;;;;;;;;;;;;;;;;;;;;;;;;;;;;;;;;;;;;;;;;;;;;;;;;;;;
;;;;;;;;;6; Princesa do Solimões;10;10;3;1;6;12;21;?9;;;8; Moto Club;25;22;6;7;9;17;21;-4;;7; Rio Branco-AC;8;14;1;6;7;7;19;-12;;8; Central;14;3;2;9;12;19;?7;8;;;;8; Sergipe;17;16;8;1;7;19;17;2;;;;;;;;;;;;;;;;;;;;;;;;;;;;;;;;;;;;;;;;;  Remo;1;3;;;;;;;;;;;;;;;;;;;;;;;;;;;;;;;;;;;;;;;;;;;;;;;;;;;;;;;;;;;;;;;;;;;;;;;;;;;;;;;;;;;;;;;;;;;;;;;;;;;;;;;;;;;;;;;;;;;;;;;;;;;;;;;;;;;;;;;;;;;;;;;;;;;;;;;;;;;;;;;;;;;;;;;;;;;;;;;;;;
;;;;;;;;;;;;;;;;;;;;;9; Juventus;25;16;8;1;7;13;15;-2;;8; Rio Negro-AM;7;14;2;3;9;11;21;-11;;;;;;;;;;;;;;;9; Ponte Preta;17;16;7;3;6;22;24;-2;;;;;;;;;;;;;;;;;;;;;;;;;;;;;;;;;;;;;;;;;;;;;;;;;;;;;;;;;;;;;;;;;;;;;;;;;;;;;;;;;;;;;;;;;;;;;;;;;;;;;;;;;;;;;;;;;;;;;;;;;;;;;;;;;;;;;;;;;;;;;;;;;;;;;;;;;;;;;;;;;;;;;;;;;;;;;;;;;;;;;;;;;;;;;;;;;;;;;;;;;;;;;;;;;;;;;;;;;;;;;
;;;;;;;;;Atualizado até os jogos disputados em October 29, 1989. Fonte: [2];;;;;;;;;;;;10; Botafogo-SP;23;16;6;5;5;18;9;9;;;;;;;;;;;;;Source: [citation needed];;;;;;;;;;;;;10; Ceará;17;16;6;5;5;29;21;8;;;;;;;;;;;;;;;;;;;;;;;;;;;;;;;;;;;;;;;;;  Caxias;2;0;;;;;;;;;;;;;;;;;;;;;;;;;;;;;;;;;;;;;;;;;;;;;;;;;;;;;;;;;;;;;;;;;;;;;;;;;;;;;;;;;;;;;;;;;;;;;;;;;;;;;;;;;;;;;;;;;;;;;;;;;;;;;;;;;;;;;;;;;;;;;;;;;;;;;;;;;;;;;;;;;;;;;;;;;;;;;;;;;;
;;;;;;;;;Grupo B;;;;;;;;;;;;11; XV de Novembro;23;16;6;5;5;18;20;-2;;;;;;;;;;;;;Group 2;;;;;;;;;;;;;11; Londrina;15;16;5;5;6;23;24;-1;;;;;;;;;;;;;;;;;;;;;;;;;;;;;;;;;;;8;  Remo;4;1;;;;;;;;;;;;;;;;;;;;;;;;;;;;;;;;;;;;;;;;;;;;;;;;;;;;;;;;;;;;;;;;;;;;;;;;;;;;;;;;;;;;;;;;;;;;;;;;;;;;;;;;;;;;;;;;;;;;;;;;;;;;;;;;;;;;;;;;;;;;;;;;;;;;;;;;;;;;;;;;;;;;;;;;;;;;;;;;;;;;;;;
;;;;;;;;;;;;;;;;;;;;;12; Blumenau;20;16;4;8;4;10;9;-1;;Jogos do Grupo 2[Expandir];;;;;;;;;;;;;;;;;;;;;;;;12; Moto Club;15;16;5;5;6;18;24;-6;;;;;;;;;;;;;;;;;;;;;;;;;;;;;;;;;;;;;;;;;;;;;;;;;;;;;;;;;;;;;;;;;;;;;;;;;;;;;;;;;;;;;;;;;;;;;;;;;;;;;;;;;;;;;;;;;;;;;;;;;;;;;;;;;;;;;;;;;;;;;;;;;;;;;;;;;;;;;;;;;;;;;;;;;;;;;;;;;;;;;;;;;;;;;;;;;;;;;;;;;;;;;;;;;;;;;;;;;;;;;
;;;;;;;;;Pos;Equipe;Pts;J;V;E;D;GP;GC;SG;Classificação ou descenso;;13; Itaperuna;20;16;4;8;4;14;15;-1;;Clube;;PG;J;V;E;D;GP;GC;SG;;Pos;Team;Pld;W;D;L;GF;GA;GD;Pts;Promotion;;;13; Tuna Luso;14;16;6;2;8;18;22;-4;;;;;;;;;;;;;;;;;;;;;;;;;;;;;;;;;;;9;  Figueirense;1;2;;;;;;;;;;;;;;;;;;;;;;;;;;;;;;;;;;;;;;;;;;;;;;;;;;;;;;;;;;;;;;;;;;;;;;;;;;;;;;;;;;;;;;;;;;;;;;;;;;;;;;;;;;;;;;;;;;;;;;;;;;;;;;;;;;;;;;;;;;;;;;;;;;;;;;;;;;;;;;;;;;;;;;;;;;;;;;;;;;;;;;;
;;;;;;;;;1; Anapolina;13;10;6;1;3;15;10;5;Classificado;;14; Ceará;21;16;6;3;7;11;14;-3;;1; Ceará;19;14;6;7;1;14;4;10;;1; Remo;14;9;1;4;30;12;18;19;Promoted to Série A and Qualified to Second phase.;;;14; Coritiba;14;16;5;4;7;20;20;0;;;;;;;;;;;;;;;;;;;;;;;;;;;;;;;;;;;;;;;;;;;;;;  Paraná;0;2;;;;;;;;;;;;;;;;;;;;;;;;;;;;;;;;;;;;;;;;;;;;;;;;;;;;;;;;;;;;;;;;;;;;;;;;;;;;;;;;;;;;;;;;;;;;;;;;;;;;;;;;;;;;;;;;;;;;;;;;;;;;;;;;;;;;;;;;;;;;;;;;;;;;;;;;;;;;;;;;;;;;;;;;;;;;;
;;;;;;;;;2; Ceilândia;12;10;5;2;3;11;9;2;;;15; Clube do Remo;19;16;4;7;5;14;12;2;;2; ABC;18;14;4;10;0;20;10;10;;2; Vitória;14;6;5;3;18;9;9;17;;;;15; Goiatuba;13;16;5;3;8;16;20;-4;;;;;;;;;;;;;;;;;;;;;;;;;;;;;;;;;;;;;;;;;;;;;;;;;;;;;;;;;;;;;;;;;;;;;;;;;;;;;;;;;;;;;;;;;;;;;;;;;;;;;;;;;;;;;;;;;;;;;;;;;;;;;;;;;;;;;;;;;;;;;;;;;;;;;;;;;;;;;;;;;;;;;;;;;;;;;;;;;;;;;;;;;;;;;;;;;;;;;;;;;;;;;;;;;;;;;;;;;;;;;
;;;;;;;;;3; Sobradinho;9;10;4;1;5;11;16;?5;;;16; Grêmio Maringá;17;16;4;5;7;12;18;-6;;3; Fortaleza;17;14;5;7;2;17;11;6;;3; Desportiva Ferroviária;14;7;3;4;16;16;0;16[a];;;;16; Santa Cruz;12;16;3;6;7;17;24;-7;;;;;;;;;;;;;;;;;;;;;;;;;;;;;;;;;;;;;;;;;;;;;;  Remo;0;1;;;;;;;;;;;;;;;;;;;;;;;;;;;;;;;;;;;;;;;;;;;;;;;;;;;;;;;;;;;;;;;;;;;;;;;;;;;;;;;;;;;;;;;;;;;;;;;;;;;;;;;;;;;;;;;;;;;;;;;;;;;;;;;;;;;;;;;;;;;;;;;;;;;;;;;;;;;;;;;;;;;;;;;;;;;;;
;;;;;;;;;4; Vila Nova;9;10;3;3;4;12;11;1;;;17; Santa Cruz;12;10;2;6;2;8;9;-1;;4; América de Natal;15;14;4;7;3;16;17;-1;;4; Anapolina;14;6;3;5;15;16;?1;15;;;;17; Central;10;10;3;4;3;18;16;2;;;;;;;;;;;;;;;;;;;;;;;;;;;;;;;;;;;5;  Paraná;1;2;;;;;;;;;;;;;;;;;;;;;;;;;;;;;;;;;;;;;;;;;;;;;;;;;;;;;;;;;;;;;;;;;;;;;;;;;;;;;;;;;;;;;;;;;;;;;;;;;;;;;;;;;;;;;;;;;;;;;;;;;;;;;;;;;;;;;;;;;;;;;;;;;;;;;;;;;;;;;;;;;;;;;;;;;;;;;;;;;;;;;;;
;;;;;;;;;5; Taguatinga;9;10;3;3;4;12;13;?1;;;18; Joinville;11;10;2;5;3;8;8;0;;5; Auto Esporte-PI;14;14;7;0;7;18;19;-1;;5; Confiança;14;5;3;6;12;17;?5;13;;;;18; Democrata GV;9;10;1;7;2;6;7;-1;;;;;;;;;;;;;;;;;;;;;;;;;;;;;;;;;;;;;;;;;;;;;;;;;;;;;;;;;;;;;;;;;;;;;;;;;;;;;;;;;;;;;;;;;;;;;;;;;;;;;;;;;;;;;;;;;;;;;;;;;;;;;;;;;;;;;;;;;;;;;;;;;;;;;;;;;;;;;;;;;;;;;;;;;;;;;;;;;;;;;;;;;;;;;;;;;;;;;;;;;;;;;;;;;;;;;;;;;;;;;
;;;;;;;;;6; Atlético;8;10;3;2;5;11;13;?2;;;19; Rio Branco-AC;10;10;2;4;4;7;15;-8;;6; Ferroviário;12;14;3;6;5;10;11;-1;;6; Itaperuna;14;4;5;5;18;23;?5;13;;;;19; América-SP;8;10;3;2;5;9;11;-2;;;;;;;;;;;;;;;;;;;;;;;;;;;;;;;;;;;12;  Anápolina;0;0;;;;;;;;;;;;;;;;;;;;;;;;;;;;;;;;;;;;;;;;;;;;;;;;;;;;;;;;;;;;;;;;;;;;;;;;;;;;;;;;;;;;;;;;;;;;;;;;;;;;;;;;;;;;;;;;;;;;;;;;;;;;;;;;;;;;;;;;;;;;;;;;;;;;;;;;;;;;;;;;;;;;;;;;;;;;;;;;;;;;;;;
;;;;;;;;;;;;;;;;;;;;;20; Central;8;10;1;5;4;4;8;-4;;7; Parnahyba;9;14;2;5;7;13;18;-5;;7; Americano;14;4;4;6;15;17;?2;12;;;;20; Barra do Garças;8;10;3;2;5;7;12;-5;;;;;;;;;;;;;;;;;;;;;;;;;;;;;;;;;;;;;;;;;  Paraná;3;2;;;;;;;;;;;;;;;;;;;;;;;;;;;;;;;;;;;;;;;;;;;;;;;;;;;;;;;;;;;;;;;;;;;;;;;;;;;;;;;;;;;;;;;;;;;;;;;;;;;;;;;;;;;;;;;;;;;;;;;;;;;;;;;;;;;;;;;;;;;;;;;;;;;;;;;;;;;;;;;;;;;;;;;;;;;;;;;;;;
;;;;;;;;;Atualizado até os jogos disputados em October 29, 1989. Fonte: [3];;;;;;;;;;;;21; Anapolina;8;10;1;5;4;9;15;-6;;8; Moto Club;8;14;2;4;8;15;23;-8;;8; Taguatinga;14;1;4;9;14;28;?14;6;;;;21; Bangu;7;10;2;3;5;10;12;-2;;;;;;;;;;;;;;;;;;;;;;;;;;;;;;;;;;;;;;;;;;;;;;;;;;;;;;;;;;;;;;;;;;;;;;;;;;;;;;;;;;;;;;;;;;;;;;;;;;;;;;;;;;;;;;;;;;;;;;;;;;;;;;;;;;;;;;;;;;;;;;;;;;;;;;;;;;;;;;;;;;;;;;;;;;;;;;;;;;;;;;;;;;;;;;;;;;;;;;;;;;;;;;;;;;;;;;;;;;;;;
;;;;;;;;;Grupo C;;;;;;;;;;;;22; Coritiba;8;10;2;2;6;6;14;-8;;;;;;;;;;;;;;;;;;;;;;;;;;22; CRB;6;10;2;2;6;9;12;-3;;;;;;;;;;;;;;;;;;;;;;;;;;;;;;;;;;;;;;;;;  Bangu;0;1;;;;;;;;;;;;;;;;;;;;;;;;;;;;;;;;;;;;;;;;;;;;;;;;;;;;;;;;;;;;;;;;;;;;;;;;;;;;;;;;;;;;;;;;;;;;;;;;;;;;;;;;;;;;;;;;;;;;;;;;;;;;;;;;;;;;;;;;;;;;;;;;;;;;;;;;;;;;;;;;;;;;;;;;;;;;;;;;;;
;;;;;;;;;;;;;;;;;;;;;23; Americano;8;10;2;2;6;4;13;-9;;;;;;;;;;;;;Source: [citation needed];;;;;;;;;;;;;23; Fortaleza;6;10;1;4;5;9;19;-10;;;;;;;;;;;;;;;;;;;;;;;;;;;;;;;;;;;4;  Bangu;2;2;;;;;;;;;;;;;;;;;;;;;;;;;;;;;;;;;;;;;;;;;;;;;;;;;;;;;;;;;;;;;;;;;;;;;;;;;;;;;;;;;;;;;;;;;;;;;;;;;;;;;;;;;;;;;;;;;;;;;;;;;;;;;;;;;;;;;;;;;;;;;;;;;;;;;;;;;;;;;;;;;;;;;;;;;;;;;;;;;;;;;;;
;;;;;;;;;Pos;Equipe;Pts;J;V;E;D;GP;GC;SG;Classificação ou descenso;;24; Treze;6;10;1;3;6;4;14;-10;;Jogos do Grupo 3[Expandir];;;;;;;;;;;Notes:;;;;;;;;;;;;;24; Tiradentes-DF;5;10;2;1;7;6;20;-14;;;;;;;;;;;;;;;;;;;;;;;;;;;;;;;;;;;;;;;;;;;;;;;;;;;;;;;;;;;;;;;;;;;;;;;;;;;;;;;;;;;;;;;;;;;;;;;;;;;;;;;;;;;;;;;;;;;;;;;;;;;;;;;;;;;;;;;;;;;;;;;;;;;;;;;;;;;;;;;;;;;;;;;;;;;;;;;;;;;;;;;;;;;;;;;;;;;;;;;;;;;;;;;;;;;;;;;;;;;;;
;;;;;;;;;1; Moto Clube;14;10;5;4;1;17;7;10;Classificado;;;;;;;;;;;;;Clube;;PG;J;V;E;D;GP;GC;SG;;;;;;;;;;;;;;;Colocações finais;;;;;;;;;;;;;;;;;;;;;;;;;;;;;;;;;;;;;;;;;;;;13;  São Raimundo-AM;1;2;;;;;;;;;;;;;;;;;;;;;;;;;;;;;;;;;;;;;;;;;;;;;;;;;;;;;;;;;;;;;;;;;;;;;;;;;;;;;;;;;;;;;;;;;;;;;;;;;;;;;;;;;;;;;;;;;;;;;;;;;;;;;;;;;;;;;;;;;;;;;;;;;;;;;;;;;;;;;;;;;;;;;;;;;;;;;;;;;;;;;;;
;;;;;;;;;2; Remo;13;10;5;3;2;11;7;4;;;;;;;;;;;;;;1; Santa Cruz;21;14;8;5;1;22;6;16;;a.  1 point deducted?;;;;;;;;;;;;;Campeão;Juventude;;;;;;;;;;;;;;;;;;;;;;;;;;;;;;;;;;;;;;;;;;;;;;;;;;;;;;  Paraná;1;3;;;;;;;;;;;;;;;;;;;;;;;;;;;;;;;;;;;;;;;;;;;;;;;;;;;;;;;;;;;;;;;;;;;;;;;;;;;;;;;;;;;;;;;;;;;;;;;;;;;;;;;;;;;;;;;;;;;;;;;;;;;;;;;;;;;;;;;;;;;;;;;;;;;;;;;;;;;;;;;;;;;;;;;;;;;;;
;;;;;;;;;3; Paysandu;12;10;4;4;2;10;6;4;;;;;;;;;;;;;;2; CSA;17;14;6;5;3;13;8;5;;Group 3;;;;;;;;;;;;;Vice-campeão;Goiás;;;;;;;;;;;;;;;;;;;;;;;;;;;;;;;;;;;;;;;;;;;;;;;;;;;;;;;;;;;;;;;;;;;;;;;;;;;;;;;;;;;;;;;;;;;;;;;;;;;;;;;;;;;;;;;;;;;;;;;;;;;;;;;;;;;;;;;;;;;;;;;;;;;;;;;;;;;;;;;;;;;;;;;;;;;;;;;;;;;;;;;;;;;;;;;;;;;;;;;;;;;;;;;;;;;;;;;;;;;;;;;;;;;;;
;;;;;;;;;4; Maranhão;8;10;2;4;4;11;17;?6;;;;;;;;;;;;;;3; Central;16;14;4;8;2;10;7;3;;;;;;;;;;;;;;;Promovido(s);Juventude;;;;;;;;;;;;;;;;;;;;;;;;;;;;;;;;;;;;;;;;;;;;;;;;;;;;;;  São Caetano;1;1;;;;;;;;;;;;;;;;;;;;;;;;;;;;;;;;;;;;;;;;;;;;;;;;;;;;;;;;;;;;;;;;;;;;;;;;;;;;;;;;;;;;;;;;;;;;;;;;;;;;;;;;;;;;;;;;;;;;;;;;;;;;;;;;;;;;;;;;;;;;;;;;;;;;;;;;;;;;;;;;;;;;;;;;;;;;;
;;;;;;;;;5; Sampaio Corrêa;7;10;2;3;5;6;13;?7;;;;;;;;;;;;;;4; Auto Esporte-PB;14;14;3;8;3;13;11;2;;Pos;Team;Pld;W;D;L;GF;GA;GD;Pts;Promotion;;;;Goiás;;;;;;;;;;;;;;;;;;;;;;;;;;;;;;;;;;;;;;;;;;;2;  Náutico;2;0;;;;;;;;;;;;;;;;;;;;;;;;;;;;;;;;;;;;;;;;;;;;;;;;;;;;;;;;;;;;;;;;;;;;;;;;;;;;;;;;;;;;;;;;;;;;;;;;;;;;;;;;;;;;;;;;;;;;;;;;;;;;;;;;;;;;;;;;;;;;;;;;;;;;;;;;;;;;;;;;;;;;;;;;;;;;;;;;;;;;;;;
;;;;;;;;;6; Tuna Luso;6;10;1;4;5;7;12;?5;;;;;;;;;;;;;;5; Estudantes;13;14;4;5;5;11;16;-5;;1; Criciúma;14;7;2;5;15;9;6;16;Promoted to Série A and Qualified to Second phase.;;;Rebaixado(s);Fortaleza;;;;;;;;;;;;;;;;;;;;;;;;;;;;;;;;;;;;;;;;;;;;;;;;;;;;;;;;;;;;;;;;;;;;;;;;;;;;;;;;;;;;;;;;;;;;;;;;;;;;;;;;;;;;;;;;;;;;;;;;;;;;;;;;;;;;;;;;;;;;;;;;;;;;;;;;;;;;;;;;;;;;;;;;;;;;;;;;;;;;;;;;;;;;;;;;;;;;;;;;;;;;;;;;;;;;;;;;;;;;;;;;;;;;;
;;;;;;;;;;;;;;;;;;;;;;;;;;;;;;;;6; Treze;12;14;3;6;5;10;12;-2;;2; Coritiba;14;6;4;4;11;9;2;16;;;;;Tiradentes-DF;;;;;;;;;;;;;;;;;;;;;;;;;;;;;;;;;;;;;;;;;;;15;  Criciúma;1;0;;;;;;;;;;;;;;;;;;;;;;;;;;;;;;;;;;;;;;;;;;;;;;;;;;;;;;;;;;;;;;;;;;;;;;;;;;;;;;;;;;;;;;;;;;;;;;;;;;;;;;;;;;;;;;;;;;;;;;;;;;;;;;;;;;;;;;;;;;;;;;;;;;;;;;;;;;;;;;;;;;;;;;;;;;;;;;;;;;;;;;;
;;;;;;;;;Atualizado até os jogos disputados em October 29, 1989. Fonte: [4];;;;;;;;;;;;;;;;;;;;;;;7; CRB;11;14;2;7;5;10;20;-10;;3; União São João;14;5;4;5;12;10;2;14;;;;Estatísticas;;;;;;;;;;;;;;;;;;;;;;;;;;;;;;;;;;;;;;;;;;;;;;;;;;  São Caetano;0;6;;;;;;;;;;;;;;;;;;;;;;;;;;;;;;;;;;;;;;;;;;;;;;;;;;;;;;;;;;;;;;;;;;;;;;;;;;;;;;;;;;;;;;;;;;;;;;;;;;;;;;;;;;;;;;;;;;;;;;;;;;;;;;;;;;;;;;;;;;;;;;;;;;;;;;;;;;;;;;;;;;;;;;;;;;;;;;;;;;
;;;;;;;;;Grupo D;;;;;;;;;;;;;;;;;;;;;;;8; América-PE;8;14;1;6;7;4;13;-9;;4; Juventus;14;5;4;5;11;9;2;14;;;;Melhor marcador;Baltazar (Goiás);;;;;;;;;;;;;;;;;;;;;;;;;;;;;;;;;;;;;;;;;;;;;;;;;;;;;;;;;;;;;;;;;;;;;;;;;;;;;;;;;;;;;;;;;;;;;;;;;;;;;;;;;;;;;;;;;;;;;;;;;;;;;;;;;;;;;;;;;;;;;;;;;;;;;;;;;;;;;;;;;;;;;;;;;;;;;;;;;;;;;;;;;;;;;;;;;;;;;;;;;;;;;;;;;;;;;;;;;;;;;;;;;;;;;
;;;;;;;;;;;;;;;;;;;;;;;;;;;;;;;;;;;;;;;;;;;5; Botafogo-SP;14;5;4;5;10;10;0;14;;;;;Mário (Juventude) (11 gols);;;;;;;;;;;;;;;;;;;;;;;;;;;;;;;;;;;;;;;;;;;;;;;;;  Náutico;1;2;;;;;;;;;;;;;;;;;;;;;;;;;;;;;;;;;;;;;;;;;;;;;;;;;;;;;;;;;;;;;;;;;;;;;;;;;;;;;;;;;;;;;;;;;;;;;;;;;;;;;;;;;;;;;;;;;;;;;;;;;;;;;;;;;;;;;;;;;;;;;;;;;;;;;;;;;;;;;;;;;;;;;;;;;;;;;;;;;;
;;;;;;;;;Pos;Equipe;Pts;J;V;E;D;GP;GC;SG;Classificação ou descenso;;;;;;;;;;;;;;;;;;;;;;;;6; Noroeste;14;5;3;6;13;20;?7;13;;;;;;;;;;;;;;;;;;;;;;;;;;;;;;;;;;;;;;;;;;;;;;;;7;  São Caetano;1;4;;;;;;;;;;;;;;;;;;;;;;;;;;;;;;;;;;;;;;;;;;;;;;;;;;;;;;;;;;;;;;;;;;;;;;;;;;;;;;;;;;;;;;;;;;;;;;;;;;;;;;;;;;;;;;;;;;;;;;;;;;;;;;;;;;;;;;;;;;;;;;;;;;;;;;;;;;;;;;;;;;;;;;;;;;;;;;;;;;;;;;;
;;;;;;;;;1; Fortaleza;13;10;4;5;1;9;5;4;Classificado;;;;;;;;;;;;;Jogos do Grupo 4[Expandir];;;;;;;;;;;7; Bangu;14;4;5;5;9;9;0;13;;;;;;;;;;;;;;;;;;;;;;;;;;;;;;;;;;;;;;;;;;;;;;;;;;;;;;;;;;;;;;;;;;;;;;;;;;;;;;;;;;;;;;;;;;;;;;;;;;;;;;;;;;;;;;;;;;;;;;;;;;;;;;;;;;;;;;;;;;;;;;;;;;;;;;;;;;;;;;;;;;;;;;;;;;;;;;;;;;;;;;;;;;;;;;;;;;;;;;;;;;;;;;;;;;;;;;;;;;;;;;;;;;;;;;;;;;
;;;;;;;;;2; Ceará;12;10;4;4;2;9;6;3;;;;;;;;;;;;;;Clube;;PG;J;V;E;D;GP;GC;SG;;8; Joinville;14;4;4;6;6;11;?5;12;;;;;;;;;;;;;;;;;;;;;;;;;;;;;;;;;;;;;;;;;;;;;;;;10;  CRB;1;1;;;;;;;;;;;;;;;;;;;;;;;;;;;;;;;;;;;;;;;;;;;;;;;;;;;;;;;;;;;;;;;;;;;;;;;;;;;;;;;;;;;;;;;;;;;;;;;;;;;;;;;;;;;;;;;;;;;;;;;;;;;;;;;;;;;;;;;;;;;;;;;;;;;;;;;;;;;;;;;;;;;;;;;;;;;;;;;;;;;;;;;
;;;;;;;;;3; Flamengo;12;10;4;4;2;11;10;1;;;;;;;;;;;;;;1; Americano;19;14;8;3;3;17;9;8;;;;;;;;;;;;;;;;;;;;;;;;;;;;;;;;;;;;;;;;;;;;;;;;;;;;;;;;;;;;;;;;;;;;;;  São Caetano;1;5;;;;;;;;;;;;;;;;;;;;;;;;;;;;;;;;;;;;;;;;;;;;;;;;;;;;;;;;;;;;;;;;;;;;;;;;;;;;;;;;;;;;;;;;;;;;;;;;;;;;;;;;;;;;;;;;;;;;;;;;;;;;;;;;;;;;;;;;;;;;;;;;;;;;;;;;;;;;;;;;;;;;;;;;;;;;;
;;;;;;;;;4; River;11;10;4;3;3;8;8;0;;;;;;;;;;;;;;2; Desportiva Ferroviária;19;14;8;3;3;21;20;1;;Source: [citation needed];;;;;;;;;;;;;;;;;;;;;;;;;;;;;;;;;;;;;;;;;;;;;;;;;;;;;;;;;;;;;;;;;;;;;;;;;;;;;;;;;;;;;;;;;;;;;;;;;;;;;;;;;;;;;;;;;;;;;;;;;;;;;;;;;;;;;;;;;;;;;;;;;;;;;;;;;;;;;;;;;;;;;;;;;;;;;;;;;;;;;;;;;;;;;;;;;;;;;;;;;;;;;;;;;;;;;;;;;;;;;;;;;;;;;;;;;;;;;;;;;;;
;;;;;;;;;5; Ferroviário;8;10;3;2;5;9;10;?1;;;;;;;;;;;;;;3; Itaperuna;14;14;6;2;6;14;13;1;;Group 4;;;;;;;;;;;;;;;;;;;;;;;;;;;;;;;;;;;;;;;;;;;;;;;;;;;;;;;;;;;;;;;;;;;;  Paysandu;1;4;;;;;;;;;;;;;;;;;;;;;;;;;;;;;;;;;;;;;;;;;;;;;;;;;;;;;;;;;;;;;;;;;;;;;;;;;;;;;;;;;;;;;;;;;;;;;;;;;;;;;;;;;;;;;;;;;;;;;;;;;;;;;;;;;;;;;;;;;;;;;;;;;;;;;;;;;;;;;;;;;;;;;;;;;;;;;
;;;;;;;;;6; 4 de Julho;4;10;1;2;7;10;17;?7;;;;;;;;;;;;;;4; Catuense;14;14;5;4;5;18;14;4;;;;;;;;;;;;;;;;;;;;;;;;;;;;;;;;;;;;;;;;;;;;;;;;;;;;;;;;;;;6;  Paysandu;3;1;;;;;;;;;;;;;;;;;;;;;;;;;;;;;;;;;;;;;;;;;;;;;;;;;;;;;;;;;;;;;;;;;;;;;;;;;;;;;;;;;;;;;;;;;;;;;;;;;;;;;;;;;;;;;;;;;;;;;;;;;;;;;;;;;;;;;;;;;;;;;;;;;;;;;;;;;;;;;;;;;;;;;;;;;;;;;;;;;;;;;;;
;;;;;;;;;;;;;;;;;;;;;;;;;;;;;;;;5; Colatina;14;14;5;4;5;17;19;-2;;Pos;Team;Pld;W;D;L;GF;GA;GD;Pts;Promotion;;;;;;;;;;;;;;;;;;;;;;;;;;;;;;;;;;;;;;;;;;;;;;;;;;;;;;;;;;;;;;;;;;;;;;;;;;;;;;;;;;;;;;;;;;;;;;;;;;;;;;;;;;;;;;;;;;;;;;;;;;;;;;;;;;;;;;;;;;;;;;;;;;;;;;;;;;;;;;;;;;;;;;;;;;;;;;;;;;;;;;;;;;;;;;;;;;;;;;;;;;;;;;;;;;;;;;;;;;;;;;;;;;;;;;;;;
;;;;;;;;;Atualizado até os jogos disputados em October 29, 1989. Fonte: [5];;;;;;;;;;;;;;;;;;;;;;;6; America;11;14;3;5;6;13;15;-2;;1; América-MG;14;6;6;2;12;5;7;18;Promoted to Série A and Qualified to Second phase.;;;;;;;;;;;;;;;;;;;;;;;;;;;;;;;;;;;;;;;;;;;;;;;11;  Botafogo-SP;0;2;;;;;;;;;;;;;;;;;;;;;;;;;;;;;;;;;;;;;;;;;;;;;;;;;;;;;;;;;;;;;;;;;;;;;;;;;;;;;;;;;;;;;;;;;;;;;;;;;;;;;;;;;;;;;;;;;;;;;;;;;;;;;;;;;;;;;;;;;;;;;;;;;;;;;;;;;;;;;;;;;;;;;;;;;;;;;;;;;;;;;;;
;;;;;;;;;Grupo E;;;;;;;;;;;;;;;;;;;;;;;7; Fluminense de Feira;11;14;3;5;6;14;20;-6;;2; Paraná;14;5;8;1;17;10;7;18;;;;;;;;;;;;;;;;;;;;;;;;;;;;;;;;;;;;;;;;;;;;;;;;;;;;;;  Paysandu;1;1;;;;;;;;;;;;;;;;;;;;;;;;;;;;;;;;;;;;;;;;;;;;;;;;;;;;;;;;;;;;;;;;;;;;;;;;;;;;;;;;;;;;;;;;;;;;;;;;;;;;;;;;;;;;;;;;;;;;;;;;;;;;;;;;;;;;;;;;;;;;;;;;;;;;;;;;;;;;;;;;;;;;;;;;;;;;;;;;;;
;;;;;;;;;;;;;;;;;;;;;;;;;;;;;;;;8; Confiança;10;14;2;6;6;11;15;-4;;3; Grêmio;14;6;5;3;22;13;9;17;;;;;;;;;;;;;;;;;;;;;;;;;;;;;;;;;;;;;;;;;;;;;;;;;;;;;;;;;;;;;;;;;;;;;;;;;;;;;;;;;;;;;;;;;;;;;;;;;;;;;;;;;;;;;;;;;;;;;;;;;;;;;;;;;;;;;;;;;;;;;;;;;;;;;;;;;;;;;;;;;;;;;;;;;;;;;;;;;;;;;;;;;;;;;;;;;;;;;;;;;;;;;;;;;;;;;;;;;;;;;;;;;;;;;;;;;;
;;;;;;;;;Pos;Equipe;Pts;J;V;E;D;GP;GC;SG;Classificação ou descenso;;;;;;;;;;;;;;;;;;;;;;;;4; São José;14;6;4;4;22;13;9;16;;;;;;;;;;;;;;;;;;;;;;;;;;;;;;;;;;;;;;;;;;;;;;;;;;;;;;  Fortaleza;0;0;;;;;;;;;;;;;;;;;;;;;;;;;;;;;;;;;;;;;;;;;;;;;;;;;;;;;;;;;;;;;;;;;;;;;;;;;;;;;;;;;;;;;;;;;;;;;;;;;;;;;;;;;;;;;;;;;;;;;;;;;;;;;;;;;;;;;;;;;;;;;;;;;;;;;;;;;;;;;;;;;;;;;;;;;;;;;;;;;;
;;;;;;;;;1; ABC;14;10;5;4;1;10;4;6;Classificado;;;;;;;;;;;;;;;;;;;;;;;;5; Ponte Preta;14;5;6;3;15;13;2;16;;;;;;;;;;;;;;;;;;;;;;;;;;;;;;;;;;;;;;;;;;;;;;;;3;  Fortaleza;2;1;;;;;;;;;;;;;;;;;;;;;;;;;;;;;;;;;;;;;;;;;;;;;;;;;;;;;;;;;;;;;;;;;;;;;;;;;;;;;;;;;;;;;;;;;;;;;;;;;;;;;;;;;;;;;;;;;;;;;;;;;;;;;;;;;;;;;;;;;;;;;;;;;;;;;;;;;;;;;;;;;;;;;;;;;;;;;;;;;;;;;;;
;;;;;;;;;2; Treze;12;10;3;6;1;12;6;6;;;;;;;;;;;;;;Jogos do Grupo 5[Expandir];;;;;;;;;;;6; Londrina;14;5;3;6;15;16;?1;13;;;;;;;;;;;;;;;;;;;;;;;;;;;;;;;;;;;;;;;;;;;;;;;;;;;;;;;;;;;;;;;;;;;;;;;;;;;;;;;;;;;;;;;;;;;;;;;;;;;;;;;;;;;;;;;;;;;;;;;;;;;;;;;;;;;;;;;;;;;;;;;;;;;;;;;;;;;;;;;;;;;;;;;;;;;;;;;;;;;;;;;;;;;;;;;;;;;;;;;;;;;;;;;;;;;;;;;;;;;;;;;;;;;;;;;;;;
;;;;;;;;;3; América;11;10;4;3;3;13;11;2;;;;;;;;;;;;;;Clube;;PG;J;V;E;D;GP;GC;SG;;7; Operário-MS;14;2;6;6;13;19;?6;10;;;;;;;;;;;;;;;;;;;;;;;;;;;;;;;;;;;;;;;;;;;;;;;;14;  Avaí;0;2;;;;;;;;;;;;;;;;;;;;;;;;;;;;;;;;;;;;;;;;;;;;;;;;;;;;;;;;;;;;;;;;;;;;;;;;;;;;;;;;;;;;;;;;;;;;;;;;;;;;;;;;;;;;;;;;;;;;;;;;;;;;;;;;;;;;;;;;;;;;;;;;;;;;;;;;;;;;;;;;;;;;;;;;;;;;;;;;;;;;;;;
;;;;;;;;;4; Nacional-PB;10;10;4;2;4;11;13;?2;;;;;;;;;;;;;;1; GE Novorizontino;19;14;7;5;2;26;12;14;;8; Operário-MT;14;1;2;11;11;38;?27;4;;;;;;;;;;;;;;;;;;;;;;;;;;;;;;;;;;;;;;;;;;;;;;;;;;;;;;;;;;;;;;;;;;;;;;;;;;;;;;;;;;;;;;;;;;;;;;;;;;;;;;;;;;;;;;;;;;;;;;;;;;;;;;;;;;;;;;;;;;;;;;;;;;;;;;;;;;;;;;;;;;;;;;;;;;;;;;;;;;;;;;;;;;;;;;;;;;;;;;;;;;;;;;;;;;;;;;;;;;;;;;;;;;;;;;;;;;
;;;;;;;;;5; Botafogo;7;10;3;1;6;9;14;?5;;;;;;;;;;;;;;2; Guarani;18;14;6;6;2;19;11;8;;;;;;;;;;;;;;;;;;;;;;;;;;;;;;;;;;;;;;;;;;;;;;;;;;;;;;;;;;;;;;;;;;;;;;;;;;;;;;;;;;;;;;;;;;;;;;;;;;;;;;;;;;;;;;;;;;;;;;;;;;;;;;;;;;;;;;;;;;;;;;;;;;;;;;;;;;;;;;;;;;;;;;;;;;;;;;;;;;;;;;;;;;;;;;;;;;;;;;;;;;;;;;;;;;;;;;;;;;;;;;;;;;;;;;;;;;;;;;;;;;;;;
;;;;;;;;;6; Baraúnas;6;10;1;4;5;4;11;?7;;;;;;;;;;;;;;3; Anapolina;17;14;5;7;2;17;16;1;;Source: [citation needed];;;;;;;;;;;;;;;;;;;;;;;;;;;;;;;;;;;;;;;;;;;;;;;;;;;;;;;;;;;;;;;;;;;;;;;;;;;;;;;;;;;;;;;;;;;;;;;;;;;;;;;;;;;;;;;;;;;;;;;;;;;;;;;;;;;;;;;;;;;;;;;;;;;;;;;;;;;;;;;;;;;;;;;;;;;;;;;;;;;;;;;;;;;;;;;;;;;;;;;;;;;;;;;;;;;;;;;;;;;;;;;;;;;;;;;;;;;;;;;;;;;
;;;;;;;;;;;;;;;;;;;;;;;;;;;;;;;;4; Goiânia;13;14;3;7;4;20;20;0;;Second phase;;;;;;;;;;;;;;;;;;;;;;;;;;;;;;;;;;;;;;;;;;;;;;;;;;;;;;;;;;;;;;;;;;;;;;;;;;;;;;;;;;;;;;;;;;;;;;;;;;;;;;;;;;;;;;;;;;;;;;;;;;;;;;;;;;;;;;;;;;;;;;;;;;;;;;;;;;;;;;;;;;;;;;;;;;;;;;;;;;;;;;;;;;;;;;;;;;;;;;;;;;;;;;;;;;;;;;;;;;;;;;;;;;;;;;;;;;;;;;;;;;;
;;;;;;;;;Atualizado até os jogos disputados em October 29, 1989. Fonte: [6];;;;;;;;;;;;;;;;;;;;;;;5; Gama;12;14;4;4;6;18;20;-2;;Originally, the 2nd phase would be disputed in knockout style. The teams would be matched according to their record in the first phase, so the matches would be:;;;;;;;;;;;;;;;;;;;;;;;;;;;;;;;;;;;;;;;;;;;;;;;;;;;;;;;;;;;;;;;;;;;;;;;;;;;;;;;;;;;;;;;;;;;;;;;;;;;;;;;;;;;;;;;;;;;;;;;;;;;;;;;;;;;;;;;;;;;;;;;;;;;;;;;;;;;;;;;;;;;;;;;;;;;;;;;;;;;;;;;;;;;;;;;;;;;;;;;;;;;;;;;;;;;;;;;;;;;;;;;;;;;;;;;;;;;;;;;;;;;
;;;;;;;;;Grupo F;;;;;;;;;;;;;;;;;;;;;;;6; Taguatinga;12;14;4;4;6;14;22;-8;;;;;;;;;;;;;;;;;;;;;;;;;;;;;;;;;;;;;;;;;;;;;;;;;;;;;;;;;;;;;;;;;;;;;;;;;;;;;;;;;;;;;;;;;;;;;;;;;;;;;;;;;;;;;;;;;;;;;;;;;;;;;;;;;;;;;;;;;;;;;;;;;;;;;;;;;;;;;;;;;;;;;;;;;;;;;;;;;;;;;;;;;;;;;;;;;;;;;;;;;;;;;;;;;;;;;;;;;;;;;;;;;;;;;;;;;;;;;;;;;;;;;
;;;;;;;;;;;;;;;;;;;;;;;;;;;;;;;;7; Atlético Goianiense;12;14;3;6;5;12;16;-4;;Team 1;Agg.Tooltip Aggregate score;Team 2;1st leg;2nd leg;;;;;;;;;;;;;;;;;;;;;;;;;;;;;;;;;;;;;;;;;;;;;;;;;;;;;;;;;;;;;;;;;;;;;;;;;;;;;;;;;;;;;;;;;;;;;;;;;;;;;;;;;;;;;;;;;;;;;;;;;;;;;;;;;;;;;;;;;;;;;;;;;;;;;;;;;;;;;;;;;;;;;;;;;;;;;;;;;;;;;;;;;;;;;;;;;;;;;;;;;;;;;;;;;;;;;;;;;;;;;;;;;;;;;;;;;;;;;;;
;;;;;;;;;Pos;Equipe;Pts;J;V;E;D;GP;GC;SG;Classificação ou descenso;;;;;;;;;;;;;8; Vila Nova;9;14;1;7;6;6;15;-9;;Santa Cruz;–;União São João;–;–;;;;;;;;;;;;;;;;;;;;;;;;;;;;;;;;;;;;;;;;;;;;;;;;;;;;;;;;;;;;;;;;;;;;;;;;;;;;;;;;;;;;;;;;;;;;;;;;;;;;;;;;;;;;;;;;;;;;;;;;;;;;;;;;;;;;;;;;;;;;;;;;;;;;;;;;;;;;;;;;;;;;;;;;;;;;;;;;;;;;;;;;;;;;;;;;;;;;;;;;;;;;;;;;;;;;;;;;;;;;;;;;;;;;;;;;;;;;;;;
;;;;;;;;;1; Central;17;10;7;3;0;14;3;11;Classificado;;;;;;;;;;;;;;;;;;;;;;;;Criciúma;-;Fortaleza;–;–;;;;;;;;;;;;;;;;;;;;;;;;;;;;;;;;;;;;;;;;;;;;;;;;;;;;;;;;;;;;;;;;;;;;;;;;;;;;;;;;;;;;;;;;;;;;;;;;;;;;;;;;;;;;;;;;;;;;;;;;;;;;;;;;;;;;;;;;;;;;;;;;;;;;;;;;;;;;;;;;;;;;;;;;;;;;;;;;;;;;;;;;;;;;;;;;;;;;;;;;;;;;;;;;;;;;;;;;;;;;;;;;;;;;;;;;;;;;;;;
;;;;;;;;;2; Santa Cruz;15;10;6;3;1;14;2;12;;;;;;;;;;;;;;;;;;;;;;;;;Ceará;–;Coritiba;–;–;;;;;;;;;;;;;;;;;;;;;;;;;;;;;;;;;;;;;;;;;;;;;;;;;;;;;;;;;;;;;;;;;;;;;;;;;;;;;;;;;;;;;;;;;;;;;;;;;;;;;;;;;;;;;;;;;;;;;;;;;;;;;;;;;;;;;;;;;;;;;;;;;;;;;;;;;;;;;;;;;;;;;;;;;;;;;;;;;;;;;;;;;;;;;;;;;;;;;;;;;;;;;;;;;;;;;;;;;;;;;;;;;;;;;;;;;;;;;;;
;;;;;;;;;3; CRB;12;10;4;4;2;9;5;4;;;;;;;;;;;;;;Jogos do Grupo 6[Expandir];;;;;;;;;;;Remo;-;Grêmio;–;–;;;;;;;;;;;;;;;;;;;;;;;;;;;;;;;;;;;;;;;;;;;;;;;;;;;;;;;;;;;;;;;;;;;;;;;;;;;;;;;;;;;;;;;;;;;;;;;;;;;;;;;;;;;;;;;;;;;;;;;;;;;;;;;;;;;;;;;;;;;;;;;;;;;;;;;;;;;;;;;;;;;;;;;;;;;;;;;;;;;;;;;;;;;;;;;;;;;;;;;;;;;;;;;;;;;;;;;;;;;;;;;;;;;;;;;;;;;;;;;
;;;;;;;;;4; Capelense;8;10;2;4;4;7;8;?1;;;;;;;;;;;;;;Clube;;PG;J;V;E;D;GP;GC;SG;;América-MG;–;Desportiva Ferroviária;–;–;;;;;;;;;;;;;;;;;;;;;;;;;;;;;;;;;;;;;;;;;;;;;;;;;;;;;;;;;;;;;;;;;;;;;;;;;;;;;;;;;;;;;;;;;;;;;;;;;;;;;;;;;;;;;;;;;;;;;;;;;;;;;;;;;;;;;;;;;;;;;;;;;;;;;;;;;;;;;;;;;;;;;;;;;;;;;;;;;;;;;;;;;;;;;;;;;;;;;;;;;;;;;;;;;;;;;;;;;;;;;;;;;;;;;;;;;;;;;;;
;;;;;;;;;5; CSA;7;10;3;1;6;5;14;?9;;;;;;;;;;;;;;1; Botafogo-SP;21;14;8;5;1;18;6;12;;Paraná;-;Vitória;–;–;;;;;;;;;;;;;;;;;;;;;;;;;;;;;;;;;;;;;;;;;;;;;;;;;;;;;;;;;;;;;;;;;;;;;;;;;;;;;;;;;;;;;;;;;;;;;;;;;;;;;;;;;;;;;;;;;;;;;;;;;;;;;;;;;;;;;;;;;;;;;;;;;;;;;;;;;;;;;;;;;;;;;;;;;;;;;;;;;;;;;;;;;;;;;;;;;;;;;;;;;;;;;;;;;;;;;;;;;;;;;;;;;;;;;;;;;;;;;;;
;;;;;;;;;6; América;1;10;0;1;9;2;19;?17;;;;;;;;;;;;;;2; Noroeste;18;14;8;2;4;23;15;8;;;;;;;;;;;;;;;;;;;;;;;;;;;;;;;;;;;;;;;;;;;;;;;;;;;;;;;;;;;;;;;;;;;;;;;;;;;;;;;;;;;;;;;;;;;;;;;;;;;;;;;;;;;;;;;;;;;;;;;;;;;;;;;;;;;;;;;;;;;;;;;;;;;;;;;;;;;;;;;;;;;;;;;;;;;;;;;;;;;;;;;;;;;;;;;;;;;;;;;;;;;;;;;;;;;;;;;;;;;;;;;;;;;;;;;;;;;;;;;;;;;;;
;;;;;;;;;;;;;;;;;;;;;;;;;;;;;;;;3; Ponte Preta;16;14;5;6;3;13;8;5;;However, to reduce the costs, the 2nd phase was changed and the teams were assigned in groups according to their geographical position. To compensate, clubs with advantage in original rules (Santa Cruz, Criciúma, Ceará, Remo, América and Paraná) earned an extra point.;;;;;;;;;;;;;;;;;;;;;;;;;;;;;;;;;;;;;;;;;;;;;;;;;;;;;;;;;;;;;;;;;;;;;;;;;;;;;;;;;;;;;;;;;;;;;;;;;;;;;;;;;;;;;;;;;;;;;;;;;;;;;;;;;;;;;;;;;;;;;;;;;;;;;;;;;;;;;;;;;;;;;;;;;;;;;;;;;;;;;;;;;;;;;;;;;;;;;;;;;;;;;;;;;;;;;;;;;;;;;;;;;;;;;;;;;;;;;;;;;;;
;;;;;;;;;Atualizado até os jogos disputados em October 29, 1989. Fonte: [7];;;;;;;;;;;;;;;;;;;;;;;4; América-MG;13;14;3;7;4;14;16;-2;;;;;;;;;;;;;;;;;;;;;;;;;;;;;;;;;;;;;;;;;;;;;;;;;;;;;;;;;;;;;;;;;;;;;;;;;;;;;;;;;;;;;;;;;;;;;;;;;;;;;;;;;;;;;;;;;;;;;;;;;;;;;;;;;;;;;;;;;;;;;;;;;;;;;;;;;;;;;;;;;;;;;;;;;;;;;;;;;;;;;;;;;;;;;;;;;;;;;;;;;;;;;;;;;;;;;;;;;;;;;;;;;;;;;;;;;;;;;;;;;;;;;
;;;;;;;;;Grupo G;;;;;;;;;;;;;;;;;;;;;;;5; Internacional-SP;13;14;3;7;4;12;15;-3;;Group 1;;;;;;;;;;;;;;;;;;;;;;;;;;;;;;;;;;;;;;;;;;;;;;;;;;;;;;;;;;;;;;;;;;;;;;;;;;;;;;;;;;;;;;;;;;;;;;;;;;;;;;;;;;;;;;;;;;;;;;;;;;;;;;;;;;;;;;;;;;;;;;;;;;;;;;;;;;;;;;;;;;;;;;;;;;;;;;;;;;;;;;;;;;;;;;;;;;;;;;;;;;;;;;;;;;;;;;;;;;;;;;;;;;;;;;;;;;;;;;;;;;;
;;;;;;;;;;;;;;;;;;;;;;;;;;;;;;;;6; XV de Piracicaba;11;14;3;5;6;10;17;-7;;;;;;;;;;;;;;;;;;;;;;;;;;;;;;;;;;;;;;;;;;;;;;;;;;;;;;;;;;;;;;;;;;;;;;;;;;;;;;;;;;;;;;;;;;;;;;;;;;;;;;;;;;;;;;;;;;;;;;;;;;;;;;;;;;;;;;;;;;;;;;;;;;;;;;;;;;;;;;;;;;;;;;;;;;;;;;;;;;;;;;;;;;;;;;;;;;;;;;;;;;;;;;;;;;;;;;;;;;;;;;;;;;;;;;;;;;;;;;;;;;;;;
;;;;;;;;;Pos;Equipe;Pts;J;V;E;D;GP;GC;SG;Classificação ou descenso;;;;;;;;;;;;;7; Esportivo de Passos;11;14;2;7;5;6;11;-5;;Pos;Team;Pld;W;D;L;GF;GA;GD;BP;Pts;Qualification;;;;;;;;;;;;;;;;;;;;;;;;;;;;;;;;;;;;;;;;;;;;;;;;;;;;;;;;;;;;;;;;;;;;;;;;;;;;;;;;;;;;;;;;;;;;;;;;;;;;;;;;;;;;;;;;;;;;;;;;;;;;;;;;;;;;;;;;;;;;;;;;;;;;;;;;;;;;;;;;;;;;;;;;;;;;;;;;;;;;;;;;;;;;;;;;;;;;;;;;;;;;;;;;;;;;;;;;;;;;;;;;;;;;;;;;
;;;;;;;;;1; Catuense;14;10;5;4;1;12;4;8;Classificado;;;;;;;;;;;;;8; Rio Branco-MG;9;14;2;5;7;10;18;-8;;1;Remo;6;2;4;0;6;3;3;1;9;Qualified;;;;;;;;;;;;;;;;;;;;;;;;;;;;;;;;;;;;;;;;;;;;;;;;;;;;;;;;;;;;;;;;;;;;;;;;;;;;;;;;;;;;;;;;;;;;;;;;;;;;;;;;;;;;;;;;;;;;;;;;;;;;;;;;;;;;;;;;;;;;;;;;;;;;;;;;;;;;;;;;;;;;;;;;;;;;;;;;;;;;;;;;;;;;;;;;;;;;;;;;;;;;;;;;;;;;;;;;;;;;;;;;;;;;;;;;
;;;;;;;;;2; Confiança;13;10;4;5;1;11;5;6;;;;;;;;;;;;;;;;;;;;;;;;;2;Santa Cruz;6;1;3;2;5;9;?4;1;6;;;;;;;;;;;;;;;;;;;;;;;;;;;;;;;;;;;;;;;;;;;;;;;;;;;;;;;;;;;;;;;;;;;;;;;;;;;;;;;;;;;;;;;;;;;;;;;;;;;;;;;;;;;;;;;;;;;;;;;;;;;;;;;;;;;;;;;;;;;;;;;;;;;;;;;;;;;;;;;;;;;;;;;;;;;;;;;;;;;;;;;;;;;;;;;;;;;;;;;;;;;;;;;;;;;;;;;;;;;;;;;;;;;;;;;;;
;;;;;;;;;3; Fluminense de Feira;12;10;3;6;1;8;6;2;;;;;;;;;;;;;;;;;;;;;;;;;3;Fortaleza;6;2;2;2;7;5;2;0;6;;;;;;;;;;;;;;;;;;;;;;;;;;;;;;;;;;;;;;;;;;;;;;;;;;;;;;;;;;;;;;;;;;;;;;;;;;;;;;;;;;;;;;;;;;;;;;;;;;;;;;;;;;;;;;;;;;;;;;;;;;;;;;;;;;;;;;;;;;;;;;;;;;;;;;;;;;;;;;;;;;;;;;;;;;;;;;;;;;;;;;;;;;;;;;;;;;;;;;;;;;;;;;;;;;;;;;;;;;;;;;;;;;;;;;;;;
;;;;;;;;;4; Leônico;9;10;3;3;4;7;8;?1;;;;;;;;;;;;;;Jogos do Grupo 7[Expandir];;;;;;;;;;;4;Ceará;6;0;5;1;5;6;?1;1;6;;;;;;;;;;;;;;;;;;;;;;;;;;;;;;;;;;;;;;;;;;;;;;;;;;;;;;;;;;;;;;;;;;;;;;;;;;;;;;;;;;;;;;;;;;;;;;;;;;;;;;;;;;;;;;;;;;;;;;;;;;;;;;;;;;;;;;;;;;;;;;;;;;;;;;;;;;;;;;;;;;;;;;;;;;;;;;;;;;;;;;;;;;;;;;;;;;;;;;;;;;;;;;;;;;;;;;;;;;;;;;;;;;;;;;;;;
;;;;;;;;;5; Sergipe;8;10;1;6;3;6;9;?3;;;;;;;;;;;;;;Clube;;PG;J;V;E;D;GP;GC;SG;;;;;;;;;;;;;;;;;;;;;;;;;;;;;;;;;;;;;;;;;;;;;;;;;;;;;;;;;;;;;;;;;;;;;;;;;;;;;;;;;;;;;;;;;;;;;;;;;;;;;;;;;;;;;;;;;;;;;;;;;;;;;;;;;;;;;;;;;;;;;;;;;;;;;;;;;;;;;;;;;;;;;;;;;;;;;;;;;;;;;;;;;;;;;;;;;;;;;;;;;;;;;;;;;;;;;;;;;;;;;;;;;;;;;;;;;;;;;;;;;;;;;
;;;;;;;;;6; Lagarto;4;10;0;4;6;2;14;?12;;;;;;;;;;;;;;1; Londrina;21;14;8;5;1;26;14;12;;Source: [citation needed];;;;;;;;;;;;;;;;;;;;;;;;;;;;;;;;;;;;;;;;;;;;;;;;;;;;;;;;;;;;;;;;;;;;;;;;;;;;;;;;;;;;;;;;;;;;;;;;;;;;;;;;;;;;;;;;;;;;;;;;;;;;;;;;;;;;;;;;;;;;;;;;;;;;;;;;;;;;;;;;;;;;;;;;;;;;;;;;;;;;;;;;;;;;;;;;;;;;;;;;;;;;;;;;;;;;;;;;;;;;;;;;;;;;;;;;;;;;;;;;;;;
;;;;;;;;;;;;;;;;;;;;;;;;;;;;;;;;2; Bangu;17;14;6;5;3;13;9;4;;Group 2;;;;;;;;;;;;;;;;;;;;;;;;;;;;;;;;;;;;;;;;;;;;;;;;;;;;;;;;;;;;;;;;;;;;;;;;;;;;;;;;;;;;;;;;;;;;;;;;;;;;;;;;;;;;;;;;;;;;;;;;;;;;;;;;;;;;;;;;;;;;;;;;;;;;;;;;;;;;;;;;;;;;;;;;;;;;;;;;;;;;;;;;;;;;;;;;;;;;;;;;;;;;;;;;;;;;;;;;;;;;;;;;;;;;;;;;;;;;;;;;;;;
;;;;;;;;;Atualizado até os jogos disputados em October 29, 1989. Fonte: [8];;;;;;;;;;;;;;;;;;;;;;;3; Juventus;17;14;4;9;1;14;12;2;;;;;;;;;;;;;;;;;;;;;;;;;;;;;;;;;;;;;;;;;;;;;;;;;;;;;;;;;;;;;;;;;;;;;;;;;;;;;;;;;;;;;;;;;;;;;;;;;;;;;;;;;;;;;;;;;;;;;;;;;;;;;;;;;;;;;;;;;;;;;;;;;;;;;;;;;;;;;;;;;;;;;;;;;;;;;;;;;;;;;;;;;;;;;;;;;;;;;;;;;;;;;;;;;;;;;;;;;;;;;;;;;;;;;;;;;;;;;;;;;;;;;
;;;;;;;;;Grupo H;;;;;;;;;;;;;;;;;;;;;;;4; Operário Ferroviário;14;14;5;4;5;21;18;3;;Pos;Team;Pld;W;D;L;GF;GA;GD;BP;Pts;Qualification;;;;;;;;;;;;;;;;;;;;;;;;;;;;;;;;;;;;;;;;;;;;;;;;;;;;;;;;;;;;;;;;;;;;;;;;;;;;;;;;;;;;;;;;;;;;;;;;;;;;;;;;;;;;;;;;;;;;;;;;;;;;;;;;;;;;;;;;;;;;;;;;;;;;;;;;;;;;;;;;;;;;;;;;;;;;;;;;;;;;;;;;;;;;;;;;;;;;;;;;;;;;;;;;;;;;;;;;;;;;;;;;;;;;;;;;
;;;;;;;;;;;;;;;;;;;;;;;;;;;;;;;;5; Campo Grande;14;14;4;6;4;14;14;0;;1;Vitória;6;3;3;0;7;3;4;0;9;Qualified;;;;;;;;;;;;;;;;;;;;;;;;;;;;;;;;;;;;;;;;;;;;;;;;;;;;;;;;;;;;;;;;;;;;;;;;;;;;;;;;;;;;;;;;;;;;;;;;;;;;;;;;;;;;;;;;;;;;;;;;;;;;;;;;;;;;;;;;;;;;;;;;;;;;;;;;;;;;;;;;;;;;;;;;;;;;;;;;;;;;;;;;;;;;;;;;;;;;;;;;;;;;;;;;;;;;;;;;;;;;;;;;;;;;;;;;
;;;;;;;;;Pos;Equipe;Pts;J;V;E;D;GP;GC;SG;Classificação ou descenso;;;;;;;;;;;;;6; Grêmio Maringá;14;14;3;8;3;14;14;0;;2;América-MG;6;2;2;2;7;6;1;1;7;;;;;;;;;;;;;;;;;;;;;;;;;;;;;;;;;;;;;;;;;;;;;;;;;;;;;;;;;;;;;;;;;;;;;;;;;;;;;;;;;;;;;;;;;;;;;;;;;;;;;;;;;;;;;;;;;;;;;;;;;;;;;;;;;;;;;;;;;;;;;;;;;;;;;;;;;;;;;;;;;;;;;;;;;;;;;;;;;;;;;;;;;;;;;;;;;;;;;;;;;;;;;;;;;;;;;;;;;;;;;;;;;;;;;;;;;
;;;;;;;;;1; Itaperuna;14;10;5;4;1;11;4;7;Classificado;;;;;;;;;;;;;7; São José-SP;8;14;2;4;8;12;23;-11;;3;União São João;6;2;3;1;4;3;1;0;7;;;;;;;;;;;;;;;;;;;;;;;;;;;;;;;;;;;;;;;;;;;;;;;;;;;;;;;;;;;;;;;;;;;;;;;;;;;;;;;;;;;;;;;;;;;;;;;;;;;;;;;;;;;;;;;;;;;;;;;;;;;;;;;;;;;;;;;;;;;;;;;;;;;;;;;;;;;;;;;;;;;;;;;;;;;;;;;;;;;;;;;;;;;;;;;;;;;;;;;;;;;;;;;;;;;;;;;;;;;;;;;;;;;;;;;;;
;;;;;;;;;2; Americano;13;10;5;3;2;14;5;9;;;;;;;;;;;;;;8; Ubiratan;7;14;1;5;8;12;22;-10;;4;Desportiva Ferroviária;6;0;2;4;4;10;?6;0;2;;;;;;;;;;;;;;;;;;;;;;;;;;;;;;;;;;;;;;;;;;;;;;;;;;;;;;;;;;;;;;;;;;;;;;;;;;;;;;;;;;;;;;;;;;;;;;;;;;;;;;;;;;;;;;;;;;;;;;;;;;;;;;;;;;;;;;;;;;;;;;;;;;;;;;;;;;;;;;;;;;;;;;;;;;;;;;;;;;;;;;;;;;;;;;;;;;;;;;;;;;;;;;;;;;;;;;;;;;;;;;;;;;;;;;;;;
;;;;;;;;;3; AA Cabofriense;11;10;4;3;3;9;9;0;;;;;;;;;;;;;;;;;;;;;;;;;;;;;;;;;;;;;;;;;;;;;;;;;;;;;;;;;;;;;;;;;;;;;;;;;;;;;;;;;;;;;;;;;;;;;;;;;;;;;;;;;;;;;;;;;;;;;;;;;;;;;;;;;;;;;;;;;;;;;;;;;;;;;;;;;;;;;;;;;;;;;;;;;;;;;;;;;;;;;;;;;;;;;;;;;;;;;;;;;;;;;;;;;;;;;;;;;;;;;;;;;;;;;;;;;;;;;;;;;;;;;;;;;;;;;;;;;;;;;;;;;;;;
;;;;;;;;;4; Rio Branco;11;10;3;5;2;9;5;4;;;;;;;;;;;;;;;;;;;;;;;;;Source: [citation needed];;;;;;;;;;;;;;;;;;;;;;;;;;;;;;;;;;;;;;;;;;;;;;;;;;;;;;;;;;;;;;;;;;;;;;;;;;;;;;;;;;;;;;;;;;;;;;;;;;;;;;;;;;;;;;;;;;;;;;;;;;;;;;;;;;;;;;;;;;;;;;;;;;;;;;;;;;;;;;;;;;;;;;;;;;;;;;;;;;;;;;;;;;;;;;;;;;;;;;;;;;;;;;;;;;;;;;;;;;;;;;;;;;;;;;;;;;;;;;;;;;;
;;;;;;;;;5; Desportiva;7;10;3;1;6;7;17;?10;;;;;;;;;;;;;;Jogos do Grupo 8[Expandir];;;;;;;;;;;Group 3;;;;;;;;;;;;;;;;;;;;;;;;;;;;;;;;;;;;;;;;;;;;;;;;;;;;;;;;;;;;;;;;;;;;;;;;;;;;;;;;;;;;;;;;;;;;;;;;;;;;;;;;;;;;;;;;;;;;;;;;;;;;;;;;;;;;;;;;;;;;;;;;;;;;;;;;;;;;;;;;;;;;;;;;;;;;;;;;;;;;;;;;;;;;;;;;;;;;;;;;;;;;;;;;;;;;;;;;;;;;;;;;;;;;;;;;;;;;;;;;;;;
;;;;;;;;;6; Colatina;4;10;1;2;7;7;17;?10;;;;;;;;;;;;;;Clube;;PG;J;V;E;D;GP;GC;SG;;;;;;;;;;;;;;;;;;;;;;;;;;;;;;;;;;;;;;;;;;;;;;;;;;;;;;;;;;;;;;;;;;;;;;;;;;;;;;;;;;;;;;;;;;;;;;;;;;;;;;;;;;;;;;;;;;;;;;;;;;;;;;;;;;;;;;;;;;;;;;;;;;;;;;;;;;;;;;;;;;;;;;;;;;;;;;;;;;;;;;;;;;;;;;;;;;;;;;;;;;;;;;;;;;;;;;;;;;;;;;;;;;;;;;;;;;;;;;;;;;;;;
;;;;;;;;;;;;;;;;;;;;;;;;;;;;;;;;1; Coritiba;18;14;7;4;3;23;12;11;;Pos;Team;Pld;W;D;L;GF;GA;GD;BP;Pts;Qualification;;;;;;;;;;;;;;;;;;;;;;;;;;;;;;;;;;;;;;;;;;;;;;;;;;;;;;;;;;;;;;;;;;;;;;;;;;;;;;;;;;;;;;;;;;;;;;;;;;;;;;;;;;;;;;;;;;;;;;;;;;;;;;;;;;;;;;;;;;;;;;;;;;;;;;;;;;;;;;;;;;;;;;;;;;;;;;;;;;;;;;;;;;;;;;;;;;;;;;;;;;;;;;;;;;;;;;;;;;;;;;;;;;;;;;;;
;;;;;;;;;Atualizado até os jogos disputados em October 29, 1989. Fonte: [9];;;;;;;;;;;;;;;;;;;;;;;2; Paraná;17;14;6;5;3;15;7;7;;1;Criciúma;6;3;2;1;9;4;5;1;9;Qualified;;;;;;;;;;;;;;;;;;;;;;;;;;;;;;;;;;;;;;;;;;;;;;;;;;;;;;;;;;;;;;;;;;;;;;;;;;;;;;;;;;;;;;;;;;;;;;;;;;;;;;;;;;;;;;;;;;;;;;;;;;;;;;;;;;;;;;;;;;;;;;;;;;;;;;;;;;;;;;;;;;;;;;;;;;;;;;;;;;;;;;;;;;;;;;;;;;;;;;;;;;;;;;;;;;;;;;;;;;;;;;;;;;;;;;;;
;;;;;;;;;Grupo I;;;;;;;;;;;;;;;;;;;;;;;3; Joinville;16;14;5;6;3;16;15;1;;2;Paraná;6;3;2;1;7;6;1;1;9;;;;;;;;;;;;;;;;;;;;;;;;;;;;;;;;;;;;;;;;;;;;;;;;;;;;;;;;;;;;;;;;;;;;;;;;;;;;;;;;;;;;;;;;;;;;;;;;;;;;;;;;;;;;;;;;;;;;;;;;;;;;;;;;;;;;;;;;;;;;;;;;;;;;;;;;;;;;;;;;;;;;;;;;;;;;;;;;;;;;;;;;;;;;;;;;;;;;;;;;;;;;;;;;;;;;;;;;;;;;;;;;;;;;;;;;;
;;;;;;;;;;;;;;;;;;;;;;;;;;;;;;;;4; Figueirense;14;14;3;8;3;8;10;-2;;3;Grêmio;6;2;1;3;7;7;0;0;5;;;;;;;;;;;;;;;;;;;;;;;;;;;;;;;;;;;;;;;;;;;;;;;;;;;;;;;;;;;;;;;;;;;;;;;;;;;;;;;;;;;;;;;;;;;;;;;;;;;;;;;;;;;;;;;;;;;;;;;;;;;;;;;;;;;;;;;;;;;;;;;;;;;;;;;;;;;;;;;;;;;;;;;;;;;;;;;;;;;;;;;;;;;;;;;;;;;;;;;;;;;;;;;;;;;;;;;;;;;;;;;;;;;;;;;;;
;;;;;;;;;Pos;Equipe;Pts;J;V;E;D;GP;GC;SG;Classificação ou descenso;;;;;;;;;;;;;5; Criciúma;13;14;5;3;6;22;16;6;;4;Coritiba;6;0;3;3;4;10;?6;0;3;;;;;;;;;;;;;;;;;;;;;;;;;;;;;;;;;;;;;;;;;;;;;;;;;;;;;;;;;;;;;;;;;;;;;;;;;;;;;;;;;;;;;;;;;;;;;;;;;;;;;;;;;;;;;;;;;;;;;;;;;;;;;;;;;;;;;;;;;;;;;;;;;;;;;;;;;;;;;;;;;;;;;;;;;;;;;;;;;;;;;;;;;;;;;;;;;;;;;;;;;;;;;;;;;;;;;;;;;;;;;;;;;;;;;;;;;
;;;;;;;;;1; Botafogo;13;10;5;3;2;9;7;2;Classificado;;;;;;;;;;;;;6; Caxias;13;14;4;5;5;14;19;-3;;Season;1992;;;;;;;;;;;;;;;;;;;;;;;;;;;;;;;;;;;;;;;;;;;;;;;;;;;;;;;;;;;;;;;;;;;;;;;;;;;;;;;;;;;;;;;;;;;;;;;;;;;;;;;;;;;;;;;;;;;;;;;;;;;;;;;;;;;;;;;;;;;;;;;;;;;;;;;;;;;;;;;;;;;;;;;;;;;;;;;;;;;;;;;;;;;;;;;;;;;;;;;;;;;;;;;;;;;;;;;;;;;;;;;;;;;;;;;;;;;;;;;;;;
;;;;;;;;;2; Catanduvense;13;10;4;5;1;11;5;6;;;;;;;;;;;;;;7; Juventude;13;14;4;5;5;10;15;-5;;Champions;Paraná;;;;;;;;;;;;;;;;;;;;;;;;;;;;;;;;;;;;;;;;;;;;;;;;;;;;;;;;;;;;;;;;;;;;;;;;;;;;;;;;;;;;;;;;;;;;;;;;;;;;;;;;;;;;;;;;;;;;;;;;;;;;;;;;;;;;;;;;;;;;;;;;;;;;;;;;;;;;;;;;;;;;;;;;;;;;;;;;;;;;;;;;;;;;;;;;;;;;;;;;;;;;;;;;;;;;;;;;;;;;;;;;;;;;;;;;;;;;;;;;;;
;;;;;;;;;3; Uberlândia;9;10;2;5;3;8;9;?1;;;;;;;;;;;;;;8; Blumenau;8;14;1;6;7;8;22;-14;;Promoted;Paraná;;;;;;;;;;;;;;;;;;;;;;;;;;;;;;;;;;;;;;;;;;;;;;;;;;;;;;;;;;;;;;;;;;;;;;;;;;;;;;;;;;;;;;;;;;;;;;;;;;;;;;;;;;;;;;;;;;;;;;;;;;;;;;;;;;;;;;;;;;;;;;;;;;;;;;;;;;;;;;;;;;;;;;;;;;;;;;;;;;;;;;;;;;;;;;;;;;;;;;;;;;;;;;;;;;;;;;;;;;;;;;;;;;;;;;;;;;;;;;;;;;
;;;;;;;;;4; Goiatuba;9;10;1;7;2;3;4;?1;;;;;;;;;;;;;;Colocações finais;;;;;;;;;;;;Vitória;;;;;;;;;;;;;;;;;;;;;;;;;;;;;;;;;;;;;;;;;;;;;;;;;;;;;;;;;;;;;;;;;;;;;;;;;;;;;;;;;;;;;;;;;;;;;;;;;;;;;;;;;;;;;;;;;;;;;;;;;;;;;;;;;;;;;;;;;;;;;;;;;;;;;;;;;;;;;;;;;;;;;;;;;;;;;;;;;;;;;;;;;;;;;;;;;;;;;;;;;;;;;;;;;;;;;;;;;;;;;;;;;;;;;;;;;;;;;;;;;;
;;;;;;;;;5; Goiânia;8;10;3;2;5;10;14;?4;;;;;;;;;;;;;;Campeão; Paysandu;;;;;;;;;;;Criciúma;;;;;;;;;;;;;;;;;;;;;;;;;;;;;;;;;;;;;;;;;;;;;;;;;;;;;;;;;;;;;;;;;;;;;;;;;;;;;;;;;;;;;;;;;;;;;;;;;;;;;;;;;;;;;;;;;;;;;;;;;;;;;;;;;;;;;;;;;;;;;;;;;;;;;;;;;;;;;;;;;;;;;;;;;;;;;;;;;;;;;;;;;;;;;;;;;;;;;;;;;;;;;;;;;;;;;;;;;;;;;;;;;;;;;;;;;;;;;;;;;;
;;;;;;;;;6; América;8;10;1;6;3;3;5;?2;;;;;;;;;;;;;;Vice-campeão; Guarani;;;;;;;;;;;Santa Cruz;;;;;;;;;;;;;;;;;;;;;;;;;;;;;;;;;;;;;;;;;;;;;;;;;;;;;;;;;;;;;;;;;;;;;;;;;;;;;;;;;;;;;;;;;;;;;;;;;;;;;;;;;;;;;;;;;;;;;;;;;;;;;;;;;;;;;;;;;;;;;;;;;;;;;;;;;;;;;;;;;;;;;;;;;;;;;;;;;;;;;;;;;;;;;;;;;;;;;;;;;;;;;;;;;;;;;;;;;;;;;;;;;;;;;;;;;;;;;;;;;;
;;;;;;;;;;;;;;;;;;;;;;;;;;;;;;;;Estatísticas;;;;;;;;;;;;Remo;;;;;;;;;;;;;;;;;;;;;;;;;;;;;;;;;;;;;;;;;;;;;;;;;;;;;;;;;;;;;;;;;;;;;;;;;;;;;;;;;;;;;;;;;;;;;;;;;;;;;;;;;;;;;;;;;;;;;;;;;;;;;;;;;;;;;;;;;;;;;;;;;;;;;;;;;;;;;;;;;;;;;;;;;;;;;;;;;;;;;;;;;;;;;;;;;;;;;;;;;;;;;;;;;;;;;;;;;;;;;;;;;;;;;;;;;;;;;;;;;;
;;;;;;;;;Atualizado até os jogos disputados em October 29, 1989. Fonte: [10];;;;;;;;;;;;;;;;;;;;;;;Melhor marcador;Cacaio (Paysandu) (14 gols);;;;;;;;;;;América-MG;;;;;;;;;;;;;;;;;;;;;;;;;;;;;;;;;;;;;;;;;;;;;;;;;;;;;;;;;;;;;;;;;;;;;;;;;;;;;;;;;;;;;;;;;;;;;;;;;;;;;;;;;;;;;;;;;;;;;;;;;;;;;;;;;;;;;;;;;;;;;;;;;;;;;;;;;;;;;;;;;;;;;;;;;;;;;;;;;;;;;;;;;;;;;;;;;;;;;;;;;;;;;;;;;;;;;;;;;;;;;;;;;;;;;;;;;;;;;;;;;;
;;;;;;;;;Grupo J;;;;;;;;;;;;;;;;;;;;;;;;;;;;;;;;;;;Fortaleza;;;;;;;;;;;;;;;;;;;;;;;;;;;;;;;;;;;;;;;;;;;;;;;;;;;;;;;;;;;;;;;;;;;;;;;;;;;;;;;;;;;;;;;;;;;;;;;;;;;;;;;;;;;;;;;;;;;;;;;;;;;;;;;;;;;;;;;;;;;;;;;;;;;;;;;;;;;;;;;;;;;;;;;;;;;;;;;;;;;;;;;;;;;;;;;;;;;;;;;;;;;;;;;;;;;;;;;;;;;;;;;;;;;;;;;;;;;;;;;;;;
;;;;;;;;;;;;;;;;;;;;;;;;;;;;;;;;;;;;;;;;;;;;União São João;;;;;;;;;;;;;;;;;;;;;;;;;;;;;;;;;;;;;;;;;;;;;;;;;;;;;;;;;;;;;;;;;;;;;;;;;;;;;;;;;;;;;;;;;;;;;;;;;;;;;;;;;;;;;;;;;;;;;;;;;;;;;;;;;;;;;;;;;;;;;;;;;;;;;;;;;;;;;;;;;;;;;;;;;;;;;;;;;;;;;;;;;;;;;;;;;;;;;;;;;;;;;;;;;;;;;;;;;;;;;;;;;;;;;;;;;;;;;;;;;;
;;;;;;;;;Pos;Equipe;Pts;J;V;E;D;GP;GC;SG;Classificação ou descenso;;;;;;;;;;;;;;;;;;;;;;;;;Grêmio;;;;;;;;;;;;;;;;;;;;;;;;;;;;;;;;;;;;;;;;;;;;;;;;;;;;;;;;;;;;;;;;;;;;;;;;;;;;;;;;;;;;;;;;;;;;;;;;;;;;;;;;;;;;;;;;;;;;;;;;;;;;;;;;;;;;;;;;;;;;;;;;;;;;;;;;;;;;;;;;;;;;;;;;;;;;;;;;;;;;;;;;;;;;;;;;;;;;;;;;;;;;;;;;;;;;;;;;;;;;;;;;;;;;;;;;;;;;;;;;;;
;;;;;;;;;1; Bragantino;18;10;8;2;0;17;3;14;Classificado;;;;;;;;;;;;;;;;;;;;;;;;;Ceará;;;;;;;;;;;;;;;;;;;;;;;;;;;;;;;;;;;;;;;;;;;;;;;;;;;;;;;;;;;;;;;;;;;;;;;;;;;;;;;;;;;;;;;;;;;;;;;;;;;;;;;;;;;;;;;;;;;;;;;;;;;;;;;;;;;;;;;;;;;;;;;;;;;;;;;;;;;;;;;;;;;;;;;;;;;;;;;;;;;;;;;;;;;;;;;;;;;;;;;;;;;;;;;;;;;;;;;;;;;;;;;;;;;;;;;;;;;;;;;;;;
;;;;;;;;;2; São José;10;10;3;4;3;6;6;0;;;;;;;;;;;;;;;;;;;;;;;;;;Desportiva Ferroviária;;;;;;;;;;;;;;;;;;;;;;;;;;;;;;;;;;;;;;;;;;;;;;;;;;;;;;;;;;;;;;;;;;;;;;;;;;;;;;;;;;;;;;;;;;;;;;;;;;;;;;;;;;;;;;;;;;;;;;;;;;;;;;;;;;;;;;;;;;;;;;;;;;;;;;;;;;;;;;;;;;;;;;;;;;;;;;;;;;;;;;;;;;;;;;;;;;;;;;;;;;;;;;;;;;;;;;;;;;;;;;;;;;;;;;;;;;;;;;;;;;
;;;;;;;;;3; Volta Redonda;10;10;3;4;3;6;13;?7;;;;;;;;;;;;;;;;;;;;;;;;;;Coritiba;;;;;;;;;;;;;;;;;;;;;;;;;;;;;;;;;;;;;;;;;;;;;;;;;;;;;;;;;;;;;;;;;;;;;;;;;;;;;;;;;;;;;;;;;;;;;;;;;;;;;;;;;;;;;;;;;;;;;;;;;;;;;;;;;;;;;;;;;;;;;;;;;;;;;;;;;;;;;;;;;;;;;;;;;;;;;;;;;;;;;;;;;;;;;;;;;;;;;;;;;;;;;;;;;;;;;;;;;;;;;;;;;;;;;;;;;;;;;;;;;;
;;;;;;;;;4; Novorizontino;9;10;2;5;3;9;7;2;;;;;;;;;;;;;;;;;;;;;;;;;Goals;583;;;;;;;;;;;;;;;;;;;;;;;;;;;;;;;;;;;;;;;;;;;;;;;;;;;;;;;;;;;;;;;;;;;;;;;;;;;;;;;;;;;;;;;;;;;;;;;;;;;;;;;;;;;;;;;;;;;;;;;;;;;;;;;;;;;;;;;;;;;;;;;;;;;;;;;;;;;;;;;;;;;;;;;;;;;;;;;;;;;;;;;;;;;;;;;;;;;;;;;;;;;;;;;;;;;;;;;;;;;;;;;;;;;;;;;;;;;;;;;;;;
;;;;;;;;;5; Esportivo;7;10;2;3;5;2;7;?5;;;;;;;;;;;;;;;;;;;;;;;;;Average goals/game;2,1;;;;;;;;;;;;;;;;;;;;;;;;;;;;;;;;;;;;;;;;;;;;;;;;;;;;;;;;;;;;;;;;;;;;;;;;;;;;;;;;;;;;;;;;;;;;;;;;;;;;;;;;;;;;;;;;;;;;;;;;;;;;;;;;;;;;;;;;;;;;;;;;;;;;;;;;;;;;;;;;;;;;;;;;;;;;;;;;;;;;;;;;;;;;;;;;;;;;;;;;;;;;;;;;;;;;;;;;;;;;;;;;;;;;;;;;;;;;;;;;;;
;;;;;;;;;6; Santo André;6;10;2;2;6;7;11;?4;;;;;;;;;;;;;;;;;;;;;;;;;Top goalscorer;Saulo (Paraná) - 12 goals;;;;;;;;;;;;;;;;;;;;;;;;;;;;;;;;;;;;;;;;;;;;;;;;;;;;;;;;;;;;;;;;;;;;;;;;;;;;;;;;;;;;;;;;;;;;;;;;;;;;;;;;;;;;;;;;;;;;;;;;;;;;;;;;;;;;;;;;;;;;;;;;;;;;;;;;;;;;;;;;;;;;;;;;;;;;;;;;;;;;;;;;;;;;;;;;;;;;;;;;;;;;;;;;;;;;;;;;;;;;;;;;;;;;;;;;;;;;;;;;;;
;;;;;;;;;;;;;;;;;;;;;;;;;;;;;;;;;;;;;;;;;;;;;;;;;;;;;;;;;;;;;;;;;;;;;;;;;;;;;;;;;;;;;;;;;;;;;;;;;;;;;;;;;;;;;;;;;;;;;;;;;;;;;;;;;;;;;;;;;;;;;;;;;;;;;;;;;;;;;;;;;;;;;;;;;;;;;;;;;;;;;;;;;;;;;;;;;;;;;;;;;;;;;;;;;;;;;;;;;;;;;;;;;;;;;;;;;;;;;;;;;;;;;;;;;;;;;;;;;;;;;;;;;;;;;;;;;;;;;;;;;;;;;;
;;;;;;;;;Atualizado até os jogos disputados em October 29, 1989. Fonte: [11];;;;;;;;;;;;;;;;;;;;;;;;;;;;;;;;;;;;;;;;;;;;;;;;;;;;;;;;;;;;;;;;;;;;;;;;;;;;;;;;;;;;;;;;;;;;;;;;;;;;;;;;;;;;;;;;;;;;;;;;;;;;;;;;;;;;;;;;;;;;;;;;;;;;;;;;;;;;;;;;;;;;;;;;;;;;;;;;;;;;;;;;;;;;;;;;;;;;;;;;;;;;;;;;;;;;;;;;;;;;;;;;;;;;;;;;;;;;;;;;;;;;;;;;;;;;;;;;;;;;;;;;;;;;;;;;;;;;;
;;;;;;;;;Grupo L;;;;;;;;;;;;;;;;;;;;;;;;;;;;;;;;;;;;;;;;;;;;;;;;;;;;;;;;;;;;;;;;;;;;;;;;;;;;;;;;;;;;;;;;;;;;;;;;;;;;;;;;;;;;;;;;;;;;;;;;;;;;;;;;;;;;;;;;;;;;;;;;;;;;;;;;;;;;;;;;;;;;;;;;;;;;;;;;;;;;;;;;;;;;;;;;;;;;;;;;;;;;;;;;;;;;;;;;;;;;;;;;;;;;;;;;;;;;;;;;;;;;;;;;;;;;;;;;;;;;;;;;;;;;;;;;;;;;;
;;;;;;;;;;;;;;;;;;;;;;;;;;;;;;;;;;;;;;;;;;;;;;;;;;;;;;;;;;;;;;;;;;;;;;;;;;;;;;;;;;;;;;;;;;;;;;;;;;;;;;;;;;;;;;;;;;;;;;;;;;;;;;;;;;;;;;;;;;;;;;;;;;;;;;;;;;;;;;;;;;;;;;;;;;;;;;;;;;;;;;;;;;;;;;;;;;;;;;;;;;;;;;;;;;;;;;;;;;;;;;;;;;;;;;;;;;;;;;;;;;;;;;;;;;;;;;;;;;;;;;;;;;;;;;;;;;;;;;;;;;;;;;
;;;;;;;;;Pos;Equipe;Pts;J;V;E;D;GP;GC;SG;Classificação ou descenso;;;;;;;;;;;;;;;;;;;;;;;;;;;;;;;;;;;;;;;;;;;;;;;;;;;;;;;;;;;;;;;;;;;;;;;;;;;;;;;;;;;;;;;;;;;;;;;;;;;;;;;;;;;;;;;;;;;;;;;;;;;;;;;;;;;;;;;;;;;;;;;;;;;;;;;;;;;;;;;;;;;;;;;;;;;;;;;;;;;;;;;;;;;;;;;;;;;;;;;;;;;;;;;;;;;;;;;;;;;;;;;;;;;;;;;;;;;;;;;;;;;;;;;;;;;;;;;;;;;;;;;;;;;
;;;;;;;;;1; América;13;10;5;3;2;15;10;5;Classificado;;;;;;;;;;;;;;;;;;;;;;;;;;;;;;;;;;;;;;;;;;;;;;;;;;;;;;;;;;;;;;;;;;;;;;;;;;;;;;;;;;;;;;;;;;;;;;;;;;;;;;;;;;;;;;;;;;;;;;;;;;;;;;;;;;;;;;;;;;;;;;;;;;;;;;;;;;;;;;;;;;;;;;;;;;;;;;;;;;;;;;;;;;;;;;;;;;;;;;;;;;;;;;;;;;;;;;;;;;;;;;;;;;;;;;;;;;;;;;;;;;;;;;;;;;;;;;;;;;;;;;;;;;;
;;;;;;;;;2; União São João;11;10;4;3;3;13;9;4;;;;;;;;;;;;;;;;;;;;;;;;;;;;;;;;;;;;;;;;;;;;;;;;;;;;;;;;;;;;;;;;;;;;;;;;;;;;;;;;;;;;;;;;;;;;;;;;;;;;;;;;;;;;;;;;;;;;;;;;;;;;;;;;;;;;;;;;;;;;;;;;;;;;;;;;;;;;;;;;;;;;;;;;;;;;;;;;;;;;;;;;;;;;;;;;;;;;;;;;;;;;;;;;;;;;;;;;;;;;;;;;;;;;;;;;;;;;;;;;;;;;;;;;;;;;;;;;;;;;;;;;;;;;
;;;;;;;;;3; Democrata-SL;11;10;4;3;3;12;16;?4;;;;;;;;;;;;;;;;;;;;;;;;;;;;;;;;;;;;;;;;;;;;;;;;;;;;;;;;;;;;;;;;;;;;;;;;;;;;;;;;;;;;;;;;;;;;;;;;;;;;;;;;;;;;;;;;;;;;;;;;;;;;;;;;;;;;;;;;;;;;;;;;;;;;;;;;;;;;;;;;;;;;;;;;;;;;;;;;;;;;;;;;;;;;;;;;;;;;;;;;;;;;;;;;;;;;;;;;;;;;;;;;;;;;;;;;;;;;;;;;;;;;;;;;;;;;;;;;;;;;;;;;;;;;
;;;;;;;;;4; Bangu;10;10;4;2;4;12;12;0;;;;;;;;;;;;;;;;;;;;;;;;;;;;;;;;;;;;;;;;;;;;;;;;;;;;;;;;;;;;;;;;;;;;;;;;;;;;;;;;;;;;;;;;;;;;;;;;;;;;;;;;;;;;;;;;;;;;;;;;;;;;;;;;;;;;;;;;;;;;;;;;;;;;;;;;;;;;;;;;;;;;;;;;;;;;;;;;;;;;;;;;;;;;;;;;;;;;;;;;;;;;;;;;;;;;;;;;;;;;;;;;;;;;;;;;;;;;;;;;;;;;;;;;;;;;;;;;;;;;;;;;;;;;
;;;;;;;;;5; Valeriodoce;8;10;3;2;5;9;10;?1;;;;;;;;;;;;;;;;;;;;;;;;;;;;;;;;;;;;;;;;;;;;;;;;;;;;;;;;;;;;;;;;;;;;;;;;;;;;;;;;;;;;;;;;;;;;;;;;;;;;;;;;;;;;;;;;;;;;;;;;;;;;;;;;;;;;;;;;;;;;;;;;;;;;;;;;;;;;;;;;;;;;;;;;;;;;;;;;;;;;;;;;;;;;;;;;;;;;;;;;;;;;;;;;;;;;;;;;;;;;;;;;;;;;;;;;;;;;;;;;;;;;;;;;;;;;;;;;;;;;;;;;;;;;
;;;;;;;;;6; Tupi;7;10;2;3;5;7;11;?4;;;;;;;;;;;;;;;;;;;;;;;;;;;;;;;;;;;;;;;;;;;;;;;;;;;;;;;;;;;;;;;;;;;;;;;;;;;;;;;;;;;;;;;;;;;;;;;;;;;;;;;;;;;;;;;;;;;;;;;;;;;;;;;;;;;;;;;;;;;;;;;;;;;;;;;;;;;;;;;;;;;;;;;;;;;;;;;;;;;;;;;;;;;;;;;;;;;;;;;;;;;;;;;;;;;;;;;;;;;;;;;;;;;;;;;;;;;;;;;;;;;;;;;;;;;;;;;;;;;;;;;;;;;;
;;;;;;;;;;;;;;;;;;;;;;;;;;;;;;;;;;;;;;;;;;;;;;;;;;;;;;;;;;;;;;;;;;;;;;;;;;;;;;;;;;;;;;;;;;;;;;;;;;;;;;;;;;;;;;;;;;;;;;;;;;;;;;;;;;;;;;;;;;;;;;;;;;;;;;;;;;;;;;;;;;;;;;;;;;;;;;;;;;;;;;;;;;;;;;;;;;;;;;;;;;;;;;;;;;;;;;;;;;;;;;;;;;;;;;;;;;;;;;;;;;;;;;;;;;;;;;;;;;;;;;;;;;;;;;;;;;;;;;;;;;;;;;
;;;;;;;;;Atualizado até os jogos disputados em October 29, 1989. Fonte: [12];;;;;;;;;;;;;;;;;;;;;;;;;;;;;;;;;;;;;;;;;;;;;;;;;;;;;;;;;;;;;;;;;;;;;;;;;;;;;;;;;;;;;;;;;;;;;;;;;;;;;;;;;;;;;;;;;;;;;;;;;;;;;;;;;;;;;;;;;;;;;;;;;;;;;;;;;;;;;;;;;;;;;;;;;;;;;;;;;;;;;;;;;;;;;;;;;;;;;;;;;;;;;;;;;;;;;;;;;;;;;;;;;;;;;;;;;;;;;;;;;;;;;;;;;;;;;;;;;;;;;;;;;;;;;;;;;;;;;
;;;;;;;;;Grupo M;;;;;;;;;;;;;;;;;;;;;;;;;;;;;;;;;;;;;;;;;;;;;;;;;;;;;;;;;;;;;;;;;;;;;;;;;;;;;;;;;;;;;;;;;;;;;;;;;;;;;;;;;;;;;;;;;;;;;;;;;;;;;;;;;;;;;;;;;;;;;;;;;;;;;;;;;;;;;;;;;;;;;;;;;;;;;;;;;;;;;;;;;;;;;;;;;;;;;;;;;;;;;;;;;;;;;;;;;;;;;;;;;;;;;;;;;;;;;;;;;;;;;;;;;;;;;;;;;;;;;;;;;;;;;;;;;;;;;
;;;;;;;;;;;;;;;;;;;;;;;;;;;;;;;;;;;;;;;;;;;;;;;;;;;;;;;;;;;;;;;;;;;;;;;;;;;;;;;;;;;;;;;;;;;;;;;;;;;;;;;;;;;;;;;;;;;;;;;;;;;;;;;;;;;;;;;;;;;;;;;;;;;;;;;;;;;;;;;;;;;;;;;;;;;;;;;;;;;;;;;;;;;;;;;;;;;;;;;;;;;;;;;;;;;;;;;;;;;;;;;;;;;;;;;;;;;;;;;;;;;;;;;;;;;;;;;;;;;;;;;;;;;;;;;;;;;;;;;;;;;;;;
;;;;;;;;;Pos;Equipe;Pts;J;V;E;D;GP;GC;SG;Classificação ou descenso;;;;;;;;;;;;;;;;;;;;;;;;;;;;;;;;;;;;;;;;;;;;;;;;;;;;;;;;;;;;;;;;;;;;;;;;;;;;;;;;;;;;;;;;;;;;;;;;;;;;;;;;;;;;;;;;;;;;;;;;;;;;;;;;;;;;;;;;;;;;;;;;;;;;;;;;;;;;;;;;;;;;;;;;;;;;;;;;;;;;;;;;;;;;;;;;;;;;;;;;;;;;;;;;;;;;;;;;;;;;;;;;;;;;;;;;;;;;;;;;;;;;;;;;;;;;;;;;;;;;;;;;;;;
;;;;;;;;;1; Juventus;14;10;4;6;0;13;7;6;Classificado;;;;;;;;;;;;;;;;;;;;;;;;;;;;;;;;;;;;;;;;;;;;;;;;;;;;;;;;;;;;;;;;;;;;;;;;;;;;;;;;;;;;;;;;;;;;;;;;;;;;;;;;;;;;;;;;;;;;;;;;;;;;;;;;;;;;;;;;;;;;;;;;;;;;;;;;;;;;;;;;;;;;;;;;;;;;;;;;;;;;;;;;;;;;;;;;;;;;;;;;;;;;;;;;;;;;;;;;;;;;;;;;;;;;;;;;;;;;;;;;;;;;;;;;;;;;;;;;;;;;;;;;;;;
;;;;;;;;;2; XV de Piracicaba;12;10;4;4;2;9;6;3;;;;;;;;;;;;;;;;;;;;;;;;;;;;;;;;;;;;;;;;;;;;;;;;;;;;;;;;;;;;;;;;;;;;;;;;;;;;;;;;;;;;;;;;;;;;;;;;;;;;;;;;;;;;;;;;;;;;;;;;;;;;;;;;;;;;;;;;;;;;;;;;;;;;;;;;;;;;;;;;;;;;;;;;;;;;;;;;;;;;;;;;;;;;;;;;;;;;;;;;;;;;;;;;;;;;;;;;;;;;;;;;;;;;;;;;;;;;;;;;;;;;;;;;;;;;;;;;;;;;;;;;;;;;
;;;;;;;;;3; Rio Branco;12;10;4;4;2;9;9;0;;;;;;;;;;;;;;;;;;;;;;;;;;;;;;;;;;;;;;;;;;;;;;;;;;;;;;;;;;;;;;;;;;;;;;;;;;;;;;;;;;;;;;;;;;;;;;;;;;;;;;;;;;;;;;;;;;;;;;;;;;;;;;;;;;;;;;;;;;;;;;;;;;;;;;;;;;;;;;;;;;;;;;;;;;;;;;;;;;;;;;;;;;;;;;;;;;;;;;;;;;;;;;;;;;;;;;;;;;;;;;;;;;;;;;;;;;;;;;;;;;;;;;;;;;;;;;;;;;;;;;;;;;;;
;;;;;;;;;4; Mogi Mirim;9;10;2;5;3;7;11;?4;;;;;;;;;;;;;;;;;;;;;;;;;;;;;;;;;;;;;;;;;;;;;;;;;;;;;;;;;;;;;;;;;;;;;;;;;;;;;;;;;;;;;;;;;;;;;;;;;;;;;;;;;;;;;;;;;;;;;;;;;;;;;;;;;;;;;;;;;;;;;;;;;;;;;;;;;;;;;;;;;;;;;;;;;;;;;;;;;;;;;;;;;;;;;;;;;;;;;;;;;;;;;;;;;;;;;;;;;;;;;;;;;;;;;;;;;;;;;;;;;;;;;;;;;;;;;;;;;;;;;;;;;;;;
;;;;;;;;;5; América;7;10;2;3;5;9;9;0;;;;;;;;;;;;;;;;;;;;;;;;;;;;;;;;;;;;;;;;;;;;;;;;;;;;;;;;;;;;;;;;;;;;;;;;;;;;;;;;;;;;;;;;;;;;;;;;;;;;;;;;;;;;;;;;;;;;;;;;;;;;;;;;;;;;;;;;;;;;;;;;;;;;;;;;;;;;;;;;;;;;;;;;;;;;;;;;;;;;;;;;;;;;;;;;;;;;;;;;;;;;;;;;;;;;;;;;;;;;;;;;;;;;;;;;;;;;;;;;;;;;;;;;;;;;;;;;;;;;;;;;;;;;
;;;;;;;;;6; Ponte Preta;6;10;2;2;6;7;12;?5;;;;;;;;;;;;;;;;;;;;;;;;;;;;;;;;;;;;;;;;;;;;;;;;;;;;;;;;;;;;;;;;;;;;;;;;;;;;;;;;;;;;;;;;;;;;;;;;;;;;;;;;;;;;;;;;;;;;;;;;;;;;;;;;;;;;;;;;;;;;;;;;;;;;;;;;;;;;;;;;;;;;;;;;;;;;;;;;;;;;;;;;;;;;;;;;;;;;;;;;;;;;;;;;;;;;;;;;;;;;;;;;;;;;;;;;;;;;;;;;;;;;;;;;;;;;;;;;;;;;;;;;;;;;
;;;;;;;;;;;;;;;;;;;;;;;;;;;;;;;;;;;;;;;;;;;;;;;;;;;;;;;;;;;;;;;;;;;;;;;;;;;;;;;;;;;;;;;;;;;;;;;;;;;;;;;;;;;;;;;;;;;;;;;;;;;;;;;;;;;;;;;;;;;;;;;;;;;;;;;;;;;;;;;;;;;;;;;;;;;;;;;;;;;;;;;;;;;;;;;;;;;;;;;;;;;;;;;;;;;;;;;;;;;;;;;;;;;;;;;;;;;;;;;;;;;;;;;;;;;;;;;;;;;;;;;;;;;;;;;;;;;;;;;;;;;;;;
;;;;;;;;;Atualizado até os jogos disputados em October 29, 1989. Fonte: [13];;;;;;;;;;;;;;;;;;;;;;;;;;;;;;;;;;;;;;;;;;;;;;;;;;;;;;;;;;;;;;;;;;;;;;;;;;;;;;;;;;;;;;;;;;;;;;;;;;;;;;;;;;;;;;;;;;;;;;;;;;;;;;;;;;;;;;;;;;;;;;;;;;;;;;;;;;;;;;;;;;;;;;;;;;;;;;;;;;;;;;;;;;;;;;;;;;;;;;;;;;;;;;;;;;;;;;;;;;;;;;;;;;;;;;;;;;;;;;;;;;;;;;;;;;;;;;;;;;;;;;;;;;;;;;;;;;;;;
;;;;;;;;;Grupo N;;;;;;;;;;;;;;;;;;;;;;;;;;;;;;;;;;;;;;;;;;;;;;;;;;;;;;;;;;;;;;;;;;;;;;;;;;;;;;;;;;;;;;;;;;;;;;;;;;;;;;;;;;;;;;;;;;;;;;;;;;;;;;;;;;;;;;;;;;;;;;;;;;;;;;;;;;;;;;;;;;;;;;;;;;;;;;;;;;;;;;;;;;;;;;;;;;;;;;;;;;;;;;;;;;;;;;;;;;;;;;;;;;;;;;;;;;;;;;;;;;;;;;;;;;;;;;;;;;;;;;;;;;;;;;;;;;;;;
;;;;;;;;;;;;;;;;;;;;;;;;;;;;;;;;;;;;;;;;;;;;;;;;;;;;;;;;;;;;;;;;;;;;;;;;;;;;;;;;;;;;;;;;;;;;;;;;;;;;;;;;;;;;;;;;;;;;;;;;;;;;;;;;;;;;;;;;;;;;;;;;;;;;;;;;;;;;;;;;;;;;;;;;;;;;;;;;;;;;;;;;;;;;;;;;;;;;;;;;;;;;;;;;;;;;;;;;;;;;;;;;;;;;;;;;;;;;;;;;;;;;;;;;;;;;;;;;;;;;;;;;;;;;;;;;;;;;;;;;;;;;;;
;;;;;;;;;Pos;Equipe;Pts;J;V;E;D;GP;GC;SG;Classificação ou descenso;;;;;;;;;;;;;;;;;;;;;;;;;;;;;;;;;;;;;;;;;;;;;;;;;;;;;;;;;;;;;;;;;;;;;;;;;;;;;;;;;;;;;;;;;;;;;;;;;;;;;;;;;;;;;;;;;;;;;;;;;;;;;;;;;;;;;;;;;;;;;;;;;;;;;;;;;;;;;;;;;;;;;;;;;;;;;;;;;;;;;;;;;;;;;;;;;;;;;;;;;;;;;;;;;;;;;;;;;;;;;;;;;;;;;;;;;;;;;;;;;;;;;;;;;;;;;;;;;;;;;;;;;;;
;;;;;;;;;1; Grêmio Maringá;15;10;6;3;1;13;7;6;Classificado;;;;;;;;;;;;;;;;;;;;;;;;;;;;;;;;;;;;;;;;;;;;;;;;;;;;;;;;;;;;;;;;;;;;;;;;;;;;;;;;;;;;;;;;;;;;;;;;;;;;;;;;;;;;;;;;;;;;;;;;;;;;;;;;;;;;;;;;;;;;;;;;;;;;;;;;;;;;;;;;;;;;;;;;;;;;;;;;;;;;;;;;;;;;;;;;;;;;;;;;;;;;;;;;;;;;;;;;;;;;;;;;;;;;;;;;;;;;;;;;;;;;;;;;;;;;;;;;;;;;;;;;;;;
;;;;;;;;;2; Londrina;12;10;5;2;3;8;5;3;;;;;;;;;;;;;;;;;;;;;;;;;;;;;;;;;;;;;;;;;;;;;;;;;;;;;;;;;;;;;;;;;;;;;;;;;;;;;;;;;;;;;;;;;;;;;;;;;;;;;;;;;;;;;;;;;;;;;;;;;;;;;;;;;;;;;;;;;;;;;;;;;;;;;;;;;;;;;;;;;;;;;;;;;;;;;;;;;;;;;;;;;;;;;;;;;;;;;;;;;;;;;;;;;;;;;;;;;;;;;;;;;;;;;;;;;;;;;;;;;;;;;;;;;;;;;;;;;;;;;;;;;;;;
;;;;;;;;;3; Operário-MS;11;10;3;5;2;14;11;3;;;;;;;;;;;;;;;;;;;;;;;;;;;;;;;;;;;;;;;;;;;;;;;;;;;;;;;;;;;;;;;;;;;;;;;;;;;;;;;;;;;;;;;;;;;;;;;;;;;;;;;;;;;;;;;;;;;;;;;;;;;;;;;;;;;;;;;;;;;;;;;;;;;;;;;;;;;;;;;;;;;;;;;;;;;;;;;;;;;;;;;;;;;;;;;;;;;;;;;;;;;;;;;;;;;;;;;;;;;;;;;;;;;;;;;;;;;;;;;;;;;;;;;;;;;;;;;;;;;;;;;;;;;;
;;;;;;;;;4; Douradense;8;10;2;4;4;7;11;?4;;;;;;;;;;;;;;;;;;;;;;;;;;;;;;;;;;;;;;;;;;;;;;;;;;;;;;;;;;;;;;;;;;;;;;;;;;;;;;;;;;;;;;;;;;;;;;;;;;;;;;;;;;;;;;;;;;;;;;;;;;;;;;;;;;;;;;;;;;;;;;;;;;;;;;;;;;;;;;;;;;;;;;;;;;;;;;;;;;;;;;;;;;;;;;;;;;;;;;;;;;;;;;;;;;;;;;;;;;;;;;;;;;;;;;;;;;;;;;;;;;;;;;;;;;;;;;;;;;;;;;;;;;;;
;;;;;;;;;5; Ubiratan;8;10;2;4;4;9;14;?5;;;;;;;;;;;;;;;;;;;;;;;;;;;;;;;;;;;;;;;;;;;;;;;;;;;;;;;;;;;;;;;;;;;;;;;;;;;;;;;;;;;;;;;;;;;;;;;;;;;;;;;;;;;;;;;;;;;;;;;;;;;;;;;;;;;;;;;;;;;;;;;;;;;;;;;;;;;;;;;;;;;;;;;;;;;;;;;;;;;;;;;;;;;;;;;;;;;;;;;;;;;;;;;;;;;;;;;;;;;;;;;;;;;;;;;;;;;;;;;;;;;;;;;;;;;;;;;;;;;;;;;;;;;;
;;;;;;;;;6; União Rondonópolis;6;10;1;4;5;4;7;?3;;;;;;;;;;;;;;;;;;;;;;;;;;;;;;;;;;;;;;;;;;;;;;;;;;;;;;;;;;;;;;;;;;;;;;;;;;;;;;;;;;;;;;;;;;;;;;;;;;;;;;;;;;;;;;;;;;;;;;;;;;;;;;;;;;;;;;;;;;;;;;;;;;;;;;;;;;;;;;;;;;;;;;;;;;;;;;;;;;;;;;;;;;;;;;;;;;;;;;;;;;;;;;;;;;;;;;;;;;;;;;;;;;;;;;;;;;;;;;;;;;;;;;;;;;;;;;;;;;;;;;;;;;;;
;;;;;;;;;;;;;;;;;;;;;;;;;;;;;;;;;;;;;;;;;;;;;;;;;;;;;;;;;;;;;;;;;;;;;;;;;;;;;;;;;;;;;;;;;;;;;;;;;;;;;;;;;;;;;;;;;;;;;;;;;;;;;;;;;;;;;;;;;;;;;;;;;;;;;;;;;;;;;;;;;;;;;;;;;;;;;;;;;;;;;;;;;;;;;;;;;;;;;;;;;;;;;;;;;;;;;;;;;;;;;;;;;;;;;;;;;;;;;;;;;;;;;;;;;;;;;;;;;;;;;;;;;;;;;;;;;;;;;;;;;;;;;;
;;;;;;;;;Atualizado até os jogos disputados em October 29, 1989. Fonte: [14];;;;;;;;;;;;;;;;;;;;;;;;;;;;;;;;;;;;;;;;;;;;;;;;;;;;;;;;;;;;;;;;;;;;;;;;;;;;;;;;;;;;;;;;;;;;;;;;;;;;;;;;;;;;;;;;;;;;;;;;;;;;;;;;;;;;;;;;;;;;;;;;;;;;;;;;;;;;;;;;;;;;;;;;;;;;;;;;;;;;;;;;;;;;;;;;;;;;;;;;;;;;;;;;;;;;;;;;;;;;;;;;;;;;;;;;;;;;;;;;;;;;;;;;;;;;;;;;;;;;;;;;;;;;;;;;;;;;;
;;;;;;;;;Grupo O;;;;;;;;;;;;;;;;;;;;;;;;;;;;;;;;;;;;;;;;;;;;;;;;;;;;;;;;;;;;;;;;;;;;;;;;;;;;;;;;;;;;;;;;;;;;;;;;;;;;;;;;;;;;;;;;;;;;;;;;;;;;;;;;;;;;;;;;;;;;;;;;;;;;;;;;;;;;;;;;;;;;;;;;;;;;;;;;;;;;;;;;;;;;;;;;;;;;;;;;;;;;;;;;;;;;;;;;;;;;;;;;;;;;;;;;;;;;;;;;;;;;;;;;;;;;;;;;;;;;;;;;;;;;;;;;;;;;;
;;;;;;;;;;;;;;;;;;;;;;;;;;;;;;;;;;;;;;;;;;;;;;;;;;;;;;;;;;;;;;;;;;;;;;;;;;;;;;;;;;;;;;;;;;;;;;;;;;;;;;;;;;;;;;;;;;;;;;;;;;;;;;;;;;;;;;;;;;;;;;;;;;;;;;;;;;;;;;;;;;;;;;;;;;;;;;;;;;;;;;;;;;;;;;;;;;;;;;;;;;;;;;;;;;;;;;;;;;;;;;;;;;;;;;;;;;;;;;;;;;;;;;;;;;;;;;;;;;;;;;;;;;;;;;;;;;;;;;;;;;;;;;
;;;;;;;;;Pos;Equipe;Pts;J;V;E;D;GP;GC;SG;Classificação ou descenso;;;;;;;;;;;;;;;;;;;;;;;;;;;;;;;;;;;;;;;;;;;;;;;;;;;;;;;;;;;;;;;;;;;;;;;;;;;;;;;;;;;;;;;;;;;;;;;;;;;;;;;;;;;;;;;;;;;;;;;;;;;;;;;;;;;;;;;;;;;;;;;;;;;;;;;;;;;;;;;;;;;;;;;;;;;;;;;;;;;;;;;;;;;;;;;;;;;;;;;;;;;;;;;;;;;;;;;;;;;;;;;;;;;;;;;;;;;;;;;;;;;;;;;;;;;;;;;;;;;;;;;;;;;
;;;;;;;;;1; Blumenau;15;10;6;3;1;10;5;5;Classificado;;;;;;;;;;;;;;;;;;;;;;;;;;;;;;;;;;;;;;;;;;;;;;;;;;;;;;;;;;;;;;;;;;;;;;;;;;;;;;;;;;;;;;;;;;;;;;;;;;;;;;;;;;;;;;;;;;;;;;;;;;;;;;;;;;;;;;;;;;;;;;;;;;;;;;;;;;;;;;;;;;;;;;;;;;;;;;;;;;;;;;;;;;;;;;;;;;;;;;;;;;;;;;;;;;;;;;;;;;;;;;;;;;;;;;;;;;;;;;;;;;;;;;;;;;;;;;;;;;;;;;;;;;;
;;;;;;;;;2; Juventude;12;10;5;2;3;14;10;4;;;;;;;;;;;;;;;;;;;;;;;;;;;;;;;;;;;;;;;;;;;;;;;;;;;;;;;;;;;;;;;;;;;;;;;;;;;;;;;;;;;;;;;;;;;;;;;;;;;;;;;;;;;;;;;;;;;;;;;;;;;;;;;;;;;;;;;;;;;;;;;;;;;;;;;;;;;;;;;;;;;;;;;;;;;;;;;;;;;;;;;;;;;;;;;;;;;;;;;;;;;;;;;;;;;;;;;;;;;;;;;;;;;;;;;;;;;;;;;;;;;;;;;;;;;;;;;;;;;;;;;;;;;;
;;;;;;;;;3; Brusque;12;10;5;2;3;16;14;2;;;;;;;;;;;;;;;;;;;;;;;;;;;;;;;;;;;;;;;;;;;;;;;;;;;;;;;;;;;;;;;;;;;;;;;;;;;;;;;;;;;;;;;;;;;;;;;;;;;;;;;;;;;;;;;;;;;;;;;;;;;;;;;;;;;;;;;;;;;;;;;;;;;;;;;;;;;;;;;;;;;;;;;;;;;;;;;;;;;;;;;;;;;;;;;;;;;;;;;;;;;;;;;;;;;;;;;;;;;;;;;;;;;;;;;;;;;;;;;;;;;;;;;;;;;;;;;;;;;;;;;;;;;;
;;;;;;;;;4; Glória;12;10;4;4;2;13;9;4;;;;;;;;;;;;;;;;;;;;;;;;;;;;;;;;;;;;;;;;;;;;;;;;;;;;;;;;;;;;;;;;;;;;;;;;;;;;;;;;;;;;;;;;;;;;;;;;;;;;;;;;;;;;;;;;;;;;;;;;;;;;;;;;;;;;;;;;;;;;;;;;;;;;;;;;;;;;;;;;;;;;;;;;;;;;;;;;;;;;;;;;;;;;;;;;;;;;;;;;;;;;;;;;;;;;;;;;;;;;;;;;;;;;;;;;;;;;;;;;;;;;;;;;;;;;;;;;;;;;;;;;;;;;
;;;;;;;;;5; Marcílio Dias;7;10;3;1;6;11;15;?4;;;;;;;;;;;;;;;;;;;;;;;;;;;;;;;;;;;;;;;;;;;;;;;;;;;;;;;;;;;;;;;;;;;;;;;;;;;;;;;;;;;;;;;;;;;;;;;;;;;;;;;;;;;;;;;;;;;;;;;;;;;;;;;;;;;;;;;;;;;;;;;;;;;;;;;;;;;;;;;;;;;;;;;;;;;;;;;;;;;;;;;;;;;;;;;;;;;;;;;;;;;;;;;;;;;;;;;;;;;;;;;;;;;;;;;;;;;;;;;;;;;;;;;;;;;;;;;;;;;;;;;;;;;;
;;;;;;;;;6; Esportivo;2;10;0;2;8;5;16;?11;;;;;;;;;;;;;;;;;;;;;;;;;;;;;;;;;;;;;;;;;;;;;;;;;;;;;;;;;;;;;;;;;;;;;;;;;;;;;;;;;;;;;;;;;;;;;;;;;;;;;;;;;;;;;;;;;;;;;;;;;;;;;;;;;;;;;;;;;;;;;;;;;;;;;;;;;;;;;;;;;;;;;;;;;;;;;;;;;;;;;;;;;;;;;;;;;;;;;;;;;;;;;;;;;;;;;;;;;;;;;;;;;;;;;;;;;;;;;;;;;;;;;;;;;;;;;;;;;;;;;;;;;;;;
;;;;;;;;;;;;;;;;;;;;;;;;;;;;;;;;;;;;;;;;;;;;;;;;;;;;;;;;;;;;;;;;;;;;;;;;;;;;;;;;;;;;;;;;;;;;;;;;;;;;;;;;;;;;;;;;;;;;;;;;;;;;;;;;;;;;;;;;;;;;;;;;;;;;;;;;;;;;;;;;;;;;;;;;;;;;;;;;;;;;;;;;;;;;;;;;;;;;;;;;;;;;;;;;;;;;;;;;;;;;;;;;;;;;;;;;;;;;;;;;;;;;;;;;;;;;;;;;;;;;;;;;;;;;;;;;;;;;;;;;;;;;;;
;;;;;;;;;Atualizado até os jogos disputados em October 29, 1989. Fonte: [15];;;;;;;;;;;;;;;;;;;;;;;;;;;;;;;;;;;;;;;;;;;;;;;;;;;;;;;;;;;;;;;;;;;;;;;;;;;;;;;;;;;;;;;;;;;;;;;;;;;;;;;;;;;;;;;;;;;;;;;;;;;;;;;;;;;;;;;;;;;;;;;;;;;;;;;;;;;;;;;;;;;;;;;;;;;;;;;;;;;;;;;;;;;;;;;;;;;;;;;;;;;;;;;;;;;;;;;;;;;;;;;;;;;;;;;;;;;;;;;;;;;;;;;;;;;;;;;;;;;;;;;;;;;;;;;;;;;;;
;;;;;;;;;Grupo P;;;;;;;;;;;;;;;;;;;;;;;;;;;;;;;;;;;;;;;;;;;;;;;;;;;;;;;;;;;;;;;;;;;;;;;;;;;;;;;;;;;;;;;;;;;;;;;;;;;;;;;;;;;;;;;;;;;;;;;;;;;;;;;;;;;;;;;;;;;;;;;;;;;;;;;;;;;;;;;;;;;;;;;;;;;;;;;;;;;;;;;;;;;;;;;;;;;;;;;;;;;;;;;;;;;;;;;;;;;;;;;;;;;;;;;;;;;;;;;;;;;;;;;;;;;;;;;;;;;;;;;;;;;;;;;;;;;;;
;;;;;;;;;;;;;;;;;;;;;;;;;;;;;;;;;;;;;;;;;;;;;;;;;;;;;;;;;;;;;;;;;;;;;;;;;;;;;;;;;;;;;;;;;;;;;;;;;;;;;;;;;;;;;;;;;;;;;;;;;;;;;;;;;;;;;;;;;;;;;;;;;;;;;;;;;;;;;;;;;;;;;;;;;;;;;;;;;;;;;;;;;;;;;;;;;;;;;;;;;;;;;;;;;;;;;;;;;;;;;;;;;;;;;;;;;;;;;;;;;;;;;;;;;;;;;;;;;;;;;;;;;;;;;;;;;;;;;;;;;;;;;;
;;;;;;;;;Pos;Equipe;Pts;J;V;E;D;GP;GC;SG;Classificação ou descenso;;;;;;;;;;;;;;;;;;;;;;;;;;;;;;;;;;;;;;;;;;;;;;;;;;;;;;;;;;;;;;;;;;;;;;;;;;;;;;;;;;;;;;;;;;;;;;;;;;;;;;;;;;;;;;;;;;;;;;;;;;;;;;;;;;;;;;;;;;;;;;;;;;;;;;;;;;;;;;;;;;;;;;;;;;;;;;;;;;;;;;;;;;;;;;;;;;;;;;;;;;;;;;;;;;;;;;;;;;;;;;;;;;;;;;;;;;;;;;;;;;;;;;;;;;;;;;;;;;;;;;;;;;;
;;;;;;;;;1; Joinville;14;10;6;2;2;9;2;7;Classificado;;;;;;;;;;;;;;;;;;;;;;;;;;;;;;;;;;;;;;;;;;;;;;;;;;;;;;;;;;;;;;;;;;;;;;;;;;;;;;;;;;;;;;;;;;;;;;;;;;;;;;;;;;;;;;;;;;;;;;;;;;;;;;;;;;;;;;;;;;;;;;;;;;;;;;;;;;;;;;;;;;;;;;;;;;;;;;;;;;;;;;;;;;;;;;;;;;;;;;;;;;;;;;;;;;;;;;;;;;;;;;;;;;;;;;;;;;;;;;;;;;;;;;;;;;;;;;;;;;;;;;;;;;;
;;;;;;;;;2; Operário;13;10;4;5;1;10;5;5;;;;;;;;;;;;;;;;;;;;;;;;;;;;;;;;;;;;;;;;;;;;;;;;;;;;;;;;;;;;;;;;;;;;;;;;;;;;;;;;;;;;;;;;;;;;;;;;;;;;;;;;;;;;;;;;;;;;;;;;;;;;;;;;;;;;;;;;;;;;;;;;;;;;;;;;;;;;;;;;;;;;;;;;;;;;;;;;;;;;;;;;;;;;;;;;;;;;;;;;;;;;;;;;;;;;;;;;;;;;;;;;;;;;;;;;;;;;;;;;;;;;;;;;;;;;;;;;;;;;;;;;;;;;
;;;;;;;;;3; Noroeste;10;10;3;4;3;7;5;2;;;;;;;;;;;;;;;;;;;;;;;;;;;;;;;;;;;;;;;;;;;;;;;;;;;;;;;;;;;;;;;;;;;;;;;;;;;;;;;;;;;;;;;;;;;;;;;;;;;;;;;;;;;;;;;;;;;;;;;;;;;;;;;;;;;;;;;;;;;;;;;;;;;;;;;;;;;;;;;;;;;;;;;;;;;;;;;;;;;;;;;;;;;;;;;;;;;;;;;;;;;;;;;;;;;;;;;;;;;;;;;;;;;;;;;;;;;;;;;;;;;;;;;;;;;;;;;;;;;;;;;;;;;;
;;;;;;;;;4; Foz do Iguaçu;10;10;3;4;3;7;9;?2;;;;;;;;;;;;;;;;;;;;;;;;;;;;;;;;;;;;;;;;;;;;;;;;;;;;;;;;;;;;;;;;;;;;;;;;;;;;;;;;;;;;;;;;;;;;;;;;;;;;;;;;;;;;;;;;;;;;;;;;;;;;;;;;;;;;;;;;;;;;;;;;;;;;;;;;;;;;;;;;;;;;;;;;;;;;;;;;;;;;;;;;;;;;;;;;;;;;;;;;;;;;;;;;;;;;;;;;;;;;;;;;;;;;;;;;;;;;;;;;;;;;;;;;;;;;;;;;;;;;;;;;;;;;
;;;;;;;;;5; Caxias;8;10;2;4;4;4;7;?3;;;;;;;;;;;;;;;;;;;;;;;;;;;;;;;;;;;;;;;;;;;;;;;;;;;;;;;;;;;;;;;;;;;;;;;;;;;;;;;;;;;;;;;;;;;;;;;;;;;;;;;;;;;;;;;;;;;;;;;;;;;;;;;;;;;;;;;;;;;;;;;;;;;;;;;;;;;;;;;;;;;;;;;;;;;;;;;;;;;;;;;;;;;;;;;;;;;;;;;;;;;;;;;;;;;;;;;;;;;;;;;;;;;;;;;;;;;;;;;;;;;;;;;;;;;;;;;;;;;;;;;;;;;;
;;;;;;;;;6; Pinheiros;5;10;1;3;6;4;13;?9;;;;;;;;;;;;;;;;;;;;;;;;;;;;;;;;;;;;;;;;;;;;;;;;;;;;;;;;;;;;;;;;;;;;;;;;;;;;;;;;;;;;;;;;;;;;;;;;;;;;;;;;;;;;;;;;;;;;;;;;;;;;;;;;;;;;;;;;;;;;;;;;;;;;;;;;;;;;;;;;;;;;;;;;;;;;;;;;;;;;;;;;;;;;;;;;;;;;;;;;;;;;;;;;;;;;;;;;;;;;;;;;;;;;;;;;;;;;;;;;;;;;;;;;;;;;;;;;;;;;;;;;;;;;
;;;;;;;;;;;;;;;;;;;;;;;;;;;;;;;;;;;;;;;;;;;;;;;;;;;;;;;;;;;;;;;;;;;;;;;;;;;;;;;;;;;;;;;;;;;;;;;;;;;;;;;;;;;;;;;;;;;;;;;;;;;;;;;;;;;;;;;;;;;;;;;;;;;;;;;;;;;;;;;;;;;;;;;;;;;;;;;;;;;;;;;;;;;;;;;;;;;;;;;;;;;;;;;;;;;;;;;;;;;;;;;;;;;;;;;;;;;;;;;;;;;;;;;;;;;;;;;;;;;;;;;;;;;;;;;;;;;;;;;;;;;;;;
;;;;;;;;;Atualizado até os jogos disputados em October 29, 1989. Fonte: [16];;;;;;;;;;;;;;;;;;;;;;;;;;;;;;;;;;;;;;;;;;;;;;;;;;;;;;;;;;;;;;;;;;;;;;;;;;;;;;;;;;;;;;;;;;;;;;;;;;;;;;;;;;;;;;;;;;;;;;;;;;;;;;;;;;;;;;;;;;;;;;;;;;;;;;;;;;;;;;;;;;;;;;;;;;;;;;;;;;;;;;;;;;;;;;;;;;;;;;;;;;;;;;;;;;;;;;;;;;;;;;;;;;;;;;;;;;;;;;;;;;;;;;;;;;;;;;;;;;;;;;;;;;;;;;;;;;;;;
;;;;;;;;;Grupo Q;;;;;;;;;;;;;;;;;;;;;;;;;;;;;;;;;;;;;;;;;;;;;;;;;;;;;;;;;;;;;;;;;;;;;;;;;;;;;;;;;;;;;;;;;;;;;;;;;;;;;;;;;;;;;;;;;;;;;;;;;;;;;;;;;;;;;;;;;;;;;;;;;;;;;;;;;;;;;;;;;;;;;;;;;;;;;;;;;;;;;;;;;;;;;;;;;;;;;;;;;;;;;;;;;;;;;;;;;;;;;;;;;;;;;;;;;;;;;;;;;;;;;;;;;;;;;;;;;;;;;;;;;;;;;;;;;;;;;
;;;;;;;;;;;;;;;;;;;;;;;;;;;;;;;;;;;;;;;;;;;;;;;;;;;;;;;;;;;;;;;;;;;;;;;;;;;;;;;;;;;;;;;;;;;;;;;;;;;;;;;;;;;;;;;;;;;;;;;;;;;;;;;;;;;;;;;;;;;;;;;;;;;;;;;;;;;;;;;;;;;;;;;;;;;;;;;;;;;;;;;;;;;;;;;;;;;;;;;;;;;;;;;;;;;;;;;;;;;;;;;;;;;;;;;;;;;;;;;;;;;;;;;;;;;;;;;;;;;;;;;;;;;;;;;;;;;;;;;;;;;;;;
;;;;;;;;;Pos;Equipe;Pts;J;V;E;D;GP;GC;SG;Classificação ou descenso;;;;;;;;;;;;;;;;;;;;;;;;;;;;;;;;;;;;;;;;;;;;;;;;;;;;;;;;;;;;;;;;;;;;;;;;;;;;;;;;;;;;;;;;;;;;;;;;;;;;;;;;;;;;;;;;;;;;;;;;;;;;;;;;;;;;;;;;;;;;;;;;;;;;;;;;;;;;;;;;;;;;;;;;;;;;;;;;;;;;;;;;;;;;;;;;;;;;;;;;;;;;;;;;;;;;;;;;;;;;;;;;;;;;;;;;;;;;;;;;;;;;;;;;;;;;;;;;;;;;;;;;;;;
;;;;;;;;;1; Criciúma;14;10;5;4;1;22;8;14;Classificado;;;;;;;;;;;;;;;;;;;;;;;;;;;;;;;;;;;;;;;;;;;;;;;;;;;;;;;;;;;;;;;;;;;;;;;;;;;;;;;;;;;;;;;;;;;;;;;;;;;;;;;;;;;;;;;;;;;;;;;;;;;;;;;;;;;;;;;;;;;;;;;;;;;;;;;;;;;;;;;;;;;;;;;;;;;;;;;;;;;;;;;;;;;;;;;;;;;;;;;;;;;;;;;;;;;;;;;;;;;;;;;;;;;;;;;;;;;;;;;;;;;;;;;;;;;;;;;;;;;;;;;;;;;
;;;;;;;;;2; Figueirense;12;10;4;4;2;8;10;?2;;;;;;;;;;;;;;;;;;;;;;;;;;;;;;;;;;;;;;;;;;;;;;;;;;;;;;;;;;;;;;;;;;;;;;;;;;;;;;;;;;;;;;;;;;;;;;;;;;;;;;;;;;;;;;;;;;;;;;;;;;;;;;;;;;;;;;;;;;;;;;;;;;;;;;;;;;;;;;;;;;;;;;;;;;;;;;;;;;;;;;;;;;;;;;;;;;;;;;;;;;;;;;;;;;;;;;;;;;;;;;;;;;;;;;;;;;;;;;;;;;;;;;;;;;;;;;;;;;;;;;;;;;;;
;;;;;;;;;3; Novo Hamburgo;10;10;2;6;2;6;6;0;;;;;;;;;;;;;;;;;;;;;;;;;;;;;;;;;;;;;;;;;;;;;;;;;;;;;;;;;;;;;;;;;;;;;;;;;;;;;;;;;;;;;;;;;;;;;;;;;;;;;;;;;;;;;;;;;;;;;;;;;;;;;;;;;;;;;;;;;;;;;;;;;;;;;;;;;;;;;;;;;;;;;;;;;;;;;;;;;;;;;;;;;;;;;;;;;;;;;;;;;;;;;;;;;;;;;;;;;;;;;;;;;;;;;;;;;;;;;;;;;;;;;;;;;;;;;;;;;;;;;;;;;;;;
;;;;;;;;;4; Santa Cruz;9;10;2;5;3;13;15;?2;;;;;;;;;;;;;;;;;;;;;;;;;;;;;;;;;;;;;;;;;;;;;;;;;;;;;;;;;;;;;;;;;;;;;;;;;;;;;;;;;;;;;;;;;;;;;;;;;;;;;;;;;;;;;;;;;;;;;;;;;;;;;;;;;;;;;;;;;;;;;;;;;;;;;;;;;;;;;;;;;;;;;;;;;;;;;;;;;;;;;;;;;;;;;;;;;;;;;;;;;;;;;;;;;;;;;;;;;;;;;;;;;;;;;;;;;;;;;;;;;;;;;;;;;;;;;;;;;;;;;;;;;;;;
;;;;;;;;;5; Pelotas;8;10;2;4;4;6;11;?5;;;;;;;;;;;;;;;;;;;;;;;;;;;;;;;;;;;;;;;;;;;;;;;;;;;;;;;;;;;;;;;;;;;;;;;;;;;;;;;;;;;;;;;;;;;;;;;;;;;;;;;;;;;;;;;;;;;;;;;;;;;;;;;;;;;;;;;;;;;;;;;;;;;;;;;;;;;;;;;;;;;;;;;;;;;;;;;;;;;;;;;;;;;;;;;;;;;;;;;;;;;;;;;;;;;;;;;;;;;;;;;;;;;;;;;;;;;;;;;;;;;;;;;;;;;;;;;;;;;;;;;;;;;;
;;;;;;;;;6; Avaí;7;10;2;3;5;8;13;?;;;;;;;;;;;;;;;;;;;;;;;;;;;;;;;;;;;;;;;;;;;;;;;;;;;;;;;;;;;;;;;;;;;;;;;;;;;;;;;;;;;;;;;;;;;;;;;;;;;;;;;;;;;;;;;;;;;;;;;;;;;;;;;;;;;;;;;;;;;;;;;;;;;;;;;;;;;;;;;;;;;;;;;;;;;;;;;;;;;;;;;;;;;;;;;;;;;;;;;;;;;;;;;;;;;;;;;;;;;;;;;;;;;;;;;;;;;;;;;;;;;;;;;;;;;;;;;;;;;;;;;;;;;;
;;;;;;;;;Colocações finais;;;;;;;;;;;;;;;;;;;;;;;;;;;;;;;;;;;;;;;;;;;;;;;;;;;;;;;;;;;;;;;;;;;;;;;;;;;;;;;;;;;;;;;;;;;;;;;;;;;;;;;;;;;;;;;;;;;;;;;;;;;;;;;;;;;;;;;;;;;;;;;;;;;;;;;;;;;;;;;;;;;;;;;;;;;;;;;;;;;;;;;;;;;;;;;;;;;;;;;;;;;;;;;;;;;;;;;;;;;;;;;;;;;;;;;;;;;;;;;;;;;;;;;;;;;;;;;;;;;;;;;;;;;;;;;;;;;;;
;;;;;;;;;Campeão;Bragantino;;;;;;;;;;;;;;;;;;;;;;;;;;;;;;;;;;;;;;;;;;;;;;;;;;;;;;;;;;;;;;;;;;;;;;;;;;;;;;;;;;;;;;;;;;;;;;;;;;;;;;;;;;;;;;;;;;;;;;;;;;;;;;;;;;;;;;;;;;;;;;;;;;;;;;;;;;;;;;;;;;;;;;;;;;;;;;;;;;;;;;;;;;;;;;;;;;;;;;;;;;;;;;;;;;;;;;;;;;;;;;;;;;;;;;;;;;;;;;;;;;;;;;;;;;;;;;;;;;;;;;;;;;;;;;;;;;;;
;;;;;;;;;Vice-campeão;São José-SP;;;;;;;;;;;;;;;;;;;;;;;;;;;;;;;;;;;;;;;;;;;;;;;;;;;;;;;;;;;;;;;;;;;;;;;;;;;;;;;;;;;;;;;;;;;;;;;;;;;;;;;;;;;;;;;;;;;;;;;;;;;;;;;;;;;;;;;;;;;;;;;;;;;;;;;;;;;;;;;;;;;;;;;;;;;;;;;;;;;;;;;;;;;;;;;;;;;;;;;;;;;;;;;;;;;;;;;;;;;;;;;;;;;;;;;;;;;;;;;;;;;;;;;;;;;;;;;;;;;;;;;;;;;;;;;;;;;;
