1989;;;Colocações finais;;1990;;;;;1991;;;;;1992;;;;;1993;;;;;1994;;;;;;;;;
Estado;Equipe;Como se classificou;Campeão;Grêmio (1º título);Estado;Equipe;Como se Classificou;Colocações finais;;Estado;Equipe;Como se Classificou;Colocações finais;;Estado;Equipe;Como se classificou;Colocações finais;;Estado;Equipe;Como se Classificou;Colocações finais;;Estado;Equipe;Como se Classificou;Colocações finais;;;;;;
 Alagoas;CSA;Campeão do Estadual 1988;Vice-campeão;Sport; Acre;Juventus-AC;Campeão do Estadual 1989;Campeão;Flamengo (1º título); Acre;Rio Branco;Campeão do Estadual 1990;Campeão;Criciúma (1º título); Acre;Atlético Acreano;Campeão do Estadual 1991;Campeão;Internacional (1º título); Acre;Rio Branco;Campeão do Estadual 1992;Campeão;Cruzeiro (1º título); Acre;Independência;Campeão do Estadual 1993;Campeão;Grêmio (2º título);;;;;
 Amazonas;Rio Negro-AM;Campeão do Estadual 1988;Estatísticas;; Alagoas;Capelense;Campeão do Estadual 1989;Vice-campeão;Goiás; Alagoas;CSA;Campeão do Estadual 1990;Vice-campeão;Grêmio; Alagoas;CSA;Campeão do Estadual 1991;Vice-campeão;Fluminense; Alagoas;CRB;Campeão do Estadual 1992;Vice-campeão;Grêmio; Alagoas;CRB;Campeão do Estadual 1993;Vice-campeão;Ceará;;;;;
 Bahia;Bahia;Campeão do Estadual 1988;Melhor marcador;Gérson (Atlético Mineiro) – 7 gols; Amazonas;Rio Negro-AM;Campeão do Estadual 1989;Estatísticas;; Amazonas;Rio Negro-AM;Campeão do Estadual 1990;Estatísticas;; Amapá;Amapá;Campeão do Estadual 1991;Estatísticas;; Amapá;Trem;Campeão do Estadual 1992;Estatísticas;; Amapá;São José-AP;Campeão do Estadual 1993;Estatísticas;;;;;;
;Vitória;Vice-campeão do Estadual 1988;Maior goleada;Atlético Mineiro 7–0 América de Natal; Bahia;Vitória;Campeão do Estadual 1989;Melhor marcador;Bizu (Náutico) – 7 gols; Bahia;Vitória;Campeão do Estadual 1990;Melhor marcador;Gérson (Atlético Mineiro) – 6 gols; Amazonas;Nacional-AM;Campeão do Estadual 1991;Melhor marcador;Gérson (Internacional) – 9 gols; Amazonas;Sul América;Campeão do Estadual 1992;Melhor marcador;Gílson (Grêmio) – 8 gols; Amazonas;Nacional-AM;Campeão do Estadual 1993;Melhor marcador;Paulinho McLaren (Internacional) – 6 gols;;;;;
 Ceará;Ferroviário;Campeão do Estadual 1988;(diferença);;;Bahia;Vice-campeão do Estadual 1989;Maiores goleadas;Atlético Mineiro 5–0 Vila Nova;;Fluminense de Feira;Vice-campeão do Estadual 1990;Maior goleada;Atlético Mineiro 11 – 0 Caiçara; Bahia;Bahia;Campeão do Estadual 1991;Maiores goleadas;Internacional 5–0 Muniz Freire; Bahia;Vitória;Campeão do Estadual 1992;Maior goleada;Internacional 9–1 Ji-Paraná; Bahia;Bahia;Campeão do Estadual 1993;Maior goleada;Vitória 4 – 0 Sorriso;;;;;
;Fortaleza;Vice-campeão do Estadual 1988;;; Ceará;Ceará;Campeão do Estadual 1989;(diferença);Estádio Independência, Belo Horizonte; Ceará;Ceará;Campeão do Estadual 1990;(diferença);; Ceará;Fortaleza;Campeão do Estadual 1991;(diferença);Estádio Beira-Rio, Porto Alegre; Ceará;Ceará;Indicado pela Federação Cearense de Futebol;(diferença);;;Vitória;Vice-campeão do Estadual 1993;(diferença);;;;;;
 Distrito Federal;Tiradentes;Campeão do Metropolitano 1988;;; Distrito Federal;Taguatinga;Campeão do Metropolitano 1989;;27 de junho, Primeira fase; Distrito Federal;Gama;Campeão do Metropolitano 1990;;; Distrito Federal;Taguatinga;Campeão do Metropolitano 1991;;11 de agosto, Primeira fase; Distrito Federal;Taguatinga;Campeão do Metropolitano 1992;;; Ceará;Ceará;Campeão do Estadual 1993;;;;;;;
 Espírito Santo;Ibiraçu;Campeão do Estadual 1988;;; Espírito Santo;Desportiva Ferroviária;Campeão do Estadual 1989;;; Espírito Santo;Colatina;Campeão do Estadual 1990;;; Espírito Santo;Muniz Freire;Campeão do Estadual 1991;;; Espírito Santo;Desportiva Ferroviária;Campeão do Estadual 1992;;; Distrito Federal;Taguatinga;Campeão do Metropolitano 1993;;;;;;;
 Goiás;Atlético Goianiense;Campeão do Estadual 1988;;; Goiás;Goiás;Campeão do Estadual 1989;;Goiás 5–0 Operário-MS; Goiás;Goiás;Campeão do Estadual 1990;;; Goiás;Goiás;Campeão do Estadual 1991;;Vasco da Gama 5–0 Nacional-AM; Goiás;Goiatuba;Campeão do Estadual 1992;;; Espírito Santo;Linhares EC;Campeão do Estadual 1993;;;;;;;
;Goiás;Vice-campeão do Estadual 1988;;;;Vila Nova;Vice-campeão do Estadual 1989;;;;Goiânia;Vice-campeão do Estadual 1990;;; Maranhão;Sampaio Corrêa;Campeão do Estadual 1991;;Estádio São Januário, Rio de Janeiro; Maranhão;Sampaio Corrêa;Campeão do Estadual 1992;;; Goiás;Vila Nova;Campeão do Estadual 1993;;;;;;;
 Maranhão;Sampaio Corrêa;Campeão do Estadual 1988;;; Maranhão;Moto Club;Campeão do Estadual 1989;;; Maranhão;Sampaio Corrêa;Campeão do Estadual 1990;;; Mato Grosso;Juventude-MT;Campeão do Estadual 1991;;; Mato Grosso;Sorriso;Campeão do Estadual 1992;;; Maranhão;Maranhão;Campeão do Estadual 1993;;;;;;;
 Mato Grosso;Mixto;Campeão do Estadual 1988;;; Mato Grosso;Mixto;Campeão do Estadual 1989;;; Mato Grosso;União Rondonópolis;Campeão do Estadual 1990;;; Mato Grosso do Sul;Operário-MS;Campeão do Estadual 1991;;Juventude-MT 0–5 Criciúma; Mato Grosso do Sul;Operário-MS;Campeão do Estadual 1992;;; Mato Grosso;Sorriso;Campeão do Estadual 1993;;;;;;;
 Mato Grosso do Sul;Operário-MS;Campeão do Estadual 1988;;; Mato Grosso do Sul;Operário-MS;Campeão do Estadual 1989;;; Mato Grosso do Sul;Ubiratan;Campeão do Estadual 1990;;; Minas Gerais;Atlético Mineiro;Campeão do Estadual 1991;;; Minas Gerais;Cruzeiro;Campeão do Estadual 1992;;; Mato Grosso do Sul;Comercial-MS;Campeão do Estadual 1993;;;;;;;
 Minas Gerais;Atlético Mineiro;Campeão do Estadual 1988;;; Minas Gerais;Atlético Mineiro;Campeão do Estadual 1989;;; Minas Gerais;Atlético Mineiro;Campeão do Estadual 1990;;;;Democrata GV;Vice-campeão do Estadual 1991;;;;América Mineiro;Vice-campeão do Estadual 1992;;; Minas Gerais;América Mineiro;Campeão do Estadual 1993;;;;;;;
;Cruzeiro;Vice-campeão do Estadual 1988;;;;Cruzeiro;Vice-campeão do Estadual 1989;;;;Cruzeiro;Vice-campeão do Estadual 1990;;; Pará;Remo;Campeão do Estadual 1991;;; Pará;Paysandu;Campeão do Estadual 1992;;;;Atlético Mineiro;Vice-campeão do Estadual 1993;;;;;;;
 Pará;Paysandu;Campeão do Estadual 1988;;; Pará;Remo;Campeão do Estadual 1989;;; Pará;Remo;Campeão do Estadual 1990;;;;Tuna Luso;Vice-campeão do Estadual 1991;;;;Remo;Vice-campeão do Estadual 1992;;; Pará;Paysandu;Campeão do Estadual 1993;;;;;;;
 Paraíba;Botafogo-PB;Campeão do Estadual 1988;;; Paraíba;Treze;Campeão do Estadual 1989;;;;Paysandu;Vice-campeão do Estadual 1990;;; Paraíba;Campinense;Campeão do Estadual 1991;;; Paraíba;Auto Esporte-PB;Campeão do Estadual 1992;;;;Remo;Vice-campeão do Estadual 1993;;;;;;;
 Paraná;Atlético Paranaense;Campeão do Estadual 1988;;; Paraná;Coritiba;Campeão do Estadual 1989;;; Paraíba;Auto Esporte;Campeão do Estadual 1990;;; Paraná;Paraná;Campeão do Estadual 1991;;; Paraná;Londrina;Campeão do Estadual 1992;;; Paraíba;Campinense;Campeão do Estadual 1993;;;;;;;
;Pinheiros;Vice-campeão do Estadual 1988;;;;União Bandeirante;Vice-campeão do Estadual 1989;;; Paraná;Atlético Paranaense;Campeão do Estadual 1990;;;;Atlético Paranaense;Vice-campeão do Estadual 1991;;;;União Bandeirante;Vice-campeão do Estadual 1992;;; Paraná;Paraná;Campeão do Estadual 1993;;;;;;;
 Pernambuco;Sport;Campeão do Estadual 1988;;; Pernambuco;Náutico;Campeão do Estadual 1989;;;;Coritiba;Vice-campeão do Estadual 1990;;; Pernambuco;Sport;Campeão do Estadual 1991;;; Pernambuco;Sport;Campeão do Estadual 1992;;; Pernambuco;Santa Cruz;Campeão do Estadual 1993;;;;;;;
;Náutico;Vice-campeão do Estadual 1988;;;;Santa Cruz;Vice-campeão do Estadual 1989;;; Pernambuco;Santa Cruz;Campeão do Estadual 1990;;;;Náutico;Vice-campeão do Estadual 1991;;;;Náutico;Vice-campeão do Estadual 1992;;; Piauí;4 de Julho;Campeão do Estadual 1993;;;;;;;
 Piauí;Flamengo-PI;Campeão do Estadual 1988;;; Piauí;River-PI;Campeão do Estadual 1989;;;;Sport;Vice-campeão do Estadual 1990;;; Piauí;Picos;Campeão do Estadual 1991;;; Piauí;4 de Julho;Campeão do Estadual 1992;;; Rio de Janeiro;Vasco da Gama;Campeão do Estadual 1993;;;;;;;
 Rio de Janeiro;Vasco da Gama;Campeão do Estadual 1988;;; Rio de Janeiro;Botafogo;Campeão do Estadual 1989;;; Piauí;Caiçara;Campeão do Estadual 1990;;; Rio de Janeiro;Vasco da Gama;4° colocado do Estadual 1991;;; Rio de Janeiro;Vasco da Gama;Campeão do Estadual 1992;;;;Fluminense;Vice-campeão do Estadual 1993;;;;;;;
;Flamengo;Vice-campeão do Estadual 1988;;;;Flamengo;Vice-campeão do Estadual 1989;;; Rio de Janeiro;Botafogo;Campeão do Estadual 1990;;;;Fluminense;Vice-campeão do Estadual 1991;;;;Flamengo;Vice-campeão do Estadual 1992;;; Rio Grande do Norte;ABC;Campeão do Estadual 1993;;;;;;;
 Rio Grande do Norte;América de Natal;Campeão do Estadual 1988;;; Rio Grande do Norte;América de Natal;Campeão do Estadual 1989;;;;Vasco da Gama;Vice-campeão do Estadual 1990;;; Rio Grande do Norte;América de Natal;Campeão do Estadual 1991;;; Rio Grande do Norte;América de Natal;Campeão do Estadual 1992;;; Rio Grande do Sul;Grêmio;Campeão do Estadual 1993;;;;;;;
 Rio Grande do Sul;Grêmio;Campeão do Estadual 1988;;; Rio Grande do Sul;Grêmio;Campeão do Estadual 1989;;; Rio Grande do Norte;ABC;Campeão do Estadual 1990;;; Rio Grande do Sul;Internacional;Campeão do Estadual 1991;;; Rio Grande do Sul;Internacional;Campeão do Estadual 1992;;;;Internacional;Vice-campeão do Estadual 1993;;;;;;;
;Internacional;Vice-campeão do Estadual 1988;;;;Internacional;Vice-campeão do Estadual 1989;;; Rio Grande do Sul;Grêmio;Campeão do Estadual 1990;;;;Grêmio;Vice-campeão do Estadual 1991;;;;Grêmio;Vice-campeão do Estadual 1992;;; Rondônia;Ariquemes;Campeão do Estadual 1993;;;;;;;
 São Paulo;Corinthians;Campeão do Estadual 1988;;; São Paulo;São Paulo;Campeão do Estadual 1989;;;;Caxias;Vice-campeão do Estadual 1990;;; Rondônia;Ji-Paraná;Campeão do Estadual 1991;;; Rondônia;Ji-Paraná;Campeão do Estadual 1992;;; São Paulo;Palmeiras;Campeão do Estadual 1993;;;;;;;
;Guarani;Vice-campeão do Estadual 1988;;;;São José-SP;Vice-campeão do Estadual 1989;;; São Paulo;Corinthians;Campeão da primeira fase do Estadual 1990 (Grupo A);;; São Paulo;Corinthians;Vice-campeão do Estadual 1991;;; São Paulo;São Paulo;Campeão do Estadual 1992;;;;Corinthians;Vice-campeão do Estadual 1993;;;;;;;
 Santa Catarina;Avaí;Campeão do Estadual 1988;;; Santa Catarina;Criciúma;Campeão do Estadual 1989;;;;XV de Piracicaba;Campeão da primeira fase do Estadual 1990 (Grupo B);;;;Palmeiras;3° colocado do Estadual 1991;;;;Palmeiras;Vice-campeão do Estadual 1992;;; Santa Catarina;Criciúma;Campeão do Estadual 1993;;;;;;;
;Blumenau;Vice-campeão do Estadual 1988;;;;Joinville;Vice-campeão do Estadual 1989;;; Santa Catarina;Criciúma;Campeão do Estadual 1990;;; Santa Catarina;Criciúma;Campeão do Estadual 1991;;; Santa Catarina;Brusque;Campeão do Estadual 1992;;; Sergipe;Sergipe;Campeão do Estadual 1993;;;;;;;
 Sergipe;Confiança;Campeão do Estadual 1988;;; Sergipe;Sergipe;Campeão do Estadual 1989;;; Sergipe;Confiança;Campeão do Estadual 1990;;; Sergipe;Sergipe;Campeão do Estadual 199;;; Sergipe;Sergipe;Campeão do Estadual 1992;;; Tocantins;Kaburé;Campeão da Copa Tocantins 1993;;;;;;;
;;;;;;;;;;;;;;;;;;;;;;;;;;;;;;;;;;
;;;;;;;;;;;;;;;;;;;;;;;;;;;;;;;;;;
1995;;;;;1996;;;;1997;;;;;;;;1998;;;;1999;;;;;2000;;;;;;;;
Estado;Equipe;Como se Classificou;Colocações finais;;Acre (AC);;Colocações finais;;Região Sudeste;;;;;;Colocações finais;;Acre (AC);;Colocações finais;;Região Sudeste;;;Colocações finais;;Acre (AC);Colocações finais;;;;;;;
 Acre;Rio Branco;Campeão do Estadual 1994;Campeão;Corinthians (1º título);Juventus-AC [];;Campeão;Cruzeiro (2º título);São Paulo: Corinthians, Palmeiras, Portuguesa e Santos.;;;;;;Campeão;Grêmio (3º título);Rio Branco-AC [1];;Campeão;Palmeiras (1º título);São Paulo (7): Corinthians, Guarani, Palmeiras, Ponte Preta, Portuguesa, Santos e São Paulo.;;;Campeão;Juventude (1º título);Independência;Campeão;Cruzeiro (3.º título);;;;;;
 Alagoas;CSA;Campeão do Estadual 1994;Vice-campeão;Grêmio;Alagoas (AL);;Vice-campeão;Palmeiras;Rio de Janeiro: Botafogo, Flamengo, Fluminense e Vasco da Gama.;;;;;;Vice-campeão;Flamengo;Alagoas (AL);;Vice-campeão;Cruzeiro;Rio de Janeiro (5): Botafogo, Flamengo, Fluminense, Vasco da Gama e Volta Redonda.;;;Vice-campeão;Botafogo;Vasco-AC [1];Vice-campeão;São Paulo;;;;;;
 Amapá;Cristal;Campeão do Estadual 1994;Estatísticas;;CRB [1];;Estatísticas;;Minas Gerais: América-MG, Atlético-MG e Cruzeiro.;;;;;;Estatísticas;;CSA [, 2];;Estatísticas;;Minas Gerais (4): América Mineiro, Atlético Mineiro, Cruzeiro e Villa Nova.;;;Estatísticas;;Alagoas (AL);Estatísticas;;;;;;;
 Amazonas;Nacional-AM;Campeão do Estadual 1994;Melhor marcador;Sávio (Flamengo) – 7 gols;Amapá (AP);;Melhor marcador;Luizão (Palmeiras) – 8 gols;Espírito Santo: Desportiva Ferroviária. [1, 2, 3, 5];;;;;;Melhor marcador;Paulo Nunes (Grêmio) – 9 gols;Amapá (AP);;Melhor marcador;Romário (Flamengo) – 7 gols;Espírito Santo (1): Linhares. [1, 2, 3, 4, 5];;;Melhor marcador;7 gols:;CRB;Melhor marcador;Oséas (Cruzeiro) – 10 gols;;;;;;
 Bahia;Bahia;Campeão do Estadual 1994;Maior goleada;Flamengo 8–0 Kaburé;Cristal [1];;Maior goleada;Sergipe 0–8 Palmeiras;Região Sul;;;;;;Maior goleada;Portuguesa 8–0 Kaburé;Amapá [, 2];;Maior goleada;Vasco da Gama 8 – 0 Picos;Região Sul;;;;Romário (Flamengo);CSA [1, 2];Maior goleada;Interporto 0 – 8 Bahia;;;;;;
;Vitória;Vice-campeão do Estadual 1994;(diferença);;Amazonas (AM);;(diferença);;Rio Grande do Sul: Grêmio, Internacional e Juventude.;;;;;;(diferença);;Amazonas (AM);;(diferença);;Rio Grande do Sul (4): Caxias, Grêmio, Internacional e Juventude.;;;;Dejan Petkovi? (Vitória);Amapá (AP);(diferença);;;;;;;
 Ceará;Ferroviário;Campeão do Estadual 1994;;;Nacional-AM;;;;Paraná: Atlético-PR (Athletico) e Paraná Clube.;;;;;;;;São Raimundo-AM [1];;;;Paraná (4): Athletico Paranaense, Coritiba, Paraná Clube e Rio Branco.;;;Maiores goleadas;Santos 6 – 0 Sinop;Santos-AP [1];;;;;;;;
 Distrito Federal;Gama;Campeão do Metropolitano 1994;;;Bahia (BA);;;;Santa Catarina: Figueirense. [, 2, 4, 5];;;;;;;;Bahia (BA);;;;Santa Catarina (3): Avaí, Criciúma e Figueirense. [1, 2, 3, 4, 5];;;(diferença);;Amazonas (AM);;;;;;;;
 Espírito Santo;Desportiva Ferroviária;Campeão do Estadual 1994;;;Bahia;;;;Região Nordeste;;;;;;;;Bahia;;;;Região Nordeste;;;;Juventude 6 – 0 Fluminense;Nacional-AM [1];;;;;;;;
 Goiás;Goiás;Campeão do Estadual 1994;;;Vitória [1];;;;Bahia: Bahia e Vitória.;;;;;;;;Vitória [1, 2];;;;Bahia (2): Bahia e Vitória.;;;;;Bahia (BA);;;;;;;;
 Maranhão;Maranhão;Campeão do Estadual 1994;;;Ceará (CE);;;;Pernambuco: Santa Cruz.;;;;;;;;Ceará (CE);;;;Pernambuco (4): Porto, Santa Cruz, Sport Recife e Treze (nota: o Treze é da Paraíba, veja abaixo).;;;;;Bahia;;;;;;;;
 Mato Grosso;Operário VG;Campeão do Estadual 1994;;;Ferroviário [1];;;;Ceará: Fortaleza.;;;;;;;;Ceará;;;;Ceará (2): Ceará e Ferroviário.;;;;;Poções;;;;;;;;
 Mato Grosso do Sul;Pontaporanense;Vice-campeão do Estadual 1994;;;Distrito Federal (DF);;;;Alagoas: CSA.;;;;;;;;Distrito Federal (DF);;;;Rio Grande do Norte (2): ABC e América de Natal.;;;;;Vitória [1, 2];;;;;;;;
 Minas Gerais;Cruzeiro;Campeão do Estadual 1994;;;Gama [1];;;;Sergipe: Sergipe.;;;;;;;;Gama [1];;;;Alagoas (2): CSA e CRB.;;;;;Ceará (CE);;;;;;;;
;Atlético Mineiro;Vice-campeão do Estadual 1994;;;Espírito Santo (ES);;;;Paraíba: Santa Cruz-PB.;;;;;;;;Espírito Santo (ES);;;;Maranhão (2): Moto Club e Sampaio Corrêa.;;;;;Ceará;;;;;;;;
;Democrata GV;Convidado pela CBF;;;Linhares EC;;;;Rio Grande do Norte: América-RN.;;;;;;;;Linhares EC [];;;;Paraíba (2): Botafogo-PB e Treze.;;;;;Fortaleza [1, 2];;;;;;;;
 Pará;Remo;Campeão do Estadual 1994;;;Goiás (GO);;;;Piauí: Cori-Sabbá;;;;;;;;Goiás (GO);;;;Piauí (2): Flamengo-PI e Picos.;;;;;Distrito Federal (DF);;;;;;;;
 Paraíba;Sousa;Campeão do Estadual 1994;;;Goiás;;;;Maranhão: Bacabal. [, 2, 3, 4, 5, 6];;;;;;;;Goiás;;;;Sergipe (2): Lagartense e Sergipe. [1, 2, 3, 4, 5];;;;;Dom Pedro II;;;;;;;;
 Paraná;Paraná;Campeão do Estadual 1994;;;Vila Nova [1, 2];;;;Região Centro-Oeste;;;;;;;;Vila Nova [, 2];;;;Região Centro-Oeste;;;;;Gama [1, 2];;;;;;;;
 Pernambuco;Sport;Campeão do Estadual 1994;;;Maranhão (MA);;;;Goiás: Goiás e Vila Nova-GO.;;;;;;;;Maranhão (MA);;;;Goiás (3): Atlético Goianiense, Goiás e Vila Nova.;;;;;Espírito Santo (ES);;;;;;;;
;Náutico;Vice-campeão do Estadual 1994;;;Maranhão [1];;;;Distrito Federal: Guará.;;;;;;;;Sampaio Corrêa;;;;Distrito Federal (2): Gama e Guará.;;;;;Serra;;;;;;;;
 Piauí;Flamengo-PI;Campeão do Estadual 1994;;;Mato Grosso (MT);;;;Mato Grosso: Mixto.;;;;;;;;Mato Grosso (MT);;;;Mato Grosso (2): Sinop e Diamantino.;;;;;Goiás (GO);;;;;;;;
 Rio de Janeiro;Vasco da Gama;Campeão do Estadual 1994;;;Operário-MT [1];;;;Mato Grosso do Sul: Operário-MS. [, 2, 4, 5];;;;;;;;Operário-MT;;;;Mato Grosso do Sul (2): Comercial e Ubiratan. [1, 2, 3, 4, 5];;;;;Goiás;;;;;;;;
;Volta Redonda;Campeão da Copa Rio 1994;;;Mato Grosso do Sul (MS);;;;Região Norte;;;;;;;;Mato Grosso do Sul (MS);;;;Região Norte;;;;;Vila Nova [1];;;;;;;;
;Flamengo;Convidado pela CBF;;;Operário-MS [1];;;;Pará: Paysandu e Remo.;;;;;;;;Commercial-MS;;;;Pará (2): Paysandu e Remo.;;;;;Maranhão (MA);;;;;;;;
 Rio Grande do Norte;ABC;Campeão do Estadual 1994;;;Minas Gerais (MG);;;;Amazonas: Nacional-AM.;;;;;;;;Minas Gerais (MG);;;;Amazonas (1): São Raimundo.;;;;;Maranhão;;;;;;;;
 Rio Grande do Sul;Internacional;Campeão do Estadual 1994;;;América-MG;;;;Acre: Rio Branco-AC.;;;;;;;;América Mineiro;;;;Acre (1): Independência.;;;;;Sampaio Corrêa [1];;;;;;;;
;Juventude;Vice-campeão do Estadual 1994;;;Atlético Mineiro;;;;Roraima: Baré.;;;;;;;;Atlético Mineiro;;;;Amapá (1): Ypiranga.;;;;;Mato Grosso (MT);;;;;;;;
;Grêmio;Convidado pela CBF;;;Cruzeiro [1, 2];;;;Rondônia: Ji-Paraná.;;;;;;;;Cruzeiro (Vice-campeão);;;;Rondônia (1): Ji-Paraná.;;;;;Sinop;;;;;;;;
 Rondônia;Palmares;6° colocado do Estadual 1994[nota 1];;;Pará (PA);;;;Amapá: Ypiranga-AP.;;;;;;;;Villa Nova [1, 2, 3];;;;Roraima (1): Atlético Roraima.;;;;;Mato Grosso do Sul (MS);;;;;;;;
 São Paulo;Palmeiras;Campeão do Estadual 1994;;;Remo [1];;;;Tocantins: Kaburé. [, 2, 3, 4, 5];;;;;;;;Pará (PA);;;;Tocantins (1): Alvorada.;;;;;Comercial-MS;;;;;;;;
;Corinthians;Campeão da Copa Bandeirantes 1994;;;Paraíba (PB);;;;;;;;;;;;Remo [];;;;;;;;;Ubiratan [1];;;;;;;;
;São Paulo;Vice-campeão do Estadual 1994;;;Botafogo-PB;;;;;;;;;;;;Paraíba (PB);;;;;;;;;Minas Gerais (MG);;;;;;;;
 Santa Catarina;Figueirense;Campeão do Estadual 1994;;;Santa Cruz-PB [1];;;;;;;;;;;;Botafogo-PB;;;;;;;;;América-MG;;;;;;;;
 Sergipe;Sergipe;Campeão do Estadual 1994;;;Paraná (PR);;;;;;;;;;;;Paraná (PR);;;;;;;;;Atlético-MG;;;;;;;;
 Tocantins;Kaburé;Campeão da Copa Tocantins 1994;;;Atlético Paranaense;;;;;;;;;;;;Coritiba;;;;;;;;;Cruzeiro;;;;;;;;
;;;;;Coritiba;;;;;;;;;;;;Paraná [, 2];;;;;;;;;URT [1, 2, 3];;;;;;;;
;;;;;Paraná Clube [1, 2];;;;;;;;;;;;Pernambuco (PE);;;;;;;;;Pará (PA);;;;;;;;
;;;;;Pernambuco (PE);;;;;;;;;;;;Sport [1];;;;;;;;;Paysandu;;;;;;;;
;;;;;Santa Cruz [1];;;;;;;;;;;;Piauí (PI);;;;;;;;;Remo [1, 2, 3];;;;;;;;
;;;;;Piauí (PI);;;;;;;;;;;;Cori-Sabbá;;;;;;;;;Paraíba (PB);;;;;;;;
;;;;;Cori-Sabbá;;;;;;;;;;;;Picos [];;;;;;;;;Botafogo-PB;;;;;;;;
;;;;;Flamengo-PI [1];;;;;;;;;;;;Rio de Janeiro (RJ);;;;;;;;;Treze [1, 2, 3];;;;;;;;
;;;;;Rio de Janeiro (RJ);;;;;;;;;;;;Bangu;;;;;;;;;Paraná (PR);;;;;;;;
;;;;;Botafogo;;;;;;;;;;;;Botafogo;;;;;;;;;Atlético-PR;;;;;;;;
;;;;;Flamengo;;;;;;;;;;;;Flamengo;;;;;;;;;Coritiba;;;;;;;;
;;;;;Fluminense;;;;;;;;;;;;Fluminense;;;;;;;;;Paraná [1, 2, 3];;;;;;;;
;;;;;Vasco da Gama [, 2, 4];;;;;;;;;;;;Vasco da Gama [, 2];;;;;;;;;;;;;;;;;
;;;;;Rio Grande do Norte (RN);;;;;;;;;;;;Rio Grande do Norte (RN);;;;;;;;;;;;;;;;;
;;;;;ABC;;;;;;;;;;;;ABC;;;;;;;;;;;;;;;;;
;;;;;Rio Grande do Sul (RS);;;;;;;;;;;;América de Natal [, 2];;;;;;;;;;;;;;;;;
;;;;;Grêmio;;;;;;;;;;;;Rio Grande do Sul (RS);;;;;;;;;;;;;;;;;
;;;;;Internacional [];;;;;;;;;;;;Grêmio;;;;;;;;;;;;;;;;;
;;;;;Rondônia (RO);;;;;;;;;;;;Internacional [1];;;;;;;;;;;;;;;;;
;;;;;Ji-Paraná [1];;;;;;;;;;;;Rondônia (RO);;;;;;;;;;;;;;;;;
;;;;;Roraima (RR);;;;;;;;;;;;Ji-Paraná;;;;;;;;;;;;;;;;;
;;;;;Atlético Roraima;;;;;;;;;;;;Roraima (RR);;;;;;;;;;;;;;;;;
;;;;;Santa Catarina (SC);;;;;;;;;;;;Baré [];;;;;;;;;;;;;;;;;
;;;;;Criciúma [];;;;;;;;;;;;Santa Catarina (SC);;;;;;;;;;;;;;;;;
;;;;;São Paulo (SP);;;;;;;;;;;;Avaí [];;;;;;;;;;;;;;;;;
;;;;;Corinthians;;;;;;;;;;;;São Paulo (SP);;;;;;;;;;;;;;;;;
;;;;;Palmeiras;;;;;;;;;;;;Palmeiras (Campeão);;;;;;;;;;;;;;;;;
;;;;;Santos;;;;;;;;;;;;Santos;;;;;;;;;;;;;;;;;
;;;;;São Paulo [1, 3, 4];;;;;;;;;;;;São Paulo [, 2, 3, 4];;;;;;;;;;;;;;;;;
;;;;;Sergipe (SE);;;;;;;;;;;;Sergipe (SE);;;;;;;;;;;;;;;;;
;;;;;Sergipe [1];;;;;;;;;;;;Itabaiana;;;;;;;;;;;;;;;;;
;;;;;Tocantins (TO);;;;;;;;;;;;Tocantins (TO);;;;;;;;;;;;;;;;;
;;;;;Kaburé;;;;;;;;;;;;Alvorada;;;;;;;;;;;;;;;;;
;;;;;;;;;;;;;;;;;;;;;;;;;;;;;;;;;;
;;;;;;;;;;;;;;;;;;;;;;;;;;;;;;;;;;
2001;;Colocações finais;;;2002;;;;;;2003;;;;;2004;;;;;;2005;;;;;2006;;;;;;;
ABC;;Campeão;Grêmio (4.º título);;Região Sudeste;;;Colocações finais;;;Alegrense;Guarani-VA;Colocações finais;;;Região Sudeste;;;Colocações finais;;;Estado;Clube;Colocações finais;;;Pos.;Clube;Pontos;Colocações finais;;;;
América de Natal;;Vice-campeão;Corinthians;;São Paulo: Bragantino, Botafogo-SP, Corinthians, Guarani, Palmeiras, Ponte Preta, Portuguesa (Lusa) e São Paulo.;;;Campeão;Corinthians (2.º título);;América de Natal;Guarani;Campeão;Cruzeiro (4.º título);;São Paulo (6): Corinthians, Palmeiras, Guarani, Santo André (campeão), União Barbarense e Portuguesa Santista.;;;Campeão;Santo André (1.º título);; Acre;Rio Branco;Campeão;Paulista (1.º título);;1º; Grêmio;1 863;Campeão;Flamengo (2.º título);;;
América Mineiro;;Estatísticas;;;Rio de Janeiro: Americano, Botafogo, Fluminense e Vasco.;;;Vice-campeão;Brasiliense;;Americano;Juventude;Vice-campeão;Flamengo;;Rio de Janeiro (7): Flamengo (vice-campeão), Vasco da Gama, Botafogo, Fluminense, América, Americano e Bangu.;;;Vice-campeão;Flamengo;; Alagoas;Corinthians-AL;Vice-campeão;Fluminense;;3º; Vasco da Gama;1 794;Vice-campeão;Vasco da Gama;;;
Americano;;Melhor marcador;Washington (Ponte Preta) – 11 gols;;Minas Gerais: América-MG, Atlético-MG e Cruzeiro.;;;Estatísticas;;;Anapolina;Internacional;Estatísticas;;;Minas Gerais (3): Atlético Mineiro, Cruzeiro (apenas a filial URT jogou, o time principal estava na Libertadores) e Caldense.;;;Estatísticas;;;;Coruripe;Estatísticas;;;4º; Flamengo;1 780;Estatísticas;;;;
Anapolina;;Maior goleada;São Paulo 10 – 0 Botafogo-PB;;Espírito Santo: Alegrense. [1, 2, 3, 4];;;Melhor marcador;Deivid (Corinthians) – 13 gols;;Atlético Cajazeirense;Ipatinga;Melhor marcador;Nonato (Bahia) – 9 gols;;Espírito Santo (2): Serra e CTE Colatina. [1, 3, 4, 5];;;Melhor marcador;8 gols:;; Amapá;Ypiranga-AP;Melhor marcador;Fred (Cruzeiro) – 14 gols;;5º; Atlético Mineiro;1 765;Melhor marcador;Valdiram (Vasco da Gama) – 7 gols;;;
ASA;;(diferença);São Paulo;;Região Sul;;;Maior goleada;Vitória 6 – 0 CENE;;Atlético Mineiro;Iraty;Maior goleada;Cruzeiro 7 – 0 Coríntians (RN;;Região Sul;;;;Alex Alves (Botafogo);; Amazonas;Grêmio Coariense;Maior goleada;Cruzeiro 7 – 0 Sergipe;;9º; Cruzeiro;1 657;Maior goleada;Vasco da Gama 7–0 Botafogo-PB;;;
Athletico Paranaense;;;;;Rio Grande do Sul: Caxias, Internacional e Juventude.;;;(diferença);;;Atlético Paranaense;Itabaiana;(diferença);;;Rio Grande do Sul (4): Grêmio, Internacional, 15 de Novembro e Juventude.;;;;Dauri (15 de Novembro);;;São Raimundo;(diferença);;;10º; Santos;1 528;(diferença);;;;
Atlético Mineiro;;;;;Paraná: Coritiba, Londrina e Paraná.;;;;;;Atlético Roraima;Ituano;;;;Paraná (3): Paranavaí, Londrina e Prudentópolis.;;;Maiores goleadas;Santos-AP 0–5 Batatais;; Bahia;Bahia;;;;11º; Fluminense;1 418;;;;;
Bahia;;;;;Santa Catarina: Criciúma, Figueirense e Joinville. [1, 2, 3];;;;;;Bahia;Moto Club;;;;Santa Catarina (2): Criciúma e Figueirense. [1, 2, 3, 4];;;(diferença);;;;Vitória;;;;12º; Botafogo;1 390;;;;;
Botafogo;;;;;Região Nordeste;;;;;;Bangu;Nacional-AM;;;;Região Nordeste;;;;Paraná 7–2 River-PI;; Ceará;Ceará;;;;13º; Guarani;1 381;;;;;
Botafogo-PB;;;;;Bahia: Bahia, Juazeiro e Vitória.;;;;;;Botafogo-PB;Náutico;;;;Bahia (2): Vitória e Bahia.;;;;;;;Fortaleza;;;;14º; Coritiba;1 285;;;;;
Cachoeiro;;;;;Pernambuco: Náutico, Santa Cruz e Sport.;;;;;;Botafogo;Operário-MT;;;;Pernambuco (3): Sport, Santa Cruz e Náutico.;;;;;; Distrito Federal;Brasiliense;;;;UF;Clube;;;;;;
Castanhal;;;;;Ceará: Ceará e Fortaleza.;;;;;;Caldense;Palmeiras;;;;Ceará (2): Fortaleza e Ferroviário.;;;;;;;CFZ;;;; Acre;Rio Branco-AC;;;;;;
Caxias;;;;;Rio Grande do Norte: América-RN e Corinthians-RN.;;;;;;Ceará;Paraná;;;;Rio Grande do Norte (2): América de Natal e São Gonçalo.;;;;;; Espírito Santo;Estrela do Norte;;;; Alagoas;ASA;;;;;;
Ceará;;;;;Alagoas: ASA e CSA.;;;;;;CENE;Pelotas;;;;Alagoas (2): ASA e CRB.;;;;;;;Serra;;;;;CRB;;;;;;
Comercial-MS;;;;;Sergipe: Confiança e Sergipe.;;;;;;CFA Rondônia;Remo;;;;Paraíba (2): Botafogo-PB e Atlético Cajazeirense.;;;;;; Goiás;CRAC;;;; Amapá;São José-AP;;;;;;
Corinthians;;;;;Maranhão: Moto Club e Sampaio Corrêa.;;;;;;CFZ de Brasília;Rio Branco;;;;Maranhão (2): Sampaio Corrêa e Maranhão.;;;;;;;Vila Nova;;;; Amazonas;Nacional-AM;;;;;;
Coritiba;;;;;Piauí: Flamengo-PI e River.;;;;;;Comercial;Rio Branco-ES;;;;Sergipe (2): Sergipe e Confiança.;;;;;; Maranhão;Moto Club;;;;;Grêmio Coariense;;;;;;
CSA;;;;;Paraíba: Botafogo-PB e Treze. [1, 2, 3, 4, 5];;;;;;Confiança;River;;;;Piauí (2): Flamengo-PI e Parnahyba. [, 2, 3, 4, 5];;;;;;;Sampaio Corrêa;;;; Bahia;Bahia;;;;;;
Desportiva Ferroviária;;;;;Região Centro-Oeste;;;;;;Corinthians-AL;Sampaio Corrêa;;;;Região Centro-Oeste;;;;;; Mato Grosso;Cuiabá;;;;;Vitória;;;;;;
Figueirense;;;;;Distrito Federal: Bandeirante-DF, Brasiliense e Gama.;;;;;;Coríntians de Caicó;Santa Cruz;;;;Goiás (3): Goiás, Vila Nova e Novo Horizonte.;;;;;;;União Rondonópolis;;;; Ceará;Fortaleza;;;;;;
Flamengo;;;;;Goiás: Goiás, Vila Nova e Anapolina.;;;;;;Coritiba;São Caetano;;;;Distrito Federal (2): Gama e Brasiliense.;;;;;; Mato Grosso do Sul;CENE;;;;;Icasa;;;;;;
Flamengo-PI;;;;;Mato Grosso do Sul: CENE e Comercial-MS.;;;;;;Criciúma;São Paulo;;;;Mato Grosso (2): Cuiabá e Barra do Garças.;;;;;;;Chapadão do Sul;;;; Distrito Federal;Brasiliense;;;;;;
Fluminense;;;;;Mato Grosso: Juventude-MT. [1, 2];;;;;;CRB;São Raimundo-AM;;;;Mato Grosso do Sul (2): SERC Chapadão e CENE. [1, 2, 3, 5];;;;;; Minas Gerais;Atlético Mineiro;;;;;Ceilândia;;;;;;
Fortaleza;;;;;Região Norte;;;;;;Cruzeiro;Sport;;;;Região Norte;;;;;;;América Mineiro;;;; Espírito Santo;Serra;;;;;;
Gama;;;;;Amazonas: Nacional-AM e São Raimundo-AM.;;;;;;Dom Bosco;Tocantinópolis;;;;Amazonas (2): Nacional-AM e Rio Negro.;;;;;;;Caldense;;;; Goiás;Mineiros;;;;;;
Goiânia;;;;;Pará: Paysandu.;;;;;;Figueirense;Tuna Luso;;;;Pará (2): Remo e Tuna Luso.;;;;;;;Cruzeiro;;;;;Vila Nova;;;;;;
Goiás;;;;;Acre: Rio Negro-AC e Vasco-AC.;;;;;;Flamengo-PI;Vasco da Gama;;;;Acre (1): Rio Branco-AC.;;;;;;;Ipatinga;;;; Maranhão;Imperatriz;;;;;;
Grêmio;;;;;Amapá: Independente-AP.;;;;;;Flamengo;Vila Nova;;;;Rondônia (1): União Cacoalense.;;;;;; Pará;Paysandu;;;;;Moto Club;;;;;;
Guajará;;;;;Rondônia: Ji-Paraná.;;;;;;Fluminense;Vitória;;;;Roraima (1): Atlético Roraima.;;;;;;;Remo;;;; Mato Grosso;Vila Aurora;;;;;;
Guarani;;;;;Roraima: Atlético-RR.;;;;;;Fluminense;Ypiranga;;;;Amapá (1): Ypiranga-AP.;;;;;; Paraíba;Campinense;;;;;Operário FC;;;;;;
Joinville;;;;;Tocantins: Palmas;;;;;;Fortaleza;;;;;Tocantins (1): Palmas;;;;;;;Treze;;;; Mato Grosso do Sul;CENE;;;;;;
Juventude;;;;;;;;;;;Gama;;;;;;;;;;; Paraná;Cianorte;;;;;Operário-MS;;;;;;
Juventude-MT;;;;;;;;;;;Goiás;;;;;;;;;;;;Coritiba;;;; Minas Gerais;URT;;;;;;
Lagartense;;;;;;;;;;;;;;;;;;;;;;;Londrina;;;;;Ipatinga;;;;;;
Malutrom;;;;;;;;;;;;;;;;;;;;;; Pernambuco;Náutico;;;; Pará;Remo;;;;;;
Mixto;;;;;;;;;;;;;;;;;;;;;;;Santa Cruz;;;;;Paysandu;;;;;;
Moto Club;;;;;;;;;;;;;;;;;;;;;; Piauí;4 de Julho;;;; Paraíba;Treze;;;;;;
Nacional-AM;;;;;;;;;;;;;;;;;;;;;;;River-PI;;;;;Botafogo-PB;;;;;;
Náutico;;;;;;;;;;;;;;;;;;;;;; Rio de Janeiro;América-RJ;;;; Paraná;Atlético Paranaense;;;;;;
Operário-MS;;;;;;;;;;;;;;;;;;;;;;;Americano;;;;;Londrina;;;;;;
Palmas;;;;;;;;;;;;;;;;;;;;;;;Botafogo;;;;;Iraty;;;;;;
Paysandu;;;;;;;;;;;;;;;;;;;;;;;Flamengo;;;; Pernambuco;Santa Cruz;;;;;;
Ponte Preta;;;;;;;;;;;;;;;;;;;;;;;Fluminense;;;;;Náutico;;;;;;
Remo;;;;;;;;;;;;;;;;;;;;;;;Friburguense;;;; Piauí;Piauí;;;;;;
Rio Branco-AC;;;;;;;;;;;;;;;;;;;;;;;Vasco da Gama;;;;;Parnahyba;;;;;;
Rio Negro-RR;;;;;;;;;;;;;;;;;;;;;; Rio Grande do Norte;Baraúnas;;;; Rio de Janeiro;Americano;;;;;;
River-PI;;;;;;;;;;;;;;;;;;;;;;;Potiguar;;;;;Cabofriense;;;;;;
Sampaio Corrêa;;;;;;;;;;;;;;;;;;;;;; Rio Grande do Sul;Esportivo;;;;;Volta Redonda;;;;;;
Santa Cruz;;;;;;;;;;;;;;;;;;;;;;;Grêmio;;;; Rio Grande do Norte;Potiguar de Mossoró;;;;;;
Santos;;;;;;;;;;;;;;;;;;;;;;;Internacional;;;;;ABC;;;;;;
Santos-AP;;;;;;;;;;;;;;;;;;;;;;;Juventude;;;; Rio Grande do Sul;15 de Novembro;;;;;;
São Paulo;;;;;;;;;;;;;;;;;;;;;;;Ulbra;;;; Rondônia;Vilhena;;;;;;
São Raimundo-AM;;;;;;;;;;;;;;;;;;;;;; Rondônia;União Cacoalense;;;; Roraima;São Raimundo-RR;;;;;;
Sergipe;;;;;;;;;;;;;;;;;;;;;; Roraima;São Raimundo;;;; Santa Catarina;Atlético de Ibirama;;;;;;
Sport;;;;;;;;;;;;;;;;;;;;;; Santa Catarina;Figueirense;;;;;Criciúma;;;;;;
Treze;;;;;;;;;;;;;;;;;;;;;;;Hermann Aichinger;;;; São Paulo;São Caetano;;;;;;
URT;;;;;;;;;;;;;;;;;;;;;; São Paulo;Corinthians;;;;;Santo André;;;;;;
Vila Nova;;;;;;;;;;;;;;;;;;;;;;;Guarani;;;; Sergipe;Itabaiana;;;;;;
Villa Nova-MG;;;;;;;;;;;;;;;;;;;;;;;Ituano;;;;;Sergipe;;;;;;
Vitória;;;;;;;;;;;;;;;;;;;;;;;Paulista;;;; Tocantins;Colinas;;;;;;
;;;;;;;;;;;;;;;;;;;;;;;São Caetano;;;;;;;;;;;
;;;;;;;;;;;;;;;;;;;;;; Sergipe;Confiança;;;;Classificados por outras competições;;;;;;;
;;;;;;;;;;;;;;;;;;;;;;;Sergipe;;;;;;;;;;;
;;;;;;;;;;;;;;;;;;;;;; Tocantins;Palmas;;;;UF;Clube;Competição;;;;;
;;;;;;;;;;;;;;;;;;;;;;;;;;; Espírito Santo;Estrela do Norte;Copa ES;;;;;
;;;;;;;;;;;;;;;;;;;;;;;;;;; Minas Gerais;América Mineiro;Taça Minas Gerais;;;;;
;;;;;;;;;;;;;;;;;;;;;;;;;;; São Paulo;Noroeste;Copa Paulista;;;;;
;;;;;;;;;;;;;;;;;;;;;;;;;;; Rio Grande do Sul;Novo Hamburgo;Copa Emídio Perondi;;;;;
;;;;;;;;;;;;;;;;;;;;;;;;;;;;Ulbra;Copa BIG/Brasil Telecom;;;;;
;;;;;;;;;;;;;;;;;;;;;;;;;;;;;;;;;;
;;;;;;;;;;;;;;;;;;;;;;;;;;;;;;;;;;
;;;;;;;;;;;;;;;;;;;;;;;;;;;;;;;;;;
2007;;;;;;2008;;;;;;;;;;2009;;;;;;;;;;2010;;;;;;;;
Estado;Equipe;Como se classificou;Colocações finais;;;Estado;Equipe;Como se classificou;Posição;Equipe;Estado;Pontos;Colocações finais;;;Estado;Equipe;Como se classificou;Posição;Equipe;Estado;Pontos;Colocações finais;;;UF;Clube;Forma de classificação;Pos.;Clube;UF;Pontos;Colocações finais;
 Acre;ADESG;Campeão do Estadual 2006;Campeão;Fluminense (1.º título);; Acre;Rio Branco-AC;Campeão do Estadual de 2007;2º;Corinthians; São Paulo;1 938;Campeão;Sport (1.º título);; Acre;Rio Branco;Campeão do Estadual 2008;2º;Corinthians; SP;1.998;Campeão;Corinthians (3.º título);; Acre;Juventus;Campeão do Estadual 2009;11º;Fluminense; RJ;1.658;Campeão;Santos (1.º título)
 Alagoas;Coruripe;Campeão do Estadual 2006;Vice-campeão;Figueirense;; Alagoas;Coruripe;Campeão do Estadual de 2007;3º;Vasco da Gama; Rio de Janeiro;1 928;Vice-campeão;Corinthians;; Alagoas;CSA;Campeão do Estadual 2008;3º;Vasco; RJ;1.981;Vice-campeão;Internacional;; Alagoas;ASA;Campeão do Estadual 2009;14º;Coritiba; PR;1.473;Vice-campeão;Vitória
;CSA;Vice-campeão do Estadual 2006;Estatísticas;;;;Corinthians-AL;Vice-campeão do Estadual de 2007;7º;Palmeiras; São Paulo;1 840;Estatísticas;;;;ASA;Vice-campeão do Estadual 2008;10º;Santos; SP;1.695;Estatísticas;;;;Corinthians Alagoano;Vice-campeão do Estadual 2009;15º;Guarani; SP;1.470;Estatísticas;
 Amapá;São José;Campeão do Estadual 2006;Melhor marcador;5 gols:;; Amapá;Trem;Campeão do Estadual de 2007;8º;Internacional; Rio Grande do Sul;1 803;Melhor marcador;6 gols:[1];; Amapá;Cristal;Campeão do Estadual 2008;11º;Fluminense; RJ;1.608;Melhor marcador;Taison (Internacional) – 7 gols;; Amapá;São José;Campeão do Estadual 2009;17º;Portuguesa; SP;1.366;Melhor marcador;Neymar (Santos) – 11 gols
 Amazonas;São Raimundo-AM;Campeão do Estadual 2006;;André Lima (Botafogo);; Amazonas;Nacional-AM;Campeão do Estadual de 2007;13º;Guarani; São Paulo;1 409;;Edmundo (Vasco da Gama);; Amazonas;Holanda;Campeão do Estadual 2008;13º;Guarani; SP;1.429;Maiores goleadas;Itabaiana 0–5 Atlético Mineiro;; Amazonas;América;Campeão do Estadual 2009;22º;Santa Cruz; PE;1.135;Maior goleada;Santos 10 – 0 Naviraiense
;Fast Clube;Vice-campeão do Estadual 2006;;Dênis Marques (Atlético-PR);;;Fast Clube;Vice-campeão do Estadual de 2007;15º;Coritiba; Paraná;1 365;;Romerito (Sport);;;Fast Clube;Vice-campeão do Estadual 2008;17º;Portuguesa; SP;1.328;(diferença);;;;Nacional;Vice-campeão do Estadual 2009;23º;Paraná; PR;1.044;(diferença);Vila Belmiro, Santos
 Bahia;Colo Colo;Campeão do Estadual 2006;;Victor Simões (Figueirense);; Bahia;Vitória;Campeão do Estadual de 2007;17º;Portuguesa; São Paulo;1 284;;Wellington Paulista (Botafogo);; Bahia;Vitória;Campeão do Estadual 2008;21°;Santa Cruz; PE;1.133;;Ponte Preta 6–1 Vilhena;; Bahia;Vitória;Campeão do Estadual 2009;24º;Ponte Preta; SP;1.038;;10 de março, Primeira fase
;Vitória;Vice-campeão do Estadual 2006;Maiores goleadas;Náutico 6–0 Parnahyba;;;Bahia;Vice-campeão do Estadual de 2007;19º;Atlético Paranaense; Paraná;1 221;Maior goleada;Palmas 0–7 Atlético Mineiro;;;Bahia;Vice-campeão do Estadual 2008;23°;Paraná; PR;1.011;;;;;Bahia;Vice-campeão do Estadual 2009;26º;Juventude; RS;865;Público;917 555 (7 910 por partida)
 Ceará;Ceará;Campeão do Estadual 2006;(diferença);Estádio dos Aflitos, Recife;; Ceará;Fortaleza;Campeão do Estadual de 2007;21°;Santa Cruz; Pernambuco;1 132;(diferença);;; Ceará;Fortaleza;Campeão do Estadual 2008;25º;Ceará; CE;965;;Bahia 6–1 Potiguar de Mossoró;; Ceará;Fortaleza;Campeão do Estadual 2009;27º;Remo; PA;852;Premiações;
;Fortaleza;Vice-campeão do Estadual 2006;;21 de fevereiro, primeira fase;;;Icasa;Vice-campeão do Estadual de 2007;22°;Náutico; Pernambuco;1 084;;;;;Icasa;Vice-campeão do Estadual 2008;30°;América de Natal; RN;677;;;;;Ceará;Vice-campeão do Estadual 2009;29º;América de Natal; RN;703;Melhor jogador;Ganso (Santos)
 Distrito Federal;Brasiliense;Campeão do Metropolitano 2006;;;; Distrito Federal;Brasiliense;Campeão do Metropolitano de 2007;;;;;;;; Distrito Federal;Brasiliense;Campeão do Metropolitano 2008;;;;;;Internacional 5–0 Guarani;; Distrito Federal;Brasiliense;Campeão do Metropolitano 2009;;;;;(CBF);
;Gama;Vice-campeão do Metropolitano 2006;;Fluminense 6–0 ADESG;;;Esportivo Guará;Vice-campeão do Metropolitano de 2007;;;;;;;;;Dom Pedro II;Vice-campeão do Metropolitano 2008;;;;;;;;;Brasília;Vice-campeão do Metropolitano 2009;;;;;;
 Espírito Santo;Vitória;Campeão do Estadual 2006;;Estádio do Maracanã, Rio de Janeiro;; Espírito Santo;Linhares;Campeão do Estadual de 2007;;;;;;;; Espírito Santo;Serra;Campeão do Estadual 2008;;;;;;;; Espírito Santo;São Mateus;Campeão do Estadual 2009;;;;;;
;Vilavelhense;Campeão da Copa Espírito Santo 2006;;28 de fevereiro, primeira fase;;;Jaguaré;Campeão da Copa Espírito Santo de 2007;;;;;;;;;Desportiva;Campeão da Copa Espírito Santo 2008;;;;;;;;;Vitória;Campeão da Copa Espírito Santo 2009;;;;;;
 Goiás;Goiás;Campeão do Estadual 2006;;;; Goiás;Atlético Goianiense;Campeão do Estadual de 2007;;;;;;;; Goiás;Itumbiara;Campeão do Estadual 2008;;;;;;;; Goiás;Goiás;Campeão do Estadual 2009;;;;;;
;Atlético Goianiense;Vice-campeão do Estadual 2006;;Vasco da Gama 6–0 Fast Clube;;;Goiás;Vice-campeão do Estadual de 2007;;;;;;;;;Goiás;Vice-campeão do Estadual 2008;;;;;;;;;Atlético Goianiense;Vice-campeão do Estadual 2009;;;;;;
 Maranhão;Moto Club;Campeão do Estadual 2006;;;; Maranhão;Maranhão;Campeão do Estadual de 2007;;;;;;;; Maranhão;Moto Club;Campeão do Estadual 2008;;;;;;;; Maranhão;JV Lideral;Campeão do Estadual 2009;;;;;;
;Sampaio Corrêa;Vice-campeão do Estadual 2006;;;;;Imperatriz;Vice-campeão do Estadual de 2007;;;;;;;;;Sampaio Corrêa;Vice-campeão do Estadual 2008;;;;;;;;;Sampaio Corrêa;Campeão da Taça Cidade de São Luís 2009;;;;;;
 Mato Grosso;Operário VG;Campeão do Estadual 2006;;;; Mato Grosso;Cacerense;Campeão do Estadual de 2007;;;;;;;; Mato Grosso;Mixto;Campeão do Estadual 2008;;;;;;;; Mato Grosso;Luverdense;Campeão do Estadual 2009;;;;;;
;Barra do Garças;Vice-campeão do Estadual 2006;;;;;Grêmio Jaciara;Vice-campeão do Estadual de 2007;;;;;;;;;União Rondonópolis;Vice-campeão do Estadual 2008;;;;;;;;;Araguaia;Vice-campeão do Estadual 2009;;;;;;
 Mato Grosso do Sul;Coxim;Campeão do Estadual 2006;;;; Mato Grosso do Sul;Águia Negra;Campeão do Estadual de 2007;;;;;;;; Mato Grosso do Sul;Ivinhema;Campeão do Estadual 2008;;;;;;;; Mato Grosso do Sul;Naviraiense;Campeão do Estadual 2009;;;;;;
;Chapadão;Vice-campeão do Estadual 2006;;;;;CENE;Vice-campeão do Estadual de 2007;;;;;;;;;Misto;Vice-campeão do Estadual 2008;;;;;;;;;Ivinhema;Vice-campeão do Estadual 2009;;;;;;
 Minas Gerais;Cruzeiro;Campeão do Estadual 2006;;;; Minas Gerais¹;Atlético Mineiro;Campeão do Estadual de 2007;;;;;;;; Minas Gerais;Atlético Mineiro;Vice-campeão do Estadual 2008;;;;;;;; Minas Gerais;Atlético Mineiro;Vice-campeão do Estadual 2009;;;;;;
;Ipatinga;Vice-campeão do Estadual 2006;;;;;Democrata GV;3º colocado do Estadual de 2007;;;;;;;;;Tupi (7);3° colocado do Estadual 2008;;;;;;;;;Ituiutaba;3º colocado do Estadual 2009;;;;;;
;Villa Nova;Campeão da Taça Minas Gerais 2006;;;;;Ituiutaba;Campeão da Taça Minas Gerais de 2007;;;;;;;;;América (5);Vice-campeão da Taça Minas Gerais 2008;;;;;;;;;Uberaba;Campeão da Taça Minas Gerais 2009;;;;;;
 Pará;Paysandu;Campeão do Estadual 2006;;;; Pará;Remo;Campeão do Estadual de 2007;;;;;;;; Pará;Remo;Campeão do Estadual 2008;;;;;;;; Pará;Paysandu;Campeão do Estadual 2009;;;;;;
;Ananindeua;Vice-campeão do Estadual 2006;;;;;Tuna Luso;Vice-campeão do Estadual de 2007;;;;;;;;;Águia de Marabá;Vice-campeão do Estadual 2008;;;;;;;;;São Raimundo;Vice-campeão do Estadual 2009;;;;;;
 Paraíba[5];Treze;Campeão do Estadual 2006;;;; Paraíba²;Nacional de Patos;Campeão do Estadual de 2007;;;;;;;; Paraíba;Campinense;Campeão do Estadual 2008;;;;;;;; Paraíba;Sousa;Campeão do Estadual 2009;;;;;;
;Campinense;4º colocado do Estadual 2006;;;;;Sousa;3º colocado do Estadual de 2007;;;;;;;;;Nacional de Patos;Campeão da Copa Paraíba 2008;;;;;;;;;Treze;Campeão da Copa Paraíba 2009;;;;;;
 Paraná[6];ADAP Galo Maringá;Vice-campeão do Estadual 2006;;;; Paraná;Paranavaí;Campeão do Estadual de 2007;;;;;;;; Paraná;Coritiba;Campeão do Estadual 2008;;;;;;;; Paraná;Atlético Paranaense;Campeão do Estadual 2009;;;;;;
;Coritiba;3º colocado do Estadual 2006;;;;;Paraná;Vice-campeão do Estadual de 2007;;;;;;;;;Atlético Paranaense;Vice-campeão do Estadual 2008;;;;;;;;;Corinthians Paranaense;Vice-campeão do Estadual 2009;;;;;;
;Rio Branco-PR;4º colocado do estadual 2006;;;;;Roma Apucarana;Campeão da Copa dos 100 Anos;;;;;;;;;J. Malucelli;Campeão da Copa Paraná 2007;;;;;;;;;Londrina;Campeão da Copa Paraná 2009;;;;;;
 Pernambuco;Sport;Campeão do Estadual 2006;;;; Pernambuco;Sport;Campeão do Estadual de 2007;;;;;;;; Pernambuco;Náutico;Vice-campeão do Estadual 2008;;;;;;;; Pernambuco;Sport;Campeão do Estadual 2009;;;;;;
;Santa Cruz;Vice-campeão do Estadual 2006;;;;;Central;Vice-campeão do Estadual de 2007;;;;;;;;;Central (1);3° colocado do Estadual 2008;;;;;;;;;Náutico;Vice-campeão do Estadual 2009;;;;;;
 Piauí;Barras;Campeão do Estadual 2006;;;; Piauí;River-PI;Campeão do Estadual de 2007;;;;;;;; Piauí;Barras;Campeão do Estadual 2008;;;;;;;; Piauí;Flamengo;Campeão do Estadual 2009;;;;;;
;Parnahyba;Vice-campeão do Estadual 2006;;;;;Barras;Campeão da Copa Piauí de 2007;;;;;;;;;Flamengo;Campeão da Copa Piauí 2008;;;;;;;;;Picos;Vice-campeão da Copa Piauí 2009;;;;;;
 Rio de Janeiro;Botafogo;Campeão do Estadual 2006;;;; Rio de Janeiro³;Botafogo;Vice-campeão do Estadual de 2007;;;;;;;; Rio de Janeiro;Flamengo;Campeão do Estadual 2008;;;;;;;; Rio de Janeiro;Botafogo;Vice-campeão do Estadual 2009;;;;;;
;Madureira;Vice-campeão do Estadual 2006;;;;;Madureira;3º colocado do Estadual de 2007;;;;;;;;;Botafogo;Vice-campeão do Estadual 2008;;;;;;;;;Vasco da Gama;3º colocado do Estadual 2009;;;;;;
;America;3º colocado do estadual 2006;;;;;Volta Redonda;Campeão da Copa Rio de 2007;;;;;;;;;Americano (4);Vice-Campeão da Copa Rio 2008;;;;;;;;;Tigres do Brasil;Campeão da Copa Rio 2009;;;;;;
 Rio Grande do Norte;Baraúnas;Campeão do Estadual 2006;;;; Rio Grande do Norte;ABC;Campeão do Estadual de 2007;;;;;;;; Rio Grande do Norte;ABC;Campeão do Estadual 2008;;;;;;;; Rio Grande do Norte;ASSU;Campeão do Estadual 2009;;;;;;
;América de Natal;Campeão da Copa RN 2006;;;;;Baraúnas;Campeão da Copa RN de 2007;;;;;;;;;Potiguar de Mossoró;Vice-campeão do Estadual 2008;;;;;;;;;Potyguar Seridoense;Vice-campeão do Estadual 2009;;;;;;
 Rio Grande do Sul[7];Juventude;3º colocado do Estadual 2006;;;; Rio Grande do Sul;Grêmio;Campeão do Estadual de 2007;;;;;;;; Rio Grande do Sul;Internacional;Campeão do Estadual 2008;;;;;;;; Rio Grande do Sul;Grêmio;Vice-campeão do Estadual 2009;;;;;;
;Caxias;4º colocado do Estadual 2006;;;;;Juventude;Vice-campeão do Estadual de 2007;;;;;;;;;Juventude;Vice-campeão do Estadual 2008;;;;;;;;;Ypiranga de Erechim;3º colocado do Estadual 2009;;;;;;
;Veranópolis;5º colocado do Estadual 2006;;;;;Ulbra;Vice-campeão da Copa FGF de 2007;;;;;;;;;Caxias;Campeão da Copa FGF 2008;;;;;;;;;Cerâmica;Vice-campeão da Copa FGF 2008;;;;;;
 Rondônia;Ulbra;Campeão do Estadual 2006;;;; Rondônia;Ulbra-RO;Campeão do Estadual de 2007;;;;;;;; Rondônia;Vilhena (2);Vice-campeão do Estadual 2008;;;;;;;; Rondônia;Vilhena;Campeão do Estadual 2009;;;;;;
 Roraima;Baré;Campeão do Estadual 2006;;;; Roraima;Atlético Roraima;Campeão do Estadual de 2007;;;;;;;; Roraima;Atlético Roraima;Campeão do Estadual 2008;;;;;;;; Roraima;Atlético Roraima;Campeão do Estadual 2009;;;;;;
 São Paulo[8];Palmeiras;3º colocado do Estadual 2006;;;; São Paulo4;São Caetano;Vice-campeão do Estadual de 2007;;;;;;;; São Paulo;Ponte Preta;Vice-Campeão do Estadual 2008;;;;;;;; São Paulo;Santos;Vice-campeão do Estadual 2009;;;;;;
;Noroeste;4º colocado do Estadual 2006;;;;;Bragantino;4º colocado do Estadual de 2007;;;;;;;;;Guaratinguetá (6);4° colocado do Estadual 2008;;;;;;;;;Palmeiras;3º colocado do Estadual 2009;;;;;;
;Ferroviária;Campeão da Copa FPF 2006;;;;;Juventus-SP;Campeão da Copa FPF de 2007;;;;;;;;;Atlético Sorocaba;Campeão da Copa Paulista 2008;;;;;;;;;Votoraty;Campeão da Copa Paulista 2009;;;;;;
 Santa Catarina;Figueirense;Campeão do Estadual 2006;;;; Santa Catarina;Chapecoense;Campeão do Estadual de 2007;;;;;;;; Santa Catarina;Figueirense;Campeão do Estadual 2008;;;;;;;; Santa Catarina;Avaí;Campeão do Estadual 2009;;;;;;
;Avaí;Campeão do Torneio Seletivo;;;;;Criciúma;Vice-campeão do Estadual de 2007;;;;;;;;;Criciúma;Vice-Campeão do Estadual 2008;;;;;;;;;Chapecoense;Vice-campeão do Estadual 2009;;;;;;
 Sergipe;Pirambu;Campeão do Estadual 2006;;;; Sergipe;América de Propriá;Campeão do Estadual de 2007;;;;;;;; Sergipe;Confiança;Campeão do Estadual 2008;;;;;;;; Sergipe;Confiança;Campeão do Estadual 2009;;;;;;
;Itabaiana;Campeão da Copa Governo do Estado de Sergipe 2006;;;;;Itabaiana;Campeão da Copa Governo do Estado de Sergipe de 2007;;;;;;;;;Itabaiana (3);Vice-campeão da Copa Governo do Estado de Sergipe 2008;;;;;;;;;São Domingos;Campeão da Copa Governo de Sergipe 2009;;;;;;
 Tocantins;Araguaína;Campeão do Estadual 2006;;;; Tocantins;Palmas;Campeão do Estadual de 2007;;;;;;;; Tocantins;Tocantins;Campeão do Estadual 2008;;;;;;;; Tocantins;Araguaína;Campeão do Estadual 2009;;;;;;
Posição;Equipe;Estado;Pontos;;;;;;;;;;;;;;;;;;;;;;;;;;;;;;;
2º;Corinthians;SP;1.891;;;;;;;;;;;;;;;;;;;;;;;;;;;;;;;
3º;Vasco da Gama;RJ;1.875;;;;;;;;;;;;;;;;;;;;;;;;;;;;;;;
6º;Atlético Mineiro;MG;1.810;;;;;;;;;;;;;;;;;;;;;;;;;;;;;;;
11º;Fluminense;RJ;1.474;;;;;;;;;;;;;;;;;;;;;;;;;;;;;;;
13º;Guarani;SP;1.407;;;;;;;;;;;;;;;;;;;;;;;;;;;;;;;
17º;Portuguesa;SP;1.244;;;;;;;;;;;;;;;;;;;;;;;;;;;;;;;
18º;Bahia;BA;1.233;;;;;;;;;;;;;;;;;;;;;;;;;;;;;;;
19º;Atlético Paranaense;PR;1.167;;;;;;;;;;;;;;;;;;;;;;;;;;;;;;;
22º;Náutico;PE;1.033;;;;;;;;;;;;;;;;;;;;;;;;;;;;;;;
24º;Ponte Preta;SP;916;;;;;;;;;;;;;;;;;;;;;;;;;;;;;;;
;;;;;;;;;;;;;;;;;;;;;;;;;;;;;;;;;;
2011;;;;;;;;;;2012;;;;;;;;;;2013;;;;;;;;;;;;;;
UF;Clube;Forma de classificação;Pos.;Clube;UF;Pontos;Colocações finais;;;UF;Clube;Forma de classificação;Pos.;Clube;UF;Pontos;Colocações finais;;;UF;Clube;Forma de classificação;Pos.;Clube;UF;Pontos;UF;Clube;Forma de classificação;Colocações finais;;;;
 Acre;Rio Branco-AC;Campeão do Estadual 2010;3º;Vasco da Gama; RJ;2.086;Campeão;Vasco da Gama (1.º título);; Acre;Rio Branco-AC;Campeão do Estadual 2011;14º;Bahia; BA;1.586;Campeão;Palmeiras (2º título);; Acre;Rio Branco-AC;Campeão do Estadual 2012;22º;Náutico; Pernambuco;8 036; São Paulo;Corinthians;Campeão da Copa Libertadores 2012;Campeão;Flamengo (3.º título);;;
 Alagoas;Murici;Campeão do Estadual 2010;5º;São Paulo; SP;2.049;Vice-campeão;Coritiba;; Alagoas;ASA;Campeão do Estadual 2011;16º;Guarani; SP;1.547;Vice-campeão;Coritiba;;;Atlético Acreano[a];Vice-campeão do Estadual 2012;23º;Portuguesa; São Paulo;7 840;;Palmeiras;Campeão da Copa do Brasil 2012;Vice-campeão;Atlético Paranaense;;;
;ASA;Vice-campeão do Estadual 2010;7º;Palmeiras; SP;2.012;Estatísticas;;;;Coruripe;Vice-campeão do Estadual 2011;18º;Portuguesa; SP;1.446;Estatísticas;;; Alagoas;CRB;Campeão do Estadual 2012;27º;Paraná; Paraná;5 924; Rio de Janeiro;Fluminense;Campeão do Campeonato Brasileiro 2012;Estatísticas;;;;
 Amapá;Trem;Campeão do Estadual 2010;13º;Goiás; GO;1.523;Melhor marcador;5 gols:;; Amapá;Trem;Campeão do Estadual 2011;21º;Náutico; PE;1.308;Melhor marcador;Luís Fabiano (São Paulo) – 8 gols;;;ASA;Vice-campeão do Estadual 2012;28º;Grêmio Barueri; São Paulo;5 504;;Vasco da Gama[c];5° colocado do Campeonato Brasileiro 2012;Melhor marcador;Hernane (Flamengo) – 8 gols;;;
 Amazonas;Penarol;Campeão do Estadual 2010;14º;Guarani; SP;1.516;;Alecsandro (Vasco da Gama);; Amazonas;Penarol;Campeão do Estadual 2011;23º;Paraná; PR;1.110;Maior goleada;Rio Branco-AC 0–6 Cruzeiro;;;CSA;3º colocado do Estadual 2012;33º;Criciúma; Santa Catarina;4 370; Minas Gerais;Atlético Mineiro;Vice-campeão do Campeonato Brasileiro 2012;Maior goleada;Cametá 0–7 Atlético Goianiense;;;
;Fast Clube;Vice-campeão do Estadual 2010;17º;Portuguesa; SP;1.405;;Rafael Coelho (Avaí);;;Nacional-AM;Vice-campeão do Estadual 2011;25º;Ponte Preta; SP;1.087;(diferença);Arena da Floresta, Rio Branco;; Amapá;Oratório;Campeão do Estadual 2012;34º;São Caetano; São Paulo;4 288; Rio Grande do Sul;Grêmio;3º colocado do Campeonato Brasileiro 2012;(diferença);Estádio Parque do Bacurau, Cametá;;;
 Bahia;Vitória;Campeão do Estadual 2010;22º;Santa Cruz; PE;1.140;;William (Avaí);; Bahia;Bahia de Feira;Campeão do Estadual 2011;27º;Remo; PA;855;;7 de março, primeira fase;; Amazonas;Nacional-AM;Campeão do Estadual 2012;35º;Ipatinga; Minas Gerais;4 164;;;;;10 de abril, primeira fase;;;
;Bahia;Vice-campeão do Estadual 2010;23º;Paraná; PR;1.080;;Adriano (Palmeiras);;;Vitória;Vice-campeão do Estadual 2011;28º;Fortaleza; CE;845;Público;944 677 (8 588 por partida);;;Fast Clube;Vice-campeão do Estadual 2012;36º;Bragantino; São Paulo;3 968;;;;Público;354 095 (2 622,9 por partida);;;
 Ceará;Fortaleza;Campeão do Estadual 2010;24º;Ceará; CE;1.055;;Kléber (Palmeiras);; Ceará;Ceará;Campeão do Estadual 2011;29º;América de Natal; RN;742;Premiações;;; Bahia;Bahia;Campeão do Estadual 2012;37º;Paysandu; Pará;3 740;;;;Premiações;;;;
;Horizonte;Campeão da Copa Fares Lopes de 2010;25º;Ponte Preta; SP;1.047;Maior goleada;Atlético Mineiro 8–1 IAPE;;;Horizonte;Campeão da Copa Fares Lopes de 2011;32º;América Mineiro; MG;656;Melhor jogador;Marcos Assunção (Palmeiras)[1];;;Vitória;Vice-campeão do Estadual 2012;38º;Santo André; São Paulo;3 712;;;;Melhor jogador;Luiz Antônio (Flamengo)[1];;;
 Distrito Federal;Ceilândia;Campeão do Metropolitano 2010;;;;;(diferença);Arena do Jacaré, Sete Lagoas;; Distrito Federal;Brasiliense;Campeão do Metropolitano 2011;;;;;(CBF);;;;Vitória da Conquista;Campeão da Copa Governador do Estado da Bahia de 2012;;;;;;;;(da final);;;;
;Brasiliense;Vice-campeão do Metropolitano 2010;;;;;;2 de março, primeira fase;;;Gama;Vice-campeão do Metropolitano 2011;;;;;Melhor goleiro;Bruno (Palmeiras)[2];; Ceará;Ceará;Campeão do Estadual 2012;;;;;;;;;;;;
 Espírito Santo;Rio Branco-ES;Campeão do Estadual 2010;;;;;Público;920 099 (8 289,2 por partida);; Espírito Santo;São Mateus;Campeão do Estadual 2011;;;;;Melhor treinador;Felipão (Palmeiras);;;Fortaleza;Vice-campeão do Estadual 2012;;;;;;;;;;;;
;Vitória-ES;Campeão da Copa Espírito Santo 2010;;;;;Premiações;;;;Real Noroeste;Campeão da Copa Espírito Santo 2011;;;;;;;;;Guarani de Juazeiro;Campeão da Copa Fares Lopes de 2012;;;;;;;;;;;;
 Goiás;Atlético Goianiense;Campeão do Estadual 2010;;;;;Melhor jogador;Felipe (Vasco da Gama);; Goiás;Atlético Goianiense;Campeão do Estadual 2011;;;;;;;; Distrito Federal;Ceilândia;Campeão do Metropolitano 2012;;;;;;;;;;;;
;Santa Helena;Vice-campeão do Estadual 2010;;;;;(CBF);;;;Goiás;Vice-campeão do Estadual 2011;;;;;;;;;Luziânia;Vice-campeão do Metropolitano 2012;;;;;;;;;;;;
 Maranhão;Sampaio Corrêa;Campeão do Estadual 2010;;;;;;;; Maranhão;Sampaio Corrêa;Campeão do Estadual 2011;;;;;;;;;Sobradinho;3º colocado do Metropolitano 2012;;;;;;;;;;;;
;IAPE;Campeão da Copa União 2010;;;;;;;;;Luminense;Vice-campeão da Copa União 2011;;;;;;;; Espírito Santo;Aracruz;Campeão do Estadual 2012;;;;;;;;;;;;
 Mato Grosso;União Rondonópolis;Campeão do Estadual 2010;;;;;;;; Mato Grosso;Cuiabá;Campeão do Estadual 2011;;;;;;;;;Desportiva Ferroviária[a];Campeão da Copa Espírito Santo de 2012;;;;;;;;;;;;
;Cuiabá [1];Campeão da Copa Governador do Mato Grosso de 2010;;;;;;;;;Luverdense;Campeão da Copa Governador de Mato Grosso de 2011;;;;;;;; Goiás;Goiás;Campeão do Estadual 2012;;;;;;;;;;;;
 Mato Grosso do Sul;Comercial-MS;Campeão do Estadual 2010;;;;;;;; Mato Grosso do Sul;CENE;Campeão do Estadual 2011;;;;;;;;;Atlético Goianiense;Vice-campeão do Estadual 2012;;;;;;;;;;;;
;Naviraiense;Vice-campeão do Estadual 2010;;;;;;;;;Aquidauanense;Vice-campeão do Estadual 2011;;;;;;;;;CRAC;3º colocado do Estadual 2012;;;;;;;;;;;;
 Minas Gerais;Atlético Mineiro;Campeão do Estadual 2010;;;;;;;; Minas Gerais;Cruzeiro;Campeão do Estadual 2011;;;;;;;; Maranhão;Sampaio Corrêa;Campeão do Estadual 2012;;;;;;;;;;;;
;Ipatinga;Vice-campeão do Estadual 2010;;;;;;;;;Atlético Mineiro;Vice-campeão do Estadual 2011;;;;;;;;;Maranhão;Vice-campeão da Copa União de 2012;;;;;;;;;;;;
;Uberaba;Campeão da Taça Minas Gerais de 2010;;;;;;;;;Ipatinga;Campeão da Taça Minas Gerais 2011;;;;;;;; Mato Grosso;Luverdense;Campeão do Estadual 2012;;;;;;;;;;;;
 Pará;Paysandu;Campeão do Estadual 2010;;;;;;;; Pará;Independente-PA;Campeão do Estadual 2011;;;;;;;;;Mixto;Campeão da Copa Governador de Mato Grosso de 2012;;;;;;;;;;;;
;Águia de Marabá;Vice-campeão do Estadual 2010;;;;;;;;;Paysandu;Vice-campeão do Estadual 2011;;;;;;;; Mato Grosso do Sul;Águia Negra;Campeão do Estadual 2012;;;;;;;;;;;;
 Paraíba;Treze;Campeão do Estadual 2010;;;;;;;; Paraíba;Treze;Campeão do Estadual 2011;;;;;;;;;Naviraiense;Vice-campeão do Estadual 2012;;;;;;;;;;;;
;Botafogo-PB;Campeão da Copa Paraíba de 2010;;;;;;;;;Auto Esporte-PB;Campeão da Copa Paraíba 2011;;;;;;;; Minas Gerais;América Mineiro;Vice-campeão do Estadual 2012;;;;;;;;;;;;
 Paraná;Coritiba;Campeão do Estadual 2010;;;;;;;; Paraná;Coritiba;Campeão do Estadual 2011;;;;;;;;;Tupi;3º colocado do Estadual 2012;;;;;;;;;;;;
;Atlético Paranaense;Vice-campeão do Estadual 2010;;;;;;;;;Atlético Paranaense;Vice-campeão do Estadual 2011;;;;;;;;;Cruzeiro;4º colocado do Estadual 2012;;;;;;;;;;;;
;Iraty;3º colocado do Estadual 2010;;;;;;;;;Operário-PR;3º colocado do Estadual 2011;;;;;;;;;Boa Esporte;Campeão da Taça Minas Gerais 2012;;;;;;;;;;;;
 Pernambuco;Sport;Campeão do Estadual 2010;;;;;;;; Pernambuco;Santa Cruz;Campeão do Estadual 2011;;;;;;;; Pará;Cametá;Campeão do Estadual 2012;;;;;;;;;;;;
;Náutico;Vice-campeão do Estadual 2010;;;;;;;;;Sport;Vice-campeão do Estadual 2011;;;;;;;;;Remo;Vice-campeão do Estadual 2012;;;;;;;;;;;;
 Piauí;Comercial-PI;Campeão do Estadual 2010;;;;;;;; Piauí;4 de Julho;Campeão do Estadual 2011;;;;;;;;;Águia de Marabá;3º colocado do Estadual 2012;;;;;;;;;;;;
;Barras;Vice-campeão do Estadual 2010;;;;;;;;;Comercial-PI;Vice-campeão do Estadual 2011;;;;;;;; Paraíba;Campinense;Campeão do Estadual 2012;;;;;;;;;;;;
 Rio de Janeiro;Botafogo;Campeão do Estadual 2010;;;;;;;; Rio de Janeiro;Botafogo;3º colocado do Estadual 2011;;;;;;;;;Sousa[b];Vice-campeão do Estadual 2012;;;;;;;;;;;;
;Flamengo;Vice-campeão do Estadual 2010;;;;;;;;;Boavista-RJ;4º colocado do Estadual 2011;;;;;;;; Paraná;Coritiba;Campeão do Estadual 2012;;;;;;;;;;;;
;Bangu;Vice-campeão da Copa Rio 2010;;;;;;;;;Madureira;Campeão da Copa Rio 2011;;;;;;;;;Atlético Paranaense;Vice-campeão do Estadual 2012;;;;;;;;;;;;
 Rio Grande do Norte;ABC;Campeão do Estadual 2010;;;;;;;; Rio Grande do Norte;ABC;Campeão do Estadual 2011;;;;;;;;;Arapongas;3º colocado do Estadual 2012;;;;;;;;;;;;
;Corintians de Caicó;Vice-campeão do Estadual 2010;;;;;;;;;Santa Cruz-RN;Vice-campeão do Estadual 2011;;;;;;;;;Cianorte;4º colocado do Estadual 2012;;;;;;;;;;;;
 Rio Grande do Sul;Caxias;3º colocado do Estadual 2010;;;;;;;; Rio Grande do Sul;Grêmio;Vice-campeão do Estadual 2011;;;;;;;; Pernambuco;Santa Cruz;Campeão do Estadual 2012;;;;;;;;;;;;
;São José-RS;4º colocado do Estadual 2010;;;;;;;;;Juventude;3º colocado do Estadual 2011;;;;;;;;;Sport;Vice-campeão do Estadual 2012;;;;;;;;;;;;
;Ypiranga de Erechim;Vice-campeão da Copa FGF 2009;;;;;;;;;Sapucaiense;3º colocado da Copa FGF de 2010;;;;;;;;;Salgueiro;3º colocado do Estadual 2012;;;;;;;;;;;;
 Rondônia;Vilhena;Campeão do Estadual 2010;;;;;;;; Rondônia;Espigão;Campeão do Estadual 2011;;;;;;;; Piauí;Parnahyba;Campeão do Estadual 2012;;;;;;;;;;;;
 Roraima;Baré;Campeão do Estadual 2010;;;;;;;; Roraima;Real;Campeão do Estadual 2011;;;;;;;;;Flamengo-PI;Campeão da Copa Piauí 2012[9];;;;;;;;;;;;
 São Paulo;Santo André;Vice-campeão do Estadual 2010;;;;;;;; São Paulo;Palmeiras;3º colocado do Estadual 2011;;;;;;;; Rio de Janeiro;Botafogo;Vice-campeão do Estadual 2012;;;;;;;;;;;;
;Grêmio Prudente;3º colocado do Estadual 2010;;;;;;;;;São Paulo;4º colocado do Estadual 2011;;;;;;;;;Flamengo;3º colocado do Estadual 2012;;;;;;;;;;;;
;Paulista;Campeão da Copa Paulista 2010;;;;;;;;;Paulista;Campeão da Copa Paulista 2011;;;;;;;;;Resende;5° colocado do Estadual 2012;;;;;;;;;;;;
 Santa Catarina;Avaí;Campeão do Estadual 2010;;;;;;;; Santa Catarina;Chapecoense;Campeão do Estadual 2011;;;;;;;;;Volta Redonda;6° colocado do Estadual 2012[10];;;;;;;;;;;;
;Brusque;Campeão da Copa Santa Catarina 2010;;;;;;;;;Criciúma;Vice-campeão do Estadual 2011;;;;;;;;;Bangu;Vice-campeão da Copa Rio 2012;;;;;;;;;;;;
 Sergipe;River Plate-SE;Campeão do Estadual 2010;;;;;;;; Sergipe;River Plate-SE;Campeão do Estadual 2011;;;;;;;; Rio Grande do Norte;América de Natal;Campeão do Estadual 2012;;;;;;;;;;;;
;São Domingos;Campeão da Copa Governo de Sergipe 2010;;;;;;;;;São Domingos;Vice-campeão do Estadual 2011;;;;;;;;;ABC;Vice-campeão do Estadual 2012;;;;;;;;;;;;
 Tocantins;Gurupi;Campeão do Estadual 2010;;;;;;;; Tocantins;Gurupi;Campeão do Estadual 2011;;;;;;;;;Santa Cruz-RN;Campeão da Copa FNF de 2013;;;;;;;;;;;;
;;;;;;;;;;;;;;;;;;;; Rio Grande do Sul;Internacional;Campeão do Estadual 2012;;;;;;;;;;;;
;;;;;;;;;;;;;;;;;;;;;Caxias;Vice-campeão do Estadual 2012;;;;;;;;;;;;
;;;;;;;;;;;;;;;;;;;;;Veranópolis;4º colocado do Estadual 2012;;;;;;;;;;;;
;;;;;;;;;;;;;;;;;;;;;Brasil de Pelotas;Vice-campeão da Copa FGF 2012;;;;;;;;;;;;
;;;;;;;;;;;;;;;;;;;; Rondônia;Ji-Paraná;Campeão do Estadual 2012;;;;;;;;;;;;
;;;;;;;;;;;;;;;;;;;; Roraima;São Raimundo-RR;Campeão do Estadual 2012;;;;;;;;;;;;
;;;;;;;;;;;;;;;;;;;; São Paulo;Santos;Campeão do Estadual 2012;;;;;;;;;;;;
;;;;;;;;;;;;;;;;;;;;;Guarani;Vice-campeão do Estadual 2012;;;;;;;;;;;;
;;;;;;;;;;;;;;;;;;;;;Ponte Preta;4º colocado do Estadual 2012;;;;;;;;;;;;
;;;;;;;;;;;;;;;;;;;;;São Bernardo;Campeão da Série A2 do Estadual 2012[11];;;;;;;;;;;;
;;;;;;;;;;;;;;;;;;;;;Noroeste;Campeão da Copa Paulista 2012;;;;;;;;;;;;
;;;;;;;;;;;;;;;;;;;; Santa Catarina;Avaí;Campeão do Estadual 2012;;;;;;;;;;;;
;;;;;;;;;;;;;;;;;;;;;Figueirense;Vice-campeão do Estadual 2012;;;;;;;;;;;;
;;;;;;;;;;;;;;;;;;;;;Joinville;Campeão da Copa Santa Catarina 2012;;;;;;;;;;;;
;;;;;;;;;;;;;;;;;;;; Sergipe;Itabaiana;Campeão do Estadual 2012;;;;;;;;;;;;
;;;;;;;;;;;;;;;;;;;;;Confiança;Campeão da Copa Governo do Estado de Sergipe de 2012;;;;;;;;;;;;
;;;;;;;;;;;;;;;;;;;; Tocantins;Gurupi;Campeão do Estadual 2012;;;;;;;;;;;;
;;;;;;;;;;;;;;;;;;;;;;;;;;;;;;;;;;
2014;;;;;;;;;;;;;;;;;;;;;;;;;;;;;;;;;;
;;;;;;;;;;;;2015;;;;;;;;;;;;;;;;;;;;;;
UF;Clube;Forma de classificação;Pos.;Clube;Pontos;UF;Clube;Forma de classificação;Colocações finais;;;UF;Clube;Forma de classificação;Pos.;Clube;Pontos;UF;Clube;Forma de classificação;Colocações finais;;;;;;;;;;;;;
 Acre;Plácido de Castro;Campeão do Estadual 2013;11º; Palmeiras;12 680; Minas Gerais;Atlético Mineiro;Campeão da Copa Libertadores 2013;Campeão;Atlético Mineiro (1.º título);; Acre;Rio Branco-AC;Campeão do Estadual 2014;11º; Botafogo;12 332; Minas Gerais;Cruzeiro;Campeão do Campeonato Brasileiro 2014;Campeão;Palmeiras (3.º título);;;;;;;;;;;;
;Rio Branco-AC[d];Vice-campeão do Estadual 2013;17º; Bahia;9 326;;Cruzeiro;Campeão do Campeonato Brasileiro 2013;Vice-campeão;Cruzeiro;;;Atlético Acreano;Vice-campeão do Estadual 2014;17º; Vitória;8 441;;Atlético Mineiro;Campeão da Copa do Brasil 2014;Vice-campeão;Santos;;;;;;;;;;;;
 Alagoas;CRB;Campeão do Estadual 2013;18º; Ponte Preta;7 952; Paraná;Atlético Paranaense;3º colocado do Campeonato Brasileiro 2013;Estatísticas;;; Alagoas;Coruripe;Campeão do Estadual 2014;18º; Ponte Preta;7 440; São Paulo;São Paulo;Vice-campeão do Campeonato Brasileiro 2014;Estatísticas;;;;;;;;;;;;;
;CSA;Vice-campeão do Estadual 2013;23º; Avaí;7 136; Rio de Janeiro;Botafogo;4º colocado do Campeonato Brasileiro 2013;Melhor marcador;6 gols:;;;CRB;Vice-campeão do Estadual 2014;23º; ABC;6 516;;Corinthians;4º colocado do Campeonato Brasileiro 2014;Melhor marcador;Gabriel (Santos) – 8 gols;;;;;;;;;;;;
;Santa Rita;Campeão da Primeira Fase do Estadual 2013;25º; Figueirense;6 248;;Flamengo;Campeão da Copa do Brasil 2013;;Bill (Ceará);;;Murici;Campeão da primeira fase do Estadual 2014;24º; Portuguesa;6 497; Rio Grande do Sul;Internacional;3º colocado do Campeonato Brasileiro 2014;Maior goleada;Independente-PA 5–0 Icasa;;;;;;;;;;;;
 Amapá;Santos-AP;Campeão do Estadual 2013;28º; América Mineiro;5 386; Rio de Grande do Sul;Grêmio;Vice-campeão do Campeonato Brasileiro 2013;;Gabriel (Santos);; Amapá;Santos-AP;Campeão do Estadual 2014;25º; Criciúma;6 495; Rio de Janeiro;Fluminense[FLU];6º colocado do Campeonato Brasileiro 2014;(diferença);;;;;;;;;;;;;
 Amazonas;Princesa do Solimões;Campeão do Estadual 2013;30º; Guarani;4 781;;;;;Léo Gamalho (Santa Cruz);; Amazonas;Nacional-AM;Campeão do Estadual 2014;27º; Avaí;6 364;;;;;;;;;;;;;;;;;
;Nacional-AM;Vice-campeão do Estadual 2013;31º; ASA;4 732;;;;Maiores goleadas;Remo 1–6 Internacional;;;Princesa do Solimões;Vice-campeão do Estadual 2014;31º; Paraná;5 090;;;;;;;;;;;;;;;;;
 Bahia;Vitória;Campeão do Estadual 2013;33º; Grêmio Barueri;4 287;;;;(diferença);Estádio Mangueirão, Belém;; Bahia;Bahia;Campeão do Estadual 2014;32º; Bragantino;4 880;;;;;;;;;;;;;;;;;
;Juazeiro;Vice-campeão da Primeira Fase do Estadual 2013;34º; Bragantino;4 054;;;;;12 de março;;;Jacuipense;Vice-campeão da primeira fase do Estadual 2014;35º; ASA;4 120;;;;;;;;;;;;;;;;;
;Bahia de Feira;Campeão da Copa Governador do Estado da Bahia de 2013;;;;;;;;;;;Vitória da Conquista;Campeão da Copa Governador do Estado da Bahia de 2014;;;;;;;;;;;;;;;;;;;;
 Ceará;Ceará;Campeão do Estadual 2013;;;;;;;;Fluminense 5–0 Horizonte;; Ceará;Ceará;Campeão do Estadual 2014;;;;;;;;;;;;;;;;;;;;
;Horizonte;Campeão da Primeira Fase do Estadual 2013;;;;;;;;Estádio do Maracanã, Rio de Janeiro;;;Fortaleza;Campeão da primeira fase do Estadual 2014;;;;;;;;;;;;;;;;;;;;
;Barbalha;Campeão da Copa Fares Lopes de 2013;;;;;;;;10 de abril;;;Icasa;Campeão da Copa Fares Lopes de 2014;;;;;;;;;;;;;;;;;;;;
 Distrito Federal;Brasiliense;Campeão do Metropolitano 2013;;;;;;;;;; Distrito Federal;Luziânia;Campeão do Metropolitano 2014;;;;;;;;;;;;;;;;;;;;
;Brasília;Vice-campeão do Metropolitano 2013;;;;;;;;Cruzeiro 5–0 Santa Rita;;;Brasília;Vice-campeão do Metropolitano 2014;;;;;;;;;;;;;;;;;;;;
 Espírito Santo;Desportiva Ferroviária;Campeão do Estadual 2013;;;;;;;;Estádio Mineirão, Belo Horizonte;; Espírito Santo;Estrela do Norte;Campeão do Estadual 2014;;;;;;;;;;;;;;;;;;;;
;Real Noroeste[d];Campeão da Copa Espírito Santo 2013;;;;;;;;27 de agosto;;;Real Noroeste;Campeão da Copa Espírito Santo 2014;;;;;;;;;;;;;;;;;;;;
 Goiás;Goiás;Campeão do Estadual 2013;;;;;;;;;; Goiás;Atlético Goianiense;Campeão do Estadual 2014;;;;;;;;;;;;;;;;;;;;
;Atlético Goianiense;Vice-campeão do Estadual 2013;;;;;;;;Santos 5–0 Botafogo;;;Goiás;Vice-campeão do Estadual 2014;;;;;;;;;;;;;;;;;;;;
;Goianésia;3º colocado do Estadual 2013;;;;;;;;;;;Anapolina;3º colocado do Estadual 2014;;;;;;;;;;;;;;;;;;;;
 Maranhão;Maranhão;Campeão do Estadual 2013;;;;;;;;;; Maranhão;Sampaio Corrêa;Campeão do Estadual 2014;;;;;;;;;;;;;;;;;;;;
;Sampaio Corrêa;Campeão da Copa São Luís 2013;;;;;;;;;;;Moto Club;Vice-campeão do Estadual 2014;;;;;;;;;;;;;;;;;;;;
 Mato Grosso;Cuiabá;Campeão do Estadual 2013;;;;;;;;;; Mato Grosso;Cuiabá;Campeão do Estadual 2014;;;;;;;;;;;;;;;;;;;;
;Mixto[e];Vice-campeão do Estadual 2013;;;;;;;;;;;Luverdense;Vice-campeão do Estadual 2014;;;;;;;;;;;;;;;;;;;;
;Rondonópolis;Campeão da Copa Governador de Mato Grosso de 2013;;;;;;;;;;;Operário VG;3º colocado do Estadual 2014;;;;;;;;;;;;;;;;;;;;
 Mato Grosso do Sul;CENE;Campeão do Estadual 2013;;;;;;;;;; Mato Grosso do Sul;CENE;Campeão do Estadual 2014;;;;;;;;;;;;;;;;;;;;
;Naviraiense;Vice-campeão do Estadual 2013;;;;;;;;;;;Águia Negra;Vice-campeão do Estadual 2014;;;;;;;;;;;;;;;;;;;;
 Minas Gerais;Tombense;3º colocado do Estadual 2013;;;;;;;;;; Minas Gerais;América Mineiro;3° colocado do Estadual 2014;;;;;;;;;;;;;;;;;;;;
;Villa Nova;4º colocado do Estadual 2013;;;;;;;;;;;Boa Esporte;4° colocado do Estadual 2014;;;;;;;;;;;;;;;;;;;;
;Tupi[b];5° colocado do Estadual 2013;;;;;;;;;;;Tupi;5º colocado do Estadual 2014;;;;;;;;;;;;;;;;;;;;
;Caldense;6º colocado do Estadual 2013;;;;;;;;;;;Villa Nova;6º colocado do Estadual 2014;;;;;;;;;;;;;;;;;;;;
 Pará;Paysandu;Campeão do Estadual 2013;;;;;;;;;; Pará;Remo;Campeão do Estadual 2014;;;;;;;;;;;;;;;;;;;;
;Paragominas;Vice-campeão do Estadual 2013;;;;;;;;;;;Paysandu;Vice-campeão do Estadual 2014;;;;;;;;;;;;;;;;;;;;
;Remo;3º colocado do Estadual 2013;;;;;;;;;;;Independente-PA;3º colocado do Estadual 2014;;;;;;;;;;;;;;;;;;;;
 Paraíba;Botafogo-PB;Campeão do Estadual 2013;;;;;;;;;; Paraíba;Botafogo-PB;Campeão do Estadual 2014;;;;;;;;;;;;;;;;;;;;
;Treze[a];Vice-campeão do Estadual 2013;;;;;;;;;;;Campinense;Vice-campeão do Estadual 2014;;;;;;;;;;;;;;;;;;;;
 Paraná;Coritiba;Campeão do Estadual 2013;;;;;;;;;; Paraná;Londrina;Campeão do Estadual 2014;;;;;;;;;;;;;;;;;;;;
;Londrina;3º colocado do Estadual 2013;;;;;;;;;;;Maringá;Vice-campeão do Estadual 2014;;;;;;;;;;;;;;;;;;;;
;Paraná;4º colocado do Estadual 2013;;;;;;;;;;;Coritiba;3º colocado do Estadual 2014;;;;;;;;;;;;;;;;;;;;
;J.Malucelli;5º colocado do Estadual 2013;;;;;;;;;;;Atlético Paranaense;4º colocado do Estadual 2014;;;;;;;;;;;;;;;;;;;;
 Pernambuco;Santa Cruz;Campeão do Estadual 2013;;;;;;;;;; Pernambuco;Sport;Campeão do Estadual 2014;;;;;;;;;;;;;;;;;;;;
;Sport;Vice-campeão do Estadual 2013;;;;;;;;;;;Náutico;Vice-campeão do Estadual 2014;;;;;;;;;;;;;;;;;;;;
;Náutico;Campeão do Primeiro Turno do Estadual 2013;;;;;;;;;;;Salgueiro;Campeão do primeiro turno do Estadual 2014;;;;;;;;;;;;;;;;;;;;
 Piauí;Parnahyba;Campeão do Estadual 2013;;;;;;;;;; Piauí;River-PI;Campeão do Estadual 2014;;;;;;;;;;;;;;;;;;;;
;Flamengo-PI;Campeão da Copa Piauí 2013;;;;;;;;;;;Piauí;Vice-campeão do Estadual 2014;;;;;;;;;;;;;;;;;;;;
 Rio de Janeiro;Fluminense;3° colocado do Estadual 2013;;;;;;;;;; Rio de Janeiro;Flamengo;Campeão do Estadual 2014;;;;;;;;;;;;;;;;;;;;
;Vasco da Gama;4° colocado do Estadual 2013;;;;;;;;;;;Vasco da Gama;Vice-campeão do Estadual 2014;;;;;;;;;;;;;;;;;;;;
;Resende;5º colocado do Estadual 2013;;;;;;;;;;;Cabofriense;4º colocado do Estadual 2014;;;;;;;;;;;;;;;;;;;;
;Boavista-RJ;6º colocado do Estadual 2013;;;;;;;;;;;Boavista-RJ;5º colocado do Estadual 2014;;;;;;;;;;;;;;;;;;;;
;Duque de Caxias;Campeão da Copa Rio 2013;;;;;;;;;;;Madureira;Vice-campeão da Copa Rio 2014;;;;;;;;;;;;;;;;;;;;
 Rio Grande do Norte;Potiguar de Mossoró;Campeão do Estadual 2013;;;;;;;;;; Rio Grande do Norte;América de Natal;Campeão do Estadual 2014;;;;;;;;;;;;;;;;;;;;
;América de Natal;Vice-campeão do Estadual 2013;;;;;;;;;;;Globo;Vice-campeão do Estadual 2014;;;;;;;;;;;;;;;;;;;;
;ABC;3° colocado do Estadual 2013;;;;;;;;;;;Alecrim;3° colocado do Estadual 2014;;;;;;;;;;;;;;;;;;;;
 Rio Grande do Sul;Internacional;Campeão do Estadual 2013;;;;;;;;;; Rio Grande do Sul;Grêmio;Vice-campeão do Estadual 2014;;;;;;;;;;;;;;;;;;;;
;Lajeadense;Vice-campeão do Estadual 2013;;;;;;;;;;;Brasil de Pelotas;3º colocado do Estadual 2014;;;;;;;;;;;;;;;;;;;;
;São Luiz;3º colocado do Estadual 2013;;;;;;;;;;;Caxias;4º colocado do Estadual 2014;;;;;;;;;;;;;;;;;;;;
;Novo Hamburgo;Campeão da Copa FGF 2013;;;;;;;;;;;Lajeadense;Campeão da Copa FGF de 2014;;;;;;;;;;;;;;;;;;;;
 Rondônia;Vilhena;Campeão do Estadual 2013;;;;;;;;;; Rondônia;Vilhena;Campeão do Estadual 2014;;;;;;;;;;;;;;;;;;;;
 Roraima;Náutico-RR;Campeão do Estadual 2013;;;;;;;;;; Roraima;São Raimundo-RR;Campeão do Estadual 2014;;;;;;;;;;;;;;;;;;;;
 Santa Catarina;Criciúma;Campeão do Estadual 2013;;;;;;;;;; Santa Catarina;Figueirense;Campeão do Estadual 2014;;;;;;;;;;;;;;;;;;;;
;Chapecoense;Vice-campeão do Estadual 2013;;;;;;;;;;;Joinville;Vice-campeão do Estadual 2014;;;;;;;;;;;;;;;;;;;;
;Joinville;Campeão da Copa Santa Catarina 2013;;;;;;;;;;;Chapecoense;Campeão da Taça de Santa Catarina de 2014;;;;;;;;;;;;;;;;;;;;
 São Paulo;Corinthians;Campeão do Estadual 2013;;;;;;;;;; São Paulo;Ituano;Campeão do Estadual 2014;;;;;;;;;;;;;;;;;;;;
;Santos;Vice-campeão do Estadual 2013;;;;;;;;;;;Santos;Vice-campeão do Estadual 2014;;;;;;;;;;;;;;;;;;;;
;São Paulo;3º colocado do Estadual 2013;;;;;;;;;;;Palmeiras;3º colocado do Estadual 2014;;;;;;;;;;;;;;;;;;;;
;Portuguesa;Campeão da Série A2 do Estadual 2013;;;;;;;;;;;Capivariano;Campeão da Série A2 do Estadual 2014;;;;;;;;;;;;;;;;;;;;
;São Bernardo;Campeão da Copa Paulista 2013;;;;;;;;;;;Santo André;Campeão da Copa Paulista 2014;;;;;;;;;;;;;;;;;;;;
 Sergipe;Sergipe;Campeão do Estadual 2013;;;;;;;;;; Sergipe;Confiança;Campeão do Estadual 2014;;;;;;;;;;;;;;;;;;;;
;Lagarto[c];3° colocado da Copa Governo do Estado de Sergipe de 2013;;;;;;;;;;;Amadense;Campeão da Copa Governo do Estado de Sergipe de 2014;;;;;;;;;;;;;;;;;;;;
 Tocantins;Interporto;Campeão do Estadual 2013;;;;;;;;;; Tocantins;Interporto;Campeão do Estadual 2014;;;;;;;;;;;;;;;;;;;;
;;;;;;;;;;;;;;;;;;;;;;;;;;;;;;;;;;
;2016;;;;;;;;;;;;2017;;;;;;;;;;;;;;;;;;;;;
;UF;Clube;Forma de classificação;Pos.;Clube;Pontos;UF;Clube;Forma de classificação;Colocações finais;;;UF;Clube;Forma de classificação;Pos.;Clube;Pontos;UF;Clube;Forma de classificação;Colocações finais;;;;;;;;;;;;
; Acre;Rio Branco-AC;Campeão do Estadual 2015;12º; Atlético Paranaense;11 218; São Paulo;Corinthians;Campeão do Campeonato Brasileiro 2015;Campeão;Grêmio (5º título);; Acre;Atlético Acreano;Campeão do Estadual 2016;8º; São Paulo;12 430; Goiás;Atlético Goianiense;Campeão da Série B 2016[16];Campeão;Cruzeiro (5º título);;;;;;;;;;;
;;Galvez;Vice-campeão do Estadual 2015;20º; Vitória;7 166;;Palmeiras;Campeão da Copa do Brasil 2015;Vice-campeão;Atlético Mineiro;;;Rio Branco-AC;Vice-campeão do Estadual 2016;15º; Ponte Preta;9 076; Minas Gerais;Atlético Mineiro;4º colocado do Campeonato Brasileiro 2016;Vice-campeão;Flamengo;;;;;;;;;;;
; Alagoas;CRB;Campeão do Estadual 2015;22º; Criciúma;6 388;;São Paulo;4º colocado do Campeonato Brasileiro 2015;Estatísticas;;; Alagoas;CRB;Campeão do Estadual 2016;23º; Ceará;6 592; Pará;Paysandu;Campeão da Copa Verde 2016[7];Estatísticas;;;;;;;;;;;;
;;Coruripe;Vice-campeão do Estadual 2015;23º; Avaí;6 386; Minas Gerais;Atlético Mineiro;Vice-campeão do Campeonato Brasileiro 2015;Melhor marcador;Marinho (Vitória) – 6 gols;;;CSA;Vice-campeão do Estadual 2016;25º; Avaí;5 894; Paraná;Atlético Paranaense;6º colocado do Campeonato Brasileiro 2016;Melhor marcador;5 gols: Léo Gamalho (Goiás);;;;;;;;;;;
;;ASA;Campeão da primeira fase do Estadual 2015;25º; Náutico;6 139; Rio Grande do Sul;Grêmio;3º colocado do Campeonato Brasileiro 2015;Maior goleada;Londrina 6–0 Parauapebas;;;Murici;3º colocado do Estadual 2016;32º; Bragantino;5 020; Pernambuco;Santa Cruz;Campeão da Copa do Nordeste 2016[7];;Lucas Barrios (Grêmio);;;;;;;;;;;
; Amapá;Santos-AP;Campeão do Estadual 2015;28º; Atlético Goianiense;5 386;;Internacional;5º colocado do Campeonato Brasileiro 2015;(diferença);;; Amapá;Santos-AP;Campeão do Estadual 2016;39º; Portuguesa;3 887; Rio de Janeiro;Flamengo;3º colocado do Campeonato Brasileiro 2016;;Rafael Sóbis (Cruzeiro);;;;;;;;;;;
; Amazonas;Nacional-AM;Campeão do Estadual 2015;30º; Paysandu;5 268;;;;;;; Amazonas;Fast Clube;Campeão do Estadual 2016;41º; Boa Esporte;3 586;;Botafogo;5º colocado do Campeonato Brasileiro 2016;Maior goleada;Cruzeiro 6–0 São Francisco-PA;;;;;;;;;;;
;;Princesa do Solimões;Vice-campeão do Estadual 2015;32º; Portuguesa;5 095;;;;;;;;Princesa do Solimões;Vice-campeão do Estadual 2016;42º; Oeste;3 468; Rio Grande do Sul;Grêmio;Campeão da Copa do Brasil 2016;(diferença);Estádio Mineirão, Belo Horizonte;;;;;;;;;;;
; Bahia;Bahia;Campeão do Estadual 2015;33º; Bragantino;4 984;;;;;;; Bahia;Vitória;Campeão do Estadual 2016;43º; ASA;3 370; Santa Catarina;Chapecoense;Campeão da Copa Sul-Americana de 2016[17][18];;22 de fevereiro, 2ª fase;;;;;;;;;;;
;;Vitória da Conquista;Vice-campeão do Estadual 2015;34º; Paraná;4 676;;;;;;;;Bahia;Vice-campeão do Estadual 2016;45º; Londrina;2 993; São Paulo;Palmeiras;Campeão do Campeonato Brasileiro 2016;Público;562 764 (6 252,9 por partida);;;;;;;;;;;
;;Juazeirense;Vice-campeão da Copa Governador do Estado da Bahia de 2015;;;;;;;;;;;Vitória da Conquista;Campeão da Copa Governador do Estado da Bahia de 2016;;;;;Santos;Vice-campeão do Campeonato Brasileiro 2016;Premiações;;;;;;;;;;;;
; Ceará;Fortaleza;Campeão do Estadual 2015;;;;;;;;;; Ceará;Fortaleza;Campeão do Estadual 2016;;;;;;;Melhor jogador;Diego Ribas (Flamengo) [3];;;;;;;;;;;
;;Ceará;Vice-campeão do Estadual 2015;;;;;;;;;;;Uniclinic;Vice-campeão do Estadual 2016;;;;;;;Melhor goleiro;Gatito Fernández (Botafogo)[4];;;;;;;;;;;
;;Guarany de Sobral;Campeão da Copa Fares Lopes de 2015;;;;;;;;;;;Guarani de Juazeiro;Campeão da Copa Fares Lopes de 2016;;;;;;;;;;;;;;;;;;;
; Distrito Federal;Gama;Campeão do Metropolitano 2015;;;;;;;;;; Distrito Federal;Luziânia;Campeão do Metropolitano 2016;;;;;;;;;;;;;;;;;;;
;;Brasília;Vice-campeão do Metropolitano 2015;;;;;;;;;;;Ceilândia;Vice-campeão do Metropolitano 2016;;;;;;;;;;;;;;;;;;;
; Espírito Santo;Rio Branco-ES;Campeão do Estadual 2015;;;;;;;;;; Espírito Santo;Desportiva Ferroviária;Campeão do Estadual 2016;;;;;;;;;;;;;;;;;;;
; Goiás;Goiás;Campeão do Estadual 2015;;;;;;;;;; Goiás;Goiás;Campeão do Estadual 2016;;;;;;;;;;;;;;;;;;;
;;Aparecidense;Vice-campeão do Estadual 2015;;;;;;;;;;;Anápolis;Vice-campeão do Estadual 2016;;;;;;;;;;;;;;;;;;;
;;Goianésia;3º colocado do Estadual 2015;;;;;;;;;;;Vila Nova;4º colocado do Estadual 2016;;;;;;;;;;;;;;;;;;;
; Maranhão;Imperatriz;Campeão do Estadual 2015;;;;;;;;;; Maranhão;Moto Club;Campeão do Estadual 2016;;;;;;;;;;;;;;;;;;;
;;Sampaio Corrêa;Vice-campeão do Estadual 2015;;;;;;;;;;;Sampaio Corrêa;Vice-campeão do Estadual 2016;;;;;;;;;;;;;;;;;;;
; Mato Grosso;Cuiabá;Campeão do Estadual 2015;;;;;;;;;; Mato Grosso;Luverdense;Campeão do Estadual 2016;;;;;;;;;;;;;;;;;;;
;;Operário VG;Vice-campeão do Estadual 2015;;;;;;;;;;;Sinop;Vice-campeão do Estadual 2016;;;;;;;;;;;;;;;;;;;
;;Dom Bosco;Campeão da Copa FMF de 2015;;;;;;;;;;;Cuiabá;Campeão da Copa FMF de 2016;;;;;;;;;;;;;;;;;;;
; Mato Grosso do Sul;Comercial-MS;Campeão do Estadual 2015;;;;;;;;;; Mato Grosso do Sul;Sete de Dourados;Campeão do Estadual 2016;;;;;;;;;;;;;;;;;;;
;;Ivinhema;Vice-campeão do Estadual 2015;;;;;;;;;;;Comercial-MS;Vice-campeão do Estadual 2016;;;;;;;;;;;;;;;;;;;
; Minas Gerais;Caldense;Vice-campeão do Estadual 2015;;;;;;;;;; Minas Gerais;América Mineiro;Campeão do Estadual 2016;;;;;;;;;;;;;;;;;;;
;;Cruzeiro;3° colocado do Estadual 2015;;;;;;;;;;;Cruzeiro;3º colocado do Estadual 2016;;;;;;;;;;;;;;;;;;;
;;Tombense;4º colocado do Estadual 2015;;;;;;;;;;;URT;4° colocado do Estadual 2016;;;;;;;;;;;;;;;;;;;
;;América Mineiro;5º colocado do Estadual 2015;;;;;;;;;;;Caldense;5° colocado do Estadual 2016;;;;;;;;;;;;;;;;;;;
; Pará;Remo;Campeão do Estadual 2015;;;;;;;;;; Pará;São Francisco-PA;Vice-campeão do Estadual 2016;;;;;;;;;;;;;;;;;;;
;;Independente-PA;Vice-campeão do Estadual 2015;;;;;;;;;;;São Raimundo-PA;3º colocado do Estadual 2016;;;;;;;;;;;;;;;;;;;
;;Parauapebas;3º colocado do Estadual 2015;;;;;;;;;;;Remo;4º colocado do Estadual 2016;;;;;;;;;;;;;;;;;;;
; Paraíba;Campinense;Campeão do Estadual 2015;;;;;;;;;; Paraíba;Campinense;Campeão do Estadual 2016;;;;;;;;;;;;;;;;;;;
;;Botafogo-PB;Vice-campeão do Estadual 2015;;;;;;;;;;;Botafogo-PB;Vice-campeão do Estadual 2016;;;;;;;;;;;;;;;;;;;
; Paraná;Operário-PR;Campeão do Estadual 2015;;;;;;;;;; Paraná;Coritiba;Vice-campeão do Estadual 2016;;;;;;;;;;;;;;;;;;;
;;Coritiba;Vice-campeão do Estadual 2015;;;;;;;;;;;Paraná;3º colocado do Estadual 2016;;;;;;;;;;;;;;;;;;;
;;Londrina;3º colocado do Estadual 2015;;;;;;;;;;;PSTC;4º colocado do Estadual 2016;;;;;;;;;;;;;;;;;;;
; Pernambuco;Santa Cruz;Campeão do Estadual 2015;;;;;;;;;; Pernambuco;Sport;Vice-campeão do Estadual 2016;;;;;;;;;;;;;;;;;;;
;;Salgueiro;Vice-campeão do Estadual 2015;;;;;;;;;;;Náutico;3º colocado do Estadual 2016;;;;;;;;;;;;;;;;;;;
;;Sport;3º colocado do Estadual 2015;;;;;;;;;;;Salgueiro;4º colocado do Estadual 2016;;;;;;;;;;;;;;;;;;;
; Piauí;River-PI;Campeão do Estadual 2015;;;;;;;;;; Piauí;River-PI;Campeão do Estadual 2016;;;;;;;;;;;;;;;;;;;
;;Parnahyba;Campeão da Copa Piauí de 2015;;;;;;;;;;;Altos;Vice-campeão do Estadual 2016;;;;;;;;;;;;;;;;;;;
; Rio de Janeiro;Vasco da Gama;Campeão do Estadual 2015;;;;;;;;;; Rio de Janeiro;Vasco da Gama;Campeão do Estadual 2016;;;;;;;;;;;;;;;;;;;
;;Botafogo;Vice-campeão do Estadual 2015;;;;;;;;;;;Fluminense;3º colocado do Estadual 2016;;;;;;;;;;;;;;;;;;;
;;Flamengo;3º colocado do Estadual 2015;;;;;;;;;;;Volta Redonda;5º colocado do Estadual 2016[14];;;;;;;;;;;;;;;;;;;
;;Fluminense;4º colocado do Estadual 2015;;;;;;;;;;;Boavista;6º colocado do Estadual 2016;;;;;;;;;;;;;;;;;;;
;;Resende;Campeão da Copa Rio 2015;;;;;;;;;;;Friburguense;Vice-campeão da Copa Rio 2016;;;;;;;;;;;;;;;;;;;
; Rio Grande do Norte;América de Natal;Campeão do Estadual 2015;;;;;;;;;; Rio Grande do Norte;ABC;Campeão do Estadual 2016;;;;;;;;;;;;;;;;;;;
;;ABC;Vice-campeão do Estadual 2015;;;;;;;;;;;América de Natal;Vice-campeão do Estadual 2016;;;;;;;;;;;;;;;;;;;
;;Globo;3° colocado do Estadual 2015;;;;;;;;;;;Globo;3° colocado do Estadual 2016;;;;;;;;;;;;;;;;;;;
; Rio Grande do Sul;Brasil de Pelotas;3º colocado do Estadual 2015;;;;;;;;;; Rio Grande do Sul;Internacional;Campeão do Estadual 2016;;;;;;;;;;;;;;;;;;;
;;Juventude;4º colocado do Estadual 2015;;;;;;;;;;;Juventude;Vice-campeão do Estadual 2016;;;;;;;;;;;;;;;;;;;
;;Ypiranga de Erechim;5º colocado do Estadual 2015;;;;;;;;;;;São José-RS;4º colocado do Estadual 2016;;;;;;;;;;;;;;;;;;;
;;Lajeadense;Campeão da Copa FGF de 2015;;;;;;;;;;;Ypiranga de Erechim;Vice-campeão da Super Copa Gaúcha 2016;;;;;;;;;;;;;;;;;;;
; Rondônia;Genus;Campeão do Estadual 2015;;;;;;;;;; Rondônia;Rondoniense;Campeão do Estadual 2016;;;;;;;;;;;;;;;;;;;
; Roraima;Náutico-RR;Campeão do Estadual 2015;;;;;;;;;; Roraima;São Raimundo-RR;Campeão do Estadual 2016;;;;;;;;;;;;;;;;;;;
; Santa Catarina;Figueirense;Campeão do Estadual 2015;;;;;;;;;; Santa Catarina;Joinville;Vice-campeão do Estadual 2016;;;;;;;;;;;;;;;;;;;
;;Joinville;Vice-campeão do Estadual 2015;;;;;;;;;;;Criciúma;3º colocado do Estadual 2016;;;;;;;;;;;;;;;;;;;
;;Chapecoense;3º colocado do Estadual 2015;;;;;;;;;;;Figueirense;4º colocado do Estadual 2016;;;;;;;;;;;;;;;;;;;
;;Inter de Lages;4º colocado do Estadual 2015;;;;;;;;;;;Brusque;5º colocado do Estadual 2016;;;;;;;;;;;;;;;;;;;
; São Paulo;Santos;Campeão do Estadual 2015;;;;;;;;;; São Paulo;Audax;Vice-campeão do Estadual 2016;;;;;;;;;;;;;;;;;;;
;;Ponte Preta;5º colocado do Estadual 2015;;;;;;;;;;;Corinthians;3º colocado do Estadual 2016;;;;;;;;;;;;;;;;;;;
;;Red Bull Brasil;6º colocado do Estadual 2015;;;;;;;;;;;São Bento;5° colocado do Estadual 2016[15];;;;;;;;;;;;;;;;;;;
;;Ferroviária;Campeão da Série A2 do Estadual 2015;;;;;;;;;;;Santo André;Campeão da Série A2 do Estadual 2016;;;;;;;;;;;;;;;;;;;
;;Linense;Campeão da Copa Paulista 2015;;;;;;;;;;;Ferroviária;Vice-campeão da Copa Paulista 2016;;;;;;;;;;;;;;;;;;;
; Sergipe;Confiança;Campeão do Estadual 2015;;;;;;;;;; Sergipe;Sergipe;Campeão do Estadual 2016;;;;;;;;;;;;;;;;;;;
;;Estanciano;Vice-campeão do Estadual 2015;;;;;;;;;;;Itabaiana;Vice-campeão do Estadual 2016;;;;;;;;;;;;;;;;;;;
; Tocantins;Tocantinópolis;Campeão do Estadual 2015;;;;;;;;;; Tocantins;Gurupi;Campeão do Estadual 2016;;;;;;;;;;;;;;;;;;;
;;;;;;;;;;;;;;;;;;;;;;;;;;;;;;;;;;
2018;;;;;;;;;;;;2019;;;;;;;;;;;;;;;;;;;;;;
UF;Clube;Forma de classificação;Pos.;Equipe;Pontos;UF;Clube;Forma de classificação;Colocações finais;;;UF;Clube;Forma de classificação;Pos.;Clube;Pontos;UF;Clube;Forma de classificação;Colocações finais;;;;;;;;;;;;;
 Acre;Atlético Acreano;Campeão do Estadual 2017;19º; Figueirense;7 555; Bahia;Bahia;Campeão da Copa do Nordeste 2017;Campeão;Cruzeiro (6.º título);; Acre;Rio Branco-AC;Campeão do Estadual 2018;21º; Avaí;6 394; Ceará;Fortaleza;Campeão da Série B 2018;Campeão;Athletico Paranaense (1º título);;;;;;;;;;;;
;Rio Branco-AC;Vice-campeão do Estadual 2017;20º; Atlético Goianiense;6 698; Mato Grosso;Luverdense;Campeão da Copa Verde 2017;Vice-campeão;Corinthians;;;Galvez;Vice-campeão do Estadual 2018;25º; Atlético Goianiense;6 136; Maranhão;Sampaio Corrêa;Campeão da Copa do Nordeste 2018;Vice-campeão;Internacional;;;;;;;;;;;;
 Alagoas;CRB;Campeão do Estadual 2017;28º; Paraná;5 244; Minas Gerais;Cruzeiro;Campeão da Copa do Brasil 2017;Estatísticas;;; Alagoas;CSA;Campeão do Estadual 2018;28º; Santa Cruz;5 061; Minas Gerais;Cruzeiro;Campeão da Copa do Brasil 2018;Estatísticas;;;;;;;;;;;;;
;CSA;Vice-campeão do Estadual 2017;30º; Joinville;4 805;;América Mineiro;Campeão da Série B 2017;Melhor marcador;4 gols: Gabriel (Santos);;;CRB;Vice-campeão do Estadual 2018;29º; Criciúma;4 521;;Atlético Mineiro;6º colocado do Campeonato Brasileiro 2018;Melhor marcador;5 gols:;;;;;;;;;;;;
;ASA;3º colocado do Estadual 2017;32º; Náutico;4 532; Rio Grande do Sul;Grêmio;Campeão da Copa Libertadores 2017;;Neilton (Vitória);;;ASA;3º colocado do Estadual 2018;30º; Luverdense;4 402; Pará;Paysandu;Campeão da Copa Verde 2018;;Luciano (Fluminense);;;;;;;;;;;;
 Amapá;Santos-AP;Campeão do Estadual 2017;33º; Juventude;4 251; São Paulo;Corinthians;Campeão do Campeonato Brasileiro 2017;;Rômulo (Avaí);; Amapá;Ypiranga-AP;Campeão do Estadual 2018;31º; Juventude;4 327; Rio de Janeiro;Flamengo;Vice-campeão do Campeonato Brasileiro 2018;;Paolo Guerrero (Internacional);;;;;;;;;;;;
 Amazonas;Manaus;Campeão do Estadual 2017;35º; Bragantino;4 113;;Palmeiras;Vice-campeão do Campeonato Brasileiro 2017;Maior goleada;Fluminense 5–0 Salgueiro;; Amazonas;Manaus;Campeão do Estadual 2018;35º; Londrina;4 120; Rio Grande do Sul;Internacional;3º colocado do Campeonato Brasileiro 2018;;Pipico (Santa Cruz);;;;;;;;;;;;
;Nacional-AM;Vice-campeão do Estadual 2017;37º; Oeste;3 817;;Santos;3º colocado do Campeonato Brasileiro 2017;(diferença);;;;Fast Clube;Vice-campeão do Estadual 2018;37º; Oeste;3 869;;Grêmio;4º colocado do Campeonato Brasileiro 2018;Maior goleada;Altos 1–7 Santos;;;;;;;;;;;;
 Bahia;Vitória;Campeão do Estadual 2017;38º; Boa Esporte;3 761; Rio de Janeiro;Flamengo;6º colocado do Campeonato Brasileiro 2017;;;; Bahia;Bahia;Campeão do Estadual 2018;39º; Joinville;3 758; São Paulo;Palmeiras;Campeão do Campeonato Brasileiro 2018;(diferença);;;;;;;;;;;;;
;Fluminense de Feira;3º colocado do Estadual 2017;40º; Londrina;3 707;;Vasco da Gama;7º colocado do Campeonato Brasileiro 2017;;;;;Vitória;Vice-campeão do Estadual 2018;40º; Boa Esporte;3 691;;São Paulo;5º colocado do Campeonato Brasileiro 2018;;;;;;;;;;;;;;
;Vitória da Conquista;4º colocado do Estadual 2017;;;; Santa Catarina;Chapecoense;8º colocado do Campeonato Brasileiro 2017;;;;;Juazeirense;3º colocado do Estadual 2018;;;; Paraná;Athletico Paranaense;Campeão da Copa Sul Americana 2018;;;;;;;;;;;;;;
 Ceará;Ceará;Campeão do Estadual 2017;;;;;;;;;; Ceará;Ceará;Campeão do Estadual 2018;;;;;;;;;;;;;;;;;;;;
;Ferroviário;Vice-campeão do Estadual 2017;;;;;;;;;;;Atlético Cearense;3º colocado do Estadual 2018;;;;;;;;;;;;;;;;;;;;
;Floresta;Campeão da Copa Fares Lopes de 2017;;;;;;;;;;;Ferroviário;Campeão da Copa Fares Lopes de 2018;;;;;;;;;;;;;;;;;;;;
 Distrito Federal;Brasiliense;Campeão do Metropolitano 2017;;;;;;;;;; Distrito Federal;Sobradinho;Campeão do Metropolitano 2018;;;;;;;;;;;;;;;;;;;;
;Ceilândia;Vice-campeão do Metropolitano 2017;;;;;;;;;;;Brasiliense;Vice-campeão do Metropolitano 2018;;;;;;;;;;;;;;;;;;;;
 Espírito Santo;Atlético Itapemirim;Campeão do Estadual 2017;;;;;;;;;; Espírito Santo;Serra;Campeão do Estadual 2018;;;;;;;;;;;;;;;;;;;;
 Goiás;Goiás;Campeão do Estadual 2017;;;;;;;;;; Goiás;Goiás;Campeão do Estadual 2018;;;;;;;;;;;;;;;;;;;;
;Vila Nova;Vice-campeão do Estadual 2017;;;;;;;;;;;Aparecidense;Vice-campeão do Estadual 2018;;;;;;;;;;;;;;;;;;;;
;Aparecidense;3º colocado do Estadual 2017;;;;;;;;;;;Vila Nova;3º colocado do Estadual 2018;;;;;;;;;;;;;;;;;;;;
 Maranhão;Sampaio Corrêa;Campeão do Estadual 2017;;;;;;;;;; Maranhão;Moto Club;Campeão do Estadual 2018;;;;;;;;;;;;;;;;;;;;
;Cordino;Vice-campeão do Estadual 2017;;;;;;;;;;;Imperatriz;Vice-campeão do Estadual 2018;;;;;;;;;;;;;;;;;;;;
 Mato Grosso;Cuiabá;Campeão do Estadual 2017;;;;;;;;;; Mato Grosso;Cuiabá;Campeão do Estadual 2018;;;;;;;;;;;;;;;;;;;;
;Sinop;Vice-campeão do Estadual 2017;;;;;;;;;;;Sinop;Vice-campeão do Estadual 2018;;;;;;;;;;;;;;;;;;;;
;Dom Bosco;3° colocado da Copa FMF de 2017;;;;;;;;;;;Mixto;Campeão da Copa FMF de 2018;;;;;;;;;;;;;;;;;;;;
 Mato Grosso do Sul;Corumbaense;Campeão do Estadual 2017;;;;;;;;;; Mato Grosso do Sul;Operário-MS;Campeão do Estadual 2018;;;;;;;;;;;;;;;;;;;;
;Novo;Vice-campeão do Estadual 2017;;;;;;;;;;;Corumbaense;Vice-campeão do Estadual 2018;;;;;;;;;;;;;;;;;;;;
 Minas Gerais;;;;;;;;;;;; Minas Gerais;América Mineiro;3º colocado do Estadual 2018;;;;;;;;;;;;;;;;;;;;
;Atlético Mineiro;Campeão do Estadual 2017;;;;;;;;;;;Tupi;4º colocado do Estadual 2018;;;;;;;;;;;;;;;;;;;;
;URT;4° colocado do Estadual 2017;;;;;;;;;;;Tombense;5º colocado do Estadual 2018;;;;;;;;;;;;;;;;;;;;
;Caldense;5º colocado do Estadual 2017;;;;;;;;;;;URT;6º colocado do Estadual 2018;;;;;;;;;;;;;;;;;;;;
;Uberlândia;6º colocado do Estadual 2017;;;;;;;;;; Pará;Remo;Campeão do Estadual 2018;;;;;;;;;;;;;;;;;;;;
 Pará;Paysandu;Campeão do Estadual 2017;;;;;;;;;;;Bragantino-PA;3º colocado do Estadual 2018;;;;;;;;;;;;;;;;;;;;
;Remo;Vice-campeão do Estadual 2017;;;;;;;;;;;São Raimundo-PA;4º colocado do Estadual 2018;;;;;;;;;;;;;;;;;;;;
;Independente-PA;3º colocado do Estadual 2017;;;;;;;;;; Paraíba;Botafogo-PB;Campeão do Estadual 2018;;;;;;;;;;;;;;;;;;;;
 Paraíba;Botafogo-PB;Campeão do Estadual 2017;;;;;;;;;;;Campinense;Vice-campeão do Estadual 2018;;;;;;;;;;;;;;;;;;;;
;Treze;Vice-campeão do Estadual 2017;;;;;;;;;; Paraná;Coritiba;Vice-campeão do Estadual 2018;;;;;;;;;;;;;;;;;;;;
 Paraná;Coritiba;Campeão do Estadual 2017;;;;;;;;;;;Foz do Iguaçu;3º colocado do Estadual 2018;;;;;;;;;;;;;;;;;;;;
;Atlético Paranaense;Vice-campeão do Estadual 2017;;;;;;;;;;;Paraná;4º colocado do Estadual 2018;;;;;;;;;;;;;;;;;;;;
;Cianorte;3º colocado do Estadual 2017;;;;;;;;;; Pernambuco;Náutico;Campeão do Estadual 2018;;;;;;;;;;;;;;;;;;;;
 Pernambuco;Sport;Campeão do Estadual 2017;;;;;;;;;;;Central;Vice-campeão do Estadual 2018;;;;;;;;;;;;;;;;;;;;
;Salgueiro;Vice-campeão do Estadual 2017;;;;;;;;;;;Sport;3º colocado do Estadual 2018;;;;;;;;;;;;;;;;;;;;
;Santa Cruz;3º colocado do Estadual 2017;;;;;;;;;; Piauí;Altos;Campeão do Estadual 2018;;;;;;;;;;;;;;;;;;;;
 Piauí;Altos;Campeão do Estadual 2017;;;;;;;;;;;River-PI;Vice-campeão do Estadual 2018;;;;;;;;;;;;;;;;;;;;
;Parnahyba;Vice-campeão do Estadual 2017;;;;;;;;;; Rio de Janeiro;Botafogo;Campeão do Estadual 2018;;;;;;;;;;;;;;;;;;;;
 Rio de Janeiro;Fluminense;Vice-campeão do Estadual 2017;;;;;;;;;;;Vasco da Gama;Vice-campeão do Estadual 2018;;;;;;;;;;;;;;;;;;;;
;Botafogo;4º colocado do Estadual 2017;;;;;;;;;;;Fluminense;4º colocado do Estadual 2018;;;;;;;;;;;;;;;;;;;;
;Nova Iguaçu;5º colocado do Estadual 2017;;;;;;;;;;;Boavista-RJ;5º colocado do Estadual 2018;;;;;;;;;;;;;;;;;;;;
;Madureira;6º colocado do Estadual 2017;;;;;;;;;;;Americano;Campeão da Copa Rio 2018;;;;;;;;;;;;;;;;;;;;
;Boavista-RJ;Campeão da Copa Rio 2017;;;;;;;;;; Rio Grande do Norte;ABC;Campeão do Estadual 2018;;;;;;;;;;;;;;;;;;;;
 Rio Grande do Norte;ABC;Campeão do Estadual 2017;;;;;;;;;;;América de Natal;Vice-campeão do Estadual 2018;;;;;;;;;;;;;;;;;;;;
;Globo;Vice-campeão do Estadual 2017;;;;;;;;;;;Santa Cruz de Natal;3° colocado do Estadual 2018;;;;;;;;;;;;;;;;;;;;
;América de Natal;3° colocado do Estadual 2017;;;;;;;;;; Rio Grande do Sul;Brasil de Pelotas;Vice-campeão do Estadual 2018;;;;;;;;;;;;;;;;;;;;
 Rio Grande do Sul;Novo Hamburgo;Campeão do Estadual 2017;;;;;;;;;;;São José-RS;3° colocado do Estadual 2018;;;;;;;;;;;;;;;;;;;;
;Internacional;Vice-campeão do Estadual 2017;;;;;;;;;;;Avenida;4º colocado do Estadual 2018;;;;;;;;;;;;;;;;;;;;
;Caxias;3º colocado do Estadual 2017;;;;;;;;;;;Ypiranga de Erechim;3º colocado da Copa FGF 2018;;;;;;;;;;;;;;;;;;;;
;Aimoré;Vice-campeão da Copa FGF 2017;;;;;;;;;; Rondônia;Real Ariquemes;Campeão do Estadual 2018;;;;;;;;;;;;;;;;;;;;
 Rondônia;Real Ariquemes;Campeão do Estadual 2017;;;;;;;;;; Roraima;São Raimundo-RR;Campeão do Estadual 2018;;;;;;;;;;;;;;;;;;;;
 Roraima;São Raimundo-RR;Campeão do Estadual 2017;;;;;;;;;; Santa Catarina;Figueirense;Campeão do Estadual 2018;;;;;;;;;;;;;;;;;;;;
 Santa Catarina;Avaí;Vice-campeão do Estadual 2017;;;;;;;;;;;Chapecoense;Vice-campeão do Estadual 2018;;;;;;;;;;;;;;;;;;;;
;Criciúma;3º colocado do Estadual 2017;;;;;;;;;;;Tubarão;3º colocado do Estadual 2018;;;;;;;;;;;;;;;;;;;;
;Brusque;4º colocado do Estadual 2017;;;;;;;;;;;Brusque;Campeão da Copa Santa Catarina de 2018;;;;;;;;;;;;;;;;;;;;
;Tubarão;Campeão da Copa Santa Catarina 2017;;;;;;;;;; São Paulo;Corinthians;Campeão do Estadual 2018;;;;;;;;;;;;;;;;;;;;
 São Paulo;Ponte Preta;Vice-campeão do Estadual 2017;;;;;;;;;;;Santos;4º colocado do Estadual 2018;;;;;;;;;;;;;;;;;;;;
;São Paulo;4º colocado do Estadual 2017;;;;;;;;;;;Ponte Preta;Campeão do Troféu do Interior de 2018;;;;;;;;;;;;;;;;;;;;
;Ituano;Campeão do Troféu do Interior 2017;;;;;;;;;;;Guarani;Campeão da Série A2 do Estadual 2018;;;;;;;;;;;;;;;;;;;;
;São Caetano;Campeão da Série A2 do Estadual 2017;;;;;;;;;;;Votuporanguense;Campeão da Copa Paulista 2018;;;;;;;;;;;;;;;;;;;;
;Inter de Limeira;Vice-campeão da Copa Paulista 2017;;;;;;;;;; Sergipe;Sergipe;Campeão do Estadual 2018;;;;;;;;;;;;;;;;;;;;
 Sergipe;Confiança;Campeão do Estadual 2017;;;;;;;;;;;Itabaiana;Vice-campeão do Estadual 2018;;;;;;;;;;;;;;;;;;;;
;Itabaiana;Vice-campeão do Estadual 2017;;;;;;;;;; Tocantins;Palmas;Campeão do Estadual 2018;;;;;;;;;;;;;;;;;;;;
 Tocantins;Interporto;Campeão do Estadual 2017;;;;;;;;;;;;;;;;;;;;;;;;;;;;;;;;
;;;;;;;;;;;;;;;;;;;;;;;;;;;;;;;;;;
2020;;;;;;;;;;;;2021;;;;;;;;;;;;;;;;;;;;;;
Estado;Clube;Forma de classificação;Pos.;Clube;Pontos;Estado;Clube;Forma de classificação;Colocações finais;;;Estado;Clube;Forma de Entrada;Estado;Clube;Forma de classificação;Pos.;Clube;Pontos;Colocações finais;;;;;;;;;;;;;
 Acre;Atlético Acreano;Campeão do Estadual 2019;14º; Botafogo;9 640; Ceará;Fortaleza;Campeão da Copa do Nordeste 2019;Campeão;Palmeiras (4.º título);; Acre;Galvez;Campeão do Estadual 2020; Ceará;Ceará;Campeão da Copa do Nordeste 2020;10º; Cruzeiro;11 768;Campeão;Atlético Mineiro (2.º título);;;;;;;;;;;;
;Galvez;Vice-campeão do Estadual 2019;17º; Vitória;7 045; Mato Grosso;Cuiabá;Campeão da Copa Verde 2019;Vice-campeão;Grêmio;;;Atlético Acreano;Vice-campeão do Estadual 2020; Distrito Federal;Brasiliense;Campeão da Copa Verde 2020;20°; Sport;7 043;Vice-campeão;Athletico Paranaense;;;;;;;;;;;;
 Alagoas;CSA;Campeão do Estadual 2019;26º; Paraná;5 594; Paraná;Athletico Paranaense;Campeão da Copa do Brasil 2019;Estatísticas;;; Alagoas;CRB;Campeão do Estadual 2020; Minas Gerais;Atlético Mineiro;3º colocado do Campeonato Brasileiro 2020;21°; Goiás;7 027;Estatísticas;;;;;;;;;;;;;
;CRB;Vice-campeão do Estadual 2019;27º; Figueirense;5 178; Rio de Janeiro;Flamengo;Campeão da Copa Libertadores 2019;Melhor marcador;6 gols:;;;CSA;Vice-campeão do Estadual 2020; Paraná;Athletico Paranaense;9º colocado do Campeonato Brasileiro 2020;23°; Vitória;6 114;Melhor marcador;Hulk (Atlético Mineiro) – 8 gols;;;;;;;;;;;;
;Coruripe;3º colocado do Estadual 2019;28º; Paysandu;5 166; Rio Grande do Sul;Grêmio;4º colocado do Campeonato Brasileiro 2019;;Brenner (São Paulo);;;Murici;3º colocado do Estadual 2020; Rio de Janeiro;Flamengo;Campeão do Campeonato Brasileiro 2020;26°; Avaí;5 819;Maior goleada;São Paulo 9–1 4 de Julho;;;;;;;;;;;;
 Amapá;Santos-AP;Campeão do Estadual 2019;29º; Juventude;4 763;;Internacional;7º colocado do Campeonato Brasileiro 2019;;Léo Gamalho (CRB);; Amapá;Ypiranga-AP;Campeão do Estadual 2020;;Fluminense;5º colocado do Campeonato Brasileiro 2020;27°; Juventude;5 725;(diferença);;;;;;;;;;;;;
 Amazonas;Manaus;Campeão do Estadual 2019;34º; Santa Cruz;4 378; São Paulo;Palmeiras;3º colocado do Campeonato Brasileiro 2019;;Nenê (Fluminense);; Amazonas;Penarol;Campeão do Estadual 2020; Rio Grande do Sul;Grêmio;6º colocado do Campeonato Brasileiro 2020;28°; Cuiabá;5 679;;;;;;;;;;;;;;
;Fast Clube;Vice-campeão do Estadual 2019;36º; Criciúma;4 218;;Santos;Vice-campeão do Campeonato Brasileiro 2019;;Rodolfo (América Mineiro);;;Manaus;Vice-campeão do Estadual 2020;;Internacional;Vice-campeão do Campeonato Brasileiro 2020;29°; Paraná;5 175;;;;;;;;;;;;;;
 Bahia;Bahia;Campeão do Estadual 2019;38º; Oeste;3 920;;São Paulo;6º colocado do Campeonato Brasileiro 2019;Maiores goleadas;Brusque 5–1 Remo;; Bahia;Bahia;Campeão do Estadual 2020; Santa Catarina;Chapecoense;Campeão da Série B de 2020;32°; Figueirense;4 350;;;;;;;;;;;;;;
;Bahia de Feira;Vice-campeão do Estadual 2019;39º; Brasil de Pelotas;3 844;;Corinthians;8º colocado do Campeonato Brasileiro 2019;(diferença);Estádio Augusto Bauer, Brusque;;;Atlético de Alagoinhas;Vice-campeão do Estadual 2020; São Paulo;Palmeiras;Campeão da Copa Libertadores 2020 e da Copa do Brasil 2020;34°; Vila Nova;4 177;;;;;;;;;;;;;;
;Atlético de Alagoinhas;3º colocado do Estadual 2019;;;;;Red Bull Bragantino;Campeão da Série B de 2019;;20 de fevereiro, segunda fase;;;Juazeirense;3º colocado do Estadual 2020;;Santos;8º colocado do Campeonato Brasileiro 2020;;;;;;;;;;;;;;;;;
 Ceará;Ceará;Vice-campeão do Estadual 2019;;;;;;;;;; Ceará;Fortaleza;Campeão do Estadual 2020;;São Paulo;4º colocado do Campeonato Brasileiro 2020;;;;;;;;;;;;;;;;;
;Barbalha;Campe?o da primeira fase do Estadual 2019;;;;;;;;Ferroviária 6–2 Águia Negra;;;Guarany de Sobral;Campeão da primeira fase do Estadual 2020;;;;;;;;;;;;;;;;;;;;
;Caucaia;Campeão da Copa Fares Lopes de 2019;;;;;;;;Estádio da Fonte Luminosa, Araraquara;;;Ferroviário;Campeão da Copa Fares Lopes de 2020;;;;;;;;;;;;;;;;;;;;
 Distrito Federal;Gama;Campeão do Metropolitano 2019;;;;;;;;26 de fevereiro, segunda fase;; Distrito Federal;Gama;Campeão do Metropolitano 2020;;;;;;;;;;;;;;;;;;;;
;Brasiliense;Vice-campeão do Metropolitano 2019;;;;;;;;;;;Real Brasília;3º colocado do Metropolitano 2020;;;;;;;;;;;;;;;;;;;;
 Espírito Santo;Vitória-ES;Campeão do Estadual 2019;;;;;;;;Ceará 5–1 Brusque;; Espírito Santo;Rio Branco VN;Campeão do Estadual 2020;;;;;;;;;;;;;;;;;;;;
 Goiás;Atlético Goianiense;Campeão do Estadual 2019;;;;;;;;;;;Rio Branco-ES;Vice-campeão do Estadual 2020;;;;;;;;;;;;;;;;;;;;
;Goiás;Vice-campeão do Estadual 2019;;;;;;;;;; Goiás;Atlético Goianiense;Campeão do Estadual 2020;;;;;;;;;;;;;;;;;;;;
;Vila Nova;3º colocado do Estadual 2019;;;;;;;;;;;Goianésia;Vice-campeão do Estadual 2020;;;;;;;;;;;;;;;;;;;;
 Maranhão;Imperatriz;Campeão do Estadual 2019;;;;;;;;;;;Jaraguá;3º colocado do Estadual 2020;;;;;;;;;;;;;;;;;;;;
;Moto Club;Vice-campeão do Estadual 2019;;;;;;;;;; Maranhão;Sampaio Corrêa;Campeão do Estadual 2020;;;;;;;;;;;;;;;;;;;;
;Sampaio Corrêa;3º colocado do Estadual 2019;;;;;;;;;;;Moto Club;Vice-campeão do Estadual 2020;;;;;;;;;;;;;;;;;;;;
 Mato Grosso;Operário VG;Vice-campeão do Estadual 2019;;;;;;;;;;;Juventude Samas;3º colocado do Estadual 2020;;;;;;;;;;;;;;;;;;;;
;União Rondonópolis;3º colocado do Estadual 2019;;;;;;;;;; Mato Grosso;Nova Mutum;Campeão do Estadual 2020;;;;;;;;;;;;;;;;;;;;
;Luverdense;Campeão da Copa FMF de 2019;;;;;;;;;;;União Rondonópolis;Vice-campeão do Estadual 2020;;;;;;;;;;;;;;;;;;;;
 Mato Grosso do Sul;Águia Negra;Campeão do Estadual 2019;;;;;;;;;;;Luverdense;3º colocado do Estadual 2020;;;;;;;;;;;;;;;;;;;;
;Aquidauanense;Vice-campeão do Estadual 2019;;;;;;;;;; Mato Grosso do Sul;Águia Negra;Campeão do Estadual 2020;;;;;;;;;;;;;;;;;;;;
 Minas Gerais;Cruzeiro;Campeão do Estadual 2019;;;;;;;;;; Minas Gerais;Tombense;Vice-campeão do Estadual 2020;;;;;;;;;;;;;;;;;;;;
;Atlético Mineiro;Vice-campeão do Estadual 2019;;;;;;;;;;;América Mineiro;3º colocado do Estadual 2020;;;;;;;;;;;;;;;;;;;;
;América Mineiro;3º colocado do Estadual 2019;;;;;;;;;;;Caldense;4º colocado do Estadual 2020;;;;;;;;;;;;;;;;;;;;
;Boa Esporte;4º colocado do Estadual 2019;;;;;;;;;;;Uberlândia;Campeão do Troféu Inconfidência 2020[5][6];;;;;;;;;;;;;;;;;;;;
 Pará;Remo;Campeão do Estadual 2019;;;;;;;;;; Pará;Paysandu;Campeão do Estadual 2020;;;;;;;;;;;;;;;;;;;;
;Independente-PA;Vice-campeão do Estadual 2019;;;;;;;;;;;Remo;Vice-campeão do Estadual 2020;;;;;;;;;;;;;;;;;;;;
;Bragantino-PA;3º colocado do Estadual 2019;;;;;;;;;;;Castanhal;3º colocado do Estadual 2020;;;;;;;;;;;;;;;;;;;;
 Paraíba;Botafogo-PB;Campeão do Estadual 2019;;;;;;;;;; Paraíba;Treze;Campeão do Estadual 2020;;;;;;;;;;;;;;;;;;;;
;Campinense;Vice-campeão do Estadual 2019;;;;;;;;;;;Campinense;Vice-campeão do Estadual 2020;;;;;;;;;;;;;;;;;;;;
 Paraná;Toledo;Vice-campeão do Estadual 2019;;;;;;;;;; Paraná;Coritiba;Vice-campeão do Estadual 2020;;;;;;;;;;;;;;;;;;;;
;Coritiba;3º colocado do Estadual 2019;;;;;;;;;;;FC Cascavel;3º colocado do Estadual 2020;;;;;;;;;;;;;;;;;;;;
;Londrina;4º colocado do Estadual 2019;;;;;;;;;;;Cianorte;4º colocado do Estadual 2020;;;;;;;;;;;;;;;;;;;;
;Operário-PR;5º colocado do Estadual 2019;;;;;;;;;;;Operário-PR;5º colocado do Estadual 2020;;;;;;;;;;;;;;;;;;;;
 Pernambuco;Sport;Campeão do Estadual 2019;;;;;;;;;; Pernambuco;Salgueiro;Campeão do Estadual 2020;;;;;;;;;;;;;;;;;;;;
;Náutico;Vice-campeão do Estadual 2019;;;;;;;;;;;Santa Cruz;Vice-campeão do Estadual 2020;;;;;;;;;;;;;;;;;;;;
;Afogados;3º colocado do Estadual 2019;;;;;;;;;;;Retrô;Melhor colocado da primeira fase do Estadual 2020;;;;;;;;;;;;;;;;;;;;
 Piauí;River-PI;Campeão do Estadual 2019;;;;;;;;;; Piauí;4 de Julho;Campeão do Estadual 2020;;;;;;;;;;;;;;;;;;;;
;Altos;Vice-campeão do Estadual 2019;;;;;;;;;;;Picos;Vice-campeão do Estadual 2020;;;;;;;;;;;;;;;;;;;;
 Rio de Janeiro;Vasco da Gama;Vice-campeão do Estadual 2019;;;;;;;;;; Rio de Janeiro;Botafogo;5º colocado do Estadual 2020;;;;;;;;;;;;;;;;;;;;
;Bangu;3º colocado do Estadual 2019;;;;;;;;;;;Vasco da Gama;7º colocado do Estadual 2020;;;;;;;;;;;;;;;;;;;;
;Fluminense;4º colocado do Estadual 2019;;;;;;;;;;;Volta Redonda;Campeão da Taça Independência 2020;;;;;;;;;;;;;;;;;;;;
;Volta Redonda;5º colocado do Estadual 2019;;;;;;;;;;;Boavista-RJ;Campeão do Torneio Extra 2020;;;;;;;;;;;;;;;;;;;;
;Boavista-RJ[5];4º colocado da Copa Rio 2019;;;;;;;;;;;Madureira;Vice-Campeão do Torneio Extra 2020;;;;;;;;;;;;;;;;;;;;
 Rio Grande do Norte;América de Natal;Campeão do Estadual 2019;;;;;;;;;; Rio Grande do Norte;ABC;Campeão do Estadual 2020;;;;;;;;;;;;;;;;;;;;
;ABC;Vice-campeão do Estadual 2019;;;;;;;;;;;América de Natal;Vice-campeão do Estadual 2020;;;;;;;;;;;;;;;;;;;;
 Rio Grande do Sul;Caxias;3º colocado do Estadual 2019;;;;;;;;;; Rio Grande do Sul;Caxias;Vice-campeão do Estadual 2020;;;;;;;;;;;;;;;;;;;;
;São Luiz;4º colocado do Estadual 2019;;;;;;;;;;;Esportivo;4º colocado do Estadual 2020;;;;;;;;;;;;;;;;;;;;
;Novo Hamburgo;5º colocado do Estadual 2019;;;;;;;;;;;Ypiranga de Erechim;5º colocado do Estadual 2020;;;;;;;;;;;;;;;;;;;;
;São José-RS;Vice-campeão da Copa FGF 2019;;;;;;;;;;;Santa Cruz-RS;Campeão da Copa FGF 2020;;;;;;;;;;;;;;;;;;;;
 Rondônia;Vilhenense;Campeão do Estadual 2019;;;;;;;;;; Rondônia;Porto Velho;Campeão do Estadual 2020;;;;;;;;;;;;;;;;;;;;
 Roraima;São Raimundo-RR;Campeão do Estadual 2019;;;;;;;;;; Roraima;São Raimundo-RR;Campeão do Estadual 2020;;;;;;;;;;;;;;;;;;;;
 Santa Catarina;Avaí;Campeão do Estadual 2019;;;;;;;;;; Santa Catarina;Brusque;Vice-campeão do Estadual 2020;;;;;;;;;;;;;;;;;;;;
;Chapecoense;Vice-campeão do Estadual 2019;;;;;;;;;;;Criciúma;3º colocado do Estadual 2020;;;;;;;;;;;;;;;;;;;;
;Brusque;Campeão da Copa Santa Catarina de 2019;;;;;;;;;;;Joinville;Campeão da Copa Santa Catarina de 2020;;;;;;;;;;;;;;;;;;;;
 São Paulo;Novorizontino;6° colocado do Estadual 2019;;;;;;;;;; São Paulo;Corinthians;Vice-campeão do Estadual 2020;;;;;;;;;;;;;;;;;;;;
;Ferroviária;7º colocado do Estadual 2019;;;;;;;;;;;Mirassol;3º colocado do Estadual 2020;;;;;;;;;;;;;;;;;;;;
;Ponte Preta;Vice-campeão do Troféu do Interior de 2019;;;;;;;;;;;Ponte Preta;4º colocado do Estadual 2020;;;;;;;;;;;;;;;;;;;;
;Santo André;Campeão da Série A2 do Estadual 2019;;;;;;;;;;;Red Bull Bragantino;Campeão do Troféu do Interior de 2020;;;;;;;;;;;;;;;;;;;;
;XV de Piracicaba;Vice-campeão da Copa Paulista 2019;;;;;;;;;;;Marília;Vice-campeão da Copa Paulista 2020;;;;;;;;;;;;;;;;;;;;
 Sergipe;Freipaulistano;Campeão do Estadual 2019;;;;;;;;;; Sergipe;Confiança;Campeão do Estadual 2020;;;;;;;;;;;;;;;;;;;;
;Lagarto;Campeão da primeira fase do Estadual 2019;;;;;;;;;;;Sergipe;Vice-campeão do Estadual 2020;;;;;;;;;;;;;;;;;;;;
 Tocantins;Palmas;Campeão do Estadual 2019;;;;;;;;;; Tocantins;Palmas;Campeão do Estadual 2020;;;;;;;;;;;;;;;;;;;;
;;;;;;;;;;;;;;;;;;;;;;;;;;;;;;;;;;
2022;;;;;;;;;;;;2023;;;;;;;;;;;;;;;;;;;;;;
Estado;Clube;Forma de Entrada;Estado;Clube;Forma de classificação;Pos.;Clube;Pontos;Colocações finais;;;Estado;Clube;Forma de Entrada;Estado;Clube;Forma de classificação;Pos.;Clube;Pontos;Colocações finais;;;;;;;;;;;;;
 Acre;Rio Branco-AC;Campeão do Estadual 2021; Bahia;Bahia;Campeão da Copa do Nordeste 2021;6º; Santos;12 816;Campeão;Flamengo (4.º título);; Acre;Humaitá;Campeão do Estadual 2022; Ceará;Fortaleza;8.º colocado do Campeonato Brasileiro 2022;9.º; Santos;11 904;Campeão;São Paulo (1.º título);;;;;;;;;;;;
;Humaitá;Vice-campeão do Estadual 2021; Ceará;Fortaleza;4º colocado do Campeonato Brasileiro 2021;23°; Goiás;6 628;Vice-campeão;Corinthians;;;São Francisco-AC;Vice-campeão do Estadual 2022; Minas Gerais;Atlético Mineiro;7.º colocado do Campeonato Brasileiro 2022;12.º; América Mineiro;10 640;Vice-campeão;Flamengo;;;;;;;;;;;;
 Alagoas;CSA;Campeão do Estadual 2021; Minas Gerais;América Mineiro;8º colocado do Campeonato Brasileiro 2021;25°; Vitória;5 913;Estatísticas;;; Alagoas;CRB;Campeão do Estadual 2022;;Cruzeiro;Campeão da Série B 2022;14.º; Ceará;9 958;Estatísticas;;;;;;;;;;;;;
;CRB;Vice-campeão do Estadual 2021;;Atlético Mineiro;Campeão do Campeonato Brasileiro 2021 e da Copa do Brasil 2021;26°; Coritiba;5 858;Melhor marcador;5 gols:;;;ASA;Vice-campeão do Estadual 2022; Pará;Paysandu;Campeão da Copa Verde 2022;15.º; Bahia;9 189;Melhor marcador;5 gols:;;;;;;;;;;;;
;ASA;Vencedor da seletiva para a Copa do Brasil; Pará;Remo;Campeão da Copa Verde 2021;29°; Ponte Preta;5 200;;Germán Cano (Fluminense);;;CSA;Vencedor da seletiva para a Copa do Brasil; Paraná;Athletico Paranaense;6.º colocado do Campeonato Brasileiro 2022;21.º; Juventude;7 161;;Alef Manga (Coritiba);;;;;;;;;;;;
 Amapá;Trem;Campeão do Estadual 2021; Paraná;Athletico Paranaense;Campeão da Copa Sul-Americana 2021;33°; Paraná;4 046;;Giuliano (Corinthians);; Amapá;Trem;Campeão do Estadual 2022; Pernambuco;Sport;Vice-campeão da Copa do Nordeste 2022;24.º; Chapecoense;6 688;;Lorran (Nova Mutum);;;;;;;;;;;;
 Amazonas;Manaus;Campeão do Estadual 2021; Rio de Janeiro;Botafogo;Campeão da Série B 2021;35°; Guarani;3 865;Maior goleada;Sergipe 0–5 Cruzeiro;; Amazonas;Manaus;Campeão do Estadual 2022; Rio de Janeiro;Flamengo;Campeão da Copa Libertadores 2022 e da Copa do Brasil 2022;25.º; Avaí;6 159;;Pedro (Flamengo);;;;;;;;;;;;
;São Raimundo-AM;Vice-campeão do Estadual 2021;;Flamengo;Vice-campeão do Campeonato Brasileiro 2021;36°; Criciúma;3 858;(diferença);Estádio Batistão, Aracaju;;;Princesa do Solimões;Vice-campeão do Estadual 2022;;Fluminense;3.º colocado do Campeonato Brasileiro 2022;29.º; Vitória;4 932;;Tiquinho Soares (Botafogo);;;;;;;;;;;;
 Bahia;Atlético de Alagoinhas;Campeão do Estadual 2021;;Fluminense;7º colocado do Campeonato Brasileiro 2021;37°; Brasil de Pelotas;3 835;;23 de fevereiro, primeira fase;; Bahia;Atlético de Alagoinhas;Campeão do Estadual 2022; Rio Grande do Sul;Internacional;Vice-campeão do Campeonato Brasileiro 2022;31.º; Ponte Preta;4 687;Maiores goleadas;Botafogo 7–1 Brasiliense;;;;;;;;;;;;
;Bahia de Feira;Vice-campeão do Estadual 2021; São Paulo;Corinthians;5º colocado do Campeonato Brasileiro 2021;43°; Oeste;3 098;Premiações;;;;Jacuipense;Vice-campeão do Estadual 2022; São Paulo;Palmeiras;Campeão do Campeonato Brasileiro 2022;33.º; Criciúma[nota 2];4 128;(diferença);Estádio Kleber Andrade, Cariacica;;;;;;;;;;;;
;Juazeirense;3º colocado do Estadual 2021;;Palmeiras;Campeão da Copa Libertadores 2021;;;;Melhor jogador;De Arrascaeta (Flamengo);;;Bahia de Feira;3.º colocado do Estadual 2022;;Corinthians;4.º colocado do Campeonato Brasileiro 2022;;;;;15 de março, 2.ª fase;;;;;;;;;;;;
 Ceará;Ceará;Vice-campeão do Estadual 2021;;Red Bull Bragantino;6º colocado do Campeonato Brasileiro 2021;;;;Melhor goleiro;Cássio (Corinthians);; Ceará;Caucaia;Campeão da primeira fase do Estadual 2022;;São Paulo;9.º colocado do Campeonato Brasileiro 2022;;;;;;;;;;;;;;;;;
;Ferroviário;Campeão da primeira fase do Estadual 2021;;;;;;;;;;;Ferroviário;3.º colocado do Estadual 2022;;;;;;;;Flamengo 8–2 Maringá;;;;;;;;;;;;
;Icasa;Campeão da Copa Fares Lopes de 2021;;;;;;;;;;;Iguatu[nota 1];4.º colocado do Estadual 2022;;;;;;;;;;;;;;;;;;;;
 Distrito Federal;Brasiliense;Campeão do Metropolitano 2021;;;;;;;;;; Distrito Federal;Brasiliense;Campeão do Metropolitano 2022;;;;;;;;;;;;;;;;;;;;
;Ceilândia;Vice-campeão do Metropolitano 2021;;;;;;;;;;;Ceilândia;Vice-campeão do Metropolitano 2022;;;;;;;;;;;;;;;;;;;;
 Espírito Santo;Real Noroeste;Campeão do Estadual 2021;;;;;;;;;; Espírito Santo;Real Noroeste;Campeão do Estadual 2022;;;;;;;;;;;;;;;;;;;;
;Nova Venécia;Campeão da Copa Espírito Santo de 2021;;;;;;;;;;;Vitória-ES;Campeão da Copa Espírito Santo de 2022;;;;;;;;;;;;;;;;;;;;
 Goiás;Grêmio Anápolis;Campeão do Estadual 2021;;;;;;;;;; Goiás;Atlético Goianiense;Campeão do Estadual 2022;;;;;;;;;;;;;;;;;;;;
;Vila Nova;Vice-campeão do Estadual 2021;;;;;;;;;;;Goiás;Vice-campeão do Estadual 2022;;;;;;;;;;;;;;;;;;;;
;Atlético Goianiense;3º colocado do Estadual 2021;;;;;;;;;;;Vila Nova;3.º colocado do Estadual 2022;;;;;;;;;;;;;;;;;;;;
 Maranhão;Sampaio Corrêa;Campeão do Estadual 2021;;;;;;;;;; Maranhão;Sampaio Corrêa;Campeão do Estadual 2022;;;;;;;;;;;;;;;;;;;;
;Moto Club;Vice-campeão do Estadual 2021;;;;;;;;;;;Cordino;Vice-campeão do Estadual 2022;;;;;;;;;;;;;;;;;;;;
;Tuntum;Campeão da Copa FMF de 2021;;;;;;;;;;;Tuntum;Campeão da Copa FMF de 2022;;;;;;;;;;;;;;;;;;;;
 Mato Grosso;Cuiabá;Campeão do Estadual 2021;;;;;;;;;; Mato Grosso;Cuiabá;Campeão do Estadual 2022;;;;;;;;;;;;;;;;;;;;
;Operário VG;Vice-campeão do Estadual 2021;;;;;;;;;;;União Rondonópolis;Vice-campeão do Estadual 2022;;;;;;;;;;;;;;;;;;;;
;União Rondonópolis;Campeão da Copa FMF de 2021;;;;;;;;;;;Nova Mutum;Campeão da Copa FMF de 2022;;;;;;;;;;;;;;;;;;;;
 Mato Grosso do Sul;Costa Rica;Campeão do Estadual 2021;;;;;;;;;; Mato Grosso do Sul;Operário-MS;Campeão do Estadual 2022;;;;;;;;;;;;;;;;;;;;
 Minas Gerais;Tombense;3º colocado do Estadual 2021;;;;;;;;;; Minas Gerais;Athletic;3.º colocado do Estadual 2022;;;;;;;;;;;;;;;;;;;;
;Cruzeiro;4º colocado do Estadual 2021;;;;;;;;;;;Caldense;4.º colocado do Estadual 2022;;;;;;;;;;;;;;;;;;;;
;Pouso Alegre;Campeão do Troféu Inconfidência;;;;;;;;;;;Democrata GV;Campeão do Troféu Inconfidência;;;;;;;;;;;;;;;;;;;;
;URT;Vice-campeão do Troféu Inconfidência;;;;;;;;;;;Tombense;Vice-campeão do Troféu Inconfidência;;;;;;;;;;;;;;;;;;;;
 Pará;Paysandu;Campeão do Estadual 2021;;;;;;;;;; Pará;Remo;Campeão do Estadual 2022;;;;;;;;;;;;;;;;;;;;
;Tuna Luso;Vice-campeão do Estadual 2021;;;;;;;;;;;Tuna Luso;3.º colocado do Estadual 2022;;;;;;;;;;;;;;;;;;;;
;Castanhal;4º colocado do Estadual 2021;;;;;;;;;;;Águia de Marabá;4.º colocado do Estadual 2022;;;;;;;;;;;;;;;;;;;;
 Paraíba;Campinense;Campeão do Estadual 2021;;;;;;;;;; Paraíba;Campinense;Campeão do Estadual 2022;;;;;;;;;;;;;;;;;;;;
;Sousa;Vice-campeão do Estadual 2021;;;;;;;;;;;Botafogo-PB;Vice-campeão do Estadual 2022;;;;;;;;;;;;;;;;;;;;
 Paraná;Londrina;Campeão do Estadual 2021;;;;;;;;;; Paraná;Coritiba;Campeão do Estadual 2022;;;;;;;;;;;;;;;;;;;;
;FC Cascavel;Vice-campeão do Estadual 2021;;;;;;;;;;;Maringá;Vice-campeão do Estadual 2022;;;;;;;;;;;;;;;;;;;;
;Operário-PR;3º colocado do Estadual 2021;;;;;;;;;;;Operário-PR;3.º colocado do Estadual 2022;;;;;;;;;;;;;;;;;;;;
;Azuriz;5º colocado do Estadual 2021;;;;;;;;;;;Londrina;5.º colocado do Estadual 2022;;;;;;;;;;;;;;;;;;;;
 Pernambuco;Náutico;Campeão do Estadual 2021;;;;;;;;;; Pernambuco;Náutico;Campeão do Estadual 2022;;;;;;;;;;;;;;;;;;;;
;Sport;Vice-campeão do Estadual 2021;;;;;;;;;;;Retrô;Vice-campeão do Estadual 2022;;;;;;;;;;;;;;;;;;;;
;Salgueiro;3º colocado do Estadual 2021;;;;;;;;;;;Santa Cruz;3.º colocado do Estadual 2022;;;;;;;;;;;;;;;;;;;;
 Piauí;Altos;Campeão do Estadual 2021;;;;;;;;;; Piauí;Fluminense-PI;Campeão do Estadual 2022;;;;;;;;;;;;;;;;;;;;
;Fluminense-PI;Vice-campeão do Estadual 2021;;;;;;;;;;;Parnahyba;Vice-campeão do Estadual 2022;;;;;;;;;;;;;;;;;;;;
 Rio de Janeiro;Portuguesa-RJ;3º colocado do Estadual 2021;;;;;;;;;; Rio de Janeiro;Vasco da Gama;3.º colocado do Estadual 2022;;;;;;;;;;;;;;;;;;;;
;Volta Redonda;4º colocado do Estadual 2021;;;;;;;;;;;Botafogo;4.º colocado do Estadual 2022;;;;;;;;;;;;;;;;;;;;
;Vasco da Gama;Campeão da Taça Rio 2021;;;;;;;;;;;Nova Iguaçu;Campeão do Torneio Independência;;;;;;;;;;;;;;;;;;;;
;Nova Iguaçu;7º colocado do Estadual 2021;;;;;;;;;;;Resende;Vice-campeão do Torneio Independência;;;;;;;;;;;;;;;;;;;;
;Maricá;Vice-campeão da Copa Rio de 2021;;;;;;;;;;;Volta Redonda;Campeão da Copa Rio de 2022;;;;;;;;;;;;;;;;;;;;
 Rio Grande do Norte;Globo;Campeão do Estadual 2021;;;;;;;;;; Rio Grande do Norte;ABC;Campeão do Estadual 2022;;;;;;;;;;;;;;;;;;;;
;ABC;Vice-campeão do Estadual 2021;;;;;;;;;;;América de Natal;Vice-campeão do Estadual 2022;;;;;;;;;;;;;;;;;;;;
 Rio Grande do Sul;Grêmio;Campeão do Estadual 2021;;;;;;;;;; Rio Grande do Sul;Grêmio;Campeão do Estadual 2022;;;;;;;;;;;;;;;;;;;;
;Internacional;Vice-campeão do Estadual 2021;;;;;;;;;;;Ypiranga de Erechim;Vice-campeão do Estadual 2022;;;;;;;;;;;;;;;;;;;;
;Juventude;3º colocado do Estadual 2021;;;;;;;;;;;Brasil de Pelotas;4.º colocado do Estadual 2022;;;;;;;;;;;;;;;;;;;;
;Glória;Campeão da Copa FGF 2021;;;;;;;;;;;São Luiz;Campeão da Copa FGF 2022;;;;;;;;;;;;;;;;;;;;
 Rondônia;Porto Velho;Campeão do Estadual 2021;;;;;;;;;; Rondônia;Real Ariquemes;Campeão do Estadual 2022;;;;;;;;;;;;;;;;;;;;
 Roraima;São Raimundo-RR;Campeão do Estadual 2021;;;;;;;;;; Roraima;São Raimundo-RR;Campeão do Estadual 2022;;;;;;;;;;;;;;;;;;;;
 Santa Catarina;Avaí;Campeão do Estadual 2021;;;;;;;;;; Santa Catarina;Brusque;Campeão do Estadual 2022;;;;;;;;;;;;;;;;;;;;
;Chapecoense;Vice-campeão do Estadual 2021;;;;;;;;;;;Camboriú;Vice-campeão do Estadual 2022;;;;;;;;;;;;;;;;;;;;
;Figueirense;Campeão da Copa Santa Catarina de 2021;;;;;;;;;;;Marcílio Dias;Campeão da Copa Santa Catarina de 2022;;;;;;;;;;;;;;;;;;;;
 São Paulo;São Paulo;Campeão do Estadual 2021;;;;;;;;;; São Paulo;Red Bull Bragantino;4º colocado do Estadual 2022;;;;;;;;;;;;;;;;;;;;
;Mirassol;4º colocado do Estadual 2021;;;;;;;;;;;Ituano;5.º colocado do Estadual 2022;;;;;;;;;;;;;;;;;;;;
;Ferroviária;6º colocado do Estadual 2021;;;;;;;;;;;São Bernardo;6.º colocado do Estadual 2022;;;;;;;;;;;;;;;;;;;;
;Novorizontino;Campeão do Troféu do Interior de 2021;;;;;;;;;;;Botafogo-SP;Vice-campeão do Troféu do Interior de 2022;;;;;;;;;;;;;;;;;;;;
;Botafogo-SP;Vice-campeão da Copa Paulista 2021;;;;;;;;;;;Marília;Vice-campeão da Copa Paulista 2022;;;;;;;;;;;;;;;;;;;;
 Sergipe;Sergipe;Campeão do Estadual 2021;;;;;;;;;; Sergipe;Sergipe;Campeão do Estadual 2022;;;;;;;;;;;;;;;;;;;;
;Lagarto;Vice-campeão do Estadual 2021;;;;;;;;;;;Falcon;Vice-campeão do Estadual 2022;;;;;;;;;;;;;;;;;;;;
 Tocantins;Tocantinópolis;Campeão do Estadual 2021;;;;;;;;;; Tocantins;Tocantinópolis;Campeão do Estadual 2022;;;;;;;;;;;;;;;;;;;;
;;;;;;;;;;;;;;;;;;;;;;;;;;;;;;;;;;
2024;;;;;;;;;2025;;;;;;;;;;;;;;;;;;;;;;;;;
Estado;Clube;Forma de Entrada;Estado;Clube;Forma de classificação;Colocações finais;;;Estado;Clube;Forma de classificação;Estado;Clube;Forma de classificação;Colocações finais;;;;;;;;;;;;;;;;;;;
 Acre;Rio Branco-AC;Campeão do Estadual 2023; Bahia;Vitória;Campeão da Série B de 2023;Campeão;Flamengo (5.º título);; Acre;Independência;Campeão do Estadual 2024; Alagoas;CRB;Vice-campeão da Copa do Nordeste 2024;Campeão;Corinthians (4.º título);;;;;;;;;;;;;;;;;;
;Humaitá;Vice-campeão do Estadual 2023; Ceará;Ceará;Campeão da Copa do Nordeste 2023;Vice-campeão;Atlético Mineiro;;;Humaitá;Vice-campeão do Estadual 2024; Bahia;Bahia;8.º colocado do Campeonato Brasileiro 2024;Vice-campeão;Vasco da Gama;;;;;;;;;;;;;;;;;;
 Alagoas;CRB;Campeão do Estadual 2023; Goiás;Goiás;Campeão da Copa Verde 2023;Estatísticas;;; Alagoas;ASA;Vice-campeão do Estadual 2024; Ceará;Fortaleza;4.º colocado do Campeonato Brasileiro 2024;Estatísticas;;;;;;;;;;;;;;;;;;;
;ASA;Vice-campeão do Estadual 2023; Minas Gerais;Atlético Mineiro;3.º colocado do Campeonato Brasileiro 2023;Melhor marcador;Pablo Vegetti (Vasco da Gama) – 7 gols;;;CSE;3.º colocado do Estadual 2024; Minas Gerais;Cruzeiro;9.º colocado do Campeonato Brasileiro 2024;Melhor marcador;5 gols:;;;;;;;;;;;;;;;;;;
;Murici;Vencedor da seletiva para a Copa do Brasil; Paraná;Athletico Paranaense;8.º colocado do Campeonato Brasileiro 2023;Maior goleada;Itabuna 0–8 Nova Iguaçu;;;CSA;Vencedor da Seletiva para a Copa do Brasil; Pará;Paysandu;Campeão da Copa Verde 2024;;Kaio Jorge (Cruzeiro);;;;;;;;;;;;;;;;;;
 Amapá;Trem;Campeão do Estadual 2023; Rio de Janeiro;Botafogo;5.º colocado do Campeonato Brasileiro 2023;(diferença);;; Amapá;Trem;Campeão do Estadual 2024; Rio de Janeiro;Botafogo;Campeão da Copa Libertadores 2024;;Rayan (Vasco da Gama);;;;;;;;;;;;;;;;;;
;Independente-AP;Vice-campeão do Estadual 2023;;Flamengo;4.º colocado do Campeonato Brasileiro 2023;;;;;Oratório;Vice-campeão do Estadual 2024;;Flamengo;Campeão da Copa do Brasil 2024;Maior goleada;Águia de Marabá 0–8 Fluminense;;;;;;;;;;;;;;;;;;
 Amazonas;Amazonas;Campeão do Estadual 2023;;Fluminense;Campeão da Copa Libertadores 2023;;;; Amazonas;Manaus;Campeão do Estadual 2024; Rio Grande do Sul;Internacional;5.º colocado do Campeonato Brasileiro 2024;(diferença);Estádio Mangueirão, Belém;;;;;;;;;;;;;;;;;;
;Manauara;Vice-campeão do Estadual 2023; Rio Grande do Sul;Grêmio;Vice-campeão do Campeonato Brasileiro 2023;;;;;Amazonas;Vice-campeão do Estadual 2024; São Paulo;Corinthians;7.º colocado do Campeonato Brasileiro 2024;;26 de fevereiro, 1.ª fase;;;;;;;;;;;;;;;;;;
 Bahia;Bahia;Campeão do Estadual 2023; São Paulo;Palmeiras;Campeão do Campeonato Brasileiro 2023;;;; Bahia;Vitória;Campeão do Estadual 2024;;Palmeiras;Vice-campeão do Campeonato Brasileiro 2024;Público;1 841 394 (15 473,9 por partida);;;;;;;;;;;;;;;;;;
;Jacuipense;Vice-campeão do Estadual 2023;;Red Bull Bragantino;6.º colocado do Campeonato Brasileiro 2023;;;;;Barcelona de Ilhéus;3.º colocado do Estadual 2024;;Santos;Campeão da Série B 2024;Premiações;;;;;;;;;;;;;;;;;;;
;Itabuna;3.º colocado do Estadual 2023;;São Paulo;Campeão da Copa do Brasil 2023;;;;;Jequié;4.º colocado do Estadual 2024;;São Paulo;6.º colocado do Campeonato Brasileiro 2024;Melhor jogador;Hugo Souza (Corinthians);;;;;;;;;;;;;;;;;;
 Ceará;Fortaleza;Campeão do Estadual 2023;;;;;;; Ceará;Ceará;Campeão do Estadual 2024;;;;(CBF);;;;;;;;;;;;;;;;;;;
;Iguatu;3.º colocado do Estadual 2023;;;;;;;;Maracanã-CE;3.º colocado do Estadual 2024;;;;Melhor goleiro;Hugo Souza (Corinthians);;;;;;;;;;;;;;;;;;
;Ferroviário;Vice-campeão da Copa Fares Lopes de 2023;;;;;;;;Ferroviário;Campeão da Copa Fares Lopes de 2024;;;;Melhor treinador;Dorival Júnior (Corinthians);;;;;;;;;;;;;;;;;;
 Distrito Federal;Real Brasília;Campeão do Metropolitano 2023;;;;;;; Distrito Federal;Ceilândia;Campeão do Metropolitano 2024;;;;;;;;;;;;;;;;;;;;;;;
;Brasiliense;Vice-campeão do Metropolitano 2023;;;;;;;;Capital-DF;Vice-campeão do Metropolitano 2024;;;;;;;;;;;;;;;;;;;;;;;
 Espírito Santo;Real Noroeste;Campeão do Estadual 2023;;;;;;; Espírito Santo;Rio Branco-ES;Campeão do Estadual 2024;;;;;;;;;;;;;;;;;;;;;;;
;Nova Venécia;Vice-campeão do Estadual 2023;;;;;;;;Rio Branco VN;Vice-campeão do Estadual 2024;;;;;;;;;;;;;;;;;;;;;;;
 Goiás;Atlético Goianiense;Campeão do Estadual 2023;;;;;;; Goiás;Atlético Goianiense;Campeão do Estadual 2024;;;;;;;;;;;;;;;;;;;;;;;
;Aparecidense;3.º colocado do Estadual 2023;;;;;;;;Vila Nova;Vice-campeão do Estadual 2024;;;;;;;;;;;;;;;;;;;;;;;
;Anápolis;4.º colocado do Estadual 2023;;;;;;;;Aparecidense;3.º colocado do Estadual 2024;;;;;;;;;;;;;;;;;;;;;;;
 Maranhão;Maranhão;Campeão do Estadual 2023;;;;;;; Maranhão;Sampaio Corrêa;Campeão do Estadual 2024;;;;;;;;;;;;;;;;;;;;;;;
;Moto Club;Vice-campeão do Estadual 2023;;;;;;;;Maranhão;Vice-campeão do Estadual 2024;;;;;;;;;;;;;;;;;;;;;;;
;Sampaio Corrêa;3.º colocado do Estadual 2023;;;;;;; Mato Grosso;Cuiabá;Campeão do Estadual 2024;;;;;;;;;;;;;;;;;;;;;;;
 Mato Grosso;Cuiabá;Campeão do Estadual 2023;;;;;;;;União Rondonópolis;Vice-campeão do Estadual 2024;;;;;;;;;;;;;;;;;;;;;;;
;União Rondonópolis;Vice-campeão do Estadual 2023;;;;;;;;Operário VG;Campeão da Copa FMF 2024;;;;;;;;;;;;;;;;;;;;;;;
;Operário VG;3.º colocado da Copa FMF de 2023;;;;;;; Mato Grosso do Sul;Operário-MS;Campeão do Estadual 2024;;;;;;;;;;;;;;;;;;;;;;;
 Mato Grosso do Sul;Costa Rica;Campeão do Estadual 2023;;;;;;;;Dourados;Vice-campeão do Estadual 2024;;;;;;;;;;;;;;;;;;;;;;;
;Operário-MS;Vice-campeão do Estadual 2023;;;;;;; Minas Gerais;Atlético Mineiro;Campeão do Estadual 2024;;;;;;;;;;;;;;;;;;;;;;;
 Minas Gerais;América Mineiro;Vice-campeão do Estadual 2023;;;;;;;;América Mineiro;3.º colocado do Estadual 2024;;;;;;;;;;;;;;;;;;;;;;;
;Athletic;3.º colocado do Estadual 2023;;;;;;;;Tombense;4.º colocado do Estadual 2024;;;;;;;;;;;;;;;;;;;;;;;
;Cruzeiro;4.º colocado do Estadual 2023;;;;;;;;Athletic;5.º colocado do Estadual 2024;;;;;;;;;;;;;;;;;;;;;;;
;Villa Nova;5.º colocado do Estadual 2023;;;;;;;;Pouso Alegre;6.º colocado do Estadual 2024;;;;;;;;;;;;;;;;;;;;;;;
;Tombense;Campeão do Troféu Incofidência;;;;;;; Pará;Remo;Vice-campeão do Estadual 2024;;;;;;;;;;;;;;;;;;;;;;;
 Pará;Águia de Marabá;Campeão do Estadual 2023;;;;;;;;Águia de Marabá[8];4.º colocado do Estadual 2024;;;;;;;;;;;;;;;;;;;;;;;
;Remo;Vice-campeão do Estadual 2023;;;;;;;;Tuna Luso;Campeão da Copa Grão-Pará 2024;;;;;;;;;;;;;;;;;;;;;;;
;Paysandu;3.º colocado do Estadual 2023;;;;;;; Paraíba;Sousa;Campeão do Estadual 2024;;;;;;;;;;;;;;;;;;;;;;;
 Paraíba;Treze;Campeão do Estadual 2023;;;;;;;;Botafogo-PB;Vice-campeão do Estadual 2024;;;;;;;;;;;;;;;;;;;;;;;
;Sousa;Vice-campeão do Estadual 2023;;;;;;; Paraná;Athletico Paranaense;Campeão do Estadual 2024;;;;;;;;;;;;;;;;;;;;;;;
 Paraná;FC Cascavel;Vice-campeão do Estadual 2023;;;;;;;;Maringá;Vice-campeão do Estadual 2024;;;;;;;;;;;;;;;;;;;;;;;
;Operário-PR;3.º colocado do Estadual 2023;;;;;;;;Coritiba;3.º colocado do Estadual 2024;;;;;;;;;;;;;;;;;;;;;;;
;Maringá;4.º colocado do Estadual 2023;;;;;;;;Operário-PR;4.º colocado do Estadual 2024;;;;;;;;;;;;;;;;;;;;;;;
;Coritiba;5.º colocado do Estadual 2023;;;;;;;;FC Cascavel;5.º colocado do Estadual 2024;;;;;;;;;;;;;;;;;;;;;;;
;Cianorte;6.º colocado do Estadual 2023;;;;;;; Pernambuco;Sport;Campeão do Estadual 2024;;;;;;;;;;;;;;;;;;;;;;;
 Pernambuco;Sport;Campeão do Estadual 2023;;;;;;;;Náutico;Vice-campeão do Estadual 2024;;;;;;;;;;;;;;;;;;;;;;;
;Retrô;Vice-campeão do Estadual 2023;;;;;;;;Retrô;3.º colocado do Estadual 2024;;;;;;;;;;;;;;;;;;;;;;;
;Petrolina;3.º colocado do Estadual 2023;;;;;;; Piauí;Altos;Campeão do Estadual 2024;;;;;;;;;;;;;;;;;;;;;;;
 Piauí;River-PI;Campeão do Estadual 2023;;;;;;;;Parnahyba;Vice-campeão do Estadual 2024;;;;;;;;;;;;;;;;;;;;;;;
;Fluminense-PI;Vice-campeão do Estadual 2023;;;;;;; Rio de Janeiro;Nova Iguaçu;Vice-campeão do Estadual 2024;;;;;;;;;;;;;;;;;;;;;;;
 Rio de Janeiro;Vasco da Gama;3.º colocado do Estadual 2023;;;;;;;;Vasco da Gama;3.º colocado do Estadual 2024;;;;;;;;;;;;;;;;;;;;;;;
;Volta Redonda;4.º colocado do Estadual 2023;;;;;;;;Fluminense;4.º colocado do Estadual 2024;;;;;;;;;;;;;;;;;;;;;;;
;Audax Rio;6.º colocado do Estadual 2023;;;;;;;;Boavista-RJ;6.º colocado do Estadual 2024;;;;;;;;;;;;;;;;;;;;;;;
;Nova Iguaçu;7.º colocado do Estadual 2023;;;;;;;;Portuguesa-RJ;7.º colocado do Estadual 2024;;;;;;;;;;;;;;;;;;;;;;;
;Portuguesa-RJ;8.º colocado do Estadual 2023;;;;;;;;Olaria;Vice-campeão da Copa Rio 2024;;;;;;;;;;;;;;;;;;;;;;;
;Olaria;Vice-campeão da Copa Rio de 2023;;;;;;; Rio Grande do Norte;América de Natal;Campeão do Estadual 2024;;;;;;;;;;;;;;;;;;;;;;;
 Rio Grande do Norte;América de Natal;Campeão do Estadual 2023;;;;;;;;Santa Cruz de Natal;Vice-campeão do Estadual 2024;;;;;;;;;;;;;;;;;;;;;;;
;ABC;Vice-campeão do Estadual 2023;;;;;;;;ABC;3.º colocado do Estadual 2024;;;;;;;;;;;;;;;;;;;;;;;
 Rio Grande do Sul;Caxias;Vice-campeão do Estadual 2023;;;;;;; Rio Grande do Sul;Grêmio;Campeão do Estadual 2024;;;;;;;;;;;;;;;;;;;;;;;
;Internacional;3.º colocado do Estadual 2023;;;;;;;;Juventude;Vice-campeão do Estadual 2024;;;;;;;;;;;;;;;;;;;;;;;
;Ypiranga de Erechim;4.º colocado do Estadual 2023;;;;;;;;Caxias;4.º colocado do Estadual 2024;;;;;;;;;;;;;;;;;;;;;;;
;Juventude;5.º colocado do Estadual 2023;;;;;;;;Guarany de Bagé;5.º colocado do Estadual 2024;;;;;;;;;;;;;;;;;;;;;;;
;São Luiz;Campeão da Copa FGF 2023;;;;;;;;São José-RS;Campeão da Copa FGF 2024;;;;;;;;;;;;;;;;;;;;;;;
 Rondônia;Porto Velho;Campeão do Estadual 2023;;;;;;; Rondônia;Gazin Porto Velho;Campeão do Estadual 2024;;;;;;;;;;;;;;;;;;;;;;;
;Ji-Paraná;Vice-campeão do Estadual 2023;;;;;;;;Barcelona-RO;Vice-campeão do Estadual 2024;;;;;;;;;;;;;;;;;;;;;;;
 Roraima;São Raimundo-RR;Campeão do Estadual 2023;;;;;;; Roraima;GAS;Campeão do Estadual 2024;;;;;;;;;;;;;;;;;;;;;;;
;GAS;Vice-campeão do Estadual 2023;;;;;;;;São Raimundo-RR;Vice-campeão do Estadual 2024;;;;;;;;;;;;;;;;;;;;;;;
 Santa Catarina;Criciúma;Campeão do Estadual 2023;;;;;;; Santa Catarina;Criciúma;Campeão do Estadual 2024;;;;;;;;;;;;;;;;;;;;;;;
;Brusque;Vice-campeão do Estadual 2023;;;;;;;;Brusque;Vice-campeão do Estadual 2024;;;;;;;;;;;;;;;;;;;;;;;
;Marcílio Dias;Campeão da Copa Santa Catarina 2023;;;;;;;;Concórdia;Campeão da Copa Santa Catarina de 2024;;;;;;;;;;;;;;;;;;;;;;;
 São Paulo;Água Santa;Vice-campeão do Estadual 2023;;;;;;; São Paulo;Red Bull Bragantino;3.º colocado do Estadual 2024;;;;;;;;;;;;;;;;;;;;;;;
;Ituano;4.º colocado do Estadual 2023;;;;;;;;Novorizontino;4.º colocado do Estadual 2024;;;;;;;;;;;;;;;;;;;;;;;
;São Bernardo;5.º colocado do Estadual 2023;;;;;;;;Inter de Limeira;6.º colocado do Estadual 2024;;;;;;;;;;;;;;;;;;;;;;;
;Corinthians;7.º colocado do Estadual 2023;;;;;;;;Ponte Preta;7.º colocado do Estadual 2024;;;;;;;;;;;;;;;;;;;;;;;
;Botafogo-SP;8.º colocado do Estadual 2023;;;;;;;;Portuguesa;8.º colocado do Estadual 2024;;;;;;;;;;;;;;;;;;;;;;;
;Portuguesa Santista;Campeão da Copa Paulista 2023;;;;;;;;Votuporanguense;Vice-campeão da Copa Paulista de 2024;;;;;;;;;;;;;;;;;;;;;;;
 Sergipe;Itabaiana;Campeão do Estadual 2023;;;;;;; Sergipe;Confiança;Campeão do Estadual 2024;;;;;;;;;;;;;;;;;;;;;;;
;Confiança;Vice-campeão do Estadual 2023;;;;;;;;Sergipe;Vice-campeão do Estadual 2024;;;;;;;;;;;;;;;;;;;;;;;
 Tocantins;Tocantinópolis;Campeão do Estadual 2023;;;;;;; Tocantins;União-TO;Campeão do Estadual 2024;;;;;;;;;;;;;;;;;;;;;;;
;Capital-TO;Vice-campeão do Estadual 2023;;;;;;;;Tocantinópolis;Vice-campeão do Estadual 2024;;;;;;;;;;;;;;;;;;;;;;;
