1981;;;;;;;;;;Colocações finais;;;;;;;;;;;;;
Time;;PG;J;V;E;D;GP;GC;SG;Campeão; Olaria (1ª título);;;;;;;;;;;;
1; Olaria;19;10;6;1;3;14;6;8;Vice-campeão; Santo Amaro;;;;;;;;;;;;
2; Santo Amaro;19;10;5;4;1;11;9;2;Estatísticas;;;;;;;;;;;;;
3; Dom Bosco;13;8;3;4;1;11;9;2;Melhor marcador;Müller (São Borja) e Fabinho (Santo Amaro) – 5 gols[1];;;;;;;;;;;;
4; Guarani-MG;13;8;4;1;3;9;9;0;Melhor ataque (fase inicial);Olaria – 14 gols;;;;;;;;;;;;
5; São Borja;12;8;3;3;2;10;5;5;Melhor defesa (fase inicial);Capelense - 0 gols;;;;;;;;;;;;
6; Izabelense;10;8;2;4;2;9;9;0;Maior goleada;Piauí  5–0  Moto Club;;;;;;;;;;;;
7; Baraúnas;7;4;2;1;1;5;3;2;(diferença);Estádio Albertão, Teresina;;;;;;;;;;;;
8; Figueirense;7;4;2;1;1;2;3;-1;;;;;;;;;;;;;;
9; Paranavaí;6;4;2;0;2;6;4;2;;;;;;;;;;;;;;
10; Atlético de Alagoinhas;5;4;1;2;1;3;3;0;;;;;;;;;;;;;;
11; Piauí;4;4;1;1;2;5;2;3;;;;;;;;;;;;;;
12; Itumbiara;4;4;1;1;2;5;5;0;;;;;;;;;;;;;;
13; América-AM;3;2;1;0;1;4;4;0;;;;;;;;;;;;;;
14; Taguatinga;3;2;1;0;1;1;3;-2;;;;;;;;;;;;;;
15; Moto Clube;3;2;1;0;1;1;5;-4;;;;;;;;;;;;;;
16; Capelense;2;2;0;2;0;0;0;0;;;;;;;;;;;;;;
17; Auto Esporte;1;2;0;1;1;3;4;-1;;;;;;;;;;;;;;
18; Corumbaense;1;2;0;1;1;3;4;-1;;;;;;;;;;;;;;
19; Matsubara;1;2;0;1;1;0;1;-1;;;;;;;;;;;;;;
20; Colatina;1;2;0;1;1;2;4;-2;;;;;;;;;;;;;;
21; Joaçaba;1;2;0;1;1;1;3;-2;;;;;;;;;;;;;;
22; Sergipe;0;2;0;0;2;1;3;-2;;;;;;;;;;;;;;
23; Icasa;0;2;0;0;2;1;4;-3;;;;;;;;;;;;;;
24; Madureira;0;2;0;0;2;1;6;-4;;;;;;;;;;;;;;
;;;;;;;;;;;;;;;;;;;;;;;
1988;;;;;;;;;;;;;;;;;;;;;;;
Tabela de classificação[1];;;;;;;;;;Colocações finais;;;;;;;;;;;;;
C.;Time;Pts;J;V;E;D;GP;GC;SG;Campeão;União São João;;;;;;;;;;;;
1; União São João;33;18;10;2;6;23;13;10;Vice-campeão;Esportivo de Passos;;;;;;;;;;;;
2; Esportivo de Passos;31;18;9;2;7;24;11;13;Estatísticas;;;;;;;;;;;;;
3; Botafogo-PB;34;16;11;0;4;23;16;7;Melhor marcador;Não reconhecido[nota 1];;;;;;;;;;;;
4; Marcílio Dias;32;16;12;0;4;19;14;5;Maiores goleadas;Guarany de Cruz Alta 1–5 Iguaçu;;;;;;;;;;;;
5; Tiradentes-DF;32;16;11;0;5;24;16;8;(diferença);23 de outubro, 1ª fase;;;;;;;;;;;;
6; Lagarto EC;21;12;8;0;4;10;13;-3;;;;;;;;;;;;;;
7; ABC;23;12;8;0;4;14;13;1;;Campinense 5–1 ABC;;;;;;;;;;;;
8; Santo André;23;12;7;0;5;14;7;7;;Estádio Amigão, Campina Grande;;;;;;;;;;;;
9; Blumenau;22;12;8;0;4;16;11;5;;30 de novembro, 2ª fase[2];;;;;;;;;;;;
10; Volta Redonda;22;12;8;0;4;12;11;1;;;;;;;;;;;;;;
11; Porto Alegre;20;12;8;0;4;13;13;0;;;;;;;;;;;;;;
12; Anápolis;19;12;7;0;5;11;11;0;;;;;;;;;;;;;;
13; Campinense;19;12;6;0;6;21;16;5;;;;;;;;;;;;;;
14; Ferroviária;17;10;6;0;4;9;7;2;;;;;;;;;;;;;;
15; Desportiva Ferroviária;17;12;6;0;6;14;15;-1;;;;;;;;;;;;;;
16; Figueirense;17;12;6;0;6;9;11;-2;;;;;;;;;;;;;;
17; Brusque;16;12;5;0;7;8;11;-3;;;;;;;;;;;;;;
18; Paulistano;14;12;7;0;5;16;15;1;;;;;;;;;;;;;;
19; Novorizontino;14;10;5;0;5;8;8;0;;;;;;;;;;;;;;
20; Comercial-MS;14;10;5;0;5;6;8;-2;;;;;;;;;;;;;;
21; Sergipe;14;10;4;0;6;12;9;3;;;;;;;;;;;;;;
22; Ubiratan;14;10;4;0;6;9;9;0;;;;;;;;;;;;;;
23; Confiança;13;10;5;0;5;8;11;-3;;;;;;;;;;;;;;
24; Atlético de Alagoinhas;12;8;3;0;5;7;6;1;;;;;;;;;;;;;;
25; Esportivo;9;6;3;0;3;6;8;-2;;;;;;;;;;;;;;
26; Tupi;9;6;3;0;3;7;9;-2;;;;;;;;;;;;;;
27; Iguaçu;8;6;3;0;3;8;8;0;;;;;;;;;;;;;;
28; Auto Esporte-PB;8;6;3;0;3;5;9;-4;;;;;;;;;;;;;;
29; XV de Piracicaba;8;6;2;0;4;5;4;1;;;;;;;;;;;;;;
30; Fabril;7;6;2;0;4;5;7;-2;;;;;;;;;;;;;;
31; Mogi Mirim;7;6;3;0;3;4;7;-3;;;;;;;;;;;;;;
32; Ferroviário;6;6;2;0;4;6;9;-3;;;;;;;;;;;;;;
33; Taguatinga;6;6;2;0;4;3;5;-2;;;;;;;;;;;;;;
34; Mixto;6;6;2;0;4;4;8;-4;;;;;;;;;;;;;;
35; Inter de Santa Maria;6;6;1;0;5;4;4;0;;;;;;;;;;;;;;
36; América de Natal;5;6;2;0;4;7;10;-3;;;;;;;;;;;;;;
37; AA Cabofriense;5;6;1;0;5;4;6;-2;;;;;;;;;;;;;;
38; Alecrim;5;6;1;0;5;2;4;-2;;;;;;;;;;;;;;
39; Douradense;4;4;1;0;3;3;6;-3;;;;;;;;;;;;;;
40; XV de Jaú;4;4;1;0;3;4;5;-1;;;;;;;;;;;;;;
41; Capelense;4;4;1;0;3;1;4;-3;;;;;;;;;;;;;;
42; Colorado;3;6;1;0;5;4;11;-7;;;;;;;;;;;;;;
43; Guarany de Cruz Alta;1;6;0;0;6;5;14;-9;;;;;;;;;;;;;;
;;;;;;;;;;;;;;;;;;;;;;;
1990;;;;;;;;;;;;;;;;;;;;;;;
Tabela de classificação;;;;;;;;;;Colocações finais;;;;;;;;;;;;;
C.;Time;PG;J;V;E;D;GP;GC;SG;Campeão; Atlético Goianiense (1º título);;;;;;;;;;;;
1; Atlético Goianiense;16;10;7;2;1;23;6;17;Vice-campeão; América Mineiro;;;;;;;;;;;;
2; América Mineiro;13;10;4;5;1;9;3;6;Estatísticas;;;;;;;;;;;;;
3; Paraná;10;8;3;4;1;10;4;6;Melhor marcador;Júlio César (Atlético Goianiense);;;;;;;;;;;;
4; América de Natal;10;8;4;2;2;10;10;0;A maior goleada do Campeonato Brasileiro Série C de 1990 foi a vitória do Atlético-GO por 5 a 1 sobre o Ubiratan-MS. [1];;;;;;;;;;;;;
5; Paysandu;9;6;4;1;1;7;5;2;;;;;;;;;;;;;;
6; Gama;8;6;4;0;2;4;5;-1;;;;;;;;;;;;;;
7; Bangu;7;6;1;5;0;4;1;3;;;;;;;;;;;;;;
8; Fortaleza;7;6;2;3;1;5;3;2;;;;;;;;;;;;;;
9; Colatina;5;4;1;3;0;4;2;2;;;;;;;;;;;;;;
10; Noroeste;5;4;2;1;1;6;5;1;;;;;;;;;;;;;;
11; Estudantes;5;4;2;1;1;4;3;1;;;;;;;;;;;;;;
12; Maranhão;4;4;1;2;1;5;3;2;;;;;;;;;;;;;;
13; Vila Nova;4;4;2;0;2;6;6;0;;;;;;;;;;;;;;
14; Esportivo de Passos;4;4;1;2;1;5;5;0;;;;;;;;;;;;;;
15; CSA;4;4;1;2;1;4;4;0;;;;;;;;;;;;;;
16; Ponte Preta;4;4;1;2;1;3;3;0;;;;;;;;;;;;;;
17; América-RJ;4;4;2;0;2;4;5;-1;;;;;;;;;;;;;;
18; Caxias;4;4;2;0;2;5;7;-2;;;;;;;;;;;;;;
19; Fluminense de Feira;3;4;1;1;2;3;4;-1;;;;;;;;;;;;;;
20; Mogi Mirim;3;4;1;1;2;2;3;-1;;;;;;;;;;;;;;
21; Tiradentes-PI;3;4;1;1;2;4;6;-2;;;;;;;;;;;;;;
22; União Bandeirante;3;4;1;1;2;3;5;-2;;;;;;;;;;;;;;
23; Campo Grande;3;4;1;1;2;2;5;-3;;;;;;;;;;;;;;
24; América-PE;2;4;0;2;2;0;2;-2;;;;;;;;;;;;;;
25; Campinense;2;4;0;2;2;2;5;-3;;;;;;;;;;;;;;
26; União Rondonópolis;2;4;1;0;3;2;5;-3;;;;;;;;;;;;;;
27; América-SP;2;4;1;0;3;1;4;-3;;;;;;;;;;;;;;
28; Lagarto;2;4;0;2;2;1;4;-3;;;;;;;;;;;;;;
29; Nacional-AM;0;4;0;0;4;2;9;-7;;;;;;;;;;;;;;
30; Ubiratan;0;4;0;0;4;2;10;-8;;;;;;;;;;;;;;
;;;;;;;;;;;;;;;;;;;;;;;
1992;;;;;;;;;;;;;;;;;;;;;;;
Tabela de classificação;;;;;;;;;;Colocações finais;;;;;;;;;;;;;
C;Time;PG;J;V;E;D;GP;GC;SG;Campeão; Tuna Luso (1º título);;;;;;;;;;;;
1; Tuna Luso;22;14;9;4;1;17;6;11;Vice-campeão; Fluminense de Feira;;;;;;;;;;;;
2; Fluminense de Feira;16;12;6;4;2;21;9;12;Estatísticas;;;;;;;;;;;;;
3; Nacional-AM;16;12;6;4;2;12;4;8;Melhor marcador;Jorge Veras (Ferroviário);;;;;;;;;;;;
4; Matsubara;13;10;5;3;2;18;12;6;A maior goleada do Campeonato Brasileiro Série C de 1992 foi a vitória do Fluminense de Feira por 5 a 0 sobre o Sergipe;;;;;;;;;;;;;
5; Auto Esporte;13;12;5;3;4;13;11;2;;;;;;;;;;;;;;
6; Operário Ferroviário;10;10;4;2;2;13;8;5;;;;;;;;;;;;;;
7; Rio Pardo;10;6;3;4;1;7;4;3;;;;;;;;;;;;;;
8; CRB;10;8;4;2;2;11;7;4;;;;;;;;;;;;;;
9; Moto Club;10;8;4;2;2;8;6;2;;;;;;;;;;;;;;
10; Rio Negro-AM;9;8;3;3;2;9;6;3;;;;;;;;;;;;;;
11; Vitória-PE;9;8;3;3;2;11;10;1;;;;;;;;;;;;;;
12; Macapá;8;8;1;6;1;7;7;0;;;;;;;;;;;;;;
13; Chapecoense;7;6;3;1;2;9;8;1;;;;;;;;;;;;;;
14; Grêmio Maringá;7;6;3;1;2;5;5;0;;;;;;;;;;;;;;
15; São Bento;7;6;3;1;2;7;8;-1;;;;;;;;;;;;;;
16; Ferroviário;7;8;3;1;4;12;14;-2;;;;;;;;;;;;;;
17; Atlético Goianiense;7;6;2;3;1;6;3;2;;;;;;;;;;;;;;
18; Guará;7;6;2;3;1;4;3;1;;;;;;;;;;;;;;
19; Catuense;7;6;2;3;1;4;4;0;;;;;;;;;;;;;;
20; Atlético Acreano;6;8;1;4;3;4;5;-1;;;;;;;;;;;;;;
21; Sampaio Corrêa;6;8;1;4;3;5;9;-4;;;;;;;;;;;;;;
22; Ji-Paraná;5;8;2;1;5;5;13;-8;;;;;;;;;;;;;;
23; ASA;5;6;1;3;2;4;5;-1;;;;;;;;;;;;;;
24; Izabelense;5;6;1;3;2;11;14;-3;;;;;;;;;;;;;;
25; Flamengo-PI;5;6;1;3;2;11;9;-4;;;;;;;;;;;;;;
26; Marília;4;6;2;0;4;6;8;-2;;;;;;;;;;;;;;
27; Rio Branco-MG;4;6;2;0;4;5;7;-2;;;;;;;;;;;;;;
28; Sergipe;3;6;0;3;3;4;11;-7;;;;;;;;;;;;;;
29; Treze;3;6;0;3;3;8;17;-9;;;;;;;;;;;;;;
30; Tiradentes-DF;2;6;1;0;5;2;9;-7;;;;;;;;;;;;;;
31; Blumenau;1;6;0;1;5;1;9;-8;;;;;;;;;;;;;;
;;;;;;;;;;;;;;;;;;;;;;;
1994;;;;;;;;;;;;;;;;;;;;;;;
Tabela de classificação;;;;;;;;;;Detalhes das Maiores Vitórias de 1994;;;;;;;;;;;;;
C;Time;PG;J;V;E;D;GP;GC;SG;Novorizontino 5 x 0 Atlético Sorocaba (2 de outubro de 1994, em Novo Horizonte);;;;;;;;;;;;;
1; Novorizontino;26;16;11;4;1;35;13;22;Novorizontino 5 x 0 Ferroviária (9 de dezembro de 1994, em Novo Horizonte — jogo de volta da final);;;;;;;;;;;;;
2; Ferroviária;17;16;6;5;5;16;15;1;;;;;;;;;;;;;;
3; Uberlândia;21;14;8;5;1;19;10;9;;;;;;;;;;;;;;
4; Catuense;13;10;6;1;3;17;9;8;;;;;;;;;;;;;;
5; Ituano;15;12;6;3;3;11;8;3;;;;;;;;;;;;;;
6; Valerio;13;6;3;7;2;16;14;2;;;;;;;;;;;;;;
7; ABC;12;10;6;0;4;22;16;6;;;;;;;;;;;;;;
8; Maruinense;10;12;3;4;5;12;17;-5;;;;;;;;;;;;;;
9; Juventus;15;8;7;1;2;11;10;1;;;;;;;;;;;;;;
10; Vila Nova;12;10;5;2;3;11;7;4;;;;;;;;;;;;;;
11; Taguatinga;11;10;4;3;3;11;11;0;;;;;;;;;;;;;;
12; CSA;10;10;5;0;5;17;13;4;;;;;;;;;;;;;;
13; Esportivo de Passos;9;10;3;3;4;9;10;-1;;;;;;;;;;;;;;
14; Operário-MS;8;10;2;4;4;8;10;-2;;;;;;;;;;;;;;
15; Vitória-PE;8;10;2;4;4;10;13;-3;;;;;;;;;;;;;;
16; Vitória-ES;7;6;2;3;1;3;2;1;;;;;;;;;;;;;;
17; Itabaiana;9;8;4;1;3;8;10;-2;;;;;;;;;;;;;;
18; Joinville;9;8;3;3;2;9;5;4;;;;;;;;;;;;;;
19; Matsubara;9;8;4;1;3;14;11;3;;;;;;;;;;;;;;
20; Santa Cruz-PB;9;8;3;3;2;8;7;1;;;;;;;;;;;;;;
21; Botafogo-PB;9;6;2;5;1;12;12;0;;;;;;;;;;;;;;
22; União Bandeirante;8;8;3;2;3;10;7;3;;;;;;;;;;;;;;
23; América-RJ;8;6;3;2;3;9;8;1;;;;;;;;;;;;;;
24; Villa Nova;8;8;2;4;2;6;6;0;;;;;;;;;;;;;;
25; Figueirense;7;8;3;1;4;8;10;-2;;;;;;;;;;;;;;
26; Caldas;7;8;2;3;3;8;10;-2;;;;;;;;;;;;;;
27; Batel;7;8;2;3;3;4;6;-2;;;;;;;;;;;;;;
28; América de Esperança-PB;6;6;3;0;3;8;11;-3;;;;;;;;;;;;;;
29; Atlético Goianiense;6;8;2;2;4;5;6;-1;;;;;;;;;;;;;;
30; Campo Grande;6;8;1;4;3;6;9;-3;;;;;;;;;;;;;;
31; Itumbiara;5;8;2;1;5;11;14;-3;;;;;;;;;;;;;;
32; Sousa;4;6;2;0;4;6;12;-6;;;;;;;;;;;;;;
33; Rio Branco-SP;5;6;2;1;3;6;8;-2;;;;;;;;;;;;;;
34; Tupi;5;6;1;3;2;3;5;-2;;;;;;;;;;;;;;
35; União Araguainense;5;6;2;0;4;6;10;-4;;;;;;;;;;;;;;
36; Confiança;4;6;1;2;3;6;9;-3;;;;;;;;;;;;;;
37; Porto;4;6;0;4;2;5;8;-3;;;;;;;;;;;;;;
38; Operário-MT;3;6;1;1;4;3;7;-4;;;;;;;;;;;;;;
39; Santo André;2;6;0;2;4;3;8;-5;;;;;;;;;;;;;;
40; Blumenau;2;6;0;2;4;3;8;-5;;;;;;;;;;;;;;
41; Atlético Sorocaba;1;6;0;1;5;0;12;-12;;;;;;;;;;;;;;
;;;;;;;;;;;;;;;;;;;;;;;
1995;;;;;;;;;;;;;;;;;;;;;;;
Tabela de classificação;;;;;;;;;;Estatísticas;;;;;;;;;;;;;
C;Time;PG;J;V;E;D;GP;GC;SG;Melhor marcador;Serginho (XV de Piracicaba);;;;;;;;;;;;
1; XV de Piracicaba;29;16;9;2;4;19;7;12;A maior goleada do Campeonato Brasileiro Série C de 1995 foi a vitória do Paulista (então chamado de Lousano Paulista) por 7 a 0 sobre o Bayer-RJ;;;;;;;;;;;;;
2; Volta Redonda;29;16;8;5;3;16;9;7;;;;;;;;;;;;;;
3; Gama;28;16;8;5;3;20;9;11;;;;;;;;;;;;;;
4; Atlético Goianiense;25;16;7;5;4;20;17;3;;;;;;;;;;;;;;
5; ABC;21;13;6;3;4;20;15;5;;;;;;;;;;;;;;
6; Joinville;20;12;6;2;4;20;13;7;;;;;;;;;;;;;;
7; Ji-Paraná;17;12;3;8;1;17;11;6;;;;;;;;;;;;;;
8; Rio Branco-ES;16;12;4;4;4;11;13;-2;;;;;;;;;;;;;;
9; Fortaleza;27;12;8;3;1;22;11;11;;;;;;;;;;;;;;
10; Guará;19;12;5;4;3;14;9;5;;;;;;;;;;;;;;
11; Linhares;18;12;4;6;2;13;11;2;;;;;;;;;;;;;;
12; Caxias;17;10;5;3;2;15;11;4;;;;;;;;;;;;;;
13; Brasil de Pelotas;17;10;5;3;2;13;11;2;;;;;;;;;;;;;;
14; Intercap;16;10;4;4;2;12;7;5;;;;;;;;;;;;;;
15; Nacional-AM;13;10;3;4;3;10;6;4;;;;;;;;;;;;;;
16; Icasa;11;10;3;3;4;10;12;-2;;;;;;;;;;;;;;
17; Rio Branco-AC;22;10;6;4;0;19;9;10;;;;;;;;;;;;;;
18; Uberlândia;20;10;6;2;2;16;9;7;;;;;;;;;;;;;;
19; Lousano Paulista;17;8;5;2;1;25;6;19;;;;;;;;;;;;;;
20; Vila Nova;17;10;5;2;3;12;8;4;;;;;;;;;;;;;;
21; Galícia;15;10;4;3;3;12;6;6;;;;;;;;;;;;;;
22; Botafogo-SP;15;10;3;6;1;8;5;3;;;;;;;;;;;;;;
23; Sousa;14;8;4;2;2;10;8;2;;;;;;;;;;;;;;
24; Juventus;12;8;3;3;2;12;9;3;;;;;;;;;;;;;;
25; Marília;12;8;3;3;2;8;5;3;;;;;;;;;;;;;;
26; Catuense;12;8;3;3;2;9;8;1;;;;;;;;;;;;;;
27; Chapecoense;12;8;3;3;2;9;8;1;;;;;;;;;;;;;;
28; Araçatuba;12;8;3;3;2;6;5;1;;;;;;;;;;;;;;
29; Picos;12;6;3;3;2;5;6;-1;;;;;;;;;;;;;;
30; Barra de Teresópolis;12;10;3;3;4;8;10;-2;;;;;;;;;;;;;;
31; Baré;10;8;2;4;2;9;9;0;;;;;;;;;;;;;;
32; Flamengo-PI;9;8;2;3;3;4;5;-1;;;;;;;;;;;;;;
33; Anápolis;14;8;4;2;2;10;6;4;;;;;;;;;;;;;;
34; Rio Negro-AM;13;6;4;1;1;9;6;3;;;;;;;;;;;;;;
35; A.D. Vitória;13;8;3;4;1;13;9;4;;;;;;;;;;;;;;
36; Vitória-ES;13;8;3;4;1;7;4;3;;;;;;;;;;;;;;
37; Ferroviário;12;8;3;3;2;16;11;5;;;;;;;;;;;;;;
38; Itabaiana;12;8;3;3;2;14;10;4;;;;;;;;;;;;;;
39; Valerio;12;8;3;3;2;9;7;2;;;;;;;;;;;;;;
40; CSA;12;8;3;3;2;12;11;1;;;;;;;;;;;;;;
41; Matsubara;11;6;3;2;1;9;3;6;;;;;;;;;;;;;;
42; Coroatá;11;6;3;2;1;8;5;3;;;;;;;;;;;;;;
43; Santa Cruz-PB;11;7;3;2;2;10;8;2;;;;;;;;;;;;;;
44; Inter de Limeira;11;8;3;2;3;7;7;0;;;;;;;;;;;;;;
45; União Bandeirante;10;6;3;1;2;6;6;0;;;;;;;;;;;;;;
46; Santo André;10;6;3;1;2;5;7;-2;;;;;;;;;;;;;;
47; América-RJ;10;6;3;1;2;5;7;-2;;;;;;;;;;;;;;
48; SE Ariquemes;10;6;2;4;0;7;4;3;;;;;;;;;;;;;;
49; Francana;9;6;3;0;3;10;8;2;;;;;;;;;;;;;;
50; Gurupi;9;6;3;0;3;7;7;0;;;;;;;;;;;;;;
51; Caldas;9;8;3;0;5;6;12;-6;;;;;;;;;;;;;;
52; Sampaio Corrêa;9;6;2;3;1;4;3;1;;;;;;;;;;;;;;
53; Independência;8;8;3;2;3;11;10;2;;;;;;;;;;;;;;
54; Batalhense;8;6;2;2;2;8;12;-4;;;;;;;;;;;;;;
55; Ypiranga-RS;7;6;2;1;3;11;9;2;;;;;;;;;;;;;;
56; Batel;7;6;2;1;3;8;7;1;;;;;;;;;;;;;;
57; Operário-MT;7;4;2;1;1;7;6;1;;;;;;;;;;;;;;
58; Avaí;7;6;2;1;3;7;8;-1;;;;;;;;;;;;;;
59; Atlético Roraima;7;6;1;4;1;6;7;-1;;;;;;;;;;;;;;
60; União Araguainense;7;6;1;4;1;5;8;-3;;;;;;;;;;;;;;
61; Bayer;6;6;2;0;4;3;16;-13;;;;;;;;;;;;;;
62; Imperatriz;6;6;1;3;2;4;13;-9;;;;;;;;;;;;;;
63; Figueirense;5;6;1;2;3;7;10;-3;;;;;;;;;;;;;;
64; União Rondonópolis;4;4;1;1;2;5;7;-2;;;;;;;;;;;;;;
65; Fluminense de Feira;10;6;3;1;2;6;6;0;;;;;;;;;;;;;;
66; Ceilandense;9;6;3;0;3;9;7;2;;;;;;;;;;;;;;
67; Villa Nova;9;6;3;0;3;8;8;0;;;;;;;;;;;;;;
68; Estrela do Norte;9;6;2;3;1;7;5;2;;;;;;;;;;;;;;
69; URT;8;6;2;2;2;8;7;1;;;;;;;;;;;;;;
70; Potiguar de Mossoró;8;6;2;2;2;7;9;-2;;;;;;;;;;;;;;
71; Vasco-AC;7;6;2;1;3;7;6;1;;;;;;;;;;;;;;
72; Porto;7;6;2;1;3;8;10;-2;;;;;;;;;;;;;;
73; Rio Branco-SP;6;6;2;0;4;6;9;-3;;;;;;;;;;;;;;
74; Brasília;6;6;2;0;4;5;9;-9;;;;;;;;;;;;;;
75; Planaltina;6;6;1;3;2;5;6;-1;;;;;;;;;;;;;;
76; Itumbiara;6;6;1;3;2;3;4;-1;;;;;;;;;;;;;;
77; Ituano;5;4;1;2;1;3;4;-1;;;;;;;;;;;;;;
78; Itaperuna;5;6;1;2;3;5;7;-2;;;;;;;;;;;;;;
79; Corintians de Caicó;5;5;1;2;2;5;7;-2;;;;;;;;;;;;;;
80; Marcílio Dias;5;4;1;2;1;2;4;-2;;;;;;;;;;;;;;
81; Campo Grande;5;6;1;2;3;6;9;-3;;;;;;;;;;;;;;
82; Bacabal;4;4;1;1;2;8;5;3;;;;;;;;;;;;;;
83; Ypiranga-PE;4;4;1;1;2;6;7;-1;;;;;;;;;;;;;;
84; Caldense;4;4;1;1;2;6;8;-2;;;;;;;;;;;;;;
85; Taveirópolis;4;4;1;1;2;3;5;-2;;;;;;;;;;;;;;
86; Kaburé;4;4;1;1;2;2;4;-2;;;;;;;;;;;;;;
87; Progresso;4;4;1;1;2;5;8;-3;;;;;;;;;;;;;;
88; Atlético Sorocaba;4;4;1;1;2;2;5;-3;;;;;;;;;;;;;;
89; Rio Verde;4;4;1;1;4;5;10;-5;;;;;;;;;;;;;;
90; São Mateus;4;6;0;4;2;5;8;-3;;;;;;;;;;;;;;
91; Nacional-SP;3;4;1;0;3;3;5;-2;;;;;;;;;;;;;;
92; Cascavel;3;4;1;0;3;1;8;-7;;;;;;;;;;;;;;
93; Democrata-SL;3;4;1;0;3;1;9;-8;;;;;;;;;;;;;;
94; Confiança;3;4;0;3;1;6;7;-1;;;;;;;;;;;;;;
95; Sete de Setembro-AL;3;6;0;3;3;9;14;-5;;;;;;;;;;;;;;
96; Duque de Caxias-MA;2;4;0;2;2;2;4;-2;;;;;;;;;;;;;;
97; Pelotas;2;4;0;2;2;3;6;-3;;;;;;;;;;;;;;
98; Botafogo-PB;2;5;0;2;3;2;7;-5;;;;;;;;;;;;;;
99; Fast Clube;1;4;0;1;3;1;5;-4;;;;;;;;;;;;;;
100; Cori-Sabbá;1;4;0;1;3;1;5;-4;;;;;;;;;;;;;;
101; Mirassol;1;6;0;1;5;2;10;-8;;;;;;;;;;;;;;
102; Maruinense;1;6;0;1;5;2;11;-9;;;;;;;;;;;;;;
103; Tiradentes-DF;1;6;0;1;5;3;14;-11;;;;;;;;;;;;;;
104; Alecrim;1;6;0;1;5;0;11;-11;;;;;;;;;;;;;;
105; Atlético Acreano;1;6;0;1;5;2;14;-12;;;;;;;;;;;;;;
106; Caçadorense;0;4;0;0;4;1;9;-8;;;;;;;;;;;;;;
107; Andirá;0;4;0;0;4;2;11;-9;;;;;;;;;;;;;;
;;;;;;;;;;;;;;;;;;;;;;;
1996;;;;;;;;;;;;;;;;;;;;;;;
Tabela de classificação;;;;;;;;;;Colocações finais;;;;;;;;;;;;;
C.;Time;PG;J;V;E;D;GP;GC;SG;Campeão;Vila Nova;;;;;;;;;;;;
1; Vila Nova;36;14;11;3;0;29;8;21;Vice-campeão;Botafogo-SP;;;;;;;;;;;;
2; Botafogo-SP;32;18;9;5;4;28;13;15;Promovido(s);Vila Nova;;;;;;;;;;;;
3; Figueirense;26;16;8;2;6;22;17;5;;Botafogo-SP;;;;;;;;;;;;
4; Porto;18;12;4;6;2;20;16;4;Estatísticas;;;;;;;;;;;;;
5; Rio Branco-SP;25;14;7;4;3;31;13;18;Melhor marcador;Marcelinho Paraíba (Rio Branco-SP) – 16 gols;;;;;;;;;;;;
6; Francana;23;12;7;2;3;29;15;14;Maior goleada;CSA 7–0 Galícia;;;;;;;;;;;;
7; Sampaio Corrêa;16;10;5;1;4;23;14;9;(diferença);;;;;;;;;;;;;
8; Nacional-AM;16;10;5;1;4;13;10;3;;;;;;;;;;;;;;
9; CSA;20;10;6;2;2;17;8;4;;;;;;;;;;;;;;
10; Tubarão;20;12;6;2;4;20;20;0;;;;;;;;;;;;;;
11; Rio Branco-PR;16;10;4;4;2;17;12;5;;;;;;;;;;;;;;
12; Atlético Sorocaba;15;10;4;3;3;13;11;2;;;;;;;;;;;;;;
13; Fluminense de Feira;12;10;4;0;6;12;13;-1;;;;;;;;;;;;;;
14; Ji-Paraná;11;8;3;2;3;12;11;1;;;;;;;;;;;;;;
15; Potiguar de Mossoró;10;6;3;1;2;10;11;-1;;;;;;;;;;;;;;
16; Mixto;9;8;2;3;3;8;12;-4;;;;;;;;;;;;;;
17; Paulista;17;10;5;2;3;10;9;1;;;;;;;;;;;;;;
18; Fortaleza;15;8;4;3;1;12;9;3;;;;;;;;;;;;;;
19; Corinthians de Presidente Prudente;13;10;4;1;5;15;23;-8;;;;;;;;;;;;;;
20; Cascavel;12;8;4;0;4;11;10;1;;;;;;;;;;;;;;
21; Estrela do Norte;12;6;4;0;2;9;8;1;;;;;;;;;;;;;;
22; Botafogo Sobradinho;12;8;3;3;2;8;8;0;;;;;;;;;;;;;;
23; Caxias;11;8;3;2;3;11;9;2;;;;;;;;;;;;;;
24; Rio Branco-AC;11;6;3;2;1;5;4;1;;;;;;;;;;;;;;
25; Ferroviário;11;8;3;2;3;11;12;-1;;;;;;;;;;;;;;
26; Colatina;9;6;3;0;3;4;6;-2;;;;;;;;;;;;;;
27; Operário-MS;9;6;2;3;1;9;10;-1;;;;;;;;;;;;;;
28; Baré;8;6;2;2;2;11;10;1;;;;;;;;;;;;;;
29; Gurupi;7;6;2;1;3;7;13;-6;;;;;;;;;;;;;;
30; Pauferrense;6;4;1;3;0;4;4;0;;;;;;;;;;;;;;
31; Catuense;6;6;1;3;2;4;6;-2;;;;;;;;;;;;;;
32; Uberlândia;4;6;1;1;4;7;9;-2;;;;;;;;;;;;;;
33; Pelotas;12;8;3;3;2;16;12;4;;;;;;;;;;;;;;
34; Comercial-SP;11;8;3;2;3;11;9;2;;;;;;;;;;;;;;
35; Avaí;11;8;3;2;3;15;15;0;;;;;;;;;;;;;;
36; Cori-Sabbá;10;6;3;1;2;7;7;0;;;;;;;;;;;;;;
37; Uberaba;10;6;3;1;2;4;4;0;;;;;;;;;;;;;;
38; União Bandeirante;10;8;2;4;2;7;7;0;;;;;;;;;;;;;;
39; Chapecoense;9;6;3;0;3;6;9;-2;;;;;;;;;;;;;;
40; Juventus-SC;9;6;2;3;1;7;6;1;;;;;;;;;;;;;;
41; Juventus;9;8;2;3;3;7;7;0;;;;;;;;;;;;;;
42; Tupi;8;8;2;2;4;4;11;-7;;;;;;;;;;;;;;
43; São Luíz;7;6;2;1;3;8;10;-2;;;;;;;;;;;;;;
44; Itabaiana;7;6;2;1;3;6;10;-4;;;;;;;;;;;;;;
45; Matsubara;6;8;1;3;4;11;19;-8;;;;;;;;;;;;;;
46; Barra Mansa;5;8;1;2;5;4;13;-9;;;;;;;;;;;;;;
47; São Raimundo-AM;4;4;1;1;2;6;9;-3;;;;;;;;;;;;;;
48; Anápolis;4;4;1;1;2;3;6;-3;;;;;;;;;;;;;;
49; Kaburé;4;4;1;1;2;3;6;-3;;;;;;;;;;;;;;
50; Galícia;4;6;1;1;4;5;13;-8;;;;;;;;;;;;;;
51; Brasil de Pelotas;4;8;0;4;4;5;14;-9;;;;;;;;;;;;;;
52; Vitória-ES;3;4;1;0;3;3;5;-2;;;;;;;;;;;;;;
53; Ríver;3;6;1;0;5;3;10;-7;;;;;;;;;;;;;;
54; Comercial-MS;2;4;0;2;2;0;2;-2;;;;;;;;;;;;;;
55; Confiança;2;4;0;2;2;4;7;-3;;;;;;;;;;;;;;
56; Planaltina;2;6;0;2;4;3;10;-7;;;;;;;;;;;;;;
57; Sãocarlense;2;6;0;2;4;2;9;-7;;;;;;;;;;;;;;
58; GAS;0;4;0;0;4;4;12;-8;;;;;;;;;;;;;;
;;;;;;;;;;;;;;;;;;;;;;;
1997;;;;;;;;;;;;;;;;;;;;;;;
Grupo 1;;;;;;;;;;;;;;;;;;;;;;;
Pos;Equipes;Pts;J;V;E;D;GP;GC;SG;;ARR;BAR;JPR;SRA;Colocações finais;;;;;;;;
1; São Raimundo-AM;13;6;4;1;1;10;6;4;Atlético Roraima;—;1–0;0–0;3–1;Campeão;Sampaio Corrêa;;;;;;;
2; Ji-Paraná;10;6;3;1;2;8;5;3;Baré;1–0;—;2–4;1–1;Vice-campeão;Juventus-SP;;;;;;;
3; Atlético Roraima;7;6;2;1;3;7;8;–1;Ji-Paraná;3–1;3–1;—;0–1;Promovido(s);Sampaio Corrêa;;;;;;;
4; Baré;4;6;1;1;4;5;11;–6;São Raimundo-AM;3–2;2–0;2–0;—;;Juventus-SP;;;;;;;
;;;;;;;;;;;;;;;Estatísticas;;;;;;;;
Grupo 2;;;;;;;;;;;;;;;Melhor marcador;Marcelo Baron (Sampaio Corrêa) – 9 gols;;;;;;;
Pos;Equipes;Pts;J;V;E;D;GP;GC;SG;;4JU;RIV;SAM;SRO;Maior goleada;Tupi 8–1 Avaí;;;;;;;
1; Sampaio Corrêa;16;6;5;1;0;12;3;9;4 de Julho;—;2–1;0–1;3–1;(diferença);;;;;;;;
2; Santa Rosa;10;6;3;1;2;11;10;1;River-PI;3–3;—;1–2;2–5;;;;;;;;;
3; 4 de Julho;7;6;2;1;3;11;12;–1;Sampaio Corrêa;4–2;1–0;—;4–0;;;;;;;;;
4; River-PI;1;6;0;1;5;7;16;–9;Santa Rosa;2–1;3–0;0–0;—;;;;;;;;;
;;;;;;;;;;;;;;;;;;;;;;;
Grupo 3;;;;;;;;;;;;;;;;;;;;;;;
Pos;Equipes;Pts;J;V;E;D;GP;GC;SG;;FAC;PIC;POT;QUI;;;;;;;;;
1; Quixadá;12;6;3;3;0;8;3;5;Ferroviário;—;3–0;2–1;1–1;;;;;;;;;
2; Ferroviário;11;6;3;2;1;8;3;5;Picos;1–0;—;0–0;0–0;;;;;;;;;
3; Picos;5;6;1;2;3;3;7;–4;Potiguar de Mossoró;0–2;3–2;—;1–4;;;;;;;;;
4; Potiguar de Mossoró;4;6;1;1;4;6;12;–6;Quixadá;0–0;1–0;2–1;—;;;;;;;;;
;;;;;;;;;;;;;;;;;;;;;;;
Grupo 4;;;;;;;;;;;;;;;;;;;;;;;
Pos;Equipes;Pts;J;V;E;D;GP;GC;SG;;CSA;FOR;PTO;VPE;;;;;;;;;
1; CSA;11;6;3;2;1;9;4;5;CSA;—;2–0;1–1;3–0;;;;;;;;;
2; Porto-PE;8;6;1;5;0;8;6;2;Fortaleza;1–2;—;1–1;1–1;;;;;;;;;
3; Vitória das Tabocas;6;6;1;3;2;5;8;–3;Porto-PE;1–1;2–0;—;1–1;;;;;;;;;
4; Fortaleza;5;6;1;2;3;4;8;–4;Vitória-PE;1–0;0–1;2–2;—;;;;;;;;;
;;;;;;;;;;;;;;;;;;;;;;;
Grupo 5;;;;;;;;;;;;;;;;;;;;;;;
Pos;Equipes;Pts;J;V;E;D;GP;GC;SG;;ASA;FAR;JUA;LMS;;;;;;;;;
1; ASA;16;6;5;1;0;10;1;9;ASA;—;3–1;1–0;3–0;;;;;;;;;
2; Juazeiro;6;6;2;0;4;7;7;0;Flamengo-PE;0–1;—;2–1;1–1;;;;;;;;;
3; Limoeirense;6;6;1;3;2;2;5;–3;Juazeiro;0–2;5–1;—;1–0;;;;;;;;;
4; Flamengo de Arcoverde;5;6;1;2;3;5;11;–6;Limoeirense;0–0;0–0;1–0;—;;;;;;;;;
;;;;;;;;;;;;;;;;;;;;;;;
Grupo 6;;;;;;;;;;;;;;;;;;;;;;;
Pos;Equipes;Pts;J;V;E;D;GP;GC;SG;;CAT;CON;GAL;ITA;;;;;;;;;
1; Confiança;12;6;3;3;0;11;6;5;Catuense;—;0–0;2–1;1–2;;;;;;;;;
2; Itabaiana;10;6;3;1;2;12;9;3;Confiança;2–2;—;1–1;3–1;;;;;;;;;
3; Catuense;7;6;1;4;1;8;8;0;Galícia;2–2;1–3;—;2–3;;;;;;;;;
4; Galícia;2;6;0;2;4;7;15;–8;Itabaiana;1–1;1–2;4–0;—;;;;;;;;;
;;;;;;;;;;;;;;;;;;;;;;;
Grupo 7;;;;;;;;;;;;;;;;;;;;;;;
Pos;Equipes;Pts;J;V;E;D;GP;GC;SG;;GNA;ECO;OMS;UNR;;;;;;;;;
1; Goiânia;11;6;3;2;1;8;5;3;Goiânia;—;2–2;2–1;1–0;;;;;;;;;
2; Operário-MS;9;6;3;0;3;4;6;–2;EC Operário;0–1;—;2–0;4–0;;;;;;;;;
3; EC Operário;8;6;2;2;2;9;5;4;Operário-MS;2–1;1–0;—;1–0;;;;;;;;;
4; União Rondonópolis;5;6;1;2;3;3;8;–5;União Rondonópolis;1–1;1–1;1–0;—;;;;;;;;;
;;;;;;;;;;;;;;;;;;;;;;;
Grupo 8;;;;;;;;;;;;;;;;;;;;;;;
Pos;Equipes;Pts;J;V;E;D;GP;GC;SG;;BSA;CLN;PMS;TEC;;;;;;;;;
1; Palmas;9;6;3;0;3;5;6;–1;Brasília;—;4–1;4–0;0–0;;;;;;;;;
2; Brasília;9;6;2;3;1;11;6;5;Ceilandense;1–1;—;0–1;2–1;;;;;;;;;
3; Tocantinópolis;8;6;2;2;2;5;6;–1;Palmas;2–0;0–1;—;0–1;;;;;;;;;
4; Ceilandense;7;6;2;1;3;5;8;–3;Tocantinópolis;2–2;1–0;0–2;—;;;;;;;;;
;;;;;;;;;;;;;;;;;;;;;;;
Grupo 9;;;;;;;;;;;;;;;;;;;;;;;
Pos;Equipes;Pts;J;V;E;D;GP;GC;SG;;AME;CGR;RBC;TUP;;;;;;;;;
1; Tupi;11;6;3;2;1;7;4;3;America;—;1–0;0–1;0–1;;;;;;;;;
2; Rio Branco-ES;10;6;3;1;2;6;5;1;Campo Grande-RJ;0–0;—;0–1;0–0;;;;;;;;;
3; America;7;6;2;1;3;4;6;–2;Rio Branco-ES;3–1;0–0;—;0–2;;;;;;;;;
4; Campo Grande;4;6;0;4;2;1;3;–2;Tupi;1–2;1–1;2–1;—;;;;;;;;;
;;;;;;;;;;;;;;;;;;;;;;;
Grupo 10;;;;;;;;;;;;;;;;;;;;;;;
Pos;Equipes;Pts;J;V;E;D;GP;GC;SG;;ASO;JSP;PSA;RSP;;;;;;;;;
1; Juventus-SP;14;6;4;2;0;12;6;6;Atlético Sorocaba;—;0–1;4–2;1–0;;;;;;;;;
2; Atlético Sorocaba;13;6;4;1;1;10;6;4;Juventus-SP;2–2;—;4–2;1–1;;;;;;;;;
3; Portuguesa Santista;6;6;2;0;4;8;12;–4;Portuguesa Santista;0–1;1–2;—;2–1;;;;;;;;;
4; Rio Branco-SP;1;6;0;1;5;3;9;–6;Rio Branco-SP;1–2;0–2;0–1;—;;;;;;;;;
;;;;;;;;;;;;;;;;;;;;;;;
Grupo 11;;;;;;;;;;;;;;;;;;;;;;;
Pos;Equipes;Pts;J;V;E;D;GP;GC;SG;;APS;IBR;MCL;UEC;;;;;;;;;
1; Uberlândia;16;6;5;1;0;16;2;14;Anápolis;—;4–1;0–2;2–2;;;;;;;;;
2; Montes Claros;10;6;3;1;2;5;7;–2;Itumbiara;0–0;—;0–1;0–1;;;;;;;;;
3; Anápolis;5;6;1;2;3;6;9;–3;Montes Claros;1–0;1–1;—;0–2;;;;;;;;;
4; Itumbiara;2;6;0;2;4;2;11;–9;Uberlândia;3–0;4–0;4–0;—;;;;;;;;;
;;;;;;;;;;;;;;;;;;;;;;;
Grupo 12;;;;;;;;;;;;;;;;;;;;;;;
Pos;Equipes;Pts;J;V;E;D;GP;GC;SG;;ITL;SJE;SOC;VNO;;;;;;;;;
1; Inter de Limeira;12;6;4;0;2;11;10;1;Inter de Limeira;—;2–1;2–1;2–0;;;;;;;;;
2; Social;10;6;3;1;2;10;6;4;São José-SP;4–1;—;2–2;2–1;;;;;;;;;
3; São José-SP;10;6;3;1;2;11;8;3;Social;2–1;1–0;—;4–0;;;;;;;;;
4; Villa Nova;3;6;1;0;5;5;13;–8;Villa Nova;2–3;1–2;1–0;—;;;;;;;;;
;;;;;;;;;;;;;;;;;;;;;;;
Grupo 13;;;;;;;;;;;;;;;;;;;;;;;
Pos;Equipes;Pts;J;V;E;D;GP;GC;SG;;ARP;FRA;MGA;UBN;;;;;;;;;
1; Francana;12;6;4;0;2;7;5;2;América-SP;—;3–0;0–0;0–3;;;;;;;;;
2; União Bandeirante;9;6;3;0;3;7;8;–1;Francana;1–0;—;1–0;3–0;;;;;;;;;
3; América-SP;8;6;2;2;2;4;4;0;Maringá;0–0;0–1;—;1–2;;;;;;;;;
4; Maringá;5;6;1;2;3;3;4;–1;U. Bandeirante;0–1;2–1;0–2;—;;;;;;;;;
;;;;;;;;;;;;;;;;;;;;;;;
Grupo 14;;;;;;;;;;;;;;;;;;;;;;;
Pos;Equipes;Pts;J;V;E;D;GP;GC;SG;;15N;CHA;ISM;PGR;;;;;;;;;
1; Ponta Grossa;12;6;4;0;2;5;3;2;15 de Novembro;—;0–0;1–1;1–0;;;;;;;;;
2; Inter de Santa Maria;10;6;3;1;2;6;5;1;Chapecoense;1–0;—;2–1;0–1;;;;;;;;;
3; Chapecoense;7;6;2;1;3;3;4;–1;Inter de Santa Maria;2–1;1–0;—;1–0;;;;;;;;;
4; 15 de Novembro;5;6;1;2;3;4;6;–2;Ponta Grossa;2–1;1–0;1–0;—;;;;;;;;;
;;;;;;;;;;;;;;;;;;;;;;;
Grupo 15;;;;;;;;;;;;;;;;;;;;;;;
Pos;Equipes;Pts;J;V;E;D;GP;GC;SG;;AVA;BLU;CAX;PTA;;;;;;;;;
1; Caxias;12;6;3;3;0;10;5;5;Avaí;—;2–0;0–1;3–4;;;;;;;;;
2; Avaí;7;6;2;1;3;7;7;0;Blumenau;1–0;—;1–1;2–0;;;;;;;;;
3; Paulista;7;6;2;1;3;10;11;–1;Caxias;1–1;2–0;—;3–1;;;;;;;;;
4; Blumenau;7;6;2;1;3;4;8;–4;Paulista;0–1;3–0;2–2;—;;;;;;;;;
;;;;;;;;;;;;;;;;;;;;;;;
Grupo 16;;;;;;;;;;;;;;;;;;;;;;;
Pos;Equipes;Pts;J;V;E;D;GP;GC;SG;;BPE;FIG;SJO;TFC;;;;;;;;;
1; Figueirense;13;6;4;1;1;14;11;3;Brasil de Pelotas;—;1–1;2–0;1–0;;;;;;;;;
2; São José-RS;10;6;3;1;2;11;9;2;Figueirense;1–0;—;3–1;3–2;;;;;;;;;
3; Brasil de Pelotas;7;6;2;1;3;5;7;–2;São José-RS;1–0;5–2;—;1–1;;;;;;;;;
4; Tubarão FC;4;6;1;1;4;10;13;–3;Tubarão FC;4–1;2–4;1–3;—;;;;;;;;;
;;;;;;;;;;;;;;;;;;;;;;;
1998;;;;;;;;;;;;;;;;;;;;;;;
Classificação Geral;;;;;;;;;;Colocações finais;;;;;;;;;;;;;
Time;;Pts;J;V;E;D;GP;GC;SG;Campeão; Avaí (1º título);;;;;;;;;;;;
1; Avaí;37;22;10;7;5;43;28;15;Vice-campeão; São Caetano;;;;;;;;;;;;
2; São Caetano;50;22;15;5;2;30;11;19;Estatísticas;;;;;;;;;;;;;
3; Anapolina;40;20;11;7;2;46;14;32;Melhor marcador;Kléber Pereira (Moto Club);;;;;;;;;;;;
4; Itabaiana;34;22;9;7;6;28;24;4;As maiores goleadas do Campeonato Brasileiro da Série C de 1998 terminaram com a mesma diferença de sete gols: Confiança 7 x 0 Treze (9 de agosto), Anapolina 7 x 0 Alvorada (16 de agosto) e Ferroviário 7 x 0 Cori-Sabbá (28 de setembro). [1];;;;;;;;;;;;;
5; Brasil de Pelotas;31;16;9;4;3;27;15;12;;;;;;;;;;;;;;
6; São Raimundo-AM;27;16;7;7;3;22;16;6;;;;;;;;;;;;;;
7; Esporte Limoeiro;26;16;8;2;6;27;29;-2;;;;;;;;;;;;;;
8; Rio Branco-SP;26;16;6;8;2;28;19;9;;;;;;;;;;;;;;
9; Moto Club;25;14;7;4;3;20;13;7;;;;;;;;;;;;;;
10; 15 de Novembro;24;14;7;3;4;27;24;3;;;;;;;;;;;;;;
11; Noroeste;22;14;6;4;4;19;16;3;;;;;;;;;;;;;;
12; Santo André;22;14;6;4;4;16;15;1;;;;;;;;;;;;;;
13; Confiança;21;14;7;0;7;24;21;3;;;;;;;;;;;;;;
14; Potiguar;21;14;5;6;3;19;14;5;;;;;;;;;;;;;;
15; Anápolis;17;12;5;2;5;12;11;1;;;;;;;;;;;;;;
16; América-RJ;17;14;5;2;7;16;20;-4;;;;;;;;;;;;;;
17; América-SP;26;12;8;2;2;27;11;16;;;;;;;;;;;;;;
18; Mogi Mirim;21;12;6;3;3;17;12;5;;;;;;;;;;;;;;
19; São Francisco;21;12;6;3;3;17;13;4;;;;;;;;;;;;;;
20; Vênus;20;12;6;2;4;17;17;0;;;;;;;;;;;;;;
21; Caxias;20;12;5;5;2;22;13;9;;;;;;;;;;;;;;
22; Rio Branco-MG;20;12;5;5;2;13;10;3;;;;;;;;;;;;;;
23; Botafogo-PB;19;12;6;1;5;20;16;4;;;;;;;;;;;;;;
24; Atlético Sorocaba;19;12;6;1;5;15;12;3;;;;;;;;;;;;;;
25; Tupi;19;12;5;4;3;14;10;4;;;;;;;;;;;;;;
26; Viana;19;12;5;4;3;18;11;7;;;;;;;;;;;;;;
27; Comercial;16;12;5;1;6;21;24;-3;;;;;;;;;;;;;;
28; Juazeiro;16;12;4;4;4;15;15;0;;;;;;;;;;;;;;
29; Villa Nova;15;12;4;3;5;14;14;0;;;;;;;;;;;;;;
30; Figueirense;15;12;4;3;5;16;20;-4;;;;;;;;;;;;;;
31; Picos;15;12;3;6;3;14;15;-1;;;;;;;;;;;;;;
32; São José-RS;15;12;3;6;3;13;14;-1;;;;;;;;;;;;;;
33; Nacional-AM;16;10;5;1;4;18;14;4;;;;;;;;;;;;;;
34; Pelotas;16;10;5;1;4;16;13;3;;;;;;;;;;;;;;
35; Nacional-SP;16;10;4;4;2;9;6;3;;;;;;;;;;;;;;
36; Icasa;15;10;4;3;3;11;9;2;;;;;;;;;;;;;;
37; Catuense;14;10;4;2;4;13;14;-1;;;;;;;;;;;;;;
38; Ferroviário;13;10;3;4;3;20;17;3;;;;;;;;;;;;;;
39; Fortaleza;13;10;3;4;3;18;15;3;;;;;;;;;;;;;;
40; União Bandeirante;13;10;3;4;3;15;13;2;;;;;;;;;;;;;;
41; Friburguense;13;10;3;4;3;12;13;-1;;;;;;;;;;;;;;
42; CSA;12;10;4;0;6;11;13;-2;;;;;;;;;;;;;;
43; Rio Branco-PR;12;10;3;3;4;15;16;-1;;;;;;;;;;;;;;
44; Rioverdense;12;10;3;3;4;11;12;-1;;;;;;;;;;;;;;
45; Paranavaí;12;10;3;3;4;9;14;-5;;;;;;;;;;;;;;
46; Goiânia;11;8;3;2;3;11;9;2;;;;;;;;;;;;;;
47; Matonense;11;10;3;2;5;11;14;-3;;;;;;;;;;;;;;
48; Treze;11;10;3;2;5;11;20;-9;;;;;;;;;;;;;;
49; Campinense;10;10;2;4;4;16;17;-1;;;;;;;;;;;;;;
50; Rio Branco-ES;10;10;2;4;4;9;10;-1;;;;;;;;;;;;;;
51; Baré;10;10;2;4;4;10;12;-2;;;;;;;;;;;;;;
52; Campo Grande;10;10;2;4;4;12;17;-5;;;;;;;;;;;;;;
53; Etti Jundiaí;8;10;2;2;6;11;16;-5;;;;;;;;;;;;;;
54; Tubarão;8;10;2;2;6;13;21;-8;;;;;;;;;;;;;;
55; Alvorada;8;8;2;2;4;6;21;-15;;;;;;;;;;;;;;
56; Baraúnas;8;10;1;5;4;10;18;-8;;;;;;;;;;;;;;
57; Blumenau;6;10;1;3;6;11;22;-11;;;;;;;;;;;;;;
58; Chapecoense;6;10;1;3;6;11;26;-15;;;;;;;;;;;;;;
59; Madureira;6;10;0;6;4;7;15;-8;;;;;;;;;;;;;;
60; CFZ;4;10;1;1;8;4;13;-9;;;;;;;;;;;;;;
61; Francana;4;10;1;1;8;7;22;-15;;;;;;;;;;;;;;
62; Palmas;4;8;0;4;4;8;15;-7;;;;;;;;;;;;;;
63; Ubiratan;3;10;0;3;7;2;17;-15;;;;;;;;;;;;;;
64; Corisabbá;3;10;0;3;7;7;27;-20;;;;;;;;;;;;;;
65; Santos-AP;1;10;0;1;9;2;16;-14;;;;;;;;;;;;;;
66; Itumbiara;-;-;-;-;-;-;-;-;;;;;;;;;;;;;;
;;;;;;;;;;;;;;;;;;;;;;;
1999;;;;;;;;;;;;;;;;;;;;;;;
Tabela de classificação;;;;;;;;;;Colocações finais;;;;;;;;;;;;;
Time;;PG;J;V;E;D;GP;GC;SG;Campeão; Fluminense (1º título);;;;;;;;;;;;
1; Fluminense;48;22;15;3;4;38;20;18;Vice-campeão; São Raimundo;;;;;;;;;;;;
2; São Raimundo-AM;41;21;13;2;6;39;22;17;Estatísticas;;;;;;;;;;;;;
3; Serra;39;22;12;3;7;32;25;7;Melhor marcador;Aldrovani Menon (Figueirense) – 13 gols;;;;;;;;;;;;
4; Náutico;42;21;13;3;5;44;20;24;A maior goleada do Campeonato Brasileiro Série C de 1999 foi a vitória do Caxias por 6 a 0 sobre o América-SP, realizada no Estádio Centenário, em Caxias do Sul, no dia 3 de outubro de 1999;;;;;;;;;;;;;
5; Caxias;30;16;8;6;2;30;12;18;;;;;;;;;;;;;;
6; Figueirense;29;15;8;5;2;32;19;13;;;;;;;;;;;;;;
7; Americano;27;16;8;3;5;20;17;3;;;;;;;;;;;;;;
8; Sergipe;27;15;8;3;4;20;18;2;;;;;;;;;;;;;;
9; Potiguar de Mossoró;21;13;7;0;6;16;16;0;;;;;;;;;;;;;;
10; Villa Nova;21;13;6;3;4;17;15;2;;;;;;;;;;;;;;
11; Rio Negro-AM;20;12;6;2;4;25;15;10;;;;;;;;;;;;;;
12; Botafogo-PB;19;12;6;1;5;19;15;4;;;;;;;;;;;;;;
13; Moto Club;19;13;6;1;6;15;13;2;;;;;;;;;;;;;;
14; Juventus-SP;18;13;5;3;5;10;14;-4;;;;;;;;;;;;;;
15; Brasil de Pelotas;16;12;5;1;6;17;17;0;;;;;;;;;;;;;;
16; Ypiranga-AP;15;12;5;0;7;19;30;-11;;;;;;;;;;;;;;
17; Rio Branco-PR;15;10;4;3;3;17;17;0;;;;;;;;;;;;;;
18; Atlético Goianiense;14;10;4;2;4;15;11;4;;;;;;;;;;;;;;
19; Picos;14;10;4;2;4;10;13;-3;;;;;;;;;;;;;;
20; Bangu;14;10;3;5;2;10;7;3;;;;;;;;;;;;;;
21; Fortaleza;13;10;4;1;5;16;15;1;;;;;;;;;;;;;;
22; Juventude-MT;13;10;4;1;5;8;10;-2;;;;;;;;;;;;;;
23; CSA;13;10;3;4;3;14;9;5;;;;;;;;;;;;;;
24; Anapolina;14;10;4;2;4;11;9;2;;;;;;;;;;;;;;
25; Goiânia;14;10;2;2;6;8;15;-7;;;;;;;;;;;;;;
26; Itabaiana;12;10;3;3;4;14;16;-2;;;;;;;;;;;;;;
27; Castanhal;12;10;3;3;4;13;18;-5;;;;;;;;;;;;;;
28; Unibol;10;10;2;4;4;13;16;-3;;;;;;;;;;;;;;
29; Ji-Paraná;9;10;2;3;5;12;20;-8;;;;;;;;;;;;;;
30; América-SP;9;10;2;3;5;13;25;-12;;;;;;;;;;;;;;
31; Vasco-AC;6;10;1;3;6;11;18;-17;;;;;;;;;;;;;;
32; Tocantinópolis;5;10;1;2;7;8;22;-14;;;;;;;;;;;;;;
33; Volta Redonda;4;10;1;1;8;9;22;-13;;;;;;;;;;;;;;
34; Fluminense de Feira;4;10;1;1;8;8;25;-17;;;;;;;;;;;;;;
35; Operário-MS;4;10;0;4;6;10;22;-12;;;;;;;;;;;;;;
36; Dom Pedro;2;10;0;2;8;6;21;-15;;;;;;;;;;;;;;
;;;;;;;;;;;;;;;;;;;;;;;
2000;;;;;;;;;;;;;;;;;;;;;;;
Grupo A;;;;;;;;;;;;;;;;;;;;;;;
Módulo Verde;;;;;;;;;;;;;;;;;;;;;;;
Pos;Times;Pts;J;V;E;D;GM;GS;;;;;;;;;;;;;;;
1; Tuna Luso;26;12;8;2;2;25;15;;;;;;;;;;;;;;;
2; Central;22;12;7;1;4;16;15;;;;;;;;;;;;;;;
3; Moto Club;18;12;5;3;4;24;17;;;;;;;;;;;;;;;
4; Botafogo-PB;17;12;5;2;5;22;17;;;;;;;;;;;;;;;
5; Porto;16;12;5;1;6;15;13;;;;;;;;;;;;;;;
6; Treze;16;12;5;1;6;16;17;;;;;;;;;;;;;;;
7; Potiguar;6;12;2;0;10;9;33;;;;;;;;;;;;;;;
;;;;;;;;;;;;;;;;;;;;;;;
;Classificado para a segunda fase do Módulo Verde;;;;;;;;;;;;;;;;;;;;;;
Grupo B;;;;;;;;;;;;;;;;;;;;;;;
Módulo Verde;;;;;;;;;;;;;;;;;;;;;;;
Pos;Times;Pts;J;V;E;D;GM;GS;;;;;;;;;;;;;;;
1; Corinthians-AL;27;12;8;3;1;16;8;;;;;;;;;;;;;;;
2; Juazeiro;23;12;7;2;3;15;9;;;;;;;;;;;;;;;
3; Confiança;18;12;5;3;4;10;11;;;;;;;;;;;;;;;
4; Sergipe;17;12;5;2;5;15;14;;;;;;;;;;;;;;;
5; ASA;15;12;4;3;5;11;13;;;;;;;;;;;;;;;
6; Camaçari;12;12;3;3;6;13;11;;;;;;;;;;;;;;;
7; Campinense;5;12;1;2;9;9;23;;;;;;;;;;;;;;;
;;;;;;;;;;;;;;;;;;;;;;;
;Classificado para a segunda fase do Módulo Verde;;;;;;;;;;;;;;;;;;;;;;
Grupo C;;;;;;;;;;;;;;;;;;;;;;;
Módulo Verde;;;;;;;;;;;;;;;;;;;;;;;
Pos;Times;Pts;J;V;E;D;GM;GS;;;;;;;;;;;;;;;
1; Flamengo-PI;22;12;7;1;4;18;11;;;;;;;;;;;;;;;
2; Ypiranga-AP;20;12;6;2;4;23;19;;;;;;;;;;;;;;;
3; Tocantinópolis;19;12;6;1;5;16;14;;;;;;;;;;;;;;;
4; Rio Branco;18;12;5;3;4;20;16;;;;;;;;;;;;;;;
5; Baré;17;12;5;2;5;21;15;;;;;;;;;;;;;;;
6; Rio Negro;17;12;5;2;5;12;14;;;;;;;;;;;;;;;
7; Genus;7;12;2;1;9;16;37;;;;;;;;;;;;;;;
;;;;;;;;;;;;;;;;;;;;;;;
;Classificado para a segunda fase do Módulo Verde;;;;;;;;;;;;;;;;;;;;;;
Grupo D;;;;;;;;;;;;;;;;;;;;;;;
Módulo Verde;;;;;;;;;;;;;;;;;;;;;;;
Pos;Times;Pts;J;V;E;D;GM;GS;;;;;;;;;;;;;;;
1; Operário-MS;17;10;5;2;3;13;11;;;;;;;;;;;;;;;
2; Dom Pedro II;15;10;4;3;3;11;9;;;;;;;;;;;;;;;
3; Atlético Goianiense;15;10;4;3;3;9;9;;;;;;;;;;;;;;;
4; Goiânia;13;10;3;4;3;15;14;;;;;;;;;;;;;;;
5; Comercial-MS;11;10;3;2;5;9;10;;;;;;;;;;;;;;;
6; Brasília;11;10;3;2;5;10;14;;;;;;;;;;;;;;;
Nota: O ;;;;;;;;;;;;;;;;;;;;;;;
 Interporto desistiu de participar antes do início da competição.;;;;;;;;;;;;;;;;;;;;;;;
;;;;;;;;;;;;;;;;;;;;;;;
;;;;;;;;;;;;;;;;;;;;;;;
;Classificado para a segunda fase do Módulo Verde;;;;;;;;;;;;;;;;;;;;;;
Grupo E;;;;;;;;;;;;;;;;;;;;;;;
Módulo Branco;;;;;;;;;;;;;;;;;;;;;;;
Pos;Times;Pts;J;V;E;D;GM;GS;;;;;;;;;;;;;;;
1; Rio Branco-SP;21;10;6;3;1;23;10;;;;;;;;;;;;;;;
2; Juventus;21;10;6;3;1;20;10;;;;;;;;;;;;;;;
3; Uberlândia;18;10;5;3;2;15;14;;;;;;;;;;;;;;;
4; Nacional-SP;13;10;4;1;5;13;21;;;;;;;;;;;;;;;
5; Volta Redonda;9;10;2;3;5;10;14;;;;;;;;;;;;;;;
6; São José;1;10;0;1;9;8;20;;;;;;;;;;;;;;;
Nota : O ;;;;;;;;;;;;;;;;;;;;;;;
 Rio Branco-ES desistiu de participar antes do início da competição.;;;;;;;;;;;;;;;;;;;;;;;
;;;;;;;;;;;;;;;;;;;;;;;
;;;;;;;;;;;;;;;;;;;;;;;
;Classificado para a segunda fase do Módulo Branco;;;;;;;;;;;;;;;;;;;;;;
Grupo F;;;;;;;;;;;;;;;;;;;;;;;
Módulo Branco;;;;;;;;;;;;;;;;;;;;;;;
Pos;Times;Pts;J;V;E;D;GM;GS;;;;;;;;;;;;;;;
1; Etti Jundiaí;31;12;10;1;1;40;8;;;;;;;;;;;;;;;
2; Malutrom;22;12;6;4;2;21;15;;;;;;;;;;;;;;;
3; União Bandeirante;16;12;4;4;4;17;23;;;;;;;;;;;;;;;
4; Madureira;14;12;3;5;4;20;15;;;;;;;;;;;;;;;
5; Internacional de Limeira;13;12;3;4;5;18;17;;;;;;;;;;;;;;;
6; União Rondonópolis;10;12;3;1;8;12;28;;;;;;;;;;;;;;;
7; Comercial;10;12;3;1;8;9;31;;;;;;;;;;;;;;;
;;;;;;;;;;;;;;;;;;;;;;;
;Classificado para a segunda fase do Módulo Branco;;;;;;;;;;;;;;;;;;;;;;
Grupo G;;;;;;;;;;;;;;;;;;;;;;;
Módulo Branco;;;;;;;;;;;;;;;;;;;;;;;
Pos;Times;Pts;J;V;E;D;GM;GS;;;;;;;;;;;;;;;
1; Olímpia;20;12;5;5;2;16;11;;;;;;;;;;;;;;;
2; Friburguense;18;12;4;6;2;11;10;;;;;;;;;;;;;;;
3; Matonense;17;12;4;5;3;15;13;;;;;;;;;;;;;;;
4; São Cristovão;16;12;4;4;4;13;16;;;;;;;;;;;;;;;
5; Mogi Mirim;16;12;3;7;2;23;17;;;;;;;;;;;;;;;
6; Ipatinga;13;12;3;4;5;16;20;;;;;;;;;;;;;;;
7; União Barbarense;9;12;2;3;7;12;19;;;;;;;;;;;;;;;
;;;;;;;;;;;;;;;;;;;;;;;
;Classificado para a segunda fase do Módulo Branco;;;;;;;;;;;;;;;;;;;;;;
Grupo H;;;;;;;;;;;;;;;;;;;;;;;
Módulo Branco;;;;;;;;;;;;;;;;;;;;;;;
Pos;Times;Pts;J;V;E;D;GM;GS;;;;;;;;;;;;;;;
1; Rio Branco-PR;21;10;6;3;1;16;8;;;;;;;;;;;;;;;
2; Portuguesa Santista;19;10;5;4;1;19;9;;;;;;;;;;;;;;;
3; Santo André;12;10;3;3;4;11;14;;;;;;;;;;;;;;;
4; Ituano;11;10;3;2;5;10;10;;;;;;;;;;;;;;;
5; Olaria;11;10;3;2;5;9;10;;;;;;;;;;;;;;;
6; Internacional de Santa Maria;8;10;2;2;6;7;21;;;;;;;;;;;;;;;
;;;;;;;;;;;;;;;;;;;;;;;
;Classificado para a segunda fase do Módulo Branco;;;;;;;;;;;;;;;;;;;;;;
Grupo 1;;;;;;;;;;;;;;;;;;;;;;;
Módulo Verde;;;;;;;;;;;;;;;;;;;;;;;
Pos;Times;Pts;J;V;E;D;GM;GS;;;;;;;;;;;;;;;
1; Juazeiro;12;6;4;0;2;13;7;;;;;;;;;;;;;;;
2; Tuna Luso;12;6;4;0;2;8;9;;;;;;;;;;;;;;;
3; Ypiranga-AP;9;6;3;0;3;10;10;;;;;;;;;;;;;;;
4; Atlético Goianiense;3;6;1;0;5;7;12;;;;;;;;;;;;;;;
;;;;;;;;;;;;;;;;;;;;;;;
;Classificado para a terceira fase;;;;;;;;;;;;;;;;;;;;;;
Grupo 2;;;;;;;;;;;;;;;;;;;;;;;
Módulo Verde;;;;;;;;;;;;;;;;;;;;;;;
Pos;Times;Pts;J;V;E;D;GM;GS;;;;;;;;;;;;;;;
1; Central;10;6;3;1;2;9;7;;;;;;;;;;;;;;;
2; Tocantinópolis;9;6;3;0;3;8;10;;;;;;;;;;;;;;;
3; Corinthians-AL;8;6;2;2;2;11;9;;;;;;;;;;;;;;;
4; Dom Pedro II;6;6;1;3;2;6;8;;;;;;;;;;;;;;;
;;;;;;;;;;;;;;;;;;;;;;;
;Classificado para a terceira fase;;;;;;;;;;;;;;;;;;;;;;
Grupo 3;;;;;;;;;;;;;;;;;;;;;;;
Módulo Verde;;;;;;;;;;;;;;;;;;;;;;;
Pos;Times;Pts;J;V;E;D;GM;GS;;;;;;;;;;;;;;;
1; Moto Club;11;6;3;2;1;8;8;;;;;;;;;;;;;;;
2; Operário-MS;8;6;2;2;2;8;12;;;;;;;;;;;;;;;
3; Flamengo-PI;7;6;2;1;3;13;11;;;;;;;;;;;;;;;
4; Confiança;7;6;2;1;3;11;9;;;;;;;;;;;;;;;
;;;;;;;;;;;;;;;;;;;;;;;
;Classificado para a terceira fase;;;;;;;;;;;;;;;;;;;;;;
Grupo 4;;;;;;;;;;;;;;;;;;;;;;;
Módulo Branco;;;;;;;;;;;;;;;;;;;;;;;
Pos;Times;Pts;J;V;E;D;GM;GS;;;;;;;;;;;;;;;
1; Malutrom;14;6;4;2;0;10;3;;;;;;;;;;;;;;;
2; Rio Branco-SP;9;6;3;0;3;8;6;;;;;;;;;;;;;;;
3; Friburguense;5;6;1;2;3;4;6;;;;;;;;;;;;;;;
4; Santo André;5;6;1;2;3;5;12;;;;;;;;;;;;;;;
;;;;;;;;;;;;;;;;;;;;;;;
;Classificado para a terceira fase;;;;;;;;;;;;;;;;;;;;;;
Grupo 5;;;;;;;;;;;;;;;;;;;;;;;
Módulo Branco;;;;;;;;;;;;;;;;;;;;;;;
Pos;Times;Pts;J;V;E;D;GM;GS;;;;;;;;;;;;;;;
1; Etti Jundiaí;13;6;4;1;1;13;7;;;;;;;;;;;;;;;
2; Portuguesa Santista;8;6;2;2;2;7;7;;;;;;;;;;;;;;;
3; Juventus;7;6;2;1;3;11;7;;;;;;;;;;;;;;;
4; Matonense;5;6;1;2;3;4;14;;;;;;;;;;;;;;;
;;;;;;;;;;;;;;;;;;;;;;;
;Classificado para a terceira fase;;;;;;;;;;;;;;;;;;;;;;
Grupo 6;;;;;;;;;;;;;;;;;;;;;;;
Módulo Branco;;;;;;;;;;;;;;;;;;;;;;;
Pos;Times;Pts;J;V;E;D;GM;GS;;;;;;;;;;;;;;;
1; Uberlândia;11;6;3;2;1;11;7;;;;;;;;;;;;;;;
2; Olímpia;11;6;3;2;1;7;5;;;;;;;;;;;;;;;
3; Rio Branco-PR;11;6;3;2;1;6;5;;;;;;;;;;;;;;;
4; União Bandeirante;0;6;0;0;6;5;12;;;;;;;;;;;;;;;
;;;;;;;;;;;;;;;;;;;;;;;
;Classificado para a terceira fase;;;;;;;;;;;;;;;;;;;;;;
Grupo 1;;;;;;;;;;;;;;;;;;;;;;;
Final dos Módulos;;;;;;;;;;;;;;;;;;;;;;;
Pos;Times;Pts;J;V;E;D;GM;GS;;;;;;;;;;;;;;;
1; Uberlândia;11;6;3;2;1;10;4;;;;;;;;;;;;;;;
2; Juazeiro;11;6;3;2;1;6;4;;;;;;;;;;;;;;;
3; Olímpia;8;6;2;2;2;8;5;;;;;;;;;;;;;;;
4; Central;2;6;0;2;4;3;14;;;;;;;;;;;;;;;
;;;;;;;;;;;;;;;;;;;;;;;
;Classificado para a quarta fase;;;;;;;;;;;;;;;;;;;;;;
Grupo 2;;;;;;;;;;;;;;;;;;;;;;;
Final dos Módulos;;;;;;;;;;;;;;;;;;;;;;;
Pos;Times;Pts;J;V;E;D;GM;GS;;;;;;;;;;;;;;;
1; Malutrom;11;6;3;2;1;12;11;;;;;;;;;;;;;;;
2; Tuna Luso;9;6;3;0;3;9;11;;;;;;;;;;;;;;;
3; Etti Jundiaí;8;6;2;2;2;15;6;;;;;;;;;;;;;;;
4; Moto Club;5;6;1;2;3;9;17;;;;;;;;;;;;;;;
;;;;;;;;;;;;;;;;;;;;;;;
2001;;;;;;;;;;;;;;;;;;;;;;;
Grupo A;;;;;;;;;;;Colocações finais;;;;;;;;;;;;
Pos.;Equipes;P;J;V;E;D;GP;GC;SG;Classificação;Campeão;Etti Jundiaí;;;;;;;;;;;
1; Ypiranga-AP;23;12;7;2;3;20;14;6;Classificados à próxima fase;Vice-campeão;Mogi Mirim;;;;;;;;;;;
2; Rio Negro-RR;21;12;5;6;1;18;10;8;;Promovido(s);Etti Jundiaí;;;;;;;;;;;
3; Águia de Marabá;19;12;5;4;3;18;14;4;;;Mogi Mirim;;;;;;;;;;;
4; Rio Negro-AM;17;12;5;2;5;28;22;6;;;Guarany de Sobral;;;;;;;;;;;
5; Tiradentes-PA;15;12;4;3;5;22;17;5;;Estatísticas;;;;;;;;;;;;
6; Andirá;14;12;4;2;7;15;19;–4;;Melhor marcador;14 gols:[1];;;;;;;;;;;
7; Genus;7;12;2;1;9;13;38;–25;;;Edmilson (Brasiliense);;;;;;;;;;;
;;;;;;;;;;;;Jean Carlos (Etti Jundiaí);;;;;;;;;;;
;AGM;AND;GEN;RNE;RNR;TPA;YCL;;;;;Rodrigo Ayres (Atlético Goianiense);;;;;;;;;;;
Águia de Marabá;—;2–0;3–1;2–2;2–2;1–2;1–0;;;;Maior goleada;Juazeiro 7–0 Cachoeiro-ES;;;;;;;;;;;
Andirá;0–1;—;2–1;2–1;0–1;2–1;4–1;;;;(diferença);Estádio Adauto Moraes, Juazeiro;;;;;;;;;;;
Genus;2–2;2–1;—;2–1;1–4;0–2;1–2;;;;;21 de outubro, 1ª fase;;;;;;;;;;;
Rio Negro-AM;4–3;4–1;6–2;—;1–1;3–0;6–1;;;;;;;;;;;;;;;;
Rio Negro-RR;1–0;1–1;4–1;1–0;—;2–2;0–0;;;;;;;;;;;;;;;;
Tiradentes-PA;0–1;1–1;6–0;6–0;1–1;—;1–2;;;;;;;;;;;;;;;;
Ypiranga-AP;0–0;3–1;5–0;1–0;1–0;4–0;—;;;;;;;;;;;;;;;;
;;;;;;;;;;;;;;;;;;;;;;;
Grupo B;;;;;;;;;;;;;;;;;;;;;;;
Pos.;Equipes;P;J;V;E;D;GP;GC;SG;Classificação;;;;;;;;;;;;;
1; Ferroviário;23;10;7;2;1;12;3;9;Classificados à próxima fase;;;;;;;;;;;;;
2; Guarany de Sobral;23;10;7;2;1;15;7;8;;;;;;;;;;;;;;
3; River-PI;17;10;5;2;3;20;14;6;;;;;;;;;;;;;;
4; Caxiense;10;10;3;1;6;7;16;–9;;;;;;;;;;;;;;
5; Tocantinópolis;8;10;2;2;6;16;19;–3;;;;;;;;;;;;;;
6; Moto Club;3;10;0;3;7;5;16;–11;;;;;;;;;;;;;;
;;;;;;;;;;;;;;;;;;;;;;;
;CXM;FAC;GSO;MOT;RIV;TEC;;;;;;;;;;;;;;;;;
Caxiense;—;0–0;0–1;2–0;0–1;3–0;;;;;;;;;;;;;;;;;
Ferroviário;3–0;—;0–0;2–0;1–0;1–0;;;;;;;;;;;;;;;;;
Guarany-CE;2–1;0–1;—;2–0;2–1;2–1;;;;;;;;;;;;;;;;;
Moto Club;0–1;1–3;1–1;—;1–1;1–1;;;;;;;;;;;;;;;;;
River-PI;5–0;2–0;1–3;1–0;—;5–4;;;;;;;;;;;;;;;;;
Tocantinópolis;4–0;0–1;1–2;2–1;3–3;—;;;;;;;;;;;;;;;;;
;;;;;;;;;;;;;;;;;;;;;;;
Grupo C;;;;;;;;;;;;;;;;;;;;;;;
Pos.;Equipes;P;J;V;E;D;GP;GC;SG;Classificação;;;;;;;;;;;;;
1; Treze;21;10;6;3;1;18;8;10;Classificados à próxima fase;;;;;;;;;;;;;
2; São Gonçalo-RN;19;10;5;4;1;16;6;10;;;;;;;;;;;;;;
3; Coríntians de Caicó;19;10;5;4;1;16;9;7;;;;;;;;;;;;;;
4; Guarabira;10;10;2;4;4;11;23;–12;;;;;;;;;;;;;;
5; Botafogo-PB;6;10;1;3;6;8;13;–5;;;;;;;;;;;;;;
6; Atlético Cajazeirense;5;10;1;2;7;12;22;–10;;;;;;;;;;;;;;
;;;;;;;;;;;;;;;;;;;;;;;
;ACA;BPB;CRN;GBI;SGO;TRE;;;;;;;;;;;;;;;;;
Atlético-PB;—;0–0;2–3;2–1;1–2;2–3;;;;;;;;;;;;;;;;;
Botafogo-PB;3–0;—;0–1;2–3;0–1;0–1;;;;;;;;;;;;;;;;;
Coríntians-RN;3–2;3–0;—;1–1;1–1;3–1;;;;;;;;;;;;;;;;;
Guarabira;1–1;3–2;0–0;—;0–6;0–3;;;;;;;;;;;;;;;;;
São Gonçalo-RN;3–1;0–0;2–1;1–1;—;0–0;;;;;;;;;;;;;;;;;
Treze;3–1;1–1;0–0;5–1;1–0;—;;;;;;;;;;;;;;;;;
;;;;;;;;;;;;;;;;;;;;;;;
Grupo D;;;;;;;;;;;;;;;;;;;;;;;
Pos.;Equipes;P;J;V;E;D;GP;GC;SG;Classificação;;;;;;;;;;;;;
1; Corinthians-AL;18;10;6;0;4;21;21;0;Classificados à próxima fase;;;;;;;;;;;;;
2; Confiança;17;10;5;3;2;14;11;3;;;;;;;;;;;;;;
3; ASA;15;10;5;0;5;14;15;–1;;;;;;;;;;;;;;
4; Central;14;10;4;2;4;16;12;4;;;;;;;;;;;;;;
5; CSA;12;10;4;0;6;13;16;–6;;;;;;;;;;;;;;
6; Itabaiana;11;10;3;2;5;17;20;–3;;;;;;;;;;;;;;
;;;;;;;;;;;;;;;;;;;;;;;
;ASA;CEN;CON;CTS;CSA;ITA;;;;;;;;;;;;;;;;;
ASA;—;1–3;2–1;1–0;1–3;2–1;;;;;;;;;;;;;;;;;
Central;0–1;—;2–1;6–0;1–2;2–1;;;;;;;;;;;;;;;;;
Confiança;2–1;0–0;—;4–1;1–0;2–2;;;;;;;;;;;;;;;;;
Corinthians-AL;4–3;1–0;3–0;—;3–2;5–2;;;;;;;;;;;;;;;;;
CSA;0–2;3–0;0–2;1–0;—;2–3;;;;;;;;;;;;;;;;;
Itabaiana;1–0;2–2;0–3;2–4;3–0;—;;;;;;;;;;;;;;;;;
;;;;;;;;;;;;;;;;;;;;;;;
Grupo E;;;;;;;;;;;;;;;;;;;;;;;
Pos.;Equipes;P;J;V;E;D;GP;GC;SG;Classificação;;;;;;;;;;;;;
1; Brasiliense;29;12;9;2;1;29;10;19;Classificados à próxima fase;;;;;;;;;;;;;
2; Atlético Goianiense;21;12;5;6;1;13;8;5;;;;;;;;;;;;;;
3; CENE;18;12;5;3;4;20;17;3;;;;;;;;;;;;;;
4; Goiânia;16;12;4;4;4;10;14;–4;;;;;;;;;;;;;;
5; União Rondonópolis;11;12;3;2;7;6;18;–12;;;;;;;;;;;;;;
6; Comercial-MS;11;12;2;5;5;11;12;–1;;;;;;;;;;;;;;
7; Real-GO;8;12;2;2;8;13;23;–10;;;;;;;;;;;;;;
;;;;;;;;;;;;;;;;;;;;;;;
;ATG;BRS;CENE;ECC;GNA;REA;UNR;;;;;;;;;;;;;;;;
Atlético-GO;—;2–0;2–1;1–1;0–0;1–1;1–0;;;;;;;;;;;;;;;;
Brasiliense;2–1;—;1–1;2–1;4–0;3–2;5–0;;;;;;;;;;;;;;;;
CENE;2–2;1–2;—;1–3;2–0;2–1;3–0;;;;;;;;;;;;;;;;
Comercial-MS;1–1;0–0;2–3;—;1–1;1–2;0–1;;;;;;;;;;;;;;;;
Goiânia;0–0;0–4;1–3;0–0;—;4–0;2–0;;;;;;;;;;;;;;;;
Real-GO;0–1;1–3;3–1;0–2;1–2;—;1–1;;;;;;;;;;;;;;;;
União Rondonópolis;0–1;1–3;0–0;1–0;0–1;2–1;—;;;;;;;;;;;;;;;;
;;;;;;;;;;;;;;;;;;;;;;;
Grupo F;;;;;;;;;;;;;;;;;;;;;;;
Pos.;Equipes;P;J;V;E;D;GP;GC;SG;Classificação;;;;;;;;;;;;;
1; Juazeiro;22;10;7;1;2;28;13;15;Classificados à próxima fase;;;;;;;;;;;;;
2; Independente-BA;19;10;6;1;3;17;9;8;;;;;;;;;;;;;;
3; Catuense;16;10;5;1;4;13;13;0;;;;;;;;;;;;;;
4; Colo Colo;12;10;3;3;4;12;14;–2;;;;;;;;;;;;;;
5; Estrela do Norte;8;10;2;2;6;8;15;–7;;;;;;;;;;;;;;
6; Cachoeiro-ES;7;10;1;4;5;8;22;–14;;;;;;;;;;;;;;
;;;;;;;;;;;;;;;;;;;;;;;
;CCH;CAT;CCL;ENO;IBA;JUA;;;;;;;;;;;;;;;;;
Cachoeiro-ES;—;1–2;1–0;0–0;0–2;3–5;;;;;;;;;;;;;;;;;
Catuense;0–0;—;0–1;2–0;2–1;3–0;;;;;;;;;;;;;;;;;
Colo Colo;0–0;3–1;—;1–0;1–1;3–3;;;;;;;;;;;;;;;;;
Estrela do Norte;3–3;1–2;2–1;—;1–3;1–0;;;;;;;;;;;;;;;;;
Independente-BA;3–0;2–0;3–1;1–0;—;1–2;;;;;;;;;;;;;;;;;
Juazeiro;7–0;4–1;3–1;2–0;2–0;—;;;;;;;;;;;;;;;;;
;;;;;;;;;;;;;;;;;;;;;;;
Grupo G;;;;;;;;;;;;;;;;;;;;;;;
Pos.;Equipes;P;J;V;E;D;GP;GC;SG;Classificação;;;;;;;;;;;;;
1; Etti Jundiaí;26;12;8;2;2;22;9;13;Classificados à próxima fase;;;;;;;;;;;;;
2; Madureira;25;12;8;1;3;19;9;10;;;;;;;;;;;;;;
3; Santo André;23;12;7;2;3;20;11;9;;;;;;;;;;;;;;
4; Atlético Sorocaba;15;12;4;3;5;15;18;–3;;;;;;;;;;;;;;
5; Olaria;14;12;4;2;6;11;16;–5;;;;;;;;;;;;;;
6; America;9;12;2;3;7;7;21;–14;;;;;;;;;;;;;;
7; Bangu;7;12;2;1;9;9;19;–10;;;;;;;;;;;;;;
;;;;;;;;;;;;;;;;;;;;;;;
;AME;ASO;BAN;EJU;MAD;OLA;SAD;;;;;;;;;;;;;;;;
America;—;1–1;1–0;1–0;0–1;1–2;1–1;;;;;;;;;;;;;;;;
Atlético Sorocaba;4–0;—;4–0;0–0;0–0;0–1;1–4;;;;;;;;;;;;;;;;
Bangu;4–1;0–2;—;1–2;0–2;0–1;0–1;;;;;;;;;;;;;;;;
Etti Jundiaí;4–0;2–0;3–0;—;3–1;2–1;1–2;;;;;;;;;;;;;;;;
Madureira;2–0;5–2;1–0;1–2;—;2–1;0–1;;;;;;;;;;;;;;;;
Olaria;1–1;0–1;0–3;1–1;0–2;—;3–0;;;;;;;;;;;;;;;;
Santo André;1–0;5–0;1–1;1–2;0–2;3–0;—;;;;;;;;;;;;;;;;
;;;;;;;;;;;;;;;;;;;;;;;
Grupo H;;;;;;;;;;;;;;;;;;;;;;;
Pos.;Equipes;P;J;V;E;D;GP;GC;SG;Classificação;;;;;;;;;;;;;
1; Ipatinga;24;12;7;3;2;22;9;13;Classificados à próxima fase;;;;;;;;;;;;;
2; Uberlândia;24;12;7;3;2;20;13;7;;;;;;;;;;;;;;
3; Villa Nova;18;12;4;6;2;14;6;8;;;;;;;;;;;;;;
4; Atlético Três Corações;15;12;4;3;5;11;18;–7;;;;;;;;;;;;;;
5; Mamoré;12;12;2;6;4;14;19;–5;;;;;;;;;;;;;;
6; Tupi;11;12;2;5;5;13;17;–4;;;;;;;;;;;;;;
7; Uberaba;7;12;1;4;7;16;28;–12;;;;;;;;;;;;;;
;;;;;;;;;;;;;;;;;;;;;;;
;ATC;IPA;MAM;TUP;USC;UEC;VNO;;;;;;;;;;;;;;;;
Atlético Três Corações;—;1–1;0–0;1–0;2–1;1–0;0–0;;;;;;;;;;;;;;;;
Ipatinga;3–2;—;5–1;4–0;2–1;2–2;0–0;;;;;;;;;;;;;;;;
Mamoré;1–2;0–3;—;1–1;4–1;1–1;1–0;;;;;;;;;;;;;;;;
Tupi;2–1;0–1;2–2;—;4–1;0–1;1–1;;;;;;;;;;;;;;;;
Uberaba;2–1;0–1;2–2;2–2;—;1–1;1–1;;;;;;;;;;;;;;;;
Uberlândia;3–0;1–0;2–1;2–1;5–3;—;1–3;;;;;;;;;;;;;;;;
Villa Nova;5–0;1–0;0–0;0–0;3–1;0–1;—;;;;;;;;;;;;;;;;
;;;;;;;;;;;;;;;;;;;;;;;
Grupo I;;;;;;;;;;;;;;;;;;;;;;;
Pos.;Equipes;P;J;V;E;D;GP;GC;SG;Classificação;;;;;;;;;;;;;
1; Mogi Mirim;22;10;7;1;2;28;13;15;Classificados à próxima fase;;;;;;;;;;;;;
2; União Bandeirante;19;10;6;1;3;17;9;8;;;;;;;;;;;;;;
3; Friburguense;16;10;5;1;4;13;13;0;;;;;;;;;;;;;;
4; Ituano;12;10;3;3;4;12;14;–2;;;;;;;;;;;;;;
5; Rio Branco-SP;8;10;2;2;6;8;15;–7;;;;;;;;;;;;;;
6; Volta Redonda;7;10;1;4;5;8;22;–14;;;;;;;;;;;;;;
;;;;;;;;;;;;;;;;;;;;;;;
;FRI;ITU;MOG;RBS;UBN;VRE;;;;;;;;;;;;;;;;;
Friburguense;—;0–0;3–0;1–0;2–2;0–0;;;;;;;;;;;;;;;;;
Ituano;1–1;—;0–0;0–0;3–0;2–0;;;;;;;;;;;;;;;;;
Mogi Mirim;2–0;1–0;—;1–0;4–1;2–1;;;;;;;;;;;;;;;;;
Rio Branco-SP;0–0;1–2;3–1;—;1–2;3–1;;;;;;;;;;;;;;;;;
União Bandeirante;5–2;2–1;1–1;0–0;—;3–0;;;;;;;;;;;;;;;;;
Volta Redonda;1–2;1–0;1–2;1–1;1–2;—;;;;;;;;;;;;;;;;;
;;;;;;;;;;;;;;;;;;;;;;;
Grupo J;;;;;;;;;;;;;;;;;;;;;;;
Pos.;Equipes;P;J;V;E;D;GP;GC;SG;Classificação;;;;;;;;;;;;;
1; Tubarão FC;25;12;7;4;1;20;9;11;Classificados à próxima fase;;;;;;;;;;;;;
2; Brasil de Pelotas;22;12;6;4;2;13;9;4;;;;;;;;;;;;;;
3; Iraty;19;12;5;4;3;21;18;3;;;;;;;;;;;;;;
4; São José-RS;15;12;4;3;5;14;18;–4;;;;;;;;;;;;;;
5; Pelotas;14;12;3;5;4;11;12;–1;;;;;;;;;;;;;;
6; Passo Fundo;10;12;2;4;6;8;17;–9;;;;;;;;;;;;;;
7; Marcílio Dias;9;12;2;2;8;13;17;–4;;;;;;;;;;;;;;
;;;;;;;;;;;;;;;;;;;;;;;
;BPE;IRA;MDI;PFU;PEL;SJO;TFC;;;;;;;;;;;;;;;;
Brasil de Pelotas;—;2–0;1–0;2–1;1–0;1–0;1–1;;;;;;;;;;;;;;;;
Iraty;2–2;—;1–0;2–2;2–2;4–1;4–2;;;;;;;;;;;;;;;;
Marcílio Dias;3–1;2–2;—;4–0;0–1;1–2;2–3;;;;;;;;;;;;;;;;
Passo Fundo;1–0;1–2;0–0;—;0–0;2–0;1–2;;;;;;;;;;;;;;;;
Pelotas;0–1;0–1;3–1;0–0;—;1–1;0–0;;;;;;;;;;;;;;;;
São José-RS;0–0;2–1;1–0;4–0;3–4;—;0–0;;;;;;;;;;;;;;;;
Tubarão FC;1–1;2–0;2–0;1–0;2–0;4–0;—;;;;;;;;;;;;;;;;
;;;;;;;;;;;;;;;;;;;;;;;
2002;;;;;;;;;;;;;;;;;;;;;;;
Grupo 1 - Acre/Amazonas/Rondônia/Roraima;;;;;;;;;;Colocações finais;;A maior goleada do Campeonato Brasileiro Série C de 2002 foi a vitória do Santa Inês por 8 a 0 sobre o Tocantins-MA. [1];;;;;;;;;;;
Classificação - Chave 1;;;;;;;;;;Campeão; Brasiliense;;;;;;;;;;;;
Time;;PG;J;;;;;;;Vice-campeão; Marília;;;;;;;;;;;;
1; Nacional-AM;22;8;;;;;;;Estatísticas;;;;;;;;;;;;;
2; Atlético Roraima;12;8;;;;;;;Melhor marcador;Túlio Maravilha (Brasiliense);;;;;;;;;;;;
3; Rio Negro-AM;9;8;;;;;;;;Wellington Dias (Brasiliense) - 11 gols;;;;;;;;;;;;
4; Ji-Paraná;8;8;;;;;;;;;;;;;;;;;;;;
5; Andirá;3;8;;;;;;;;;;;;;;;;;;;;
"PG - pontos ganhos; J - jogos; V - vitórias; E - empates; D - derrotas; GP - gols pró; GC - gols contra; SG - saldo de gols";;;;;;;;;;;;;;;;;;;;;;;
Grupo 2 - Amapá/Pará/Tocantins;;;;;;;;;;;;;;;;;;;;;;;
Classificação - Chave 1;;;;;;;;;;;;;;;;;;;;;;;
Time;;PG;J;;;;;;;;;;;;;;;;;;;;
1; Tuna Luso;11;6;;;;;;;;;;;;;;;;;;;;
2; Tocantinópolis;10;6;;;;;;;;;;;;;;;;;;;;
3; Ypiranga-AP;9;6;;;;;;;;;;;;;;;;;;;;
4; Águia de Marabá;4;6;;;;;;;;;;;;;;;;;;;;
"PG - pontos ganhos; J - jogos; V - vitórias; E - empates; D - derrotas; GP - gols pró; GC - gols contra; SG - saldo de gols";;;;;;;;;;;;;;;;;;;;;;;
Grupo 3 - Maranhão [2];;;;;;;;;;;;;;;;;;;;;;;
Classificação - Chave 1;;;;;;;;;;;;;;;;;;;;;;;
Time;;PG;J;;;;;;;;;;;;;;;;;;;;
1; Santa Inês;12;4;;;;;;;;;;;;;;;;;;;;
2; Tocantins-MA;4;4;;;;;;;;;;;;;;;;;;;;
3; Imperatriz;1;4;;;;;;;;;;;;;;;;;;;;
"PG - pontos ganhos; J - jogos; V - vitórias; E - empates; D - derrotas; GP - gols pró; GC - gols contra; SG - saldo de gols";;;;;;;;;;;;;;;;;;;;;;;
Grupo 4 - Ceará/Maranhão/Piauí [3];;;;;;;;;;;;;;;;;;;;;;;
Classificação - Chave 1;;;;;;;;;;;;;;;;;;;;;;;
Time;;PG;J;;;;;;;;;;;;;;;;;;;;
1; Ferroviário;8;4;;;;;;;;;;;;;;;;;;;;
2; River-PI;5;4;;;;;;;;;;;;;;;;;;;;
3; Maranhão;2;4;;;;;;;;;;;;;;;;;;;;
"PG - pontos ganhos; J - jogos; V - vitórias; E - empates; D - derrotas; GP - gols pró; GC - gols contra; SG - saldo de gols";;;;;;;;;;;;;;;;;;;;;;;
Grupo 5 - Paraíba/Rio Grande do Norte [4];;;;;;;;;;;;;;;;;;;;;;;
Classificação - Chave 1;;;;;;;;;;;;;;;;;;;;;;;
Time;;PG;J;;;;;;;;;;;;;;;;;;;;
1; Treze;14;6;;;;;;;;;;;;;;;;;;;;
2; ABC;9;6;;;;;;;;;;;;;;;;;;;;
3; Atlético Cajazeirense;6;6;;;;;;;;;;;;;;;;;;;;
4; Botafogo-PB;2;6;;;;;;;;;;;;;;;;;;;;
"PG - pontos ganhos; J - jogos; V - vitórias; E - empates; D - derrotas; GP - gols pró; GC - gols contra; SG - saldo de gols";;;;;;;;;;;;;;;;;;;;;;;
Grupo 6 - Alagoas/Sergipe;;;;;;;;;;;;;;;;;;;;;;;
Classificação - Chave 1;;;;;;;;;;;;;;;;;;;;;;;
Time;;PG;J;;;;;;;;;;;;;;;;;;;;
1; Confiança;11;6;;;;;;;;;;;;;;;;;;;;
2; CSA;11;6;;;;;;;;;;;;;;;;;;;;
3; Corinthians-AL;6;6;;;;;;;;;;;;;;;;;;;;
4; Sergipe;3;6;;;;;;;;;;;;;;;;;;;;
"PG - pontos ganhos; J - jogos; V - vitórias; E - empates; D - derrotas; GP - gols pró; GC - gols contra; SG - saldo de gols";;;;;;;;;;;;;;;;;;;;;;;
Grupo 7 - Bahia/Sergipe;;;;;;;;;;;;;;;;;;;;;;;
Classificação - Chave 1;;;;;;;;;;;;;;;;;;;;;;;
Time;;PG;J;;;;;;;;;;;;;;;;;;;;
1; Itabaiana;10;6;;;;;;;;;;;;;;;;;;;;
2; Fluminense de Feira;9;6;;;;;;;;;;;;;;;;;;;;
3; Palmeiras do Nordeste;9;6;;;;;;;;;;;;;;;;;;;;
4; Colo Colo;3;6;;;;;;;;;;;;;;;;;;;;
"PG - pontos ganhos; J - jogos; V - vitórias; E - empates; D - derrotas; GP - gols pró; GC - gols contra; SG - saldo de gols";;;;;;;;;;;;;;;;;;;;;;;
Grupo 8 - Espírito Santo/Minas Gerais [5];;;;;;;;;;;;;;;;;;;;;;;
Classificação - Chave 1;;;;;;;;;;;;;;;;;;;;;;;
Time;;PG;J;;;;;;;;;;;;;;;;;;;;
1; Ipatinga;6;4;;;;;;;;;;;;;;;;;;;;
2; Tupi;5;4;;;;;;;;;;;;;;;;;;;;
3; Rio Branco-ES;4;4;;;;;;;;;;;;;;;;;;;;
"PG - pontos ganhos; J - jogos; V - vitórias; E - empates; D - derrotas; GP - gols pró; GC - gols contra; SG - saldo de gols";;;;;;;;;;;;;;;;;;;;;;;
Grupo 9 - Distrito Federal/Goiás;;;;;;;;;;;;;;;;;;;;;;;
Classificação - Chave 1;;;;;;;;;;;;;;;;;;;;;;;
Time;;PG;J;;;;;;;;;;;;;;;;;;;;
1; Brasiliense;13;6;;;;;;;;;;;;;;;;;;;;
2; Anápolis;12;6;;;;;;;;;;;;;;;;;;;;
3; CFZ de Brasília;10;6;;;;;;;;;;;;;;;;;;;;
4; Grêmio Inhumense;0;6;;;;;;;;;;;;;;;;;;;;
"PG - pontos ganhos; J - jogos; V - vitórias; E - empates; D - derrotas; GP - gols pró; GC - gols contra; SG - saldo de gols";;;;;;;;;;;;;;;;;;;;;;;
Grupo 10 - Goiás/Mato Grosso/Mato Grosso do Sul [6];;;;;;;;;;;;;;;;;;;;;;;
Classificação - Chave 1;;;;;;;;;;;;;;;;;;;;;;;
Time;;PG;J;;;;;;;;;;;;;;;;;;;;
1; Novo Horizonte;6;4;;;;;;;;;;;;;;;;;;;;
2; CENE;4;4;;;;;;;;;;;;;;;;;;;;
3; União Rondonópolis;3;4;;;;;;;;;;;;;;;;;;;;
"PG - pontos ganhos; J - jogos; V - vitórias; E - empates; D - derrotas; GP - gols pró; GC - gols contra; SG - saldo de gols";;;;;;;;;;;;;;;;;;;;;;;
Grupo 11 - Goiás/Minas Gerais;;;;;;;;;;;;;;;;;;;;;;;
Classificação - Chave 1;;;;;;;;;;;;;;;;;;;;;;;
Time;;PG;J;;;;;;;;;;;;;;;;;;;;
1; Villa Nova;9;6;;;;;;;;;;;;;;;;;;;;
2; Atlético Goianiense;9;6;;;;;;;;;;;;;;;;;;;;
3; Uberlândia;8;6;;;;;;;;;;;;;;;;;;;;
4; Goiânia;6;6;;;;;;;;;;;;;;;;;;;;
"PG - pontos ganhos; J - jogos; V - vitórias; E - empates; D - derrotas; GP - gols pró; GC - gols contra; SG - saldo de gols";;;;;;;;;;;;;;;;;;;;;;;
Grupo 12 - Rio de Janeiro;;;;;;;;;;;;;;;;;;;;;;;
Classificação - Chave 1;;;;;;;;;;;;;;;;;;;;;;;
Time;;PG;J;;;;;;;;;;;;;;;;;;;;
1; Olaria;12;6;;;;;;;;;;;;;;;;;;;;
2; Bangu;9;6;;;;;;;;;;;;;;;;;;;;
3; Volta Redonda;6;6;;;;;;;;;;;;;;;;;;;;
4; America;4;6;;;;;;;;;;;;;;;;;;;;
"PG - pontos ganhos; J - jogos; V - vitórias; E - empates; D - derrotas; GP - gols pró; GC - gols contra; SG - saldo de gols";;;;;;;;;;;;;;;;;;;;;;;
Grupo 13 - São Paulo;;;;;;;;;;;;;;;;;;;;;;;
Classificação - Chave 1;;;;;;;;;;;;;;;;;;;;;;;
Time;;PG;J;;;;;;;;;;;;;;;;;;;;
1; Atlético Sorocaba;8;6;;;;;;;;;;;;;;;;;;;;
2; Ituano;7;6;;;;;;;;;;;;;;;;;;;;
3; Comercial;7;6;;;;;;;;;;;;;;;;;;;;
4; Inter de Limeira;6;6;;;;;;;;;;;;;;;;;;;;
"PG - pontos ganhos; J - jogos; V - vitórias; E - empates; D - derrotas; GP - gols pró; GC - gols contra; SG - saldo de gols";;;;;;;;;;;;;;;;;;;;;;;
Grupo 14 - São Paulo;;;;;;;;;;;;;;;;;;;;;;;
Classificação - Chave 1;;;;;;;;;;;;;;;;;;;;;;;
Time;;PG;J;;;;;;;;;;;;;;;;;;;;
1; Rio Branco-SP;13;6;;;;;;;;;;;;;;;;;;;;
2; Marília;11;6;;;;;;;;;;;;;;;;;;;;
3; Ferroviária;7;6;;;;;;;;;;;;;;;;;;;;
4; Santo André;1;6;;;;;;;;;;;;;;;;;;;;
"PG - pontos ganhos; J - jogos; V - vitórias; E - empates; D - derrotas; GP - gols pró; GC - gols contra; SG - saldo de gols";;;;;;;;;;;;;;;;;;;;;;;
Grupo 15 - Paraná;;;;;;;;;;;;;;;;;;;;;;;
Classificação - Chave 1;;;;;;;;;;;;;;;;;;;;;;;
Time;;PG;J;;;;;;;;;;;;;;;;;;;;
1; Iraty;13;6;;;;;;;;;;;;;;;;;;;;
2; União Bandeirante;8;6;;;;;;;;;;;;;;;;;;;;
3; Ponta Grossa;6;6;;;;;;;;;;;;;;;;;;;;
4; Grêmio Maringá;5;6;;;;;;;;;;;;;;;;;;;;
"PG - pontos ganhos; J - jogos; V - vitórias; E - empates; D - derrotas; GP - gols pró; GC - gols contra; SG - saldo de gols";;;;;;;;;;;;;;;;;;;;;;;
Grupo 16 - Rio Grande do Sul/Santa Catarina;;;;;;;;;;;;;;;;;;;;;;;
Classificação - Chave 1;;;;;;;;;;;;;;;;;;;;;;;
Time;;PG;J;;;;;;;;;;;;;;;;;;;;
1; Ulbra;15;6;;;;;;;;;;;;;;;;;;;;
2; Brasil de Pelotas;13;6;;;;;;;;;;;;;;;;;;;;
3; São Gabriel;3;6;;;;;;;;;;;;;;;;;;;;
4; Tubarão FC;2;6;;;;;;;;;;;;;;;;;;;;
"PG - pontos ganhos; J - jogos; V - vitórias; E - empates; D - derrotas; GP - gols pró; GC - gols contra; SG - saldo de gols";;;;;;;;;;;;;;;;;;;;;;;
;;;;;;;;;;;;;;;;;;;;;;;
2003;;;;;;;;;;;;;;;;;;;;;;;
Tabela de classificação;;;;;;;;;;Colocações finais;;;;;;;;;;;;;
C.;Time;PG;J;V;E;D;GP;GC;SG;Campeão; Ituano;;;;;;;;;;;;
1; Ituano;32;18;10;2;6;27;23;4;Vice-campeão; Santo André;;;;;;;;;;;;
2; Santo André;26;18;8;3;8;27;19;8;Estatísticas;;;;;;;;;;;;;
3; Botafogo;33;18;10;3;5;34;25;9;Melhor marcador;Nílson Sergipano (Botafogo) - 11 gols;;;;;;;;;;;;
4; Campinense;30;18;10;0;8;27;16;11;A maior goleada registrada no Campeonato Brasileiro da Série C de 2003 foi a vitória do Villa Nova-MG sobre a Desportiva-ES por 6 a 1;;;;;;;;;;;;;
5; RS Futebol;29;14;9;2;3;25;15;10;;;;;;;;;;;;;;
6; Bragantino;23;12;7;2;3;20;15;5;;;;;;;;;;;;;;
7; Palmas;21;12;6;3;3;22;21;1;;;;;;;;;;;;;;
8; Tuna Luso;18;12;5;3;4;11;10;1;;;;;;;;;;;;;;
9; Cabofriense;21;12;6;3;3;17;12;5;;;;;;;;;;;;;;
10; Confiança;21;12;7;0;5;13;14;-1;;;;;;;;;;;;;;
11; CFZ;20;10;6;2;2;15;6;9;;;;;;;;;;;;;;
12; Tupi;20;12;6;2;4;19;13;6;;;;;;;;;;;;;;
13; Imperatriz;20;6;6;2;2;15;10;5;;;;;;;;;;;;;;
14; Itapipoca;18;10;5;3;2;12;10;2;;;;;;;;;;;;;;
15; Americano;22;10;7;1;2;19;12;7;;;;;;;;;;;;;;
16; Olaria;20;8;6;2;2;13;9;4;;;;;;;;;;;;;;
17; Rio Branco;18;10;5;3;2;13;9;4;;;;;;;;;;;;;;
18; Viana;15;8;4;3;1;9;8;1;;;;;;;;;;;;;;
19; CENE;15;10;4;3;3;8;7;1;;;;;;;;;;;;;;
20; Pelotas;15;10;4;3;3;10;12;-2;;;;;;;;;;;;;;
21; União Bandeirante;14;10;4;2;4;10;10;0;;;;;;;;;;;;;;
22; Botafogo;12;8;3;3;2;7;9;-2;;;;;;;;;;;;;;
23; Rio Branco;11;8;3;2;3;10;8;2;;;;;;;;;;;;;;
24; Guarany;11;8;2;5;1;10;8;2;;;;;;;;;;;;;;
25; Sergipe;11;8;3;2;3;12;11;1;;;;;;;;;;;;;;
26; Ituiutaba;11;8;3;2;3;10;11;-1;;;;;;;;;;;;;;
27; Chapadão;10;8;2;4;2;7;6;1;;;;;;;;;;;;;;
28; ASA;9;8;2;3;3;7;9;-2;;;;;;;;;;;;;;
29; Ipatinga;16;8;5;1;2;11;6;5;;;;;;;;;;;;;;
30; Juazeiro;15;8;5;0;3;12;6;6;;;;;;;;;;;;;;
31; Nacional;15;8;4;3;1;11;6;5;;;;;;;;;;;;;;
32; União Barbarense;15;8;4;3;1;11;7;4;;;;;;;;;;;;;;
33; Estrela do Norte;14;8;4;2;2;8;9;-1;;;;;;;;;;;;;;
34; Goytacaz;13;8;4;1;3;9;7;2;;;;;;;;;;;;;;
35; Sousa;12;6;4;0;2;7;7;0;;;;;;;;;;;;;;
36; Sertãozinho;11;6;3;2;1;10;10;0;;;;;;;;;;;;;;
37; Macaé;11;8;3;2;3;9;9;0;;;;;;;;;;;;;;
38; Comercial;11;8;3;2;3;6;10;-4;;;;;;;;;;;;;;
39; Flamengo;10;6;3;1;2;10;6;4;;;;;;;;;;;;;;
40; Tocantinópolis;10;6;3;1;2;13;11;2;;;;;;;;;;;;;;
41; Atlético Sorocaba;10;6;3;1;2;6;4;2;;;;;;;;;;;;;;
42; Cuiabá;10;6;3;1;2;10;9;1;;;;;;;;;;;;;;
43; Internacional;10;6;3;1;2;6;5;1;;;;;;;;;;;;;;
44; Treze;10;6;3;1;2;6;9;-3;;;;;;;;;;;;;;
45; Caxias FC;9;6;2;3;1;11;10;1;;;;;;;;;;;;;;
46; Atlético Roraima;9;6;3;0;3;9;10;-1;;;;;;;;;;;;;;
47; Friburguense;8;6;2;2;2;6;5;2;;;;;;;;;;;;;;
48; Atlético;8;6;2;2;2;9;9;0;;;;;;;;;;;;;;
49; Chapadinha;8;6;2;2;2;5;5;0;;;;;;;;;;;;;;
50; ABC;8;6;2;2;2;6;7;-1;;;;;;;;;;;;;;
51; River;7;6;2;1;2;5;4;1;;;;;;;;;;;;;;
52; CSA;6;6;1;3;2;11;12;-1;;;;;;;;;;;;;;
53; Volta Redonda;5;6;1;2;3;7;5;2;;;;;;;;;;;;;;
54; Sampaio Corrêa;5;6;1;2;3;4;7;-3;;;;;;;;;;;;;;
55; Uberlândia;5;6;1;2;3;4;10;-6;;;;;;;;;;;;;;
56; Ulbra;4;6;0;4;2;5;7;-2;;;;;;;;;;;;;;
57; Rio Branco;10;6;3;1;2;8;8;0;;;;;;;;;;;;;;
58; Operário;8;6;2;2;2;6;5;1;;;;;;;;;;;;;;
59; Portuguesa;8;6;2;2;2;10;10;0;;;;;;;;;;;;;;
60; Desportiva;7;6;2;1;3;9;9;0;;;;;;;;;;;;;;
61; Itabaiana;7;6;2;1;3;6;6;0;;;;;;;;;;;;;;
62; São José;7;6;2;1;3;5;7;-2;;;;;;;;;;;;;;
63; America;7;6;2;1;3;5;7;-3;;;;;;;;;;;;;;
64; Grêmio Maringá;5;6;1;2;3;7;8;-1;;;;;;;;;;;;;;
65; Central;4;4;1;1;2;5;4;1;;;;;;;;;;;;;;
66; Francana;4;4;1;1;2;4;4;0;;;;;;;;;;;;;;
67; Taveirópolis;4;6;1;1;4;8;9;-1;;;;;;;;;;;;;;
68; Catuense;4;4;1;1;2;6;7;-1;;;;;;;;;;;;;;
69; São Gonçalo FC;4;4;1;1;2;4;5;-1;;;;;;;;;;;;;;
70; XV de Novembro;4;4;1;1;2;2;3;-1;;;;;;;;;;;;;;
71; Rio Negro;4;6;1;1;4;10;12;-2;;;;;;;;;;;;;;
72; Jaciara;4;4;1;1;2;5;7;-2;;;;;;;;;;;;;;
73; Santa Inês;4;4;1;1;2;4;6;-2;;;;;;;;;;;;;;
74; Uberaba;4;4;1;1;2;3;5;-2;;;;;;;;;;;;;;
75; Rio Branco;4;4;1;1;2;2;5;-3;;;;;;;;;;;;;;
76; Iraty;4;6;1;1;4;5;9;-4;;;;;;;;;;;;;;
77; CFA;4;6;1;1;4;4;11;-7;;;;;;;;;;;;;;
78; Lagartense;4;6;1;1;3;4;11;-7;;;;;;;;;;;;;;
79; Marcílio Dias;3;4;0;3;1;3;4;-1;;;;;;;;;;;;;;
80; Bangu;3;6;0;3;3;4;8;-4;;;;;;;;;;;;;;
81; Serra;3;6;0;3;3;2;8;-6;;;;;;;;;;;;;;
82; Portuguesa Santista;3;4;1;0;3;1;7;-6;;;;;;;;;;;;;;
83; Caxiense;3;4;1;0;3;1;8;-7;;;;;;;;;;;;;;
84; Ferroviário;2;4;0;2;2;4;6;-2;;;;;;;;;;;;;;
85; Comercial;2;4;0;2;2;4;6;-2;;;;;;;;;;;;;;
86; Anápolis;2;4;0;2;2;7;10;-3;;;;;;;;;;;;;;
87; Brasil;2;6;0;2;4;7;12;-5;;;;;;;;;;;;;;
88; Ypiranga;1;4;0;1;3;4;8;-4;;;;;;;;;;;;;;
89; Goiatuba;1;4;0;1;3;3;7;-4;;;;;;;;;;;;;;
90; Villa Nova;1;6;0;1;5;2;11;-9;;;;;;;;;;;;;;
91; Maranhão;0;4;0;0;4;1;5;-4;;;;;;;;;;;;;;
92; Corinthians;0;4;0;0;4;1;6;-5;;;;;;;;;;;;;;
93; Rio Branco;0;6;0;0;6;5;15;-10;;;;;;;;;;;;;;
NP; Parnahyba SC;Desistiram de participar.;;;;;;;;;;;;;;;;;;;;;
;;;;;;;;;;;;;;;;;;;;;;;
;;;;;;;;;;;;;;;;;;;;;;;
2004;;;;;;;;;;;;;;;;;;;;;;;
Primeira Fase;;;;;;;;;;;;;;;;;;;;;;;
Grupo 1;;;;;;;;;;238;;;;;;;;;;;;;
Time;;PG;J;V;E;D;GP;GC;SG;Colocações finais;;;;;;;;;;;;;
1; Grêmio Coariense;8;4;2;2;0;5;4;2;Campeão; União Barbarense;;;;;;;;;;;;
2; Rio Branco-AC;4;4;1;1;2;5;6;-1;Vice-campeão; Gama;;;;;;;;;;;;
3; Nacional-AM;3;4;0;3;1;6;7;-1;Estatísticas;;;;;;;;;;;;;
"PG - pontos ganhos; J - jogos; V - vitórias; E - empates; D - derrotas; GP - gols pró; GC - gols contra; SG - saldo de gols";;;;;;;;;;Melhor marcador;Frontini (União Barbarense);;;;;;;;;;;;
Grupo 2;;;;;;;;;;;Marciano (Limoeiro);;;;;;;;;;;;
Time;;PG;J;V;E;D;GP;GC;SG;;Vítor (Gama);;;;;;;;;;;;
1; Atlético Roraima;2;2;0;2;0;1;1;0;;- 10 gols;;;;;;;;;;;;
2; Trem;2;2;0;2;0;1;1;0;Maiores goleadas;;;;;;;;;;;;;
"PG - pontos ganhos; J - jogos; V - vitórias; E - empates; D - derrotas; GP - gols pró; GC - gols contra; SG - saldo de gols";;;;;;;;;;Gama-DF 7 - 1Limoeiro;;;;;;;;;;;;;
Grupo 3;;;;;;;;;;Moto Club-MA 7 - 1 Tuna Luso-PA;;;;;;;;;;;;;
Time;;PG;J;V;E;D;GP;GC;SG;;;;;;;;;;;;;;
1; União Rondonópolis;9;4;3;0;1;10;2;8;;;;;;;;;;;;;;
2; Cuiabá;9;4;3;0;1;6;3;3;;;;;;;;;;;;;;
3; Ji-Paraná;0;4;0;0;4;0;11;-11;;;;;;;;;;;;;;
"PG - pontos ganhos; J - jogos; V - vitórias; E - empates; D - derrotas; GP - gols pró; GC - gols contra; SG - saldo de gols";;;;;;;;;;;;;;;;;;;;;;;
Grupo 4;;;;;;;;;;;;;;;;;;;;;;;
Time;;PG;J;V;E;D;GP;GC;SG;;;;;;;;;;;;;;
1; Gama;9;6;2;3;1;11;6;5;;;;;;;;;;;;;;
2; Palmas;9;6;2;3;1;8;9;-1;;;;;;;;;;;;;;
3; Gurupi;7;6;2;1;3;4;8;-4;;;;;;;;;;;;;;
4; CFZ de Brasília;6;6;1;3;2;7;7;0;;;;;;;;;;;;;;
"PG - pontos ganhos; J - jogos; V - vitórias; E - empates; D - derrotas; GP - gols pró; GC - gols contra; SG - saldo de gols";;;;;;;;;;;;;;;;;;;;;;;
Grupo 5;;;;;;;;;;;;;;;;;;;;;;;
Time;;PG;J;V;E;D;GP;GC;SG;;;;;;;;;;;;;;
1; Sampaio Corrêa;10;6;3;1;2;9;8;1;;;;;;;;;;;;;;
2; Moto Club;9;6;3;0;3;17;14;3;;;;;;;;;;;;;;
3; Castanhal;9;6;3;0;3;15;12;3;;;;;;;;;;;;;;
4; Tuna Luso;7;6;2;1;3;8;15;-7;;;;;;;;;;;;;;
"PG - pontos ganhos; J - jogos; V - vitórias; E - empates; D - derrotas; GP - gols pró; GC - gols contra; SG - saldo de gols";;;;;;;;;;;;;;;;;;;;;;;
Grupo 6;;;;;;;;;;;;;;;;;;;;;;;
Time;;PG;J;V;E;D;GP;GC;SG;;;;;;;;;;;;;;
1; AD Limoeiro;13;6;4;1;1;14;8;6;;;;;;;;;;;;;;
2; Parnahyba;8;6;2;2;2;6;7;-1;;;;;;;;;;;;;;
3; Ferroviário;7;6;2;1;3;6;7;-1;;;;;;;;;;;;;;
4; River-PI;5;6;1;2;3;5;9;-4;;;;;;;;;;;;;;
"PG - pontos ganhos; J - jogos; V - vitórias; E - empates; D - derrotas; GP - gols pró; GC - gols contra; SG - saldo de gols";;;;;;;;;;;;;;;;;;;;;;;
Grupo 7;;;;;;;;;;;;;;;;;;;;;;;
Time;;PG;J;V;E;D;GP;GC;SG;;;;;;;;;;;;;;
1; Treze;11;6;3;2;1;8;5;3;;;;;;;;;;;;;;
2; Campinense;9;6;2;3;1;7;6;1;;;;;;;;;;;;;;
3; Potiguar de Mossoró;7;6;2;1;3;5;7;-2;;;;;;;;;;;;;;
4; Baraúnas;5;6;1;2;3;7;9;-2;;;;;;;;;;;;;;
"PG - pontos ganhos; J - jogos; V - vitórias; E - empates; D - derrotas; GP - gols pró; GC - gols contra; SG - saldo de gols";;;;;;;;;;;;;;;;;;;;;;;
Grupo 8;;;;;;;;;;;;;;;;;;;;;;;
Time;;PG;J;V;E;D;GP;GC;SG;;;;;;;;;;;;;;
1; Porto-PE;13;6;4;1;1;12;5;7;;;;;;;;;;;;;;
2; Itacuruba;10;6;3;1;2;6;8;-2;;;;;;;;;;;;;;
3; Coruripe;5;6;1;2;3;8;10;-2;;;;;;;;;;;;;;
4; Corinthians-AL;5;6;1;2;3;8;11;-3;;;;;;;;;;;;;;
"PG - pontos ganhos; J - jogos; V - vitórias; E - empates; D - derrotas; GP - gols pró; GC - gols contra; SG - saldo de gols";;;;;;;;;;;;;;;;;;;;;;;
Grupo 9;;;;;;;;;;;;;;;;;;;;;;;
Time;;PG;J;V;E;D;GP;GC;SG;;;;;;;;;;;;;;
1; Confiança;10;6;3;1;2;4;4;0;;;;;;;;;;;;;;
2; Sergipe;8;6;2;2;2;3;2;1;;;;;;;;;;;;;;
3; Atlético de Alagoinhas;8;6;2;2;2;5;5;0;;;;;;;;;;;;;;
4; Catuense;6;6;1;3;2;2;3;-1;;;;;;;;;;;;;;
"PG - pontos ganhos; J - jogos; V - vitórias; E - empates; D - derrotas; GP - gols pró; GC - gols contra; SG - saldo de gols";;;;;;;;;;;;;;;;;;;;;;;
Grupo 10;;;;;;;;;;;;;;;;;;;;;;;
Time;;PG;J;V;E;D;GP;GC;SG;;;;;;;;;;;;;;
1; Villa Nova;12;6;4;0;2;9;5;4;;;;;;;;;;;;;;
2; Serra;11;6;3;2;1;10;8;2;;;;;;;;;;;;;;
3; Ipatinga;5;6;1;2;3;6;8;-2;;;;;;;;;;;;;;
4; Estrela do Norte;5;6;1;2;3;6;10;-4;;;;;;;;;;;;;;
"PG - pontos ganhos; J - jogos; V - vitórias; E - empates; D - derrotas; GP - gols pró; GC - gols contra; SG - saldo de gols";;;;;;;;;;;;;;;;;;;;;;;
Grupo 11;;;;;;;;;;;;;;;;;;;;;;;
Time;;PG;J;V;E;D;GP;GC;SC;;;;;;;;;;;;;;
1; CRAC;12;6;3;3;0;8;3;5;;;;;;;;;;;;;;
2; CENE;9;6;2;3;1;11;5;6;;;;;;;;;;;;;;
3; Chapadão;5;6;1;2;3;4;8;-4;;;;;;;;;;;;;;
4; Jataiense;5;6;1;2;3;5;12;-7;;;;;;;;;;;;;;
"PG - pontos ganhos; J - jogos; V - vitórias; E - empates; D - derrotas; GP - gols pró; GC - gols contra; SG - saldo de gols";;;;;;;;;;;;;;;;;;;;;;;
Grupo 12;;;;;;;;;;;;;;;;;;;;;;;
Time;;PG;J;V;E;D;GP;GC;SG;;;;;;;;;;;;;;
1; Americano;12;6;4;0;2;8;3;5;;;;;;;;;;;;;;
2; Ceilândia;10;6;3;1;2;7;7;0;;;;;;;;;;;;;;
3; Tupi;7;6;2;1;3;5;9;-4;;;;;;;;;;;;;;
4; Friburguense;5;6;1;2;3;5;6;-1;;;;;;;;;;;;;;
"PG - pontos ganhos; J - jogos; V - vitórias; E - empates; D - derrotas; GP - gols pró; GC - gols contra; SG - saldo de gols";;;;;;;;;;;;;;;;;;;;;;;
Grupo 13;;;;;;;;;;;;;;;;;;;;;;;
Time;;PG;J;V;E;D;GP;GC;SG;;;;;;;;;;;;;;
1; Atlético Sorocaba;16;6;5;1;0;10;4;6;;;;;;;;;;;;;;
2; Portuguesa Santista;10;6;3;1;1;6;5;1;;;;;;;;;;;;;;
3; Portuguesa-RJ;6;6;1;3;2;3;5;-2;;;;;;;;;;;;;;
4; America;1;6;0;1;5;1;6;-5;;;;;;;;;;;;;;
"PG - pontos ganhos; J - jogos; V - vitórias; E - empates; D - derrotas; GP - gols pró; GC - gols contra; SG - saldo de gols";;;;;;;;;;;;;;;;;;;;;;;
Grupo 14;;;;;;;;;;;;;;;;;;;;;;;
Time;;PG;J;V;E;D;GP;GC;SG;;;;;;;;;;;;;;
1; União Barbarense;14;6;4;2;0;7;3;4;;;;;;;;;;;;;;
2; Rio Branco-SP;7;6;1;4;1;5;4;1;;;;;;;;;;;;;;
3; América-SP;5;6;1;2;3;4;7;-3;;;;;;;;;;;;;;
4; União São João;4;6;0;4;2;3;3;-2;;;;;;;;;;;;;;
"PG - pontos ganhos; J - jogos; V - vitórias; E - empates; D - derrotas; GP - gols pró; GC - gols contra; SG - saldo de gols";;;;;;;;;;;;;;;;;;;;;;;
Grupo 15;;;;;;;;;;;;;;;;;;;;;;;
Time;;PG;J;V;E;D;GP;GC;SG;;;;;;;;;;;;;;
1; Iraty;14;6;4;2;0;8;2;6;;;;;;;;;;;;;;
2; Atlético de Ibirama;7;6;1;4;1;6;3;3;;;;;;;;;;;;;;
3; Nacional-PR;6;6;2;0;4;8;15;-7;;;;;;;;;;;;;;
4; Cianorte;5;6;1;2;3;5;7;-2;;;;;;;;;;;;;;
"PG - pontos ganhos; J - jogos; V - vitórias; E - empates; D - derrotas; GP - gols pró; GC - gols contra; SG - saldo de gols";;;;;;;;;;;;;;;;;;;;;;;
Grupo 16;;;;;;;;;;;;;;;;;;;;;;;
Time;;PG;J;V;E;D;GP;GC;SG;;;;;;;;;;;;;;
1; Ulbra;13;6;4;1;1;8;5;3;;;;;;;;;;;;;;
2; Novo Hamburgo;12;6;4;0;2;8;6;2;;;;;;;;;;;;;;
3; Esportivo;5;6;1;2;3;9;12;-3;;;;;;;;;;;;;;
4; Lages;4;6;1;1;4;8;10;-2;;;;;;;;;;;;;;
"PG - pontos ganhos; J - jogos; V - vitórias; E - empates; D - derrotas; GP - gols pró; GC - gols contra; SG - saldo de gols";;;;;;;;;;;;;;;;;;;;;;;
;;;;;;;;;;;;;;;;;;;;;;;
2005;;;;;;;;;;;;;;;;;;;;;;;
Grupo 1;;;;;;;;;;;;;;;;;;;;;;;
;;;;;;;;;;;;;;;;;;;;;;;
Pos.;Equipes;P;J;V;E;D;GP;GC;SG;Colocações finais;;;;;;;;;;;;;
1; Nacional-AM;10;4;3;1;0;8;4;4;Campeão; Remo;;;;;;;;;;;;
2; Independência;4;4;1;1;2;4;7;-3;Vice-campeão; América de Natal;;;;;;;;;;;;
3; Grêmio Coariense;3;4;1;0;3;7;8;-1;Estatísticas;;;;;;;;;;;;;
"P - pontos ganhos; J - jogos; V - vitórias; E - empates; D - derrotas; GP - gols pró; GC - gols contra; SG - saldo de gols";;;;;;;;;;Melhor marcador;Paulinho Marília (América de Natal) - 10 gols;;;;;;;;;;;;
;;;;;;;;;;Maiores Goleadas;;;;;;;;;;;;;
Grupo 2;;;;;;;;;;Luverdense5-0Ji Paraná;;;;;;;;;;;;;
;;;;;;;;;;São RAIMUNDO-PA 5 - 0 JI-PARANÁ-RO;;;;;;;;;;;;;
Pos.;Equipes;P;J;V;E;D;GP;GC;SG;SERRA-ES 5 -0 AMERICANO - RJ;;;;;;;;;;;;;
1; Vila Aurora;12;6;3;3;0;12;7;5;;;;;;;;;;;;;;
2; São Raimundo-PA;8;6;2;2;2;12;8;4;;;;;;;;;;;;;;
3; Luverdense;7;6;2;1;3;12;9;3;;;;;;;;;;;;;;
4; Ji-Paraná;5;6;1;2;3;2;14;-12;;;;;;;;;;;;;;
"P - pontos ganhos; J - jogos; V - vitórias; E - empates; D - derrotas; GP - gols pró; GC - gols contra; SG - saldo de gols";;;;;;;;;;;;;;;;;;;;;;;
;;;;;;;;;;;;;;;;;;;;;;;
Grupo 3;;;;;;;;;;;;;;;;;;;;;;;
;;;;;;;;;;;;;;;;;;;;;;;
Pos.;Equipes;P;J;V;E;D;GP;GC;SG;;;;;;;;;;;;;;
1; Remo;14;6;4;2;0;14;7;7;;;;;;;;;;;;;;
2; Abaeté;10;6;3;1;2;9;6;3;;;;;;;;;;;;;;
3; São José-AP;5;6;1;2;3;7;10;-3;;;;;;;;;;;;;;
4; São Raimundo-RR;4;6;1;1;4;6;13;-7;;;;;;;;;;;;;;
"P - pontos ganhos; J - jogos; V - vitórias; E - empates; D - derrotas; GP - gols pró; GC - gols contra; SG - saldo de gols";;;;;;;;;;;;;;;;;;;;;;;
;;;;;;;;;;;;;;;;;;;;;;;
Grupo 4;;;;;;;;;;;;;;;;;;;;;;;
;;;;;;;;;;;;;;;;;;;;;;;
Pos.;Equipes;P;J;V;E;D;GP;GC;SG;;;;;;;;;;;;;;
1; Moto Club;11;6;3;2;1;8;5;3;;;;;;;;;;;;;;
2; Tocantinópolis;10;6;3;1;2;10;7;3;;;;;;;;;;;;;;
3; Imperatriz;8;6;2;2;2;6;7;-1;;;;;;;;;;;;;;
4; Parnahyba;4;6;1;1;4;9;14;-5;;;;;;;;;;;;;;
"P - pontos ganhos; J - jogos; V - vitórias; E - empates; D - derrotas; GP - gols pró; GC - gols contra; SG - saldo de gols";;;;;;;;;;;;;;;;;;;;;;;
;;;;;;;;;;;;;;;;;;;;;;;
Grupo 5;;;;;;;;;;;;;;;;;;;;;;;
;;;;;;;;;;;;;;;;;;;;;;;
Pos.;Equipes;P;J;V;E;D;GP;GC;SG;;;;;;;;;;;;;;
1; Ferroviário;15;6;5;0;1;14;7;7;;;;;;;;;;;;;;
2; Icasa;9;6;3;0;3;9;8;1;;;;;;;;;;;;;;
3; Serrano-PE;7;6;2;1;3;5;8;-3;;;;;;;;;;;;;;
4; Piauí;4;6;1;1;4;1;6;-5;;;;;;;;;;;;;;
"P - pontos ganhos; J - jogos; V - vitórias; E - empates; D - derrotas; GP - gols pró; GC - gols contra; SG - saldo de gols";;;;;;;;;;;;;;;;;;;;;;;
;;;;;;;;;;;;;;;;;;;;;;;
Grupo 6;;;;;;;;;;;;;;;;;;;;;;;
;;;;;;;;;;;;;;;;;;;;;;;
Pos.;Equipes;P;J;V;E;D;GP;GC;SG;;;;;;;;;;;;;;
1; Coruripe;15;6;5;0;1;14;9;5;;;;;;;;;;;;;;
2; América de Natal;9;6;3;0;3;9;5;4;;;;;;;;;;;;;;
3; Nacional de Patos*;6;6;4;0;2;11;8;3;;;;;;;;;;;;;;
4; Vitória das Tabocas;0;6;0;0;6;5;17;-12;;;;;;;;;;;;;;
"P - pontos ganhos; J - jogos; V - vitórias; E - empates; D - derrotas; GP - gols pró; GC - gols contra; SG - saldo de gols";;;;;;;;;;;;;;;;;;;;;;;
;;;;;;;;;;;;;;;;;;;;;;;
*O Nacional de Patos foi punido com a perda de 6 pontos por escalar o jogador Alisson de maneira irregular na partida contra o Vitória das Tabocas;;;;;;;;;;;;;;;;;;;;;;;
;;;;;;;;;;;;;;;;;;;;;;;
Grupo 7;;;;;;;;;;;;;;;;;;;;;;;
;;;;;;;;;;;;;;;;;;;;;;;
Pos.;Equipes;P;J;V;E;D;GP;GC;SG;;;;;;;;;;;;;;
1; Treze;13;6;4;1;1;14;10;4;;;;;;;;;;;;;;
2; ABC;8;6;2;2;2;6;6;0;;;;;;;;;;;;;;
3; ASA;7;6;2;1;3;5;7;-2;;;;;;;;;;;;;;
4; Baraúnas;5;6;1;2;3;8;10;-2;;;;;;;;;;;;;;
"P - pontos ganhos; J - jogos; V - vitórias; E - empates; D - derrotas; GP - gols pró; GC - gols contra; SG - saldo de gols";;;;;;;;;;;;;;;;;;;;;;;
;;;;;;;;;;;;;;;;;;;;;;;
Grupo 8;;;;;;;;;;;;;;;;;;;;;;;
;;;;;;;;;;;;;;;;;;;;;;;
Pos.;Equipes;P;J;V;E;D;GP;GC;SG;;;;;;;;;;;;;;
1; Sergipe;13;6;4;1;1;12;5;7;;;;;;;;;;;;;;
2; Itabaiana;10;6;3;1;2;7;6;1;;;;;;;;;;;;;;
3; Ipitanga;8;6;2;2;2;9;9;0;;;;;;;;;;;;;;
4; Juazeiro;3;6;1;0;5;5;13;-8;;;;;;;;;;;;;;
"P - pontos ganhos; J - jogos; V - vitórias; E - empates; D - derrotas; GP - gols pró; GC - gols contra; SG - saldo de gols";;;;;;;;;;;;;;;;;;;;;;;
;;;;;;;;;;;;;;;;;;;;;;;
Grupo 9;;;;;;;;;;;;;;;;;;;;;;;
;;;;;;;;;;;;;;;;;;;;;;;
Pos.;Equipes;P;J;V;E;D;GP;GC;SG;;;;;;;;;;;;;;
1; Ipatinga;10;6;3;1;2;13;7;6;;;;;;;;;;;;;;
2; Serra;10;6;3;1;2;11;10;1;;;;;;;;;;;;;;
3; Americano;8;6;2;2;2;7;11;-4;;;;;;;;;;;;;;
4; Estrela do Norte;5;6;1;2;3;6;9;-3;;;;;;;;;;;;;;
"P - pontos ganhos; J - jogos; V - vitórias; E - empates; D - derrotas; GP - gols pró; GC - gols contra; SG - saldo de gols";;;;;;;;;;;;;;;;;;;;;;;
;;;;;;;;;;;;;;;;;;;;;;;
Grupo 10;;;;;;;;;;;;;;;;;;;;;;;
;;;;;;;;;;;;;;;;;;;;;;;
Pos.;Equipes;P;J;V;E;D;GP;GC;SG;;;;;;;;;;;;;;
1; Atlético Sorocaba;9;6;2;3;1;11;7;4;;;;;;;;;;;;;;
2; Mogi Mirim;9;6;2;3;1;9;6;3;;;;;;;;;;;;;;
3; Madureira;8;6;2;2;2;6;8;-2;;;;;;;;;;;;;;
4; Portuguesa Santista;6;6;2;0;4;5;10;-5;;;;;;;;;;;;;;
"P - pontos ganhos; J - jogos; V - vitórias; E - empates; D - derrotas; GP - gols pró; GC - gols contra; SG - saldo de gols";;;;;;;;;;;;;;;;;;;;;;;
;;;;;;;;;;;;;;;;;;;;;;;
Grupo 11;;;;;;;;;;;;;;;;;;;;;;;
;;;;;;;;;;;;;;;;;;;;;;;
Pos.;Equipes;P;J;V;E;D;GP;GC;SG;;;;;;;;;;;;;;
1; Londrina;11;6;3;2;1;11;6;5;;;;;;;;;;;;;;
2; CENE;11;6;3;2;1;10;8;2;;;;;;;;;;;;;;
3; Cianorte;6;6;1;3;2;4;6;-2;;;;;;;;;;;;;;
4; Operário-MS;3;6;0;3;3;5;10;-5;;;;;;;;;;;;;;
"P - pontos ganhos; J - jogos; V - vitórias; E - empates; D - derrotas; GP - gols pró; GC - gols contra; SG - saldo de gols";;;;;;;;;;;;;;;;;;;;;;;
;;;;;;;;;;;;;;;;;;;;;;;
Grupo 12;;;;;;;;;;;;;;;;;;;;;;;
;;;;;;;;;;;;;;;;;;;;;;;
Pos.;Equipes;P;J;V;E;D;GP;GC;SG;;;;;;;;;;;;;;
1; Ceilândia;10;6;3;1;2;11;7;4;;;;;;;;;;;;;;
2; Paranoá;9;6;3;0;3;7;8;-1;;;;;;;;;;;;;;
3; Mineiros;9;6;2;3;1;5;4;1;;;;;;;;;;;;;;
4; Grêmio Inhumense;5;6;1;2;3;8;12;-4;;;;;;;;;;;;;;
"P - pontos ganhos; J - jogos; V - vitórias; E - empates; D - derrotas; GP - gols pró; GC - gols contra; SG - saldo de gols";;;;;;;;;;;;;;;;;;;;;;;
;;;;;;;;;;;;;;;;;;;;;;;
Grupo 13;;;;;;;;;;;;;;;;;;;;;;;
;;;;;;;;;;;;;;;;;;;;;;;
Pos.;Equipes;P;J;V;E;D;GP;GC;SG;;;;;;;;;;;;;;
1; Rio Branco-SP;9;6;2;3;1;10;9;1;;;;;;;;;;;;;;
2; Ituiutaba;8;6;2;2;2;8;10;-2;;;;;;;;;;;;;;
3; União São João;7;6;2;1;3;14;13;1;;;;;;;;;;;;;;
4; América-SP;7;6;1;4;1;11;11;0;;;;;;;;;;;;;;
"P - pontos ganhos; J - jogos; V - vitórias; E - empates; D - derrotas; GP - gols pró; GC - gols contra; SG - saldo de gols";;;;;;;;;;;;;;;;;;;;;;;
;;;;;;;;;;;;;;;;;;;;;;;
Grupo 14;;;;;;;;;;;;;;;;;;;;;;;
;;;;;;;;;;;;;;;;;;;;;;;
Pos.;Equipes;P;J;V;E;D;GP;GC;SG;;;;;;;;;;;;;;
1; Villa Nova;9;6;2;3;1;6;4;2;;;;;;;;;;;;;;
2; Volta Redonda;9;6;2;3;1;4;3;1;;;;;;;;;;;;;;
3; Cabofriense;6;6;1;3;2;4;5;-1;;;;;;;;;;;;;;
4; América Mineiro;6;6;1;3;2;5;7;-2;;;;;;;;;;;;;;
"P - pontos ganhos; J - jogos; V - vitórias; E - empates; D - derrotas; GP - gols pró; GC - gols contra; SG - saldo de gols";;;;;;;;;;;;;;;;;;;;;;;
;;;;;;;;;;;;;;;;;;;;;;;
Grupo 15;;;;;;;;;;;;;;;;;;;;;;;
;;;;;;;;;;;;;;;;;;;;;;;
Pos.;Equipes;P;J;V;E;D;GP;GC;SG;;;;;;;;;;;;;;
1; Novo Hamburgo;11;6;3;2;1;8;4;4;;;;;;;;;;;;;;
2; Joinville;10;6;3;1;2;9;6;3;;;;;;;;;;;;;;
3; ADAP;9;6;3;0;3;5;8;-3;;;;;;;;;;;;;;
4; Iraty;4;6;1;1;4;5;9;-4;;;;;;;;;;;;;;
"P - pontos ganhos; J - jogos; V - vitórias; E - empates; D - derrotas; GP - gols pró; GC - gols contra; SG - saldo de gols";;;;;;;;;;;;;;;;;;;;;;;
;;;;;;;;;;;;;;;;;;;;;;;
Grupo 16;;;;;;;;;;;;;;;;;;;;;;;
;;;;;;;;;;;;;;;;;;;;;;;
Pos.;Equipes;P;J;V;E;D;GP;GC;SG;;;;;;;;;;;;;;
1; Glória;13;6;3;2;1;8;4;4;;;;;;;;;;;;;;
2; Gaúcho;9;6;3;1;2;9;6;3;;;;;;;;;;;;;;
3; Atlético de Ibirama;8;6;3;0;3;5;8;-3;;;;;;;;;;;;;;
4; Marcílio Dias;4;6;1;1;4;5;9;-4;;;;;;;;;;;;;;
;;;;;;;;;;;;;;;;;;;;;;;
2006;;;;;;;;;;;;;;;;;;;;;;;
Primeira Fase;;;;;;;;;;;;;;;;;;;;;;;
;;;;;;;;;;;;;;;;;;;;;;;
;Classificados à Próxima Fase;;;;;;;;;;;;;;;;;;;;;;
Grupo 1;;;;;;;;;;;;;;;;;;;;;;;
Grupo 1;;;;;;;;;;Colocações finais;;;;;;;;;;;;;
Team;;Pts;J;V;E;D;GP;GC;SG;Campeão; Criciúma;;;;;;;;;;;;
1; Tuna Luso;10;4;3;1;0;9;4;5;Vice-campeão; Vitória;;;;;;;;;;;;
2; Rio Negro;4;4;1;1;2;7;8;-1;Estatísticas;;;;;;;;;;;;;
3; ADESG;3;4;1;0;3;3;7;-4;Melhor marcador;Sorato (Bahia);;;;;;;;;;;;
"Pts – Pontos ganhos; J – Jogos; V - Vitórias; E - Empates; D - Derrotas;";;;;;;;;;;A maior goleada do Campeonato Brasileiro da Série C de 2006 foi a vitória do América Mineiro por 9 a 0 sobre a Jataiense;;;;;;;;;;;;;
"GP – Gols pró; GC – Gols contra; SG – Saldo de gols";;;;;;;;;;;;;;;;;;;;;;;
Grupo 2;;;;;;;;;;;;;;;;;;;;;;;
Grupo 2;;;;;;;;;;;;;;;;;;;;;;;
Team;;Pts;J;V;E;D;GP;GC;SG;;;;;;;;;;;;;;
1; Fast Clube;13;6;4;1;1;7;3;4;;;;;;;;;;;;;;
2; Ananindeua;10;6;3;1;2;12;8;4;;;;;;;;;;;;;;
3; Amapá;5;6;1;2;3;7;11;-4;;;;;;;;;;;;;;
4; São Raimundo-RR;5;6;1;2;3;5;9;-4;;;;;;;;;;;;;;
"Pts – Pontos ganhos; J – Jogos; V - Vitórias; E - Empates; D - Derrotas;";;;;;;;;;;;;;;;;;;;;;;;
"GP – Gols pró; GC – Gols contra; SG – Saldo de gols";;;;;;;;;;;;;;;;;;;;;;;
Grupo 3;;;;;;;;;;;;;;;;;;;;;;;
Grupo 3;;;;;;;;;;;;;;;;;;;;;;;
Team;;Pts;J;V;E;D;GP;GC;SG;;;;;;;;;;;;;;
1; Operário;9;6;2;3;1;8;6;2;;;;;;;;;;;;;;
2; Mixto;9;6;2;3;1;6;6;0;;;;;;;;;;;;;;
3; Araguaína;7;6;2;1;3;6;8;-2;;;;;;;;;;;;;;
4; Ulbra;0;6;1;3;2;7;7;0;;;;;;;;;;;;;;
"Pts – Pontos ganhos; J – Jogos; V - Vitórias; E - Empates; D - Derrotas;";;;;;;;;;;;;;;;;;;;;;;;
"GP – Gols pró; GC – Gols contra; SG – Saldo de gols";;;;;;;;;;;;;;;;;;;;;;;
Grupo 4;;;;;;;;;;;;;;;;;;;;;;;
Grupo 4;;;;;;;;;;;;;;;;;;;;;;;
Team;;Pts;J;V;E;D;GP;GC;SG;;;;;;;;;;;;;;
1; Ríver;13;6;4;1;1;12;4;8;;;;;;;;;;;;;;
2; Maranhão;10;6;3;1;2;8;6;2;;;;;;;;;;;;;;
3; Imperatriz;8;6;2;2;2;6;4;2;;;;;;;;;;;;;;
4; Flamengo;2;6;0;2;4;3;15;-12;;;;;;;;;;;;;;
"Pts – Pontos ganhos; J – Jogos; V - Vitórias; E - Empates; D - Derrotas;";;;;;;;;;;;;;;;;;;;;;;;
"GP – Gols pró; GC – Gols contra; SG – Saldo de gols";;;;;;;;;;;;;;;;;;;;;;;
Grupo 5;;;;;;;;;;;;;;;;;;;;;;;
Grupo 5;;;;;;;;;;;;;;;;;;;;;;;
Team;;Pts;J;V;E;D;GP;GC;SG;;;;;;;;;;;;;;
1; Icasa;12;6;3;3;0;13;7;6;;;;;;;;;;;;;;
2; Porto;11;6;3;2;1;10;8;2;;;;;;;;;;;;;;
3; Baraúnas;5;6;1;2;3;8;12;-6;;;;;;;;;;;;;;
4; Botafogo;4;6;1;1;4;8;12;-4;;;;;;;;;;;;;;
"Pts – Pontos ganhos; J – Jogos; V - Vitórias; E - Empates; D - Derrotas;";;;;;;;;;;;;;;;;;;;;;;;
"GP – Gols pró; GC – Gols contra; SG – Saldo de gols";;;;;;;;;;;;;;;;;;;;;;;
Grupo 6;;;;;;;;;;;;;;;;;;;;;;;
Grupo 6;;;;;;;;;;;;;;;;;;;;;;;
Team;;Pts;J;V;E;D;GP;GC;SG;;;;;;;;;;;;;;
1; Ferroviário;10;6;3;1;2;9;9;0;;;;;;;;;;;;;;
2; Treze;9;6;2;3;1;7;5;2;;;;;;;;;;;;;;
3; Potiguar;8;6;2;2;2;6;3;-3;;;;;;;;;;;;;;
4; Ypiranga;5;6;1;2;3;6;11;-5;;;;;;;;;;;;;;
"Pts – Pontos ganhos; J – Jogos; V - Vitórias; E - Empates; D - Derrotas;";;;;;;;;;;;;;;;;;;;;;;;
"GP – Gols pró; GC – Gols contra; SG – Saldo de gols";;;;;;;;;;;;;;;;;;;;;;;
Grupo 7;;;;;;;;;;;;;;;;;;;;;;;
Grupo 7;;;;;;;;;;;;;;;;;;;;;;;
Team;;Pts;J;V;E;D;GP;GC;SG;;;;;;;;;;;;;;
1; Bahia;13;6;4;1;1;12;7;5;;;;;;;;;;;;;;
2; Confiança;9;6;2;3;1;8;7;1;;;;;;;;;;;;;;
3; CSA;5;6;1;2;3;8;10;-2;;;;;;;;;;;;;;
4; Colo-Colo;5;6;1;2;3;8;12;-4;;;;;;;;;;;;;;
"Pts – Pontos ganhos; J – Jogos; V - Vitórias; E - Empates; D - Derrotas;";;;;;;;;;;;;;;;;;;;;;;;
"GP – Gols pró; GC – Gols contra; SG – Saldo de gols";;;;;;;;;;;;;;;;;;;;;;;
Grupo 8;;;;;;;;;;;;;;;;;;;;;;;
Grupo 8;;;;;;;;;;;;;;;;;;;;;;;
Team;;Pts;J;V;E;D;GP;GC;SG;;;;;;;;;;;;;;
1; Vitória;11;6;3;2;1;11;6;5;;;;;;;;;;;;;;
2; Coruripe;11;6;3;2;1;9;7;2;;;;;;;;;;;;;;
3; Pirambu;7;6;2;1;3;8;9;-1;;;;;;;;;;;;;;
4; Ipitanga;4;6;1;1;4;5;11;-6;;;;;;;;;;;;;;
"Pts – Pontos ganhos; J – Jogos; V - Vitórias; E - Empates; D - Derrotas;";;;;;;;;;;;;;;;;;;;;;;;
"GP – Gols pró; GC – Gols contra; SG – Saldo de gols";;;;;;;;;;;;;;;;;;;;;;;
Grupo 9;;;;;;;;;;;;;;;;;;;;;;;
Grupo 9;;;;;;;;;;;;;;;;;;;;;;;
Team;;Pts;J;V;E;D;GP;GC;SG;;;;;;;;;;;;;;
1; Jataiense;12;6;3;3;0;12;6;6;;;;;;;;;;;;;;
2; Anapolina;10;6;2;4;0;13;6;5;;;;;;;;;;;;;;
3; Luziânia;4;6;1;1;4;5;15;-10;;;;;;;;;;;;;;
4; Coxim;4;6;0;4;2;4;7;-3;;;;;;;;;;;;;;
"Pts – Pontos ganhos; J – Jogos; V - Vitórias; E - Empates; D - Derrotas;";;;;;;;;;;;;;;;;;;;;;;;
"GP – Gols pró; GC – Gols contra; SG – Saldo de gols";;;;;;;;;;;;;;;;;;;;;;;
Grupo 10;;;;;;;;;;;;;;;;;;;;;;;
Grupo 10;;;;;;;;;;;;;;;;;;;;;;;
Team;;Pts;J;V;E;D;GP;GC;SG;;;;;;;;;;;;;;
1; Ituiutaba;13;6;4;1;1;8;2;6;;;;;;;;;;;;;;
2; Atlético;8;6;2;2;2;6;6;0;;;;;;;;;;;;;;
3; Chapadão;7;6;2;1;3;3;5;-2;;;;;;;;;;;;;;
4; Ceilândia;6;6;2;0;4;5;9;-4;;;;;;;;;;;;;;
"Pts – Pontos ganhos; J – Jogos; V - Vitórias; E - Empates; D - Derrotas;";;;;;;;;;;;;;;;;;;;;;;;
"GP – Gols pró; GC – Gols contra; SG – Saldo de gols";;;;;;;;;;;;;;;;;;;;;;;
Grupo 11;;;;;;;;;;;;;;;;;;;;;;;
Grupo 11;;;;;;;;;;;;;;;;;;;;;;;
Team;;Pts;J;V;E;D;GP;GC;SG;;;;;;;;;;;;;;
1; América-MG;15;6;5;0;1;10;4;6;;;;;;;;;;;;;;
2; Grêmio Barueri;13;6;4;1;1;7;4;3;;;;;;;;;;;;;;
3; Vitória;4;6;1;1;4;5;9;-4;;;;;;;;;;;;;;
4; America-RJ;2;6;0;2;4;4;9;-5;;;;;;;;;;;;;;
"Pts – Pontos ganhos; J – Jogos; V - Vitórias; E - Empates; D - Derrotas;";;;;;;;;;;;;;;;;;;;;;;;
"GP – Gols pró; GC – Gols contra; SG – Saldo de gols";;;;;;;;;;;;;;;;;;;;;;;
Grupo 12;;;;;;;;;;;;;;;;;;;;;;;
Grupo 12;;;;;;;;;;;;;;;;;;;;;;;
Team;;Pts;J;V;E;D;GP;GC;SG;;;;;;;;;;;;;;
1; Americano;14;6;4;2;0;9;5;4;;;;;;;;;;;;;;
2; Ipatinga;10;6;3;1;2;6;4;2;;;;;;;;;;;;;;
3; Estrela do Norte;6;6;2;0;4;5;9;-4;;;;;;;;;;;;;;
4;Juventus;4;6;1;1;4;7;9;-2;;;;;;;;;;;;;;
"Pts – Pontos ganhos; J – Jogos; V - Vitórias; E - Empates; D - Derrotas;";;;;;;;;;;;;;;;;;;;;;;;
"GP – Gols pró; GC – Gols contra; SG – Saldo de gols";;;;;;;;;;;;;;;;;;;;;;;
Grupo 13;;;;;;;;;;;;;;;;;;;;;;;
Grupo 13;;;;;;;;;;;;;;;;;;;;;;;
Team;;Pts;J;V;E;D;GP;GC;SG;;;;;;;;;;;;;;
1; Cabofriense;11;6;3;2;1;10;6;4;;;;;;;;;;;;;;
2; Rio Branco;10;6;3;1;2;13;8;5;;;;;;;;;;;;;;
3; Madureira;7;6;2;1;3;8;7;1;;;;;;;;;;;;;;
4; União Barbarense;6;6;2;0;4;5;15;-10;;;;;;;;;;;;;;
"Pts – Pontos ganhos; J – Jogos; V - Vitórias; E - Empates; D - Derrotas;";;;;;;;;;;;;;;;;;;;;;;;
"GP – Gols pró; GC – Gols contra; SG – Saldo de gols";;;;;;;;;;;;;;;;;;;;;;;
Grupo 14;;;;;;;;;;;;;;;;;;;;;;;
Grupo 14;;;;;;;;;;;;;;;;;;;;;;;
Team;;Pts;J;V;E;D;GP;GC;SG;;;;;;;;;;;;;;
1; J. Malucelli;10;6;3;1;2;8;4;4;;;;;;;;;;;;;;
2; Noroeste;9;6;2;3;1;5;5;0;;;;;;;;;;;;;;
3; ADAP;7;6;1;4;1;4;5;-1;;;;;;;;;;;;;;
4; América-SP;5;6;1;2;3;4;7;-3;;;;;;;;;;;;;;
"Pts – Pontos ganhos; J – Jogos; V - Vitórias; E - Empates; D - Derrotas;";;;;;;;;;;;;;;;;;;;;;;;
"GP – Gols pró; GC – Gols contra; SG – Saldo de gols";;;;;;;;;;;;;;;;;;;;;;;
Grupo 15;;;;;;;;;;;;;;;;;;;;;;;
Grupo 15;;;;;;;;;;;;;;;;;;;;;;;
Team;;Pts;J;V;E;D;GP;GC;SG;;;;;;;;;;;;;;
1; Joinville;11;6;3;2;1;8;4;4;;;;;;;;;;;;;;
2; Ulbra;10;6;2;4;0;7;5;2;;;;;;;;;;;;;;
3; Caxias;7;6;2;1;3;8;7;1;;;;;;;;;;;;;;
4; Rio Branco;4;6;1;1;4;3;10;-7;;;;;;;;;;;;;;
"Pts – Pontos ganhos; J – Jogos; V - Vitórias; E - Empates; D - Derrotas;";;;;;;;;;;;;;;;;;;;;;;;
"GP – Gols pró; GC – Gols contra; SG – Saldo de gols";;;;;;;;;;;;;;;;;;;;;;;
Grupo 16;;;;;;;;;;;;;;;;;;;;;;;
Grupo 16;;;;;;;;;;;;;;;;;;;;;;;
Team;;Pts;J;V;E;D;GP;GC;SG;;;;;;;;;;;;;;
1; Brasil de Pelotas;15;6;5;0;1;10;8;2;;;;;;;;;;;;;;
2; Criciúma;13;6;4;1;1;20;9;11;;;;;;;;;;;;;;
3; Novo Hamburgo;7;6;2;1;3;7;14;-7;;;;;;;;;;;;;;
4; Marcílio Dias;0;6;0;0;6;7;13;-6;;;;;;;;;;;;;;
"Pts – Pontos ganhos; J – Jogos; V - Vitórias; E - Empates; D - Derrotas;";;;;;;;;;;;;;;;;;;;;;;;
"GP – Gols pró; GC – Gols contra; SG – Saldo de gols";;;;;;;;;;;;;;;;;;;;;;;
Segunda Fase;;;;;;;;;;;;;;;;;;;;;;;
"| style=""background:#ff8c00;""| | style=""background:#fff;""| Classificados à Próxima Fase |}";;;;;;;;;;;;;;;;;;;;;;;
;;;;;;;;;;;;;;;;;;;;;;;
Grupo 17;;;;;;;;;;;;;;;;;;;;;;;
Grupo 17;;;;;;;;;;;;;;;;;;;;;;;
Team;;Pts;J;V;E;D;GP;GC;SG;;;;;;;;;;;;;;
1; Ananindeua;11;6;3;2;1;12;8;4;;;;;;;;;;;;;;
2; Tuna Luso;10;6;3;1;2;10;8;2;;;;;;;;;;;;;;
3; Maranhão;7;6;2;1;3;12;12;0;;;;;;;;;;;;;;
3; Operário;5;6;1;2;3;8;14;-6;;;;;;;;;;;;;;
"Pts – Pontos ganhos; J – Jogos; V - Vitórias; E - Empates; D - Derrotas;";;;;;;;;;;;;;;;;;;;;;;;
"GP – Gols pró; GC – Gols contra; SG – Saldo de gols";;;;;;;;;;;;;;;;;;;;;;;
Grupo 18;;;;;;;;;;;;;;;;;;;;;;;
Grupo 18;;;;;;;;;;;;;;;;;;;;;;;
Team;;Pts;J;V;E;D;GP;GC;SG;;;;;;;;;;;;;;
1; Ríver;11;6;3;2;1;9;4;5;;;;;;;;;;;;;;
2; Rio Negro;8;6;2;2;2;4;7;-3;;;;;;;;;;;;;;
3; Fast Clube;7;6;2;1;3;10;8;2;;;;;;;;;;;;;;
4; Mixto;6;6;1;3;2;4;5;-4;;;;;;;;;;;;;;
"Pts – Pontos ganhos; J – Jogos; V - Vitórias; E - Empates; D - Derrotas;";;;;;;;;;;;;;;;;;;;;;;;
"GP – Gols pró; GC – Gols contra; SG – Saldo de gols";;;;;;;;;;;;;;;;;;;;;;;
Grupo 19;;;;;;;;;;;;;;;;;;;;;;;
Grupo 19;;;;;;;;;;;;;;;;;;;;;;;
Team;;Pts;J;V;E;D;GP;GC;SG;;;;;;;;;;;;;;
1; Bahia;12;6;4;0;2;2;10;2;;;;;;;;;;;;;;
2; Treze;8;6;2;2;2;10;9;1;;;;;;;;;;;;;;
3; Coruripe;7;6;2;1;3;8;10;-2;;;;;;;;;;;;;;
4; Icasa;6;6;1;3;2;10;11;-1;;;;;;;;;;;;;;
"Pts – Pontos ganhos; J – Jogos; V - Vitórias; E - Empates; D - Derrotas;";;;;;;;;;;;;;;;;;;;;;;;
"GP – Gols pró; GC – Gols contra; SG – Saldo de gols";;;;;;;;;;;;;;;;;;;;;;;
Grupo 20;;;;;;;;;;;;;;;;;;;;;;;
Grupo 20;;;;;;;;;;;;;;;;;;;;;;;
Team;;Pts;J;V;E;D;GP;GC;SG;;;;;;;;;;;;;;
1; Vitória;12;6;4;0;2;14;6;8;;;;;;;;;;;;;;
2; Ferroviário;11;6;3;2;1;10;9;1;;;;;;;;;;;;;;
3; Confiança;5;6;1;2;3;7;11;-4;;;;;;;;;;;;;;
4; Porto;5;6;1;2;3;4;9;-5;;;;;;;;;;;;;;
"Pts – Pontos ganhos; J – Jogos; V - Vitórias; E - Empates; D - Derrotas;";;;;;;;;;;;;;;;;;;;;;;;
"GP – Gols pró; GC – Gols contra; SG – Saldo de gols";;;;;;;;;;;;;;;;;;;;;;;
Grupo 21;;;;;;;;;;;;;;;;;;;;;;;
Grupo 21;;;;;;;;;;;;;;;;;;;;;;;
Team;;Pts;J;V;E;D;GP;GC;SG;;;;;;;;;;;;;;
1; Ipatinga;12;6;4;0;2;11;5;6;;;;;;;;;;;;;;
2; América-MG;10;6;3;1;2;13;5;8;;;;;;;;;;;;;;
3; Atlético;8;6;2;2;2;7;7;0;;;;;;;;;;;;;;
4; Jataiense;3;6;0;3;3;6;20;-14;;;;;;;;;;;;;;
"Pts – Pontos ganhos; J – Jogos; V - Vitórias; E - Empates; D - Derrotas;";;;;;;;;;;;;;;;;;;;;;;;
"GP – Gols pró; GC – Gols contra; SG – Saldo de gols";;;;;;;;;;;;;;;;;;;;;;;
Grupo 22;;;;;;;;;;;;;;;;;;;;;;;
Grupo 22;;;;;;;;;;;;;;;;;;;;;;;
Team;;Pts;J;V;E;D;GP;GC;SG;;;;;;;;;;;;;;
1; Grêmio Barueri;12;6;4;0;2;11;7;4;;;;;;;;;;;;;;
2; Anapolina;10;6;3;1;2;8;8;0;;;;;;;;;;;;;;
3; Ituiutaba;7;6;2;1;3;8;10;-2;;;;;;;;;;;;;;
4; Americano;6;6;2;0;6;8;10;-2;;;;;;;;;;;;;;
"Pts – Pontos ganhos; J – Jogos; V - Vitórias; E - Empates; D - Derrotas;";;;;;;;;;;;;;;;;;;;;;;;
"GP – Gols pró; GC – Gols contra; SG – Saldo de gols";;;;;;;;;;;;;;;;;;;;;;;
Grupo 23;;;;;;;;;;;;;;;;;;;;;;;
Grupo 23;;;;;;;;;;;;;;;;;;;;;;;
Team;;Pts;J;V;E;D;GP;GC;SG;;;;;;;;;;;;;;
1; Noroeste;10;6;3;1;2;9;5;4;;;;;;;;;;;;;;
2; Criciúma;10;6;3;1;2;10;9;1;;;;;;;;;;;;;;
3; Joinville;9;6;3;0;3;12;10;2;;;;;;;;;;;;;;
4; Cabofriense;6;6;2;0;4;8;15;-7;;;;;;;;;;;;;;
"Pts – Pontos ganhos; J – Jogos; V - Vitórias; E - Empates; D - Derrotas;";;;;;;;;;;;;;;;;;;;;;;;
"GP – Gols pró; GC – Gols contra; SG – Saldo de gols";;;;;;;;;;;;;;;;;;;;;;;
Grupo 24;;;;;;;;;;;;;;;;;;;;;;;
Grupo 24;;;;;;;;;;;;;;;;;;;;;;;
Team;;Pts;J;V;E;D;GP;GC;SG;;;;;;;;;;;;;;
1; J. Malucelli;12;6;3;3;0;9;6;3;;;;;;;;;;;;;;
2; Brasil de Pelotas;10;6;3;1;2;6;3;3;;;;;;;;;;;;;;
3; Ulbra;6;6;1;3;2;4;7;-3;;;;;;;;;;;;;;
4; Rio Branco;3;6;0;3;3;2;5;-3;;;;;;;;;;;;;;
"Pts – Pontos ganhos; J – Jogos; V - Vitórias; E - Empates; D - Derrotas;";;;;;;;;;;;;;;;;;;;;;;;
"GP – Gols pró; GC – Gols contra; SG – Saldo de gols";;;;;;;;;;;;;;;;;;;;;;;
Terceira Fase;;;;;;;;;;;;;;;;;;;;;;;
;;;;;;;;;;;;;;;;;;;;;;;
;Classificados à Próxima Fase;;;;;;;;;;;;;;;;;;;;;;
Grupo 25;;;;;;;;;;;;;;;;;;;;;;;
Grupo 25;;;;;;;;;;;;;;;;;;;;;;;
Team;;Pts;J;V;E;D;GP;GC;SG;;;;;;;;;;;;;;
1; Bahia;13;6;4;1;1;7;4;3;;;;;;;;;;;;;;
2; Ferroviário;8;6;2;2;2;9;8;1;;;;;;;;;;;;;;
3; Ananindeua;7;6;4;1;1;14;4;10;;;;;;;;;;;;;;
4; Rio Negro;0;6;0;0;6;2;16;-14;;;;;;;;;;;;;;
"Pts – Pontos ganhos; J – Jogos; V - Vitórias; E - Empates; D - Derrotas;";;;;;;;;;;;;;;;;;;;;;;;
"GP – Gols pró; GC – Gols contra; SG – Saldo de gols";;;;;;;;;;;;;;;;;;;;;;;
Grupo 26;;;;;;;;;;;;;;;;;;;;;;;
Grupo 26;;;;;;;;;;;;;;;;;;;;;;;
Team;;Pts;J;V;E;D;GP;GC;SG;;;;;;;;;;;;;;
1; Vitória;11;6;3;2;1;13;9;4;;;;;;;;;;;;;;
2; Treze;11;6;3;2;1;6;5;1;;;;;;;;;;;;;;
3; Tuna Luso;9;6;3;0;3;11;9;2;;;;;;;;;;;;;;
4; River;3;6;1;0;5;8;15;-7;;;;;;;;;;;;;;
"Pts – Pontos ganhos; J – Jogos; V - Vitórias; E - Empates; D - Derrotas;";;;;;;;;;;;;;;;;;;;;;;;
"GP – Gols pró; GC – Gols contra; SG – Saldo de gols";;;;;;;;;;;;;;;;;;;;;;;
Grupo 27;;;;;;;;;;;;;;;;;;;;;;;
Grupo 27;;;;;;;;;;;;;;;;;;;;;;;
Team;;Pts;J;V;E;D;GP;GC;SG;;;;;;;;;;;;;;
1; Ipatinga;12;6;4;0;2;10;6;4;;;;;;;;;;;;;;
2; Brasil de Pelotas;11;6;3;2;1;8;7;1;;;;;;;;;;;;;;
3; Noroeste;7;6;2;1;3;10;11;-1;;;;;;;;;;;;;;
4; Anapolina;3;6;0;3;3;5;9;-4;;;;;;;;;;;;;;
"Pts – Pontos ganhos; J – Jogos; V - Vitórias; E - Empates; D - Derrotas;";;;;;;;;;;;;;;;;;;;;;;;
"GP – Gols pró; GC – Gols contra; SG – Saldo de gols";;;;;;;;;;;;;;;;;;;;;;;
Grupo 28;;;;;;;;;;;;;;;;;;;;;;;
Grupo 28;;;;;;;;;;;;;;;;;;;;;;;
Team;;Pts;J;V;E;D;GP;GC;SG;;;;;;;;;;;;;;
1; Grêmio Barueri;12;6;4;0;2;10;9;1;;;;;;;;;;;;;;
2; Criciúma;10;6;3;1;2;7;4;3;;;;;;;;;;;;;;
3; América-MG;8;6;2;2;2;9;8;1;;;;;;;;;;;;;;
4; J. Malucelli;3;6;0;3;3;3;8;-5;;;;;;;;;;;;;;
"Pts – Pontos ganhos; J – Jogos; V - Vitórias; E - Empates; D - Derrotas;";;;;;;;;;;;;;;;;;;;;;;;
"GP – Gols pró; GC – Gols contra; SG – Saldo de gols";;;;;;;;;;;;;;;;;;;;;;;
;;;;;;;;;;;;;;;;;;;;;;;
2007;;;;;;;;;;;;;;;;;;;;;;;
Classificação final;;;;;;;;;;;;Eliminados na primeira fase;;;;;;;;;;;
Pos;Equipes;Pts;J;V;E;D;GP;GC;SG;;;Pos;Equipes;Pts;J;V;E;D;GP;GC;SG;Colocações finais;
Promovidos à Série B em 2008;;;;;;;;;;;;33; Araguaína[nota 4];11;6;3;2;1;8;4;4;Campeão;Bragantino
1; Bragantino;55;32;16;7;9;46;32;14;;;34; Grêmio Jaciara;10;6;3;1;2;14;9;5;Vice-campeão;Bahia
2; Bahia;63;32;18;9;5;62;31;31;;;35; ADAP/Galo Maringá;8;6;2;2;2;10;8;2;Promovido(s);Bragantino
3; Vila Nova;57;32;17;6;9;59;41;18;;;36; CENE;8;6;2;2;2;6;7;–1;;Bahia
4; ABC;61;32;19;4;9;49;39;10;;;37; River-PI;8;6;2;2;2;9;11;–2;;Vila Nova
Eliminados na fase final;;;;;;;;;;;;38; Juventus-SP;8;6;1;5;0;3;2;1;;ABC
5; CRAC;55;32;17;4;11;50;34;16;;;39; Jaguaré;7;6;2;1;3;12;12;0;Estatísticas;
6; Atlético Goianiense;54;32;15;9;8;50;31;19;;;40; Ceilândia;7;6;2;1;3;6;7;–1;Melhor marcador;Túlio Maravilha (Vila Nova) – 27 gols
7; Barras;45;32;12;9;11;47;50;–3;;;41; Amapá;7;6;2;1;3;6;8;–2;Maior goleada;Villa Nova 7–1 Democrata GV
8; Nacional de Patos[nota 6];34;32;12;4;16;36;52;–16;;;42; Icasa;7;6;2;1;3;5;7;–2;(diferença);Estádio Castor Cifuentes, Nova Lima
Eliminados na terceira fase;;;;;;;;;;;;43; Cacerense;7;6;2;1;3;5;8;–3;;29 de julho, 1ª fase
9; Coruripe;34;18;10;4;4;26;15;11;;;44; Tupi;7;6;2;1;3;8;12;–4;;
10; Rio Branco-AC;32;18;9;5;4;32;20;12;;;45; Potiguar de Mossoró;7;6;1;4;1;10;8;2;;
11; Ulbra;27;18;7;6;5;26;21;5;;;46; Friburguense;7;6;1;4;1;5;5;0;;
12; America;25;18;7;4;7;27;29;–2;;;47; Noroeste;6;6;1;3;2;5;6;–1;;
13; Villa Nova;24;18;5;9;4;24;18;6;;;48; Central;6;6;1;3;2;9;11;–2;;
14; Tuna Luso;23;18;6;5;7;25;26;–1;;;49; Atlético de Alagoinhas;6;6;1;3;2;7;12;–5;;
15; Fast Clube;23;18;6;5;7;24;25;–1;;;50; São Raimundo-AM;5;6;1;2;3;5;7;–2;;
16; Esportivo;23;18;6;5;7;19;25;–6;;;51; Jaruense;5;6;1;2;3;7;14;–7;;
Eliminados na segunda fase;;;;;;;;;;;;52; Itapipoca;4;6;1;1;4;10;12;–2;;
17; Roma Apucarana;23;12;6;5;1;15;6;9;;;53; Poções;4;6;1;1;4;6;10;–4;;
18; Joinville;21;12;6;3;3;16;9;7;;;54; Sertãozinho;4;6;1;1;4;8;13;–5;;
19; Confiança;21;12;6;3;3;15;9;6;;;55; Chapecoense;4;6;1;1;4;5;10;–5;;
20; Ananindeua;19;12;5;4;3;18;16;2;;;56; São Raimundo-RR;4;6;1;1;4;8;14;–6;;
21; Guarani;18;12;5;3;4;14;12;2;;;57; América de Propriá;4;6;1;1;4;1;7;–6;;
22; Atlético Cajazeirense;16;12;5;1;6;14;16;–2;;;58; Vera Cruz;4;6;1;1;4;3;10;–7;;
23; Itumbiara;16;12;5;1;6;14;16;–2;;;59; Paranavaí;4;6;0;4;2;4;10;–6;;
24; Volta Redonda;15;12;4;3;5;13;12;1;;;60; Caxias;3;6;0;3;3;4;7;–3;;
25; Rio Claro;15;12;4;3;5;12;16;–4;;;61; Madureira;3;6;0;3;3;1;5;–4;;
26; Sampaio Corrêa;14;12;3;5;4;11;20;–9;;;62; Paysandu;1;6;0;1;5;3;9;–6;;
27; Democrata GV;13;12;3;4;5;15;23;–8;;;63; ASA;1;6;0;1;5;3;13;–10;;
28; Nacional-AM;12;12;3;3;6;17;22;–5;;;64; Esportivo Guará;0;6;0;0;6;3;18;–15;;
29; Linhares;12;12;3;3;6;18;24;–6;;;;;;;;;;;;;;
30; Águia Negra;11;12;2;5;5;10;19;–9;;;;;;;;;;;;;;
31; Imperatriz[nota 5];8;12;5;5;2;13;6;7;;;;;;;;;;;;;;
32; Porto-PE;8;12;2;2;8;11;18;–7;;;;;;;;;;;;;;
;;;;;;;;;;;;;;;;;;;;;;;
2008;;;;;;;;;;;;;;;;;;;;;;;
Pos;Equipes;Pts;J;V;E;D;GP;GC;SG;Classificação ou rebaixamento;;Colocações finais;;;;;;;;;;;
1; Atlético Goianiense;68;32;21;5;6;84;30;54;Promovidos à Série B de 2009;;Campeão;Atlético Goianiense;;;;;;;;;;
2; Guarani;53;32;15;8;9;47;35;12;;;Vice-campeão;Guarani;;;;;;;;;;
3; Campinense;51;32;13;12;7;43;38;5;;;Estatísticas;;;;;;;;;;;
4; Duque de Caxias;48;32;14;6;12;55;54;1;;;Melhor marcador;Marcão (Atlético Goianiense) – 25 gols;;;;;;;;;;
5; Águia de Marabá;47;32;13;8;11;54;52;2;Eliminados no octogonal final, mas permanecem para a Série C de 2009;;Maior goleada;Atlético Goianiense 7 x 1 Itumbiara;;;;;;;;;;
6; Brasil de Pelotas;49;32;14;7;11;43;44;–1;;;;;;;;;;;;;;
7; Confiança;50;32;15;5;12;54;56;–2;;;;;;;;;;;;;;
8; Rio Branco-AC;51;30;16;3;11;67;56;11;;;;;;;;;;;;;;
9; Guaratinguetá;36;18;11;3;4;26;13;13;Eliminados na terceira fase, mas permanecem para a Série C de 2009;;;;;;;;;;;;;
10; Ituiutaba;34;18;10;4;4;26;18;8;;;;;;;;;;;;;;
11; ASA;31;18;9;4;5;33;19;14;;;;;;;;;;;;;;
12; Paysandu;27;18;7;6;5;24;21;3;;;;;;;;;;;;;;
13; Marcílio Dias;27;18;7;6;5;21;21;0;;;;;;;;;;;;;;
14; Salgueiro;24;18;5;9;4;24;21;3;;;;;;;;;;;;;;
15; Mixto;20;18;5;5;8;24;36;–12;;;;;;;;;;;;;;
16; Luverdense;17;16;4;5;7;28;29;–1;;;;;;;;;;;;;;
17; Sampaio Corrêa;17;12;4;5;3;12;10;2;Eliminados na segunda fase, mas permanecem para a Série C de 2009;;;;;;;;;;;;;
18; Icasa;19;12;5;4;3;12;11;1;;;;;;;;;;;;;;
19; Caxias;15;12;4;3;5;20;13;7;;;;;;;;;;;;;;
20; América Mineiro;18;12;5;3;4;13;8;5;;;;;;;;;;;;;;
21; Vitória da Conquista;20;12;6;2;4;23;18;5;Eliminados na segunda fase;;;;;;;;;;;;;
22; Dom Pedro;16;12;4;4;4;17;20;–3;;;;;;;;;;;;;;
23; Itabuna;16;12;5;1;6;17;23;–6;;;;;;;;;;;;;;
24; Noroeste;15;12;3;6;3;12;12;0;;;;;;;;;;;;;;
25; Picos;16;12;4;4;4;9;12;–3;;;;;;;;;;;;;;
26; Itumbiara;14;12;4;2;6;14;21;–7;;;;;;;;;;;;;;
27; Holanda;18;12;5;3;4;21;20;1;;;;;;;;;;;;;;
28; Remo;17;12;4;5;3;19;15;4;;;;;;;;;;;;;;
29; Santa Cruz;12;12;2;6;4;12;13;–1;;;;;;;;;;;;;;
30; Boavista-RJ;13;12;4;1;7;17;15;2;;;;;;;;;;;;;;
31; Toledo;11;12;2;5;5;14;18;–4;;;;;;;;;;;;;;
32; Ituano;11;12;3;2;7;14;19;–5;;;;;;;;;;;;;;
33; Macaé;9;6;2;3;1;6;4;2;Eliminados na primeira fase;;;;;;;;;;;;;
34; Inter de Santa Maria;8;6;2;2;2;7;5;2;;;;;;;;;;;;;;
35; Bacabal;8;6;2;2;2;8;7;1;;;;;;;;;;;;;;
36; Paulista;8;6;2;2;2;6;6;0;;;;;;;;;;;;;;
37; Cristal;8;6;2;2;2;5;5;0;;;;;;;;;;;;;;
38; Barras;8;6;2;2;2;4;4;0;;;;;;;;;;;;;;
39; Anápolis;8;6;2;2;2;7;11;–4;;;;;;;;;;;;;;
40; Legião;7;6;2;1;3;12;10;2;;;;;;;;;;;;;;
41; Potiguar de Mossoró;7;6;2;1;3;9;10;–1;;;;;;;;;;;;;;
42; Madureira;7;6;2;1;3;8;9;–1;;;;;;;;;;;;;;
43; Alagoinhas;7;6;2;1;3;6;8;–2;;;;;;;;;;;;;;
44; Linense;7;6;2;1;3;5;7;–2;;;;;;;;;;;;;;
45; Tupi;7;6;2;1;3;6;9;–3;;;;;;;;;;;;;;
46; Santa Cruz-RN;7;6;2;1;3;5;8;–3;;;;;;;;;;;;;;
47; J.Malucelli;7;6;1;4;1;4;4;0;;;;;;;;;;;;;;
48; Operário-MS;7;6;1;4;1;3;5;–2;;;;;;;;;;;;;;
49; Serra;6;6;2;0;4;7;11;–4;;;;;;;;;;;;;;
50; Palmas;6;6;2;0;4;6;12;–6;;;;;;;;;;;;;;
51; Engenheiro Beltrão;6;6;2;0;4;3;9;–6;;;;;;;;;;;;;;
52; Central;6;6;1;3;2;1;6;–5;;;;;;;;;;;;;;
53; Sergipe;41;6;3;1;2;9;9;0;;;;;;;;;;;;;;
54; Mirassol;4;6;1;1;4;7;11;–4;;;;;;;;;;;;;;
55; Horizonte;4;6;1;1;4;5;9;–4;;;;;;;;;;;;;;
56; Metropolitano;4;6;0;4;2;4;8;–4;;;;;;;;;;;;;;
57; CSA;3;6;1;0;5;4;10;–6;;;;;;;;;;;;;;
58; Petrolina;3;6;1;0;5;6;14;–8;;;;;;;;;;;;;;
59; Progresso;3;6;1;0;5;3;13;–10;;;;;;;;;;;;;;
60; Treze;2;6;0;2;4;3;8;–5;;;;;;;;;;;;;;
61; Águia Negra;1;6;0;1;5;4;15;–11;;;;;;;;;;;;;;
62; Linhares;1;6;0;1;5;3;18;–15;;;;;;;;;;;;;;
63; Fast Clube;0;4;0;0;4;2;11;–9;;;;;;;;;;;;;;
;;;;;;;;;;;;;;;;;;;;;;;
2009;;;;;;;;;;;;;;;;;;;;;;;
Classificação final;;;;;;;;;;;;;;;;;;;;;;;
Pos;Equipes;Pts;J;V;E;D;GP;GC;SG;Classificação ou rebaixamento;Colocações finais;;;;;;;;;;;;
1; América Mineiro;29;14;9;2;3;22;11;11;Finalistas e promovidos à Série B de 2010;Campeão; América Mineiro;;;;;;;;;;;
2; ASA;22;14;6;4;4;21;17;4;;Vice-campeão; ASA;;;;;;;;;;;
3; Guaratinguetá;22;12;7;1;4;21;16;5;Semifinalistas e promovidos à Série B de 2010;Estatísticas;;;;;;;;;;;;
4; Icasa;22;12;6;4;2;25;11;14;;Melhor marcador;8 gols:;;;;;;;;;;;
5; Caxias;17;10;5;2;3;11;9;2;Eliminados nas quartas de final;;Marciano (Icasa);;;;;;;;;;;
6; Brasil de Pelotas;17;10;5;2;3;13;12;1;;;Nena (ASA);;;;;;;;;;;
7; Rio Branco-AC;14;10;4;2;4;18;15;3;;Maior Goleada Boa Esporte-MG 5 x 0 Mixto-MT;;;;;;;;;;;;
8; Paysandu;13;10;3;4;3;14;19;–5;;;;;;;;;;;;;;
9; Marília;15;8;4;3;1;14;8;6;;;;;;;;;;;;;;
10; Salgueiro;13;8;4;1;3;8;12;–4;;;;;;;;;;;;;;
11; Ituiutaba;11;8;3;2;3;13;8;5;;;;;;;;;;;;;;
12; Águia de Marabá;11;8;3;2;3;12;12;0;;;;;;;;;;;;;;
13; Luverdense;11;8;3;2;3;8;9;–1;;;;;;;;;;;;;;
14; Gama;8;8;2;2;4;11;14;–3;;;;;;;;;;;;;;
15; Criciúma;7;8;2;1;5;6;12;–6;;;;;;;;;;;;;;
16; CRB;6;8;2;0;6;8;12;–4;;;;;;;;;;;;;;
17; Sampaio Corrêa;9;8;2;3;3;10;11;–1;Rebaixados à Série D de 2010;;;;;;;;;;;;;
18; Mixto;7;8;2;1;5;8;19;–11;;;;;;;;;;;;;;
19; Confiança;6;8;2;0;6;9;18;–9;;;;;;;;;;;;;;
20; Marcílio Dias;3;8;1;0;7;12;19;–7;;;;;;;;;;;;;;
;;;;;;;;;;;;;;;;;;;;;;;
2010;;;;;;;;;;;;;;;;;;;;;;;
Classificação final;;;;;;;;;;;;;;;;;;;;;;;
Pos;Equipes;Pts;J;V;E;D;GP;GC;SG;Classificação ou rebaixamento;Colocações finais;;;;;;;;;;;;
1; ABC;26;14;7;5;2;19;8;11;Finalistas e promovidos à Série B de 2011;Campeão;ABC;;;;;;;;;;;
2; Ituiutaba;20;14;4;8;2;12;8;4;;Vice-campeão;Ituiutaba;;;;;;;;;;;
3; Criciúma;17;12;4;5;3;13;9;4;Semifinalistas e promovidos à Série B de 2011;Promovido(s);ABC;;;;;;;;;;;
4; Salgueiro;16;12;4;4;4;16;18;–2;;;Ituiutaba;;;;;;;;;;;
5; Macaé;17;10;5;2;3;15;12;3;Eliminados nas quartas de final;;Criciúma;;;;;;;;;;;
6; Paysandu;15;10;4;3;3;18;13;5;;;Salgueiro;;;;;;;;;;;
7; Chapecoense;13;10;3;4;3;10;10;0;;Rebaixado(s);Alecrim;;;;;;;;;;;
8; Águia de Marabá;12;10;3;3;4;12;11;1;;;Juventude;;;;;;;;;;;
9; Luverdense;12;8;3;3;2;12;10;2;;;Gama;;;;;;;;;;;
10; Fortaleza;12;8;2;6;0;9;7;2;;;São Raimundo-PA;;;;;;;;;;;
11; CRB;11;8;3;2;3;8;11;–3;;Estatísticas;;;;;;;;;;;;
12; Campinense;10;8;3;1;4;7;7;0;;Melhor marcador;Bruno Rangel (Paysandu) – 8 gols;;;;;;;;;;;
13; Caxias;10;8;2;4;2;6;6;0;;Melhor ataque (fase inicial);Paysandu – 15 gols;;;;;;;;;;;
14; Brasil de Pelotas;10;8;2;4;2;4;5;–1;;Melhor defesa (fase inicial);Criciúma, Ituiutaba – 4 gols;;;;;;;;;;;
15; Rio Branco-AC;10;8;2;4;2;12;17;–5;;Maior goleada;Paysandu 6–2 Rio Branco-AC;;;;;;;;;;;
16; Marília;6;8;1;3;4;7;12;–5;;(diferença);Estádio da Curuzu, Belém;;;;;;;;;;;
17; Alecrim;10;8;2;4;2;9;10;–1;Rebaixados à Série D de 2011;;;;;;;;;;;;;
18; Juventude;8;8;1;5;2;6;8;–2;;;;;;;;;;;;;;
19; Gama;5;8;0;5;3;5;11;–6;;;;;;;;;;;;;;
20; São Raimundo-PA;3;8;0;3;5;8;15;–7;;;;;;;;;;;;;;
;;;;;;;;;;;;;;;;;;;;;;;
2011;;;;;;;;;;;;;;;;;;;;;;;
Classificação final;;;;;;;;;;;;;;;;;;;;;;;
Pos;Equipes;Pts;J;V;E;D;GP;GC;SG;Classificação ou rebaixamento;Colocações finais;;;;;;;;;;;;
1; Joinville;37;16;11;4;1;38;17;21;Finalistas e promovidos à Série B de 2012;Campeão;Joinville;;;;;;;;;;;
2; CRB;23;16;6;5;5;15;22;-7;;Vice-campeão;CRB;;;;;;;;;;;
3; Ipatinga;27;14;9;0;5;24;19;5;Promovidos à Série B de 2012;Promovido(s);Joinville;;;;;;;;;;;
4; América de Natal;25;14;7;4;3;22;12;10;;;Ipatinga;;;;;;;;;;;
5; Chapecoense;21;14;6;3;5;25;19;6;Eliminados na segunda fase;;CRB;;;;;;;;;;;
6; Paysandu;21;14;6;3;5;18;15;3;;;América de Natal;;;;;;;;;;;
7; Brasiliense;17;14;5;2;7;17;21;–4;;Rebaixado(s);Araguaína;;;;;;;;;;;
8; Luverdense;16;14;4;4;6;15;14;1;;;Brasil de Pelotas;;;;;;;;;;;
9; Rio Branco-AC;16;8;5;1;2;12;10;2;;;Campinense;;;;;;;;;;;
10; Águia de Marabá;13;8;4;1;3;11;8;3;;;Marília;;;;;;;;;;;
11; Madureira;10;8;3;1;4;7;8;–1;;Estatísticas;;;;;;;;;;;;
12; Guarany de Sobral;9;8;2;3;3;9;9;0;;Melhor marcador;Ronaldo Capixaba (Joinville) – 11 gols;;;;;;;;;;;
13; Fortaleza;9;8;2;3;3;11;12;–1;;Melhor ataque (fase inicial);Joinville – 17 gols;;;;;;;;;;;
14; Macaé;8;8;2;2;4;14;17;–3;;Melhor defesa (fase inicial);Brasiliense – 5 gols;;;;;;;;;;;
15; Caxias;8;8;2;2;4;11;14;–3;;Maior goleada;Paysandu 5–0 Araguaína;;;;;;;;;;;
16; Santo André;8;8;2;2;4;8;13;–5;;(diferença);Curuzu, Belém;;;;;;;;;;;
17; Campinense;9;8;2;3;3;7;8;–1;Rebaixados à Série D de 2012;;18 de setembro, 10ª rodada;;;;;;;;;;;
18; Marília;8;8;2;2;4;11;17;–6;;;;;;;;;;;;;;
19; Brasil de Pelotas[b];2;8;2;2;4;11;15;–4;;;;;;;;;;;;;;
20; Araguaína;1;8;0;1;7;3;19;–16;;;;;;;;;;;;;;
;;;;;;;;;;;;;;;;;;;;;;;
2012;;;;;;;;;;;;;;;;;;;;;;;
Pos;Times;Pts;J;V;E;D;GP;GC;SG;Classificação ou rebaixamento;Colocações finais;;;;;;;;;;;;
1; Oeste;41;24;11;8;5;29;21;8;Promovidos à Série B em 2013;Campeão;Oeste (1º título);;;;;;;;;;;
2; Icasa;32;24;9;5;10;24;26;–2;e finalistas;Vice-campeão;Icasa;;;;;;;;;;;
3; Chapecoense;33;22;9;6;7;27;14;13;Promovidos à Série B em 2013;Promovido(s);Chapecoense;;;;;;;;;;;
4; Paysandu;30;22;7;9;6;34;26;8;e eliminados nas semifinais;;Icasa;;;;;;;;;;;
5; Fortaleza;40;20;11;7;2;30;15;15;Eliminados nas quartas de final;;Oeste;;;;;;;;;;;
6; Luverdense;37;20;11;4;5;33;29;4;;;Paysandu;;;;;;;;;;;
7; Macaé;35;20;10;5;5;36;21;15;;Rebaixado(s);Guarany de Sobral;;;;;;;;;;;
8; Duque de Caxias;30;20;9;3;8;23;25;–2;;;Tupi;;;;;;;;;;;
9; Caxias;27;18;8;3;7;23;26;–3;Eliminados na primeira fase;;Salgueiro;;;;;;;;;;;
10; Brasiliense;23;18;7;2;9;25;29;–4;;;Santo André;;;;;;;;;;;
11; Vila Nova;23;18;6;5;7;27;26;1;;Estatísticas;;;;;;;;;;;;
12; Madureira;23;18;6;5;7;17;21;–4;;Melhor marcador;Dênis Marques (Santa Cruz) – 11 gols;;;;;;;;;;;
13; Treze;22;18;7;1;10;24;33;–9;;Melhor ataque (fase inicial);Macaé – 33 gols;;;;;;;;;;;
14; Santa Cruz;22;18;5;7;6;26;22;4;;Melhor defesa (fase inicial);Fortaleza – 11 gols;;;;;;;;;;;
15; Águia de Marabá;22;18;5;7;6;22;32;–10;;Maiores goleadas;Santa Cruz 6–1 Águia de Marabá;;;;;;;;;;;
16; Cuiabá;20;18;4;8;6;20;21;–1;;(diferença);Estádio do Arruda, Recife;;;;;;;;;;;
17; Salgueiro;20;18;4;8;6;25;29;–4;Rebaixados à Série D de 2013;;25 de agosto, Grupo A;;;;;;;;;;;
18; Santo André;18;18;3;9;6;14;22;–8;;;;;;;;;;;;;;
19; Guarany de Sobral;14;18;3;5;10;21;30;–9;;;Chapecoense 5–0 Tupi;;;;;;;;;;;
20; Tupi;14;18;3;5;10;13;25;–12;;;Arena Condá, Chapecó;;;;;;;;;;;
;;;;;;;;;;;;27 de outubro, Grupo B;;;;;;;;;;;
;;;;;;;;;;;;;;;;;;;;;;;
2013;;;;;;;;;;;;;;;;;;;;;;;
Pos;v;Pts;J;V;E;D;GP;GC;SG;Classificação ou rebaixamento;Colocações finais;;;;;;;;;;;;
;d;;;;;;;;;;Campeão;Santa Cruz (1º título);;;;;;;;;;;
;e;;;;;;;;;;Vice-campeão;Sampaio Corrêa;;;;;;;;;;;
;Equipes;;;;;;;;;;Promovido(s);Santa Cruz;;;;;;;;;;;
1; Santa Cruz;50;26;15;5;6;40;22;18;Promovidos à Série B em 2014;;Sampaio Corrêa;;;;;;;;;;;
2; Sampaio Corrêa;42;26;11;9;6;43;26;15;e finalistas;;Luverdense;;;;;;;;;;;
3; Luverdense;40;24;12;4;8;35;25;10;Promovidos à Série B em 2014;;Vila Nova;;;;;;;;;;;
4; Vila Nova;33;22;9;6;7;23;16;7;e eliminados nas semifinais;Rebaixado(s);Brasiliense;;;;;;;;;;;
5; Treze;36;22;11;3;8;28;35;–7;Eliminados nas quartas de final;;Betim;;;;;;;;;;;
6; Macaé;32;20;9;5;6;31;26;5;;;Grêmio Barueri;;;;;;;;;;;
7; Caxias;29;20;8;5;7;18;19;–1;;;Baraúnas;;;;;;;;;;;
8; Betim;28;20;7;7;6;22;20;2;Eliminado nas quartas de final e;;Rio Branco-AC;;;;;;;;;;;
;;;;;;;;;;rebaixado à Série D de 20141;Estatísticas;;;;;;;;;;;;
9; Fortaleza;32;20;9;5;6;38;23;15;Eliminados na primeira fase;Melhor marcador;Assisinho (Fortaleza) – 12 gols;;;;;;;;;;;
10; CRB;32;20;9;5;6;24;17;7;;Melhor ataque (fase inicial);Fortaleza – 38 gols;;;;;;;;;;;
11; Águia de Marabá;31;20;9;4;7;30;27;3;;Melhor defesa (fase inicial);13 gols:;;;;;;;;;;;
12; Cuiabá;30;20;8;6;6;31;21;10;;;Guarani;;;;;;;;;;;
13; Mogi Mirim;27;18;8;3;7;23;18;5;;;Vila Nova;;;;;;;;;;;
14; Guarani;24;18;5;9;4;15;13;2;;Maiores goleadas;Madureira 6–0 Grêmio Barueri;;;;;;;;;;;
15; Duque de Caxias;19;18;4;7;7;19;22;–3;;(diferença);Estádio Conselheiro Galvão, Rio de Janeiro;;;;;;;;;;;
16; Madureira;19;18;3;10;5;17;17;0;;;10 de agosto, Grupo B;;;;;;;;;;;
17; CRAC;17;18;4;5;9;12;20;–8;;;;;;;;;;;;;;
18; Brasiliense;30;20;8;6;6;20;22;2;Rebaixados à Série D de 2014;;Santa Cruz 6–0 Treze;;;;;;;;;;;
19; Grêmio Barueri;17;18;4;5;9;20;36;–16;;;Estádio do Arruda, Recife;;;;;;;;;;;
20; Baraúnas;13;20;4;1;15;17;44;–27;;;10 de agosto, Grupo A;;;;;;;;;;;
21; Rio Branco-AC;6;20;2;0;18;8;46;–38;;;;;;;;;;;;;;
;;;;;;;;;;;;Fortaleza 6–0 Rio Branco-AC;;;;;;;;;;;
;;;;;;;;;;;;;;;;;;;;;;;
2014;;;;;;;;;;;;;;;;;;;;;;;
Pos;Times;Pts;J;V;E;D;GP;GC;SG;Classificação ou rebaixamento;Colocações finais;;;;;;;;;;;;
1; Macaé;34;24;8;10;6;24;22;2;Promovidos à Série B em 2015;Campeão;Macaé (1º título);;;;;;;;;;;
2; Paysandu;37;24;10;7;7;33;25;8;e finalistas;Vice-campeão;Paysandu;;;;;;;;;;;
3; Mogi Mirim;38;22;11;5;6;26;29;–3;Promovidos à Série B em 2015;Promovido(s);Macaé;;;;;;;;;;;
4; CRB;34;22;10;6;6;27;22;5;e eliminados nas semifinais;;Paysandu;;;;;;;;;;;
5; Fortaleza;37;20;9;10;1;24;12;12;Eliminados nas quartas de final;;Mogi Mirim;;;;;;;;;;;
6; Tupi;34;20;9;7;4;31;16;15;;;CRB;;;;;;;;;;;
7; Salgueiro;28;20;7;7;6;20;23;–3;;Rebaixado(s);São Caetano;;;;;;;;;;;
8; Madureira;26;20;7;5;8;21;21;0;;;Treze;;;;;;;;;;;
9; ASA;25;18;7;4;7;23;22;1;Eliminados na primeira fase;;CRAC;;;;;;;;;;;
10; Guaratinguetá;25;18;6;7;5;32;18;14;;;Duque de Caxias;;;;;;;;;;;
11; Juventude;25;18;6;7;5;16;14;2;;Estatísticas;;;;;;;;;;;;
12; Botafogo-PB;25;18;6;7;5;20;19;1;;Melhor marcador;Ytalo (Guaratinguetá) – 12 gols;;;;;;;;;;;
13; Guarani;24;18;5;9;4;14;15;–1;;Melhor ataque (fase inicial);Guaratinguetá – 32 gols;;;;;;;;;;;
14; Cuiabá;23;18;6;5;7;19;19;0;;Melhor defesa (fase inicial);Fortaleza – 11 gols;;;;;;;;;;;
15; Caxias;22;18;5;7;6;17;20;–3;;Maiores goleadas;Tupi 5–0 Mogi Mirim;;;;;;;;;;;
16; Águia de Marabá;20;18;5;5;8;21;25;–4;;(diferença);Estádio Mario Helênio, Juiz de Fora;;;;;;;;;;;
17; São Caetano;21;18;6;3;9;13;19;–6;Rebaixados à Série D de 2015;;7 de setembro, Grupo B;;;;;;;;;;;
18; Treze;19;18;4;7;7;19;25;–6;;;;;;;;;;;;;;
19; CRAC;101;18;2;7;9;14;26;–12;;;Guaratinguetá 5–0 Madureira;;;;;;;;;;;
20; Duque de Caxias;7;18;1;4;13;10;32;–22;;;Arena Barueri, Barueri;;;;;;;;;;;
;;;;;;;;;;;;;;;;;;;;;;;
2015;;;;;;;;;;;;;;;;;;;;;;;
Pos;Equipes;Pts;J;V;E;D;GP;GC;SG;Classificação ou rebaixamento;Colocações finais;;;;;;;;;;;;
1; Vila Nova;44;24;13;5;6;31;16;15;Promovidos à Série B em 2016;Campeão;Vila Nova (2º título);;;;;;;;;;;
2; Londrina;43;24;11;10;3;26;18;8;e finalistas;Vice-campeão;Londrina;;;;;;;;;;;
3; Tupi;38;22;10;8;4;22;16;6;Promovidos à Série B em 2016;Promovido(s);Vila Nova;;;;;;;;;;;
4; Brasil de Pelotas;35;22;8;11;3;31;20;11;e eliminados nas semifinais;;Londrina;;;;;;;;;;;
5; Fortaleza;37;20;10;7;3;30;15;15;Eliminados nas quartas de final;;Tupi;;;;;;;;;;;
6; ASA;35;20;10;5;5;25;21;4;;;Brasil de Pelotas;;;;;;;;;;;
7; Confiança;32;20;9;5;6;25;17;8;;Rebaixado(s);Águia de Marabá;;;;;;;;;;;
8; Portuguesa;30;20;9;3;8;31;26;5;;;Madureira;;;;;;;;;;;
9; América de Natal;29;18;8;5;5;23;17;6;Eliminados na primeira fase;;Caxias;;;;;;;;;;;
10; Juventude;29;18;7;8;3;30;21;9;;;Icasa;;;;;;;;;;;
11; Guarani;29;18;7;8;3;23;17;6;;Estatísticas;;;;;;;;;;;;
12; Botafogo-PB;23;18;6;5;7;25;30;–5;;Melhor marcador;Guilherme Queiróz (Portuguesa) – 12 gols;;;;;;;;;;;
13; Cuiabá;19;18;5;4;9;20;25;–5;;Melhor ataque (fase inicial);30 gols:;;;;;;;;;;;
14; Salgueiro;19;18;4;7;7;17;20;–3;;;Brasil de Pelotas;;;;;;;;;;;
15; Tombense;17;18;3;8;7;16;19;–3;;;Fortaleza;;;;;;;;;;;
16; Guaratinguetá;16;18;4;4;10;19;30;–11;;;Juventude;;;;;;;;;;;
17; Águia de Marabá;15;18;3;6;9;19;28;–9;Rebaixados à Série D de 2016;;Portuguesa;;;;;;;;;;;
18; Madureira;13;18;1;10;7;19;34;–15;;Melhor defesa (fase inicial);Vila Nova – 13 gols;;;;;;;;;;;
19; Caxias;8;18;0;8;10;14;29;–15;;Maiores goleadas;Juventude 5–0 Madureira;;;;;;;;;;;
20; Icasa;7;18;2;1;15;15;42;–27;;(diferença);Estádio Alfredo Jaconi, Caxias do Sul;;;;;;;;;;;
;;;;;;;;;;;;29 de agosto, Grupo B;;;;;;;;;;;
;;;;;;;;;;;;;;;;;;;;;;;
;;;;;;;;;;;;Guaratinguetá 5–0 Madureira;;;;;;;;;;;
;;;;;;;;;;;;;;;;;;;;;;;
2016;;;;;;;;;;;;;;;;;;;;;;;
Pos;Equipes;Pts;J;V;E;D;GP;GC;SG;Classificação ou rebaixamento;Colocações finais;;;;;;;;;;;;
1; Boa Esporte;49;24;14;7;3;37;13;24;Promovidos à Série B em 2017;Campeão;Boa Esporte (1º título);;;;;;;;;;;
2; Guarani;45;24;13;6;5;37;22;15;e finalistas;Vice-campeão;Guarani;;;;;;;;;;;
3; ABC;37;22;10;7;5;29;21;8;Promovidos à Série B em 2017;Promovido(s);ABC;;;;;;;;;;;
4; Juventude;32;22;8;8;6;31;23;8;e eliminados nas semifinais;;Guarani;;;;;;;;;;;
5; Botafogo-SP;32;20;8;8;4;28;14;13;Eliminados nas quartas de final;;Boa Esporte;;;;;;;;;;;
6; Fortaleza;32;20;8;8;4;27;18;9;;;Juventude;;;;;;;;;;;
7; Botafogo-PB;29;20;7;8;5;19;14;5;;Rebaixado(s);América de Natal;;;;;;;;;;;
8; ASA;29;20;7;8;5;19;19;0;;;Portuguesa;;;;;;;;;;;
9; Tombense;29;18;8;5;5;27;16;11;Eliminados na primeira fase;;River-PI;;;;;;;;;;;
10; Ypiranga de Erechim;28;18;8;4;6;22;23;–1;;;Guaratinguetá;;;;;;;;;;;
11; Remo;25;18;6;7;5;21;20;1;;Estatísticas;;;;;;;;;;;;
12; Cuiabá;22;18;5;7;6;19;17;2;;Melhor marcador;Jones Carioca (ABC) – 12 gols;;;;;;;;;;;
13; Confiança;22;18;5;7;6;22;26;–4;;Melhor ataque (fase inicial);28 gols:;;;;;;;;;;;
14; Salgueiro;21;18;5;6;7;13;18;–5;;;Boa Esporte;;;;;;;;;;;
15; Mogi Mirim;181;18;5;7;6;12;15;–3;;;Botafogo-SP;;;;;;;;;;;
16; Macaé;16;18;4;4;10;16;26;–10;;;Juventude;;;;;;;;;;;
17; América de Natal;20;18;5;5;8;17;23;–6;Rebaixados à Série D de 2017;Melhor defesa (fase inicial);Boa Esporte – 10 gols;;;;;;;;;;;
18; Portuguesa;14;18;4;2;12;13;26;–13;;Maior goleada;Guarani 6–0 ABC;;;;;;;;;;;
19; River-PI;13;18;2;7;9;13;26;–13;;(diferença);;;;;;;;;;;;
20; Guaratinguetá;4;18;1;1;16;13;55;–42;;;;;;;;;;;;;;
;;;;;;;;;;;;;;;;;;;;;;;
2017;;;;;;;;;;;;;;;;;;;;;;;
Pos;Equipes;Pts;J;V;E;D;GP;GC;SG;Classificação ou rebaixamento;Colocações finais;;;;;;;;;;;;
1; CSA;45;24;12;9;3;27;14;13;Promovidos à Série B em 2018;Campeão;CSA (1º título);;;;;;;;;;;
2; Fortaleza;35;24;9;8;7;26;20;6;e finalistas;Vice-campeão;Fortaleza;;;;;;;;;;;
3; São Bento;38;22;10;8;4;23;11;12;Promovidos à Série B em 2018;Promovido(s);CSA;;;;;;;;;;;
4; Sampaio Corrêa;37;22;10;7;5;28;24;4;e eliminados nas semifinais;;Fortaleza;;;;;;;;;;;
5; Tupi;31;20;8;7;5;22;20;2;Eliminados nas quartas de final;;São Bento;;;;;;;;;;;
6; Volta Redonda;26;20;6;8;6;25;19;6;;;Sampaio Corrêa;;;;;;;;;;;
7; Tombense;26;20;6;8;6;19;20;–1;;Rebaixado(s);Moto Club;;;;;;;;;;;
8; Confiança;26;20;6;8;6;23;27;–4;;;Macaé;;;;;;;;;;;
9; Joinville;25;18;6;7;5;28;23;5;Eliminados na primeira fase;;Mogi Mirim;;;;;;;;;;;
10; Botafogo-SP;25;18;6;7;5;25;20;5;;;ASA;;;;;;;;;;;
11; Salgueiro;24;18;7;3;8;19;16;3;;Estatísticas;;;;;;;;;;;;
12; Ypiranga de Erechim;23;18;5;8;5;23;21;2;;Melhor marcador;Rafael Grampola (Joinville) – 13 gols;;;;;;;;;;;
13; Cuiabá;23;18;4;11;3;17;17;0;;Melhor ataque (fase inicial);Joinville – 28 gols;;;;;;;;;;;
14; Remo;22;18;5;7;6;19;21;–2;;Melhor defesa (fase inicial);São Bento – 10 gols;;;;;;;;;;;
15; Botafogo-PB;21;18;6;3;9;18;21;–3;;Maior goleada;Joinville 8–1 Mogi Mirim;;;;;;;;;;;
16; Bragantino;21;18;4;9;5;16;19;–3;;(diferença);;;;;;;;;;;;
17; Moto Club;20;18;5;5;8;18;20;–2;Rebaixados à Série D de 2018;;;;;;;;;;;;;
18; Macaé;19;18;5;4;9;16;28;–12;;;;;;;;;;;;;;
19; Mogi Mirim;13;18;3;4;11;15;34;–19;;;;;;;;;;;;;;
20; ASA;13;18;2;7;9;11;23;–12;;;;;;;;;;;;;;
;;;;;;;;;;;;;;;;;;;;;;;
2018;;;;;;;;;;;;;;;;;;;;;;;
Pos;Times;Pts;J;V;E;D;GP;GC;SG;Classificação ou rebaixamento;Colocações finais;;;;;;;;;;;;
1; Operário-PR;44;24;12;8;4;32;21;11;Promovidos à Série B em 2019;Campeão;Operário-PR (1º título);;;;;;;;;;;
2; Cuiabá;41;24;12;5;7;42;27;15;e finalistas;Vice-campeão;Cuiabá;;;;;;;;;;;
3; Botafogo-SP;39;22;11;6;5;31;18;13;Promovidos à Série B em 2019;Promovido(s);Operário-PR;;;;;;;;;;;
4; Bragantino;34;22;9;8;5;25;18;7;e eliminados nas semifinais;;Cuiabá;;;;;;;;;;;
5; Náutico;32;20;9;5;6;28;26;2;Eliminados nas quartas de final;;Botafogo-SP;;;;;;;;;;;
6; Atlético Acreano;31;20;9;4;7;27;26;1;;;Bragantino;;;;;;;;;;;
7; Santa Cruz;31;20;8;7;5;23;16;7;;Rebaixado(s);Tupi;;;;;;;;;;;
8; Botafogo-PB;29;20;7;8;5;23;18;5;;;Juazeirense;;;;;;;;;;;
9; Luverdense;24;18;7;3;8;27;25;2;Eliminados na primeira fase;;Salgueiro;;;;;;;;;;;
10; Confiança;23;18;5;8;5;24;25;–1;;;Joinville;;;;;;;;;;;
11; Tombense;22;18;6;4;8;17;17;0;;Estatísticas;;;;;;;;;;;;
12; Ypiranga de Erechim;22;18;6;4;8;25;27;–2;;Melhor marcador;Caio Dantas (Botafogo-SP) – 11 gols;;;;;;;;;;;
13; Remo;22;18;6;4;8;18;20;–2;;Melhor ataque (fase inicial);Cuiabá – 32 gols;;;;;;;;;;;
14; Globo;22;18;4;10;4;19;19;0;;Melhor defesa (fase inicial);Santa Cruz – 13 gols;;;;;;;;;;;
15; ABC;21;18;6;3;9;18;24;–6;;Maiores goleadas;Atlético Acreano 5–0 Juazeirense;;;;;;;;;;;
16; Volta Redonda;20;18;6;2;10;18;25;–7;;(diferença);Florestão, Rio Branco;;;;;;;;;;;
17; Tupi;20;18;6;2;10;19;30;–11;Rebaixados à Série D de 2019;;13 de maio, 5ª rodada;;;;;;;;;;;
18; Juazeirense;19;18;4;7;7;16;20;–4;;;;;;;;;;;;;;
19; Salgueiro;17;18;3;8;7;11;19;–8;;;Cuiabá 5–0 Joinville;;;;;;;;;;;
20; Joinville;14;18;4;2;12;13;35;–22;;;;;;;;;;;;;;
;;;;;;;;;;;;;;;;;;;;;;;
2019;;;;;;;;;;;;;;;;;;;;;;;
Pos;Times;Pts;J;V;E;D;GP;GC;SG;Classificação ou rebaixamento;Colocações finais;;;;;;;;;;;;
1; Náutico;42;24;12;6;6;34;26;8;Promovidos à Série B em 2020;Campeão;Náutico (1º título);;;;;;;;;;;
2; Sampaio Corrêa;42;24;12;6;6;31;26;5;e finalistas;Vice-campeão;Sampaio Corrêa;;;;;;;;;;;
3; Juventude;35;22;9;8;5;27;17;10;Promovidos à Série B em 2020;Promovido(s);Confiança;;;;;;;;;;;
4; Confiança;30;22;8;6;8;24;26;–2;e eliminados nas semifinais;;Sampaio Corrêa;;;;;;;;;;;
5; Paysandu;30;20;6;12;2;20;13;7;Eliminados nas quartas de final;;Náutico;;;;;;;;;;;
6; Imperatriz;29;20;8;5;7;27;26;1;;;Juventude;;;;;;;;;;;
7; Ypiranga de Erechim;29;20;7;8;5;19;12;7;;Rebaixado(s);Atlético Acreano;;;;;;;;;;;
8; São José-RS;29;20;6;11;3;27;20;7;;;Luverdense;;;;;;;;;;;
9; Remo;27;18;6;9;3;19;14;5;Eliminados na primeira fase;;ABC;;;;;;;;;;;
10; Ferroviário;25;18;7;4;7;21;20;1;;;Globo;;;;;;;;;;;
11; Botafogo-PB;25;18;6;7;5;26;22;4;;Estatísticas;;;;;;;;;;;;
12; Volta Redonda;25;18;6;7;5;22;19;3;;Melhor marcador;8 gols:;;;;;;;;;;;
13; Santa Cruz;25;18;6;7;5;24;27;–3;;;Eduardo (Treze);;;;;;;;;;;
14; Tombense;23;18;6;5;7;17;20;–3;;;Luiz Eduardo (São José-RS);;;;;;;;;;;
15; Boa Esporte;20;18;4;8;6;16;19;–3;;;Negueba (Globo);;;;;;;;;;;
16; Treze;19;18;5;4;9;22;27;–5;;;Salatiel (Sampaio Corrêa);;;;;;;;;;;
17; ABC;18;18;4;6;8;19;22;–3;Rebaixados à Série D de 2020;Melhor ataque (fase inicial);Imperatriz – 27 gols;;;;;;;;;;;
18; Globo;16;18;4;4;10;19;27;–8;;Melhor defesa (fase inicial);Ypiranga de Erechim – 10 gols;;;;;;;;;;;
19; Luverdense;13;18;1;10;7;13;19;–6;;Maiores goleadas;Luverdense 4–0 Atlético Acreano;;;;;;;;;;;
20; Atlético Acreano;11;18;2;5;11;12;37;–25;;(diferença);Estádio Passo das Emas, Lucas do Rio Verde;;;;;;;;;;;
;;;;;;;;;;;;23 de junho, 9ª rodada;;;;;;;;;;;
;;;;;;;;;;;;;;;;;;;;;;;
;;;;;;;;;;;;Paysandu 4–0 Atlético Acreano;;;;;;;;;;;
;;;;;;;;;;;;Estádio Mangueirão, Belém;;;;;;;;;;;
;;;;;;;;;;;;10 de agosto, 16ª rodada;;;;;;;;;;;
;;;;;;;;;;;;;;;;;;;;;;;
;;;;;;;;;;;;Juventude 4–0 Imperatriz;;;;;;;;;;;
;;;;;;;;;;;;;;;;;;;;;;;
;;;;;;;;;;;;;;;;;;;;;;;
2020;;;;;;;;;;;;;;;;;;;;;;;
Pos;Equipes;Pts;J;V;E;D;GP;GC;SG;Classificação ou rebaixamento;Colocações finais;;;;;;;;;;;;
1; Vila Nova;47;26;13;8;5;34;21;13;Promovidos à Série B de 2021;Campeão;Vila Nova (3º título);;;;;;;;;;;
2; Remo;41;26;11;8;7;30;23;7;e finalistas;Vice-campeão;Remo;;;;;;;;;;;
3; Londrina;38;24;10;8;6;27;22;5;Promovidos à Série B de 2021;Promovido(s);Brusque;;;;;;;;;;;
4; Brusque;38;24;10;8;6;32;32;0;e eliminados na segunda fase;;Londrina;;;;;;;;;;;
5; Santa Cruz;45;24;13;6;5;40;23;17;Eliminados na segunda fase;;Remo;;;;;;;;;;;
6; Ypiranga de Erechim;38;24;11;5;8;39;35;4;;;Vila Nova;;;;;;;;;;;
7; Paysandu;36;24;10;6;8;31;22;9;;Rebaixado(s);Treze;;;;;;;;;;;
8; Ituano;34;24;9;7;8;35;30;5;;;São Bento;;;;;;;;;;;
9; Tombense;27;18;7;6;5;21;18;3;Eliminados na primeira fase;;Boa Esporte;;;;;;;;;;;
10; Manaus;26;18;6;8;4;19;18;1;;;Imperatriz;;;;;;;;;;;
11; Jacuipense;24;18;6;6;6;19;21;–2;;Estatísticas;;;;;;;;;;;;
12; Ferroviário;23;18;6;5;7;27;22;5;;Melhor marcador;Thiago Alagoano (Brusque) – 12 gols;;;;;;;;;;;
13; Volta Redonda;23;18;5;8;5;31;23;8;;Melhor ataque (fase inicial);Santa Cruz – 32 gols;;;;;;;;;;;
14; São José-RS;20;18;5;5;8;15;23;–8;;Melhor defesa (fase inicial);Remo – 10 gols;;;;;;;;;;;
15; Botafogo-PB;20;18;4;8;6;19;17;2;;Maiores goleadas;Botafogo-PB 7–0 Imperatriz;;;;;;;;;;;
16; Criciúma;19;18;4;7;7;20;25;–5;;(diferença);Estádio Almeidão, João Pessoa;;;;;;;;;;;
17; Treze;19;18;4;7;7;19;21;–2;Rebaixados à Série D de 2021;;7 de novembro, 14ª rodada;;;;;;;;;;;
18; São Bento;17;18;3;8;7;13;20;–7;;;;;;;;;;;;;;
19; Boa Esporte;15;18;2;9;7;17;23;–6;;;Brusque 1–8 Volta Redonda;;;;;;;;;;;
20; Imperatriz;1;18;0;1;17;10;60;–50;;;Estádio Augusto Bauer, Brusque;;;;;;;;;;;
;;;;;;;;;;;;28 de novembro, 17ª rodada;;;;;;;;;;;
;;;;;;;;;;;;;;;;;;;;;;;
;;;;;;;;;;;;Ferroviário 7–0 Imperatriz;;;;;;;;;;;
;;;;;;;;;;;;Arena Castelão, Fortaleza;;;;;;;;;;;
;;;;;;;;;;;;28 de novembro, 17ª rodada;;;;;;;;;;;
;;;;;;;;;;;;;;;;;;;;;;;
;;;;;;;;;;;;;;;;;;;;;;;
2021;;;;;;;;;;;;;;;;;;;;;;;
Pos;Equipes;Pts;J;V;E;D;GP;GC;SG;Classificação ou rebaixamento;Colocações finais;;;;;;;;;;;;
1; Ituano;50;26;14;8;4;38;23;15;Promovidos à Série B de 2022;Campeão;Ituano (2° título);;;;;;;;;;;
2; Tombense;39;26;9;12;5;31;24;7;e finalistas;Vice-campeão;Tombense;;;;;;;;;;;
3; Novorizontino;48;24;15;3;6;31;20;11;Promovidos à Série B de 2022;Promovido(s);Ituano;;;;;;;;;;;
4; Criciúma;39;24;11;6;7;22;17;5;e eliminados na segunda fase;;Tombense;;;;;;;;;;;
5; Ypiranga de Erechim;38;24;10;8;6;32;23;9;Eliminados na segunda fase;;Novorizontino;;;;;;;;;;;
6; Botafogo-PB;35;24;8;11;5;20;15;5;;;Criciúma;;;;;;;;;;;
7; Manaus;32;24;8;8;8;31;33;–2;;Rebaixado(s);Jacuipense;;;;;;;;;;;
8; Paysandu;32;24;8;8;8;25;29;–4;;;Paraná;;;;;;;;;;;
9; Figueirense;29;18;8;5;5;19;14;5;Eliminados na primeira fase;;Santa Cruz;;;;;;;;;;;
10; Volta Redonda;26;18;6;8;4;21;16;5;;;Oeste;;;;;;;;;;;
11; Ferroviário;24;18;5;9;4;14;12;2;;Estatísticas;;;;;;;;;;;;
12; São José-RS;23;18;6;5;7;22;22;0;;Melhor marcador;Quirino (Ypiranga de Erechim) – 10 gols;;;;;;;;;;;
13; Botafogo-SP;22;18;6;4;8;15;22;–7;;Melhor ataque (fase inicial);Ypiranga de Erechim – 26 gols;;;;;;;;;;;
14; Altos;21;18;5;6;7;21;23;–2;;Melhor defesa (fase inicial);Novorizontino – 10 gols;;;;;;;;;;;
15; Floresta;21;18;4;9;5;15;17;–2;;Maiores goleadas;Volta Redonda 5–0 Manaus;;;;;;;;;;;
16; Mirassol;19;18;6;1;11;17;26;–9;;(diferença);Estádio Raulino de Oliveira, Volta Redonda;;;;;;;;;;;
17; Jacuipense;18;18;3;9;6;13;21;–8;Rebaixados à Série D de 2022;;6 de junho, 2ª rodada;;;;;;;;;;;
18; Paraná;16;18;4;4;10;17;21;–4;;;;;;;;;;;;;;
19; Santa Cruz;12;18;2;6;10;11;19;–8;;;Manaus 5–0 Novorizontino;;;;;;;;;;;
20; Oeste;7;18;1;4;13;9;27;–18;;;;;;;;;;;;;;
;;;;;;;;;;;;;;;;;;;;;;;
2022;;;;;;;;;;;;;;;;;;;;;;;
Pos;Equipes;Pts;J;V;E;D;GP;GC;SG;Classificação ou rebaixamento;6;;;;;;;;;;;;
1; Mirassol;49;27;14;7;6;45;28;17;Promovidos à Série B de 2023;Colocações finais;;;;;;;;;;;;
2; ABC;44;27;11;11;5;26;19;7;e finalistas;Campeão;Mirassol (1° título);;;;;;;;;;;
3; Botafogo-SP;42;25;13;3;9;37;30;7;Promovidos à Série B de 2023;Vice-campeão;ABC;;;;;;;;;;;
4; Vitória;38;25;10;8;7;25;21;4;e eliminados na segunda fase;Promovido(s);ABC;;;;;;;;;;;
5; Figueirense;40;25;10;10;5;35;24;11;Eliminados na segunda fase;;Botafogo-SP;;;;;;;;;;;
6; Paysandu;37;25;10;7;8;34;23;11;;;Mirassol;;;;;;;;;;;
7; Volta Redonda;36;25;11;3;11;36;33;3;;;Vitória;;;;;;;;;;;
8; Aparecidense;36;25;10;6;9;31;28;3;;Rebaixado(s);Atlético Cearense;;;;;;;;;;;
9; Botafogo-PB;29;19;7;8;4;17;13;4;Eliminados na primeira fase;;Brasil de Pelotas;;;;;;;;;;;
10; Ypiranga de Erechim;28;19;7;7;5;25;20;5;;;Ferroviário;;;;;;;;;;;
11; São José-RS;26;19;7;5;7;33;27;6;;;Campinense;;;;;;;;;;;
12; Remo;26;19;7;5;7;25;22;3;;Estatísticas;;;;;;;;;;;;
13; Manaus;25;19;6;7;6;16;21;–5;;Melhor marcador;Alex Henrique (Aparecidense) – 12 gols;;;;;;;;;;;
14; Confiança;23;19;6;5;8;12;17;–5;;Melhor ataque;São José-RS – 33 gols;;;;;;;;;;;
15; Floresta;23;19;6;5;8;17;25;–8;;Melhor defesa;Botafogo-PB – 13 gols;;;;;;;;;;;
16; Altos;21;19;6;3;10;21;31;–10;;Maior goleada;Mirassol 6–0 Atlético Cearense;;;;;;;;;;;
17; Atlético Cearense;19;19;5;4;10;17;35;–18;Rebaixados à Série D de 2023;(diferença);;;;;;;;;;;;
18; Brasil de Pelotas;17;19;4;5;10;19;29;–10;;;;;;;;;;;;;;
19; Ferroviário;16;19;5;1;13;15;27;–12;;;;;;;;;;;;;;
20; Campinense;16;19;4;4;11;15;28;–13;;;;;;;;;;;;;;
;;;;;;;;;;;;;;;;;;;;;;;
2023;;;;;;;;;;;;;;;;;;;;;;;
Pos;Equipe;Pts;J;V;E;D;GP;GC;SG;Classificação ou descenso;Colocações finais;;;;;;;;;;;;
1; Amazonas (C);48;27;14;6;7;34;25;9;Promovido à Série B de 2024 e campeão;Campeão;Amazonas (1.º título);;;;;;;;;;;
2; Brusque;45;27;13;6;8;35;23;12;Promovido à Série B de 2024 e vice-campeão;Vice-campeão;Brusque;;;;;;;;;;;
3; Operário-PR;43;25;12;7;6;28;19;9;Promovidos à Série B de 2024;Promovido(s);Amazonas;;;;;;;;;;;
4; Paysandu;39;25;11;6;8;28;32;?4;e eliminados na segunda fase;;Brusque;;;;;;;;;;;
5; Volta Redonda;43;25;13;4;8;39;26;13;Eliminados na segunda fase;;Operário-PR;;;;;;;;;;;
6; São José-RS;37;25;9;10;6;35;28;7;;;Paysandu;;;;;;;;;;;
7; São Bernardo;36;25;9;9;7;26;23;3;;Rebaixado(s);Altos;;;;;;;;;;;
8; Botafogo-PB;33;25;8;9;8;31;31;0;;;América de Natal;;;;;;;;;;;
9; Confiança;28;19;8;4;7;23;26;?3;Eliminados na primeira fase;;Manaus;;;;;;;;;;;
10; Náutico;27;19;6;9;4;25;24;1;;;Pouso Alegre;;;;;;;;;;;
11; Remo;25;19;6;7;6;20;18;2;;Estatísticas;;;;;;;;;;;;
12; CSA;24;19;5;9;5;15;13;2;;Melhor marcador;Sassá (Amazonas) – 18 gols;;;;;;;;;;;
13; Ypiranga de Erechim;23;19;6;5;8;26;23;3;;Melhor ataque (fase inicial);Volta Redonda – 33 gols;;;;;;;;;;;
14; Floresta;23;19;5;8;6;14;17;?3;;Melhor defesa (fase inicial);Operário-PR – 10 gols;;;;;;;;;;;
15; Aparecidense;22;19;6;4;9;17;20;?3;;Maior goleada;Ypiranga de Erechim 5–0 Paysandu;;;;;;;;;;;
16; Figueirense;22;19;5;7;7;19;18;1;;(diferença);;;;;;;;;;;;
17; Manaus;20;19;5;5;9;13;24;?11;Rebaixados à Série D de 2024;;;;;;;;;;;;;
18; América de Natal;19;19;4;7;8;12;21;?9;;;;;;;;;;;;;;
19; Altos;13;19;2;7;10;14;28;?14;;;;;;;;;;;;;;
20; Pouso Alegre;12;19;3;3;13;11;26;?15;;;;;;;;;;;;;;
;;;;;;;;;;;;;;;;;;;;;;;
2024;;;;;;;;;;;;;;;;;;;;;;;
Pos;Equipe;Pts;J;V;E;D;GP;GC;SG;Classificação ou descenso;Colocações finais;;;;;;;;;;;;
1; Volta Redonda (C);52;27;15;7;5;41;32;9;Promovido à Série B de 2025 e campeão;Campeão;Volta Redonda (1.º título);;;;;;;;;;;
2; Athletic;50;27;15;5;7;50;32;18;Promovido à Série B de 2025 e vice-campeão;Vice-campeão;Athletic;;;;;;;;;;;
3; Ferroviária;46;25;12;10;3;34;21;13;Promovidos à Série B de 2025;Promovido(s);Volta Redonda;;;;;;;;;;;
4; Remo;35;25;10;5;10;27;30;?3;e eliminados na segunda fase;;Athletic;;;;;;;;;;;
5; Botafogo-PB;46;25;13;7;5;38;26;12;Eliminados na segunda fase;;Ferroviária;;;;;;;;;;;
6; São Bernardo;40;25;11;7;7;34;24;10;;;Remo;;;;;;;;;;;
7; Ypiranga de Erechim;37;25;10;7;8;28;26;2;;Rebaixado(s);Aparecidense;;;;;;;;;;;
8; Londrina;36;25;9;9;7;35;33;2;;;Ferroviário;;;;;;;;;;;
9; Náutico;25;19;6;7;6;34;25;9;Eliminados na primeira fase;;Sampaio Corrêa;;;;;;;;;;;
10; CSA;25;19;6;7;6;22;26;?4;;;São José-RS;;;;;;;;;;;
11; Figueirense;24;19;6;6;7;19;21;?2;;Estatísticas;;;;;;;;;;;;
12; Tombense;23;19;5;8;6;22;21;1;;Melhor marcador;10 gols:;;;;;;;;;;;
13; Confiança;22;19;6;4;9;20;22;?2;;;Kayke (São Bernardo);;;;;;;;;;;
14; ABC;22;19;5;7;7;18;20;?2;;;Paulo Sérgio (Náutico);;;;;;;;;;;
15; Caxias;21;19;6;3;10;20;27;?7;;Melhor ataque (fase inicial);Athletic – 39 gols;;;;;;;;;;;
16; Floresta;19;19;5;4;10;15;27;?12;;Melhor defesa (fase inicial);Ferroviária – 9 gols;;;;;;;;;;;
17; Sampaio Corrêa;19;19;4;7;8;16;21;?5;Rebaixados à Série D de 2025;Maiores goleadas;São Bernardo 5–0 Ferroviário;;;;;;;;;;;
18; Aparecidense;16;19;3;7;9;18;28;?10;;(diferença);Estádio 1º de Maio, São Bernardo do Campo;;;;;;;;;;;
19; Ferroviário;15;19;3;6;10;19;38;?19;;;6 de maio, 3.ª rodada;;;;;;;;;;;
20; São José-RS;11;19;2;5;12;12;22;?10;;;;;;;;;;;;;;
;;;;;;;;;;;;CSA 0–5 Athletic;;;;;;;;;;;
;;;;;;;;;;;;;;;;;;;;;;;
2025;;;;;;;;;;;olocações finais;;;;;;;;;;;;
Pos;Equipe;Pts;J;V;E;D;GP;GC;SG;Classificação ou descenso;Campeão;Ponte Preta (1.º título);;;;;;;;;;;
1; Ponte Preta (C);53;27;16;5;6;29;22;7;Promovida à Série B de 2026 e campeã;Vice-campeão;Londrina;;;;;;;;;;;
2; Londrina;41;27;10;11;6;33;25;8;Promovido à Série B de 2026 e vice-campeão;Promovido(s);Ponte Preta;;;;;;;;;;;
3; Náutico;44;25;12;8;5;30;13;17;Promovidos à Série B de 2026;;Londrina;;;;;;;;;;;
4; São Bernardo;37;25;9;10;6;23;19;4;e eliminados na segunda fase;;Náutico;;;;;;;;;;;
5; Caxias;41;25;12;5;8;28;25;3;Eliminados na segunda fase;;São Bernardo;;;;;;;;;;;
6; Brusque;34;25;10;4;11;26;25;1;;Rebaixado(s);ABC;;;;;;;;;;;
7; Guarani;34;25;9;7;9;26;27;?1;;;CSA;;;;;;;;;;;
8; Floresta;34;25;8;10;7;17;17;0;;;Retrô;;;;;;;;;;;
9; Confiança;26;19;7;5;7;21;22;?1;Eliminados na primeira fase;;Tombense;;;;;;;;;;;
10; Ypiranga de Erechim;25;19;7;4;8;17;21;?4;;Estatísticas;;;;;;;;;;;;
11; Maringá;25;19;5;10;4;26;24;2;;Melhor marcador;8 gols:;;;;;;;;;;;
12; Ituano;24;19;6;6;7;19;24;?5;;;Iago Teles (Londrina);;;;;;;;;;;
13; Botafogo-PB;23;19;6;5;8;22;21;1;;;Jonas Toró (Ponte Preta);;;;;;;;;;;
14; Figueirense;23;19;5;8;6;21;18;3;;Melhor ataque (fase inicial);Londrina – 27 gols;;;;;;;;;;;
15; Anápolis;23;19;5;8;6;16;19;?3;;Melhor defesa (fase inicial);Náutico – 7 gols;;;;;;;;;;;
16; Itabaiana;22;19;6;4;9;16;20;?4;;Maiores goleadas;Ypiranga de Erechim 0–4 Náutico;;;;;;;;;;;
17; CSA;22;19;5;7;7;21;23;?2;Rebaixados à Série D de 2026;(diferença);Estádio Colosso da Lagoa, Erechim;;;;;;;;;;;
18; ABC;18;19;2;12;5;20;25;?5;;;17 de maio, 6.ª rodada;;;;;;;;;;;
19; Retrô;14;19;3;5;11;7;22;?15;;;;;;;;;;;;;;
20; Tombense;14;19;2;8;9;14;23;?9;;;Retrô 0–4 Londrina;;;;;;;;;;;
;;;;;;;;;;;;;;;;;;;;;;;
2026;;;;;;;;;;;;;;;;;;;;;;;
Amazonas;Manaus; AM;18.º (Série B);Carlos Zamith;10 000;1 (2023);;;;;;;;;;;;;;;;;
Anápolis;Anápolis; GO;15.º;Jonas Duarte;12 875;0 (não possui);;;;;;;;;;;;;;;;;
Barra-SC;Balneário Camboriú; SC;1.º (Série D);Arena Barra FC;5 500;0 (não possui);;;;;;;;;;;;;;;;;
Botafogo-PB;João Pessoa; PB;13.º;Almeidão (PB);19 000;0 (não possui);;;;;;;;;;;;;;;;;
Brusque;Brusque; SC;6.º;Arena Simon;5 000;0 (não possui);;;;;;;;;;;;;;;;;
Caxias;Caxias do Sul; RS;5.º;Centenário;22 132;0 (não possui);;;;;;;;;;;;;;;;;
Confiança;Aracaju; SE;9.º;Batistão;15 000;0 (não possui);;;;;;;;;;;;;;;;;
Ferroviária;Araraquara; SP;17.º (Série B);Fonte Luminosa;20 000;0 (não possui);;;;;;;;;;;;;;;;;
Figueirense;Florianópolis; SC;14.º;Orlando Scarpelli;19 584;0 (não possui);;;;;;;;;;;;;;;;;
Floresta;Fortaleza; CE;8.º;Domingão;10 500;0 (não possui);;;;;;;;;;;;;;;;;
Guarani;Campinas; SP;7.º;Brinco de Ouro;20 580;0 (não possui);;;;;;;;;;;;;;;;;
Inter de Limeira;Limeira; SP;3.º (Série D);Limeirão;18 000;0 (não possui);;;;;;;;;;;;;;;;;
Itabaiana;Itabaiana; SE;16.º;Etelvino Mendonça;10 000;0 (não possui);;;;;;;;;;;;;;;;;
Ituano;Itu; SP;12.º;Novelli Junior;15 600;2 (2003 e 2021);;;;;;;;;;;;;;;;;
Maranhão;São Luís; MA;4.º (Série D);Castelão;40 149;0 (não possui);;;;;;;;;;;;;;;;;
Maringá;Maringá; PR;11.º;Willie Davids;16 226;0 (não possui);;;;;;;;;;;;;;;;;
Paysandu;Belém; PA;20.º (Série B);Curuzu;16 200;0 (não possui);;;;;;;;;;;;;;;;;
Santa Cruz;Recife; PE;2.º (Série D);Arruda;60 044;1 (2013);;;;;;;;;;;;;;;;;
Volta Redonda;Volta Redonda; RJ;19.º (Série B);Raulino de Oliveira;18 230;0 (não possui);;;;;;;;;;;;;;;;;
Ypiranga de Erechim;Erechim; RS;10.º;Colosso da Lagoa;22 000;0 (não possui);;;;;;;;;;;;;;;;;
